[2025-06-12 18:05:01,797] torch.distributed.run: [WARNING] 
[2025-06-12 18:05:01,797] torch.distributed.run: [WARNING] *****************************************
[2025-06-12 18:05:01,797] torch.distributed.run: [WARNING] Setting OMP_NUM_THREADS environment variable for each process to be 1 in default, to avoid your system being overloaded, please further tune the variable for optimal performance in your application as needed. 
[2025-06-12 18:05:01,797] torch.distributed.run: [WARNING] *****************************************
[[34m2025-06-12 18:05:05[0m] Experiment directory created at logs/nwm_cdit_airvln
[[34m2025-06-12 18:05:18[0m] CDiT Parameters: 1,019,927,840
[[34m2025-06-12 18:05:19[0m] Dataset contains 261,415 images
[[34m2025-06-12 18:05:19[0m] Training for 300 epochs...
[[34m2025-06-12 18:05:19[0m] Beginning epoch 0...
[[34m2025-06-12 18:06:14[0m] (step=0000100) Train Loss: 0.3203, Train Steps/Sec: 1.80, Samples/Sec: 86.37
[[34m2025-06-12 18:07:07[0m] (step=0000200) Train Loss: 0.2075, Train Steps/Sec: 1.88, Samples/Sec: 90.15
[[34m2025-06-12 18:08:00[0m] (step=0000300) Train Loss: 0.2092, Train Steps/Sec: 1.91, Samples/Sec: 91.47
[[34m2025-06-12 18:08:52[0m] (step=0000400) Train Loss: 0.1930, Train Steps/Sec: 1.91, Samples/Sec: 91.45
[[34m2025-06-12 18:09:45[0m] (step=0000500) Train Loss: 0.1979, Train Steps/Sec: 1.91, Samples/Sec: 91.55
[[34m2025-06-12 18:10:37[0m] (step=0000600) Train Loss: 0.1964, Train Steps/Sec: 1.91, Samples/Sec: 91.68
[[34m2025-06-12 18:11:30[0m] (step=0000700) Train Loss: 0.1959, Train Steps/Sec: 1.91, Samples/Sec: 91.44
[[34m2025-06-12 18:12:22[0m] (step=0000800) Train Loss: 0.1971, Train Steps/Sec: 1.90, Samples/Sec: 91.22
[[34m2025-06-12 18:13:15[0m] (step=0000900) Train Loss: 0.1942, Train Steps/Sec: 1.91, Samples/Sec: 91.51
[[34m2025-06-12 18:14:07[0m] (step=0001000) Train Loss: 0.1949, Train Steps/Sec: 1.91, Samples/Sec: 91.47
[[34m2025-06-12 18:15:00[0m] (step=0001100) Train Loss: 0.1992, Train Steps/Sec: 1.90, Samples/Sec: 91.39
[[34m2025-06-12 18:15:52[0m] (step=0001200) Train Loss: 0.1836, Train Steps/Sec: 1.91, Samples/Sec: 91.56
[[34m2025-06-12 18:16:45[0m] (step=0001300) Train Loss: 0.1847, Train Steps/Sec: 1.91, Samples/Sec: 91.49
[[34m2025-06-12 18:17:37[0m] (step=0001400) Train Loss: 0.1788, Train Steps/Sec: 1.91, Samples/Sec: 91.55
[[34m2025-06-12 18:18:30[0m] (step=0001500) Train Loss: 0.1782, Train Steps/Sec: 1.90, Samples/Sec: 91.19
[[34m2025-06-12 18:19:22[0m] (step=0001600) Train Loss: 0.1837, Train Steps/Sec: 1.91, Samples/Sec: 91.44
[[34m2025-06-12 18:20:15[0m] (step=0001700) Train Loss: 0.1875, Train Steps/Sec: 1.90, Samples/Sec: 91.43
[[34m2025-06-12 18:21:07[0m] (step=0001800) Train Loss: 0.1848, Train Steps/Sec: 1.90, Samples/Sec: 91.41
[[34m2025-06-12 18:22:00[0m] (step=0001900) Train Loss: 0.1829, Train Steps/Sec: 1.90, Samples/Sec: 91.42
[[34m2025-06-12 18:22:52[0m] (step=0002000) Train Loss: 0.1760, Train Steps/Sec: 1.90, Samples/Sec: 91.42
[[34m2025-06-12 18:23:10[0m] Saved checkpoint to logs/nwm_cdit_airvln/checkpoints/latest.pth.tar
[[34m2025-06-12 18:24:03[0m] (step=0002100) Train Loss: 0.1781, Train Steps/Sec: 1.41, Samples/Sec: 67.88
[[34m2025-06-12 18:24:55[0m] (step=0002200) Train Loss: 0.1778, Train Steps/Sec: 1.91, Samples/Sec: 91.53
[[34m2025-06-12 18:25:48[0m] (step=0002300) Train Loss: 0.1846, Train Steps/Sec: 1.91, Samples/Sec: 91.46
[[34m2025-06-12 18:26:40[0m] (step=0002400) Train Loss: 0.1709, Train Steps/Sec: 1.90, Samples/Sec: 91.42
[[34m2025-06-12 18:27:33[0m] (step=0002500) Train Loss: 0.1669, Train Steps/Sec: 1.90, Samples/Sec: 91.25
[[34m2025-06-12 18:28:25[0m] (step=0002600) Train Loss: 0.1728, Train Steps/Sec: 1.91, Samples/Sec: 91.60
[[34m2025-06-12 18:29:18[0m] (step=0002700) Train Loss: 0.1769, Train Steps/Sec: 1.90, Samples/Sec: 91.34
[[34m2025-06-12 18:30:11[0m] (step=0002800) Train Loss: 0.1792, Train Steps/Sec: 1.90, Samples/Sec: 91.03
[[34m2025-06-12 18:31:03[0m] (step=0002900) Train Loss: 0.1669, Train Steps/Sec: 1.91, Samples/Sec: 91.52
[[34m2025-06-12 18:31:56[0m] (step=0003000) Train Loss: 0.1682, Train Steps/Sec: 1.90, Samples/Sec: 91.38
[[34m2025-06-12 18:32:48[0m] (step=0003100) Train Loss: 0.1716, Train Steps/Sec: 1.91, Samples/Sec: 91.51
[[34m2025-06-12 18:33:41[0m] (step=0003200) Train Loss: 0.1651, Train Steps/Sec: 1.91, Samples/Sec: 91.45
[[34m2025-06-12 18:34:33[0m] (step=0003300) Train Loss: 0.1701, Train Steps/Sec: 1.90, Samples/Sec: 91.31
[[34m2025-06-12 18:35:26[0m] (step=0003400) Train Loss: 0.1638, Train Steps/Sec: 1.89, Samples/Sec: 90.92
[[34m2025-06-12 18:36:18[0m] (step=0003500) Train Loss: 0.1644, Train Steps/Sec: 1.91, Samples/Sec: 91.53
[[34m2025-06-12 18:37:11[0m] (step=0003600) Train Loss: 0.1654, Train Steps/Sec: 1.90, Samples/Sec: 91.44
[[34m2025-06-12 18:38:03[0m] (step=0003700) Train Loss: 0.1607, Train Steps/Sec: 1.91, Samples/Sec: 91.47
[[34m2025-06-12 18:38:56[0m] (step=0003800) Train Loss: 0.1640, Train Steps/Sec: 1.91, Samples/Sec: 91.52
[[34m2025-06-12 18:39:48[0m] (step=0003900) Train Loss: 0.1680, Train Steps/Sec: 1.91, Samples/Sec: 91.54
[[34m2025-06-12 18:40:41[0m] (step=0004000) Train Loss: 0.1600, Train Steps/Sec: 1.91, Samples/Sec: 91.56
[[34m2025-06-12 18:41:00[0m] Saved checkpoint to logs/nwm_cdit_airvln/checkpoints/latest.pth.tar
[[34m2025-06-12 18:41:53[0m] (step=0004100) Train Loss: 0.1604, Train Steps/Sec: 1.38, Samples/Sec: 66.35
[[34m2025-06-12 18:42:45[0m] (step=0004200) Train Loss: 0.1657, Train Steps/Sec: 1.91, Samples/Sec: 91.53
[[34m2025-06-12 18:43:38[0m] (step=0004300) Train Loss: 0.1747, Train Steps/Sec: 1.91, Samples/Sec: 91.64
[[34m2025-06-12 18:44:30[0m] (step=0004400) Train Loss: 0.1615, Train Steps/Sec: 1.91, Samples/Sec: 91.55
[[34m2025-06-12 18:45:23[0m] (step=0004500) Train Loss: 0.1609, Train Steps/Sec: 1.91, Samples/Sec: 91.59
[[34m2025-06-12 18:46:15[0m] (step=0004600) Train Loss: 0.1594, Train Steps/Sec: 1.91, Samples/Sec: 91.61
[[34m2025-06-12 18:47:08[0m] (step=0004700) Train Loss: 0.1540, Train Steps/Sec: 1.90, Samples/Sec: 91.14
[[34m2025-06-12 18:48:00[0m] (step=0004800) Train Loss: 0.1561, Train Steps/Sec: 1.91, Samples/Sec: 91.61
[[34m2025-06-12 18:48:53[0m] (step=0004900) Train Loss: 0.1569, Train Steps/Sec: 1.91, Samples/Sec: 91.66
[[34m2025-06-12 18:49:45[0m] (step=0005000) Train Loss: 0.1548, Train Steps/Sec: 1.91, Samples/Sec: 91.55
[[34m2025-06-12 18:50:37[0m] (step=0005100) Train Loss: 0.1597, Train Steps/Sec: 1.91, Samples/Sec: 91.48
[[34m2025-06-12 18:51:30[0m] (step=0005200) Train Loss: 0.1694, Train Steps/Sec: 1.91, Samples/Sec: 91.55
[[34m2025-06-12 18:52:22[0m] (step=0005300) Train Loss: 0.1548, Train Steps/Sec: 1.90, Samples/Sec: 91.28
[[34m2025-06-12 18:53:15[0m] (step=0005400) Train Loss: 0.1615, Train Steps/Sec: 1.90, Samples/Sec: 91.11
[[34m2025-06-12 18:54:08[0m] (step=0005500) Train Loss: 0.1547, Train Steps/Sec: 1.91, Samples/Sec: 91.48
[[34m2025-06-12 18:55:00[0m] (step=0005600) Train Loss: 0.1562, Train Steps/Sec: 1.91, Samples/Sec: 91.58
[[34m2025-06-12 18:55:53[0m] (step=0005700) Train Loss: 0.1525, Train Steps/Sec: 1.90, Samples/Sec: 91.04
[[34m2025-06-12 18:56:45[0m] (step=0005800) Train Loss: 0.1527, Train Steps/Sec: 1.90, Samples/Sec: 91.19
[[34m2025-06-12 18:57:38[0m] (step=0005900) Train Loss: 0.1593, Train Steps/Sec: 1.90, Samples/Sec: 91.01
[[34m2025-06-12 18:58:31[0m] (step=0006000) Train Loss: 0.1532, Train Steps/Sec: 1.89, Samples/Sec: 90.53
[[34m2025-06-12 18:58:50[0m] Saved checkpoint to logs/nwm_cdit_airvln/checkpoints/latest.pth.tar
[[34m2025-06-12 18:59:43[0m] (step=0006100) Train Loss: 0.1514, Train Steps/Sec: 1.40, Samples/Sec: 67.16
[[34m2025-06-12 19:00:35[0m] (step=0006200) Train Loss: 0.1480, Train Steps/Sec: 1.90, Samples/Sec: 91.38
[[34m2025-06-12 19:01:28[0m] (step=0006300) Train Loss: 0.1528, Train Steps/Sec: 1.91, Samples/Sec: 91.56
[[34m2025-06-12 19:02:20[0m] (step=0006400) Train Loss: 0.1575, Train Steps/Sec: 1.91, Samples/Sec: 91.55
[[34m2025-06-12 19:03:12[0m] (step=0006500) Train Loss: 0.1530, Train Steps/Sec: 1.91, Samples/Sec: 91.52
[[34m2025-06-12 19:04:05[0m] (step=0006600) Train Loss: 0.1563, Train Steps/Sec: 1.90, Samples/Sec: 91.27
[[34m2025-06-12 19:04:58[0m] (step=0006700) Train Loss: 0.1481, Train Steps/Sec: 1.90, Samples/Sec: 91.11
[[34m2025-06-12 19:05:50[0m] (step=0006800) Train Loss: 0.1488, Train Steps/Sec: 1.90, Samples/Sec: 91.33
[[34m2025-06-12 19:06:43[0m] (step=0006900) Train Loss: 0.1508, Train Steps/Sec: 1.91, Samples/Sec: 91.52
[[34m2025-06-12 19:07:35[0m] (step=0007000) Train Loss: 0.1429, Train Steps/Sec: 1.91, Samples/Sec: 91.51
[[34m2025-06-12 19:08:28[0m] (step=0007100) Train Loss: 0.1498, Train Steps/Sec: 1.91, Samples/Sec: 91.54
[[34m2025-06-12 19:09:20[0m] (step=0007200) Train Loss: 0.1510, Train Steps/Sec: 1.90, Samples/Sec: 91.32
[[34m2025-06-12 19:10:13[0m] (step=0007300) Train Loss: 0.1524, Train Steps/Sec: 1.90, Samples/Sec: 91.42
[[34m2025-06-12 19:11:05[0m] (step=0007400) Train Loss: 0.1482, Train Steps/Sec: 1.91, Samples/Sec: 91.44
[[34m2025-06-12 19:11:58[0m] (step=0007500) Train Loss: 0.1443, Train Steps/Sec: 1.91, Samples/Sec: 91.49
[[34m2025-06-12 19:12:50[0m] (step=0007600) Train Loss: 0.1463, Train Steps/Sec: 1.91, Samples/Sec: 91.46
[[34m2025-06-12 19:13:43[0m] (step=0007700) Train Loss: 0.1486, Train Steps/Sec: 1.91, Samples/Sec: 91.50
[[34m2025-06-12 19:14:35[0m] (step=0007800) Train Loss: 0.1510, Train Steps/Sec: 1.91, Samples/Sec: 91.64
[[34m2025-06-12 19:15:28[0m] (step=0007900) Train Loss: 0.1468, Train Steps/Sec: 1.90, Samples/Sec: 91.39
[[34m2025-06-12 19:16:20[0m] (step=0008000) Train Loss: 0.1396, Train Steps/Sec: 1.90, Samples/Sec: 91.14
[[34m2025-06-12 19:16:39[0m] Saved checkpoint to logs/nwm_cdit_airvln/checkpoints/latest.pth.tar
[[34m2025-06-12 19:17:31[0m] (step=0008100) Train Loss: 0.1493, Train Steps/Sec: 1.41, Samples/Sec: 67.68
[[34m2025-06-12 19:18:23[0m] (step=0008200) Train Loss: 0.1450, Train Steps/Sec: 1.91, Samples/Sec: 91.64
[[34m2025-06-12 19:19:16[0m] (step=0008300) Train Loss: 0.1494, Train Steps/Sec: 1.91, Samples/Sec: 91.48
[[34m2025-06-12 19:20:08[0m] (step=0008400) Train Loss: 0.1478, Train Steps/Sec: 1.90, Samples/Sec: 91.39
[[34m2025-06-12 19:21:01[0m] (step=0008500) Train Loss: 0.1510, Train Steps/Sec: 1.91, Samples/Sec: 91.55
[[34m2025-06-12 19:21:53[0m] (step=0008600) Train Loss: 0.1462, Train Steps/Sec: 1.91, Samples/Sec: 91.54
[[34m2025-06-12 19:22:46[0m] (step=0008700) Train Loss: 0.1453, Train Steps/Sec: 1.90, Samples/Sec: 91.23
[[34m2025-06-12 19:23:38[0m] (step=0008800) Train Loss: 0.1435, Train Steps/Sec: 1.91, Samples/Sec: 91.62
[[34m2025-06-12 19:24:31[0m] (step=0008900) Train Loss: 0.1451, Train Steps/Sec: 1.91, Samples/Sec: 91.65
[[34m2025-06-12 19:25:23[0m] (step=0009000) Train Loss: 0.1523, Train Steps/Sec: 1.91, Samples/Sec: 91.47
[[34m2025-06-12 19:26:16[0m] (step=0009100) Train Loss: 0.1432, Train Steps/Sec: 1.91, Samples/Sec: 91.56
[[34m2025-06-12 19:27:08[0m] (step=0009200) Train Loss: 0.1410, Train Steps/Sec: 1.91, Samples/Sec: 91.53
[[34m2025-06-12 19:28:01[0m] (step=0009300) Train Loss: 0.1431, Train Steps/Sec: 1.90, Samples/Sec: 91.20
[[34m2025-06-12 19:28:53[0m] (step=0009400) Train Loss: 0.1465, Train Steps/Sec: 1.91, Samples/Sec: 91.46
[[34m2025-06-12 19:29:46[0m] (step=0009500) Train Loss: 0.1469, Train Steps/Sec: 1.91, Samples/Sec: 91.54
[[34m2025-06-12 19:30:38[0m] (step=0009600) Train Loss: 0.1420, Train Steps/Sec: 1.91, Samples/Sec: 91.55
[[34m2025-06-12 19:31:31[0m] (step=0009700) Train Loss: 0.1409, Train Steps/Sec: 1.90, Samples/Sec: 91.43
[[34m2025-06-12 19:32:23[0m] (step=0009800) Train Loss: 0.1440, Train Steps/Sec: 1.91, Samples/Sec: 91.57
[[34m2025-06-12 19:33:15[0m] (step=0009900) Train Loss: 0.1430, Train Steps/Sec: 1.91, Samples/Sec: 91.53
[[34m2025-06-12 19:34:08[0m] (step=0010000) Train Loss: 0.1428, Train Steps/Sec: 1.89, Samples/Sec: 90.92
Using cache found in ./models/facebookresearch_dino_main
Using cache found in ./models/facebookresearch_dino_main
Using cache found in ./models/facebookresearch_dino_main
/data1/zwc/miniconda3/envs/nwm2/lib/python3.8/site-packages/torch/_utils.py:831: UserWarning: TypedStorage is deprecated. It will be removed in the future and UntypedStorage will be the only storage class. This should only matter to you if you are using storages directly.  To access UntypedStorage directly, use tensor.untyped_storage() instead of tensor.storage()
  return self.fget.__get__(instance, owner)()
/data1/zwc/miniconda3/envs/nwm2/lib/python3.8/site-packages/torch/_utils.py:831: UserWarning: TypedStorage is deprecated. It will be removed in the future and UntypedStorage will be the only storage class. This should only matter to you if you are using storages directly.  To access UntypedStorage directly, use tensor.untyped_storage() instead of tensor.storage()
  return self.fget.__get__(instance, owner)()
/data1/zwc/miniconda3/envs/nwm2/lib/python3.8/site-packages/torch/_utils.py:831: UserWarning: TypedStorage is deprecated. It will be removed in the future and UntypedStorage will be the only storage class. This should only matter to you if you are using storages directly.  To access UntypedStorage directly, use tensor.untyped_storage() instead of tensor.storage()
  return self.fget.__get__(instance, owner)()
/data1/zwc/miniconda3/envs/nwm2/lib/python3.8/site-packages/torch/nn/utils/weight_norm.py:30: UserWarning: torch.nn.utils.weight_norm is deprecated in favor of torch.nn.utils.parametrizations.weight_norm.
  warnings.warn("torch.nn.utils.weight_norm is deprecated in favor of torch.nn.utils.parametrizations.weight_norm.")
/data1/zwc/miniconda3/envs/nwm2/lib/python3.8/site-packages/torch/nn/utils/weight_norm.py:30: UserWarning: torch.nn.utils.weight_norm is deprecated in favor of torch.nn.utils.parametrizations.weight_norm.
  warnings.warn("torch.nn.utils.weight_norm is deprecated in favor of torch.nn.utils.parametrizations.weight_norm.")
/data1/zwc/miniconda3/envs/nwm2/lib/python3.8/site-packages/torch/nn/utils/weight_norm.py:30: UserWarning: torch.nn.utils.weight_norm is deprecated in favor of torch.nn.utils.parametrizations.weight_norm.
  warnings.warn("torch.nn.utils.weight_norm is deprecated in favor of torch.nn.utils.parametrizations.weight_norm.")
[[34m2025-06-12 19:34:32[0m] Saved checkpoint to logs/nwm_cdit_airvln/checkpoints/latest.pth.tar
Using cache found in ./models/facebookresearch_dino_main
/data1/zwc/miniconda3/envs/nwm2/lib/python3.8/site-packages/torch/_utils.py:831: UserWarning: TypedStorage is deprecated. It will be removed in the future and UntypedStorage will be the only storage class. This should only matter to you if you are using storages directly.  To access UntypedStorage directly, use tensor.untyped_storage() instead of tensor.storage()
  return self.fget.__get__(instance, owner)()
/data1/zwc/miniconda3/envs/nwm2/lib/python3.8/site-packages/torch/nn/utils/weight_norm.py:30: UserWarning: torch.nn.utils.weight_norm is deprecated in favor of torch.nn.utils.parametrizations.weight_norm.
  warnings.warn("torch.nn.utils.weight_norm is deprecated in favor of torch.nn.utils.parametrizations.weight_norm.")
[[34m2025-06-12 19:34:35[0m] Already found a `peft_config` attribute in the model. This will lead to having multiple adapters in the model. Make sure to know what you are doing!
[[34m2025-06-12 19:36:44[0m] (step=0010000) Perceptual Loss: 0.8541, Eval Time: 132.44
[[34m2025-06-12 19:37:38[0m] (step=0010100) Train Loss: 0.1445, Train Steps/Sec: 0.48, Samples/Sec: 22.90
[[34m2025-06-12 19:38:31[0m] (step=0010200) Train Loss: 0.1411, Train Steps/Sec: 1.87, Samples/Sec: 89.68
[[34m2025-06-12 19:39:24[0m] (step=0010300) Train Loss: 0.1417, Train Steps/Sec: 1.89, Samples/Sec: 90.49
[[34m2025-06-12 19:40:18[0m] (step=0010400) Train Loss: 0.1420, Train Steps/Sec: 1.86, Samples/Sec: 89.47
[[34m2025-06-12 19:41:11[0m] (step=0010500) Train Loss: 0.1438, Train Steps/Sec: 1.88, Samples/Sec: 90.08
[[34m2025-06-12 19:42:04[0m] (step=0010600) Train Loss: 0.1418, Train Steps/Sec: 1.88, Samples/Sec: 90.36
[[34m2025-06-12 19:42:59[0m] (step=0010700) Train Loss: 0.1420, Train Steps/Sec: 1.85, Samples/Sec: 88.66
[[34m2025-06-12 19:43:52[0m] (step=0010800) Train Loss: 0.1407, Train Steps/Sec: 1.87, Samples/Sec: 89.97
[[34m2025-06-12 19:44:45[0m] (step=0010900) Train Loss: 0.1403, Train Steps/Sec: 1.88, Samples/Sec: 90.14
[[34m2025-06-12 19:45:39[0m] (step=0011000) Train Loss: 0.1407, Train Steps/Sec: 1.87, Samples/Sec: 89.67
[[34m2025-06-12 19:46:32[0m] (step=0011100) Train Loss: 0.1354, Train Steps/Sec: 1.88, Samples/Sec: 90.14
[[34m2025-06-12 19:47:25[0m] (step=0011200) Train Loss: 0.1412, Train Steps/Sec: 1.89, Samples/Sec: 90.62
[[34m2025-06-12 19:48:19[0m] (step=0011300) Train Loss: 0.1377, Train Steps/Sec: 1.87, Samples/Sec: 89.59
[[34m2025-06-12 19:49:12[0m] (step=0011400) Train Loss: 0.1445, Train Steps/Sec: 1.88, Samples/Sec: 90.44
[[34m2025-06-12 19:50:05[0m] (step=0011500) Train Loss: 0.1377, Train Steps/Sec: 1.88, Samples/Sec: 90.23
[[34m2025-06-12 19:50:58[0m] (step=0011600) Train Loss: 0.1362, Train Steps/Sec: 1.87, Samples/Sec: 89.60
[[34m2025-06-12 19:51:51[0m] (step=0011700) Train Loss: 0.1356, Train Steps/Sec: 1.88, Samples/Sec: 90.45
[[34m2025-06-12 19:52:45[0m] (step=0011800) Train Loss: 0.1415, Train Steps/Sec: 1.86, Samples/Sec: 89.28
[[34m2025-06-12 19:53:38[0m] (step=0011900) Train Loss: 0.1351, Train Steps/Sec: 1.89, Samples/Sec: 90.55
[[34m2025-06-12 19:54:31[0m] (step=0012000) Train Loss: 0.1380, Train Steps/Sec: 1.89, Samples/Sec: 90.57
[[34m2025-06-12 19:54:48[0m] Saved checkpoint to logs/nwm_cdit_airvln/checkpoints/latest.pth.tar
[[34m2025-06-12 19:55:41[0m] (step=0012100) Train Loss: 0.1401, Train Steps/Sec: 1.43, Samples/Sec: 68.51
[[34m2025-06-12 19:56:35[0m] (step=0012200) Train Loss: 0.1364, Train Steps/Sec: 1.87, Samples/Sec: 89.98
[[34m2025-06-12 19:57:28[0m] (step=0012300) Train Loss: 0.1385, Train Steps/Sec: 1.88, Samples/Sec: 90.00
[[34m2025-06-12 19:58:21[0m] (step=0012400) Train Loss: 0.1396, Train Steps/Sec: 1.88, Samples/Sec: 90.27
[[34m2025-06-12 19:59:15[0m] (step=0012500) Train Loss: 0.1385, Train Steps/Sec: 1.87, Samples/Sec: 89.54
[[34m2025-06-12 20:00:08[0m] (step=0012600) Train Loss: 0.1409, Train Steps/Sec: 1.88, Samples/Sec: 90.32
[[34m2025-06-12 20:01:01[0m] (step=0012700) Train Loss: 0.1350, Train Steps/Sec: 1.88, Samples/Sec: 90.41
[[34m2025-06-12 20:01:55[0m] (step=0012800) Train Loss: 0.1440, Train Steps/Sec: 1.86, Samples/Sec: 89.38
[[34m2025-06-12 20:02:48[0m] (step=0012900) Train Loss: 0.1321, Train Steps/Sec: 1.89, Samples/Sec: 90.82
[[34m2025-06-12 20:03:41[0m] (step=0013000) Train Loss: 0.1383, Train Steps/Sec: 1.89, Samples/Sec: 90.53
[[34m2025-06-12 20:04:34[0m] (step=0013100) Train Loss: 0.1350, Train Steps/Sec: 1.86, Samples/Sec: 89.44
[[34m2025-06-12 20:05:27[0m] (step=0013200) Train Loss: 0.1411, Train Steps/Sec: 1.88, Samples/Sec: 90.36
[[34m2025-06-12 20:06:21[0m] (step=0013300) Train Loss: 0.1385, Train Steps/Sec: 1.86, Samples/Sec: 89.44
[[34m2025-06-12 20:07:14[0m] (step=0013400) Train Loss: 0.1373, Train Steps/Sec: 1.90, Samples/Sec: 91.03
[[34m2025-06-12 20:08:07[0m] (step=0013500) Train Loss: 0.1405, Train Steps/Sec: 1.88, Samples/Sec: 90.14
[[34m2025-06-12 20:09:00[0m] (step=0013600) Train Loss: 0.1310, Train Steps/Sec: 1.87, Samples/Sec: 89.85
[[34m2025-06-12 20:09:53[0m] (step=0013700) Train Loss: 0.1391, Train Steps/Sec: 1.89, Samples/Sec: 90.70
[[34m2025-06-12 20:10:47[0m] (step=0013800) Train Loss: 0.1364, Train Steps/Sec: 1.88, Samples/Sec: 90.37
[[34m2025-06-12 20:11:40[0m] (step=0013900) Train Loss: 0.1373, Train Steps/Sec: 1.87, Samples/Sec: 89.82
[[34m2025-06-12 20:12:33[0m] (step=0014000) Train Loss: 0.1361, Train Steps/Sec: 1.89, Samples/Sec: 90.63
[[34m2025-06-12 20:12:49[0m] Saved checkpoint to logs/nwm_cdit_airvln/checkpoints/latest.pth.tar
[[34m2025-06-12 20:13:42[0m] (step=0014100) Train Loss: 0.1397, Train Steps/Sec: 1.44, Samples/Sec: 69.08
[[34m2025-06-12 20:14:35[0m] (step=0014200) Train Loss: 0.1331, Train Steps/Sec: 1.89, Samples/Sec: 90.74
[[34m2025-06-12 20:15:28[0m] (step=0014300) Train Loss: 0.1393, Train Steps/Sec: 1.88, Samples/Sec: 90.45
[[34m2025-06-12 20:16:22[0m] (step=0014400) Train Loss: 0.1380, Train Steps/Sec: 1.86, Samples/Sec: 89.20
[[34m2025-06-12 20:17:15[0m] (step=0014500) Train Loss: 0.1349, Train Steps/Sec: 1.89, Samples/Sec: 90.65
[[34m2025-06-12 20:18:09[0m] (step=0014600) Train Loss: 0.1410, Train Steps/Sec: 1.87, Samples/Sec: 89.82
[[34m2025-06-12 20:19:02[0m] (step=0014700) Train Loss: 0.1355, Train Steps/Sec: 1.88, Samples/Sec: 90.44
[[34m2025-06-12 20:19:55[0m] (step=0014800) Train Loss: 0.1352, Train Steps/Sec: 1.88, Samples/Sec: 90.36
[[34m2025-06-12 20:20:48[0m] (step=0014900) Train Loss: 0.1362, Train Steps/Sec: 1.86, Samples/Sec: 89.36
[[34m2025-06-12 20:21:41[0m] (step=0015000) Train Loss: 0.1411, Train Steps/Sec: 1.89, Samples/Sec: 90.61
[[34m2025-06-12 20:22:35[0m] (step=0015100) Train Loss: 0.1382, Train Steps/Sec: 1.88, Samples/Sec: 90.14
[[34m2025-06-12 20:23:28[0m] (step=0015200) Train Loss: 0.1352, Train Steps/Sec: 1.86, Samples/Sec: 89.47
[[34m2025-06-12 20:24:22[0m] (step=0015300) Train Loss: 0.1360, Train Steps/Sec: 1.87, Samples/Sec: 89.74
[[34m2025-06-12 20:25:15[0m] (step=0015400) Train Loss: 0.1364, Train Steps/Sec: 1.89, Samples/Sec: 90.84
[[34m2025-06-12 20:26:08[0m] (step=0015500) Train Loss: 0.1302, Train Steps/Sec: 1.87, Samples/Sec: 89.71
[[34m2025-06-12 20:27:01[0m] (step=0015600) Train Loss: 0.1290, Train Steps/Sec: 1.89, Samples/Sec: 90.62
[[34m2025-06-12 20:27:54[0m] (step=0015700) Train Loss: 0.1429, Train Steps/Sec: 1.88, Samples/Sec: 90.46
[[34m2025-06-12 20:28:48[0m] (step=0015800) Train Loss: 0.1314, Train Steps/Sec: 1.85, Samples/Sec: 88.69
[[34m2025-06-12 20:29:41[0m] (step=0015900) Train Loss: 0.1294, Train Steps/Sec: 1.89, Samples/Sec: 90.74
[[34m2025-06-12 20:30:35[0m] (step=0016000) Train Loss: 0.1347, Train Steps/Sec: 1.87, Samples/Sec: 89.81
[[34m2025-06-12 20:30:49[0m] Saved checkpoint to logs/nwm_cdit_airvln/checkpoints/latest.pth.tar
[[34m2025-06-12 20:31:42[0m] (step=0016100) Train Loss: 0.1394, Train Steps/Sec: 1.49, Samples/Sec: 71.29
[[34m2025-06-12 20:32:36[0m] (step=0016200) Train Loss: 0.1308, Train Steps/Sec: 1.87, Samples/Sec: 89.57
[[34m2025-06-12 20:33:29[0m] (step=0016300) Train Loss: 0.1356, Train Steps/Sec: 1.89, Samples/Sec: 90.59
[[34m2025-06-12 20:34:21[0m] (step=0016400) Train Loss: 0.1297, Train Steps/Sec: 1.89, Samples/Sec: 90.91
[[34m2025-06-12 20:35:15[0m] (step=0016500) Train Loss: 0.1334, Train Steps/Sec: 1.87, Samples/Sec: 89.58
[[34m2025-06-12 20:36:08[0m] (step=0016600) Train Loss: 0.1335, Train Steps/Sec: 1.88, Samples/Sec: 90.42
[[34m2025-06-12 20:37:01[0m] (step=0016700) Train Loss: 0.1349, Train Steps/Sec: 1.87, Samples/Sec: 89.96
[[34m2025-06-12 20:37:55[0m] (step=0016800) Train Loss: 0.1307, Train Steps/Sec: 1.88, Samples/Sec: 90.03
[[34m2025-06-12 20:38:48[0m] (step=0016900) Train Loss: 0.1279, Train Steps/Sec: 1.88, Samples/Sec: 90.38
[[34m2025-06-12 20:39:41[0m] (step=0017000) Train Loss: 0.1369, Train Steps/Sec: 1.87, Samples/Sec: 89.54
[[34m2025-06-12 20:40:35[0m] (step=0017100) Train Loss: 0.1311, Train Steps/Sec: 1.88, Samples/Sec: 90.20
[[34m2025-06-12 20:41:28[0m] (step=0017200) Train Loss: 0.1304, Train Steps/Sec: 1.89, Samples/Sec: 90.66
[[34m2025-06-12 20:42:21[0m] (step=0017300) Train Loss: 0.1297, Train Steps/Sec: 1.86, Samples/Sec: 89.46
[[34m2025-06-12 20:43:15[0m] (step=0017400) Train Loss: 0.1318, Train Steps/Sec: 1.88, Samples/Sec: 90.02
[[34m2025-06-12 20:44:08[0m] (step=0017500) Train Loss: 0.1253, Train Steps/Sec: 1.89, Samples/Sec: 90.53
[[34m2025-06-12 20:45:01[0m] (step=0017600) Train Loss: 0.1308, Train Steps/Sec: 1.87, Samples/Sec: 89.52
[[34m2025-06-12 20:45:54[0m] (step=0017700) Train Loss: 0.1293, Train Steps/Sec: 1.89, Samples/Sec: 90.48
[[34m2025-06-12 20:46:48[0m] (step=0017800) Train Loss: 0.1328, Train Steps/Sec: 1.86, Samples/Sec: 89.06
[[34m2025-06-12 20:47:41[0m] (step=0017900) Train Loss: 0.1271, Train Steps/Sec: 1.89, Samples/Sec: 90.63
[[34m2025-06-12 20:48:34[0m] (step=0018000) Train Loss: 0.1282, Train Steps/Sec: 1.89, Samples/Sec: 90.62
[[34m2025-06-12 20:48:51[0m] Saved checkpoint to logs/nwm_cdit_airvln/checkpoints/latest.pth.tar
[[34m2025-06-12 20:49:44[0m] (step=0018100) Train Loss: 0.1273, Train Steps/Sec: 1.44, Samples/Sec: 69.02
[[34m2025-06-12 20:50:37[0m] (step=0018200) Train Loss: 0.1304, Train Steps/Sec: 1.88, Samples/Sec: 90.36
[[34m2025-06-12 20:51:31[0m] (step=0018300) Train Loss: 0.1330, Train Steps/Sec: 1.86, Samples/Sec: 89.13
[[34m2025-06-12 20:52:24[0m] (step=0018400) Train Loss: 0.1268, Train Steps/Sec: 1.88, Samples/Sec: 90.40
[[34m2025-06-12 20:53:17[0m] (step=0018500) Train Loss: 0.1295, Train Steps/Sec: 1.88, Samples/Sec: 90.22
[[34m2025-06-12 20:54:11[0m] (step=0018600) Train Loss: 0.1337, Train Steps/Sec: 1.87, Samples/Sec: 89.60
[[34m2025-06-12 20:55:04[0m] (step=0018700) Train Loss: 0.1299, Train Steps/Sec: 1.88, Samples/Sec: 90.24
[[34m2025-06-12 20:55:57[0m] (step=0018800) Train Loss: 0.1335, Train Steps/Sec: 1.86, Samples/Sec: 89.47
[[34m2025-06-12 20:56:51[0m] (step=0018900) Train Loss: 0.1335, Train Steps/Sec: 1.86, Samples/Sec: 89.27
[[34m2025-06-12 20:57:44[0m] (step=0019000) Train Loss: 0.1324, Train Steps/Sec: 1.89, Samples/Sec: 90.65
[[34m2025-06-12 20:58:38[0m] (step=0019100) Train Loss: 0.1261, Train Steps/Sec: 1.87, Samples/Sec: 89.54
[[34m2025-06-12 20:59:31[0m] (step=0019200) Train Loss: 0.1296, Train Steps/Sec: 1.88, Samples/Sec: 90.15
[[34m2025-06-12 21:00:24[0m] (step=0019300) Train Loss: 0.1331, Train Steps/Sec: 1.88, Samples/Sec: 90.39
[[34m2025-06-12 21:01:18[0m] (step=0019400) Train Loss: 0.1321, Train Steps/Sec: 1.86, Samples/Sec: 89.49
[[34m2025-06-12 21:02:11[0m] (step=0019500) Train Loss: 0.1333, Train Steps/Sec: 1.89, Samples/Sec: 90.61
[[34m2025-06-12 21:03:04[0m] (step=0019600) Train Loss: 0.1275, Train Steps/Sec: 1.87, Samples/Sec: 89.88
[[34m2025-06-12 21:03:58[0m] (step=0019700) Train Loss: 0.1256, Train Steps/Sec: 1.86, Samples/Sec: 89.18
[[34m2025-06-12 21:04:52[0m] (step=0019800) Train Loss: 0.1284, Train Steps/Sec: 1.84, Samples/Sec: 88.45
[[34m2025-06-12 21:05:46[0m] (step=0019900) Train Loss: 0.1354, Train Steps/Sec: 1.85, Samples/Sec: 88.69
[[34m2025-06-12 21:06:39[0m] (step=0020000) Train Loss: 0.1272, Train Steps/Sec: 1.89, Samples/Sec: 90.55
Using cache found in ./models/facebookresearch_dino_main
Using cache found in ./models/facebookresearch_dino_main
Using cache found in ./models/facebookresearch_dino_main
[[34m2025-06-12 21:07:07[0m] Saved checkpoint to logs/nwm_cdit_airvln/checkpoints/0020000.pth.tar
Using cache found in ./models/facebookresearch_dino_main
[[34m2025-06-12 21:07:10[0m] Already found a `peft_config` attribute in the model. This will lead to having multiple adapters in the model. Make sure to know what you are doing!
[[34m2025-06-12 21:09:16[0m] (step=0020000) Perceptual Loss: 0.7281, Eval Time: 128.95
[[34m2025-06-12 21:10:10[0m] (step=0020100) Train Loss: 0.1311, Train Steps/Sec: 0.48, Samples/Sec: 22.83
[[34m2025-06-12 21:11:03[0m] (step=0020200) Train Loss: 0.1269, Train Steps/Sec: 1.88, Samples/Sec: 90.18
[[34m2025-06-12 21:11:56[0m] (step=0020300) Train Loss: 0.1227, Train Steps/Sec: 1.87, Samples/Sec: 89.84
[[34m2025-06-12 21:12:50[0m] (step=0020400) Train Loss: 0.1307, Train Steps/Sec: 1.87, Samples/Sec: 89.96
[[34m2025-06-12 21:13:43[0m] (step=0020500) Train Loss: 0.1330, Train Steps/Sec: 1.88, Samples/Sec: 90.11
[[34m2025-06-12 21:14:36[0m] (step=0020600) Train Loss: 0.1334, Train Steps/Sec: 1.87, Samples/Sec: 89.94
[[34m2025-06-12 21:15:29[0m] (step=0020700) Train Loss: 0.1247, Train Steps/Sec: 1.88, Samples/Sec: 90.28
[[34m2025-06-12 21:16:23[0m] (step=0020800) Train Loss: 0.1272, Train Steps/Sec: 1.88, Samples/Sec: 90.34
[[34m2025-06-12 21:17:16[0m] (step=0020900) Train Loss: 0.1328, Train Steps/Sec: 1.88, Samples/Sec: 90.39
[[34m2025-06-12 21:18:09[0m] (step=0021000) Train Loss: 0.1338, Train Steps/Sec: 1.87, Samples/Sec: 89.79
[[34m2025-06-12 21:19:02[0m] (step=0021100) Train Loss: 0.1257, Train Steps/Sec: 1.88, Samples/Sec: 90.29
[[34m2025-06-12 21:19:56[0m] (step=0021200) Train Loss: 0.1313, Train Steps/Sec: 1.88, Samples/Sec: 90.22
[[34m2025-06-12 21:20:49[0m] (step=0021300) Train Loss: 0.1306, Train Steps/Sec: 1.88, Samples/Sec: 90.04
[[34m2025-06-12 21:21:42[0m] (step=0021400) Train Loss: 0.1275, Train Steps/Sec: 1.88, Samples/Sec: 90.20
[[34m2025-06-12 21:22:35[0m] (step=0021500) Train Loss: 0.1300, Train Steps/Sec: 1.88, Samples/Sec: 90.29
[[34m2025-06-12 21:23:28[0m] (step=0021600) Train Loss: 0.1307, Train Steps/Sec: 1.88, Samples/Sec: 90.35
[[34m2025-06-12 21:24:22[0m] (step=0021700) Train Loss: 0.1294, Train Steps/Sec: 1.87, Samples/Sec: 89.90
[[34m2025-06-12 21:25:06[0m] Beginning epoch 1...
[[34m2025-06-12 21:25:15[0m] (step=0021800) Train Loss: 0.1265, Train Steps/Sec: 1.87, Samples/Sec: 89.63
[[34m2025-06-12 21:26:08[0m] (step=0021900) Train Loss: 0.1256, Train Steps/Sec: 1.89, Samples/Sec: 90.70
[[34m2025-06-12 21:27:01[0m] (step=0022000) Train Loss: 0.1259, Train Steps/Sec: 1.90, Samples/Sec: 90.97
[[34m2025-06-12 21:27:15[0m] Saved checkpoint to logs/nwm_cdit_airvln/checkpoints/latest.pth.tar
[[34m2025-06-12 21:28:08[0m] (step=0022100) Train Loss: 0.1259, Train Steps/Sec: 1.49, Samples/Sec: 71.76
[[34m2025-06-12 21:29:00[0m] (step=0022200) Train Loss: 0.1275, Train Steps/Sec: 1.91, Samples/Sec: 91.46
[[34m2025-06-12 21:29:53[0m] (step=0022300) Train Loss: 0.1280, Train Steps/Sec: 1.91, Samples/Sec: 91.45
[[34m2025-06-12 21:30:46[0m] (step=0022400) Train Loss: 0.1306, Train Steps/Sec: 1.90, Samples/Sec: 91.06
[[34m2025-06-12 21:31:38[0m] (step=0022500) Train Loss: 0.1306, Train Steps/Sec: 1.90, Samples/Sec: 91.27
[[34m2025-06-12 21:32:31[0m] (step=0022600) Train Loss: 0.1312, Train Steps/Sec: 1.91, Samples/Sec: 91.60
[[34m2025-06-12 21:33:23[0m] (step=0022700) Train Loss: 0.1233, Train Steps/Sec: 1.91, Samples/Sec: 91.49
[[34m2025-06-12 21:34:16[0m] (step=0022800) Train Loss: 0.1261, Train Steps/Sec: 1.91, Samples/Sec: 91.56
[[34m2025-06-12 21:35:08[0m] (step=0022900) Train Loss: 0.1264, Train Steps/Sec: 1.90, Samples/Sec: 91.42
[[34m2025-06-12 21:36:01[0m] (step=0023000) Train Loss: 0.1249, Train Steps/Sec: 1.90, Samples/Sec: 91.13
[[34m2025-06-12 21:36:53[0m] (step=0023100) Train Loss: 0.1226, Train Steps/Sec: 1.90, Samples/Sec: 91.39
[[34m2025-06-12 21:37:46[0m] (step=0023200) Train Loss: 0.1315, Train Steps/Sec: 1.90, Samples/Sec: 91.25
[[34m2025-06-12 21:38:38[0m] (step=0023300) Train Loss: 0.1290, Train Steps/Sec: 1.91, Samples/Sec: 91.44
[[34m2025-06-12 21:39:31[0m] (step=0023400) Train Loss: 0.1313, Train Steps/Sec: 1.90, Samples/Sec: 91.41
[[34m2025-06-12 21:40:23[0m] (step=0023500) Train Loss: 0.1239, Train Steps/Sec: 1.90, Samples/Sec: 91.35
[[34m2025-06-12 21:41:16[0m] (step=0023600) Train Loss: 0.1285, Train Steps/Sec: 1.91, Samples/Sec: 91.45
[[34m2025-06-12 21:42:09[0m] (step=0023700) Train Loss: 0.1255, Train Steps/Sec: 1.90, Samples/Sec: 91.14
[[34m2025-06-12 21:43:01[0m] (step=0023800) Train Loss: 0.1306, Train Steps/Sec: 1.91, Samples/Sec: 91.72
[[34m2025-06-12 21:43:53[0m] (step=0023900) Train Loss: 0.1254, Train Steps/Sec: 1.90, Samples/Sec: 91.29
[[34m2025-06-12 21:44:46[0m] (step=0024000) Train Loss: 0.1289, Train Steps/Sec: 1.91, Samples/Sec: 91.53
[[34m2025-06-12 21:45:00[0m] Saved checkpoint to logs/nwm_cdit_airvln/checkpoints/latest.pth.tar
[[34m2025-06-12 21:45:53[0m] (step=0024100) Train Loss: 0.1303, Train Steps/Sec: 1.50, Samples/Sec: 71.92
[[34m2025-06-12 21:46:45[0m] (step=0024200) Train Loss: 0.1283, Train Steps/Sec: 1.90, Samples/Sec: 91.39
[[34m2025-06-12 21:47:38[0m] (step=0024300) Train Loss: 0.1213, Train Steps/Sec: 1.90, Samples/Sec: 91.40
[[34m2025-06-12 21:48:30[0m] (step=0024400) Train Loss: 0.1256, Train Steps/Sec: 1.90, Samples/Sec: 91.04
[[34m2025-06-12 21:49:23[0m] (step=0024500) Train Loss: 0.1273, Train Steps/Sec: 1.90, Samples/Sec: 91.34
[[34m2025-06-12 21:50:15[0m] (step=0024600) Train Loss: 0.1285, Train Steps/Sec: 1.90, Samples/Sec: 91.43
[[34m2025-06-12 21:51:08[0m] (step=0024700) Train Loss: 0.1257, Train Steps/Sec: 1.91, Samples/Sec: 91.45
[[34m2025-06-12 21:52:00[0m] (step=0024800) Train Loss: 0.1306, Train Steps/Sec: 1.91, Samples/Sec: 91.56
[[34m2025-06-12 21:52:53[0m] (step=0024900) Train Loss: 0.1269, Train Steps/Sec: 1.91, Samples/Sec: 91.47
[[34m2025-06-12 21:53:46[0m] (step=0025000) Train Loss: 0.1284, Train Steps/Sec: 1.89, Samples/Sec: 90.93
[[34m2025-06-12 21:54:38[0m] (step=0025100) Train Loss: 0.1250, Train Steps/Sec: 1.90, Samples/Sec: 91.44
[[34m2025-06-12 21:55:31[0m] (step=0025200) Train Loss: 0.1282, Train Steps/Sec: 1.90, Samples/Sec: 91.13
[[34m2025-06-12 21:56:23[0m] (step=0025300) Train Loss: 0.1267, Train Steps/Sec: 1.91, Samples/Sec: 91.54
[[34m2025-06-12 21:57:16[0m] (step=0025400) Train Loss: 0.1210, Train Steps/Sec: 1.90, Samples/Sec: 91.29
[[34m2025-06-12 21:58:08[0m] (step=0025500) Train Loss: 0.1224, Train Steps/Sec: 1.90, Samples/Sec: 91.35
[[34m2025-06-12 21:59:01[0m] (step=0025600) Train Loss: 0.1285, Train Steps/Sec: 1.91, Samples/Sec: 91.47
[[34m2025-06-12 21:59:54[0m] (step=0025700) Train Loss: 0.1248, Train Steps/Sec: 1.90, Samples/Sec: 91.10
[[34m2025-06-12 22:00:46[0m] (step=0025800) Train Loss: 0.1245, Train Steps/Sec: 1.90, Samples/Sec: 91.10
[[34m2025-06-12 22:01:39[0m] (step=0025900) Train Loss: 0.1211, Train Steps/Sec: 1.90, Samples/Sec: 91.28
[[34m2025-06-12 22:02:31[0m] (step=0026000) Train Loss: 0.1261, Train Steps/Sec: 1.90, Samples/Sec: 91.31
[[34m2025-06-12 22:02:46[0m] Saved checkpoint to logs/nwm_cdit_airvln/checkpoints/latest.pth.tar
[[34m2025-06-12 22:03:38[0m] (step=0026100) Train Loss: 0.1235, Train Steps/Sec: 1.50, Samples/Sec: 71.89
[[34m2025-06-12 22:04:31[0m] (step=0026200) Train Loss: 0.1243, Train Steps/Sec: 1.90, Samples/Sec: 91.27
[[34m2025-06-12 22:05:23[0m] (step=0026300) Train Loss: 0.1233, Train Steps/Sec: 1.90, Samples/Sec: 91.42
[[34m2025-06-12 22:06:16[0m] (step=0026400) Train Loss: 0.1230, Train Steps/Sec: 1.89, Samples/Sec: 90.76
[[34m2025-06-12 22:07:09[0m] (step=0026500) Train Loss: 0.1329, Train Steps/Sec: 1.91, Samples/Sec: 91.61
[[34m2025-06-12 22:08:01[0m] (step=0026600) Train Loss: 0.1259, Train Steps/Sec: 1.90, Samples/Sec: 91.22
[[34m2025-06-12 22:08:54[0m] (step=0026700) Train Loss: 0.1214, Train Steps/Sec: 1.90, Samples/Sec: 91.22
[[34m2025-06-12 22:09:46[0m] (step=0026800) Train Loss: 0.1227, Train Steps/Sec: 1.90, Samples/Sec: 91.33
[[34m2025-06-12 22:10:39[0m] (step=0026900) Train Loss: 0.1222, Train Steps/Sec: 1.90, Samples/Sec: 91.35
[[34m2025-06-12 22:11:32[0m] (step=0027000) Train Loss: 0.1227, Train Steps/Sec: 1.90, Samples/Sec: 91.05
[[34m2025-06-12 22:12:24[0m] (step=0027100) Train Loss: 0.1242, Train Steps/Sec: 1.90, Samples/Sec: 91.20
[[34m2025-06-12 22:13:17[0m] (step=0027200) Train Loss: 0.1251, Train Steps/Sec: 1.91, Samples/Sec: 91.61
[[34m2025-06-12 22:14:09[0m] (step=0027300) Train Loss: 0.1263, Train Steps/Sec: 1.90, Samples/Sec: 91.43
[[34m2025-06-12 22:15:02[0m] (step=0027400) Train Loss: 0.1238, Train Steps/Sec: 1.90, Samples/Sec: 91.32
[[34m2025-06-12 22:15:54[0m] (step=0027500) Train Loss: 0.1247, Train Steps/Sec: 1.90, Samples/Sec: 91.26
[[34m2025-06-12 22:16:47[0m] (step=0027600) Train Loss: 0.1210, Train Steps/Sec: 1.90, Samples/Sec: 91.29
[[34m2025-06-12 22:17:40[0m] (step=0027700) Train Loss: 0.1266, Train Steps/Sec: 1.90, Samples/Sec: 91.04
[[34m2025-06-12 22:18:32[0m] (step=0027800) Train Loss: 0.1247, Train Steps/Sec: 1.90, Samples/Sec: 91.28
[[34m2025-06-12 22:19:25[0m] (step=0027900) Train Loss: 0.1223, Train Steps/Sec: 1.90, Samples/Sec: 91.20
[[34m2025-06-12 22:20:17[0m] (step=0028000) Train Loss: 0.1192, Train Steps/Sec: 1.90, Samples/Sec: 91.27
[[34m2025-06-12 22:20:32[0m] Saved checkpoint to logs/nwm_cdit_airvln/checkpoints/latest.pth.tar
[[34m2025-06-12 22:21:24[0m] (step=0028100) Train Loss: 0.1220, Train Steps/Sec: 1.49, Samples/Sec: 71.64
[[34m2025-06-12 22:22:17[0m] (step=0028200) Train Loss: 0.1275, Train Steps/Sec: 1.90, Samples/Sec: 91.15
[[34m2025-06-12 22:23:10[0m] (step=0028300) Train Loss: 0.1259, Train Steps/Sec: 1.90, Samples/Sec: 90.98
[[34m2025-06-12 22:24:03[0m] (step=0028400) Train Loss: 0.1242, Train Steps/Sec: 1.90, Samples/Sec: 91.13
[[34m2025-06-12 22:24:55[0m] (step=0028500) Train Loss: 0.1216, Train Steps/Sec: 1.90, Samples/Sec: 91.39
[[34m2025-06-12 22:25:49[0m] (step=0028600) Train Loss: 0.1250, Train Steps/Sec: 1.87, Samples/Sec: 89.67
[[34m2025-06-12 22:26:42[0m] (step=0028700) Train Loss: 0.1228, Train Steps/Sec: 1.88, Samples/Sec: 90.18
[[34m2025-06-12 22:27:35[0m] (step=0028800) Train Loss: 0.1175, Train Steps/Sec: 1.89, Samples/Sec: 90.79
[[34m2025-06-12 22:28:27[0m] (step=0028900) Train Loss: 0.1211, Train Steps/Sec: 1.90, Samples/Sec: 91.28
[[34m2025-06-12 22:29:20[0m] (step=0029000) Train Loss: 0.1228, Train Steps/Sec: 1.90, Samples/Sec: 91.29
[[34m2025-06-12 22:30:13[0m] (step=0029100) Train Loss: 0.1243, Train Steps/Sec: 1.90, Samples/Sec: 91.02
[[34m2025-06-12 22:31:05[0m] (step=0029200) Train Loss: 0.1228, Train Steps/Sec: 1.90, Samples/Sec: 91.36
[[34m2025-06-12 22:31:58[0m] (step=0029300) Train Loss: 0.1245, Train Steps/Sec: 1.90, Samples/Sec: 91.35
[[34m2025-06-12 22:32:50[0m] (step=0029400) Train Loss: 0.1171, Train Steps/Sec: 1.90, Samples/Sec: 91.43
[[34m2025-06-12 22:33:43[0m] (step=0029500) Train Loss: 0.1253, Train Steps/Sec: 1.91, Samples/Sec: 91.49
[[34m2025-06-12 22:34:35[0m] (step=0029600) Train Loss: 0.1238, Train Steps/Sec: 1.91, Samples/Sec: 91.46
[[34m2025-06-12 22:35:28[0m] (step=0029700) Train Loss: 0.1225, Train Steps/Sec: 1.89, Samples/Sec: 90.92
[[34m2025-06-12 22:36:20[0m] (step=0029800) Train Loss: 0.1192, Train Steps/Sec: 1.90, Samples/Sec: 91.35
[[34m2025-06-12 22:37:13[0m] (step=0029900) Train Loss: 0.1223, Train Steps/Sec: 1.91, Samples/Sec: 91.56
[[34m2025-06-12 22:38:05[0m] (step=0030000) Train Loss: 0.1231, Train Steps/Sec: 1.90, Samples/Sec: 91.40
Using cache found in ./models/facebookresearch_dino_main
Using cache found in ./models/facebookresearch_dino_main
Using cache found in ./models/facebookresearch_dino_main
[[34m2025-06-12 22:38:20[0m] Saved checkpoint to logs/nwm_cdit_airvln/checkpoints/latest.pth.tar
Using cache found in ./models/facebookresearch_dino_main
[[34m2025-06-12 22:38:23[0m] Already found a `peft_config` attribute in the model. This will lead to having multiple adapters in the model. Make sure to know what you are doing!
[[34m2025-06-12 22:40:29[0m] (step=0030000) Perceptual Loss: 0.5432, Eval Time: 128.91
[[34m2025-06-12 22:41:22[0m] (step=0030100) Train Loss: 0.1260, Train Steps/Sec: 0.51, Samples/Sec: 24.46
[[34m2025-06-12 22:42:14[0m] (step=0030200) Train Loss: 0.1275, Train Steps/Sec: 1.91, Samples/Sec: 91.54
[[34m2025-06-12 22:43:08[0m] (step=0030300) Train Loss: 0.1200, Train Steps/Sec: 1.86, Samples/Sec: 89.23
[[34m2025-06-12 22:44:01[0m] (step=0030400) Train Loss: 0.1189, Train Steps/Sec: 1.89, Samples/Sec: 90.48
[[34m2025-06-12 22:44:54[0m] (step=0030500) Train Loss: 0.1208, Train Steps/Sec: 1.89, Samples/Sec: 90.53
[[34m2025-06-12 22:45:47[0m] (step=0030600) Train Loss: 0.1216, Train Steps/Sec: 1.88, Samples/Sec: 90.47
[[34m2025-06-12 22:46:40[0m] (step=0030700) Train Loss: 0.1192, Train Steps/Sec: 1.89, Samples/Sec: 90.52
[[34m2025-06-12 22:47:33[0m] (step=0030800) Train Loss: 0.1202, Train Steps/Sec: 1.88, Samples/Sec: 90.47
[[34m2025-06-12 22:48:26[0m] (step=0030900) Train Loss: 0.1221, Train Steps/Sec: 1.88, Samples/Sec: 90.29
[[34m2025-06-12 22:49:19[0m] (step=0031000) Train Loss: 0.1234, Train Steps/Sec: 1.88, Samples/Sec: 90.34
[[34m2025-06-12 22:50:12[0m] (step=0031100) Train Loss: 0.1216, Train Steps/Sec: 1.89, Samples/Sec: 90.75
[[34m2025-06-12 22:51:05[0m] (step=0031200) Train Loss: 0.1261, Train Steps/Sec: 1.89, Samples/Sec: 90.68
[[34m2025-06-12 22:51:58[0m] (step=0031300) Train Loss: 0.1232, Train Steps/Sec: 1.89, Samples/Sec: 90.81
[[34m2025-06-12 22:52:51[0m] (step=0031400) Train Loss: 0.1205, Train Steps/Sec: 1.89, Samples/Sec: 90.78
[[34m2025-06-12 22:53:44[0m] (step=0031500) Train Loss: 0.1200, Train Steps/Sec: 1.89, Samples/Sec: 90.79
[[34m2025-06-12 22:54:37[0m] (step=0031600) Train Loss: 0.1216, Train Steps/Sec: 1.88, Samples/Sec: 90.30
[[34m2025-06-12 22:55:30[0m] (step=0031700) Train Loss: 0.1226, Train Steps/Sec: 1.89, Samples/Sec: 90.49
[[34m2025-06-12 22:56:23[0m] (step=0031800) Train Loss: 0.1203, Train Steps/Sec: 1.89, Samples/Sec: 90.72
[[34m2025-06-12 22:57:16[0m] (step=0031900) Train Loss: 0.1233, Train Steps/Sec: 1.89, Samples/Sec: 90.70
[[34m2025-06-12 22:58:09[0m] (step=0032000) Train Loss: 0.1242, Train Steps/Sec: 1.89, Samples/Sec: 90.77
[[34m2025-06-12 22:58:23[0m] Saved checkpoint to logs/nwm_cdit_airvln/checkpoints/latest.pth.tar
[[34m2025-06-12 22:59:16[0m] (step=0032100) Train Loss: 0.1217, Train Steps/Sec: 1.49, Samples/Sec: 71.49
[[34m2025-06-12 23:00:09[0m] (step=0032200) Train Loss: 0.1248, Train Steps/Sec: 1.89, Samples/Sec: 90.72
[[34m2025-06-12 23:01:02[0m] (step=0032300) Train Loss: 0.1230, Train Steps/Sec: 1.88, Samples/Sec: 90.07
[[34m2025-06-12 23:01:55[0m] (step=0032400) Train Loss: 0.1184, Train Steps/Sec: 1.89, Samples/Sec: 90.69
[[34m2025-06-12 23:02:48[0m] (step=0032500) Train Loss: 0.1168, Train Steps/Sec: 1.89, Samples/Sec: 90.75
[[34m2025-06-12 23:03:41[0m] (step=0032600) Train Loss: 0.1196, Train Steps/Sec: 1.89, Samples/Sec: 90.80
[[34m2025-06-12 23:04:34[0m] (step=0032700) Train Loss: 0.1214, Train Steps/Sec: 1.89, Samples/Sec: 90.79
[[34m2025-06-12 23:05:27[0m] (step=0032800) Train Loss: 0.1179, Train Steps/Sec: 1.89, Samples/Sec: 90.61
[[34m2025-06-12 23:06:20[0m] (step=0032900) Train Loss: 0.1238, Train Steps/Sec: 1.88, Samples/Sec: 90.35
[[34m2025-06-12 23:07:13[0m] (step=0033000) Train Loss: 0.1146, Train Steps/Sec: 1.88, Samples/Sec: 90.09
[[34m2025-06-12 23:08:06[0m] (step=0033100) Train Loss: 0.1246, Train Steps/Sec: 1.89, Samples/Sec: 90.50
[[34m2025-06-12 23:08:59[0m] (step=0033200) Train Loss: 0.1206, Train Steps/Sec: 1.89, Samples/Sec: 90.49
[[34m2025-06-12 23:09:52[0m] (step=0033300) Train Loss: 0.1238, Train Steps/Sec: 1.89, Samples/Sec: 90.55
[[34m2025-06-12 23:10:45[0m] (step=0033400) Train Loss: 0.1219, Train Steps/Sec: 1.89, Samples/Sec: 90.50
[[34m2025-06-12 23:11:38[0m] (step=0033500) Train Loss: 0.1202, Train Steps/Sec: 1.89, Samples/Sec: 90.55
[[34m2025-06-12 23:12:32[0m] (step=0033600) Train Loss: 0.1272, Train Steps/Sec: 1.87, Samples/Sec: 89.79
[[34m2025-06-12 23:13:25[0m] (step=0033700) Train Loss: 0.1159, Train Steps/Sec: 1.89, Samples/Sec: 90.58
[[34m2025-06-12 23:14:18[0m] (step=0033800) Train Loss: 0.1237, Train Steps/Sec: 1.88, Samples/Sec: 90.44
[[34m2025-06-12 23:15:11[0m] (step=0033900) Train Loss: 0.1155, Train Steps/Sec: 1.89, Samples/Sec: 90.50
[[34m2025-06-12 23:16:04[0m] (step=0034000) Train Loss: 0.1212, Train Steps/Sec: 1.89, Samples/Sec: 90.54
[[34m2025-06-12 23:16:18[0m] Saved checkpoint to logs/nwm_cdit_airvln/checkpoints/latest.pth.tar
[[34m2025-06-12 23:17:11[0m] (step=0034100) Train Loss: 0.1128, Train Steps/Sec: 1.50, Samples/Sec: 71.92
[[34m2025-06-12 23:18:03[0m] (step=0034200) Train Loss: 0.1209, Train Steps/Sec: 1.90, Samples/Sec: 91.27
[[34m2025-06-12 23:18:56[0m] (step=0034300) Train Loss: 0.1167, Train Steps/Sec: 1.90, Samples/Sec: 90.99
[[34m2025-06-12 23:19:48[0m] (step=0034400) Train Loss: 0.1177, Train Steps/Sec: 1.91, Samples/Sec: 91.62
[[34m2025-06-12 23:20:41[0m] (step=0034500) Train Loss: 0.1197, Train Steps/Sec: 1.91, Samples/Sec: 91.46
[[34m2025-06-12 23:21:33[0m] (step=0034600) Train Loss: 0.1205, Train Steps/Sec: 1.90, Samples/Sec: 91.38
[[34m2025-06-12 23:22:26[0m] (step=0034700) Train Loss: 0.1201, Train Steps/Sec: 1.90, Samples/Sec: 91.25
[[34m2025-06-12 23:23:18[0m] (step=0034800) Train Loss: 0.1222, Train Steps/Sec: 1.91, Samples/Sec: 91.44
[[34m2025-06-12 23:24:11[0m] (step=0034900) Train Loss: 0.1152, Train Steps/Sec: 1.90, Samples/Sec: 91.26
[[34m2025-06-12 23:25:04[0m] (step=0035000) Train Loss: 0.1159, Train Steps/Sec: 1.90, Samples/Sec: 91.04
[[34m2025-06-12 23:25:56[0m] (step=0035100) Train Loss: 0.1192, Train Steps/Sec: 1.90, Samples/Sec: 91.43
[[34m2025-06-12 23:26:49[0m] (step=0035200) Train Loss: 0.1094, Train Steps/Sec: 1.90, Samples/Sec: 91.41
[[34m2025-06-12 23:27:41[0m] (step=0035300) Train Loss: 0.1182, Train Steps/Sec: 1.90, Samples/Sec: 91.17
[[34m2025-06-12 23:28:34[0m] (step=0035400) Train Loss: 0.1209, Train Steps/Sec: 1.90, Samples/Sec: 91.32
[[34m2025-06-12 23:29:26[0m] (step=0035500) Train Loss: 0.1257, Train Steps/Sec: 1.91, Samples/Sec: 91.49
[[34m2025-06-12 23:30:19[0m] (step=0035600) Train Loss: 0.1216, Train Steps/Sec: 1.89, Samples/Sec: 90.89
[[34m2025-06-12 23:31:12[0m] (step=0035700) Train Loss: 0.1148, Train Steps/Sec: 1.91, Samples/Sec: 91.60
[[34m2025-06-12 23:32:04[0m] (step=0035800) Train Loss: 0.1140, Train Steps/Sec: 1.90, Samples/Sec: 91.31
[[34m2025-06-12 23:32:57[0m] (step=0035900) Train Loss: 0.1134, Train Steps/Sec: 1.91, Samples/Sec: 91.60
[[34m2025-06-12 23:33:49[0m] (step=0036000) Train Loss: 0.1170, Train Steps/Sec: 1.90, Samples/Sec: 91.40
[[34m2025-06-12 23:34:03[0m] Saved checkpoint to logs/nwm_cdit_airvln/checkpoints/latest.pth.tar
[[34m2025-06-12 23:34:56[0m] (step=0036100) Train Loss: 0.1233, Train Steps/Sec: 1.49, Samples/Sec: 71.72
[[34m2025-06-12 23:35:49[0m] (step=0036200) Train Loss: 0.1129, Train Steps/Sec: 1.91, Samples/Sec: 91.47
[[34m2025-06-12 23:36:41[0m] (step=0036300) Train Loss: 0.1231, Train Steps/Sec: 1.90, Samples/Sec: 91.23
[[34m2025-06-12 23:37:34[0m] (step=0036400) Train Loss: 0.1166, Train Steps/Sec: 1.91, Samples/Sec: 91.52
[[34m2025-06-12 23:38:26[0m] (step=0036500) Train Loss: 0.1167, Train Steps/Sec: 1.90, Samples/Sec: 91.28
[[34m2025-06-12 23:39:19[0m] (step=0036600) Train Loss: 0.1230, Train Steps/Sec: 1.90, Samples/Sec: 91.23
[[34m2025-06-12 23:40:11[0m] (step=0036700) Train Loss: 0.1190, Train Steps/Sec: 1.90, Samples/Sec: 91.22
[[34m2025-06-12 23:41:04[0m] (step=0036800) Train Loss: 0.1136, Train Steps/Sec: 1.90, Samples/Sec: 90.96
[[34m2025-06-12 23:41:57[0m] (step=0036900) Train Loss: 0.1241, Train Steps/Sec: 1.91, Samples/Sec: 91.53
[[34m2025-06-12 23:42:49[0m] (step=0037000) Train Loss: 0.1218, Train Steps/Sec: 1.90, Samples/Sec: 90.99
[[34m2025-06-12 23:43:42[0m] (step=0037100) Train Loss: 0.1229, Train Steps/Sec: 1.90, Samples/Sec: 91.07
[[34m2025-06-12 23:44:35[0m] (step=0037200) Train Loss: 0.1166, Train Steps/Sec: 1.90, Samples/Sec: 91.29
[[34m2025-06-12 23:45:27[0m] (step=0037300) Train Loss: 0.1217, Train Steps/Sec: 1.91, Samples/Sec: 91.49
[[34m2025-06-12 23:46:20[0m] (step=0037400) Train Loss: 0.1191, Train Steps/Sec: 1.90, Samples/Sec: 91.34
[[34m2025-06-12 23:47:12[0m] (step=0037500) Train Loss: 0.1184, Train Steps/Sec: 1.90, Samples/Sec: 91.21
[[34m2025-06-12 23:48:05[0m] (step=0037600) Train Loss: 0.1187, Train Steps/Sec: 1.90, Samples/Sec: 91.35
[[34m2025-06-12 23:48:57[0m] (step=0037700) Train Loss: 0.1181, Train Steps/Sec: 1.90, Samples/Sec: 91.25
[[34m2025-06-12 23:49:50[0m] (step=0037800) Train Loss: 0.1164, Train Steps/Sec: 1.91, Samples/Sec: 91.55
[[34m2025-06-12 23:50:42[0m] (step=0037900) Train Loss: 0.1212, Train Steps/Sec: 1.90, Samples/Sec: 91.38
[[34m2025-06-12 23:51:35[0m] (step=0038000) Train Loss: 0.1154, Train Steps/Sec: 1.91, Samples/Sec: 91.63
[[34m2025-06-12 23:51:49[0m] Saved checkpoint to logs/nwm_cdit_airvln/checkpoints/latest.pth.tar
[[34m2025-06-12 23:52:42[0m] (step=0038100) Train Loss: 0.1186, Train Steps/Sec: 1.49, Samples/Sec: 71.68
[[34m2025-06-12 23:53:34[0m] (step=0038200) Train Loss: 0.1153, Train Steps/Sec: 1.91, Samples/Sec: 91.48
[[34m2025-06-12 23:54:27[0m] (step=0038300) Train Loss: 0.1187, Train Steps/Sec: 1.90, Samples/Sec: 91.18
[[34m2025-06-12 23:55:19[0m] (step=0038400) Train Loss: 0.1142, Train Steps/Sec: 1.90, Samples/Sec: 91.38
[[34m2025-06-12 23:56:12[0m] (step=0038500) Train Loss: 0.1201, Train Steps/Sec: 1.90, Samples/Sec: 91.43
[[34m2025-06-12 23:57:04[0m] (step=0038600) Train Loss: 0.1227, Train Steps/Sec: 1.91, Samples/Sec: 91.50
[[34m2025-06-12 23:57:57[0m] (step=0038700) Train Loss: 0.1206, Train Steps/Sec: 1.90, Samples/Sec: 91.36
[[34m2025-06-12 23:58:49[0m] (step=0038800) Train Loss: 0.1176, Train Steps/Sec: 1.90, Samples/Sec: 91.41
[[34m2025-06-12 23:59:42[0m] (step=0038900) Train Loss: 0.1151, Train Steps/Sec: 1.90, Samples/Sec: 91.38
[[34m2025-06-13 00:00:35[0m] (step=0039000) Train Loss: 0.1197, Train Steps/Sec: 1.90, Samples/Sec: 91.17
[[34m2025-06-13 00:01:27[0m] (step=0039100) Train Loss: 0.1156, Train Steps/Sec: 1.91, Samples/Sec: 91.60
[[34m2025-06-13 00:02:20[0m] (step=0039200) Train Loss: 0.1162, Train Steps/Sec: 1.90, Samples/Sec: 91.32
[[34m2025-06-13 00:03:12[0m] (step=0039300) Train Loss: 0.1194, Train Steps/Sec: 1.90, Samples/Sec: 91.25
[[34m2025-06-13 00:04:05[0m] (step=0039400) Train Loss: 0.1154, Train Steps/Sec: 1.90, Samples/Sec: 91.43
[[34m2025-06-13 00:04:57[0m] (step=0039500) Train Loss: 0.1190, Train Steps/Sec: 1.91, Samples/Sec: 91.49
[[34m2025-06-13 00:05:50[0m] (step=0039600) Train Loss: 0.1156, Train Steps/Sec: 1.91, Samples/Sec: 91.48
[[34m2025-06-13 00:06:42[0m] (step=0039700) Train Loss: 0.1162, Train Steps/Sec: 1.91, Samples/Sec: 91.50
[[34m2025-06-13 00:07:35[0m] (step=0039800) Train Loss: 0.1152, Train Steps/Sec: 1.90, Samples/Sec: 91.40
[[34m2025-06-13 00:08:27[0m] (step=0039900) Train Loss: 0.1190, Train Steps/Sec: 1.90, Samples/Sec: 91.22
[[34m2025-06-13 00:09:20[0m] (step=0040000) Train Loss: 0.1197, Train Steps/Sec: 1.91, Samples/Sec: 91.58
Using cache found in ./models/facebookresearch_dino_main
Using cache found in ./models/facebookresearch_dino_main
Using cache found in ./models/facebookresearch_dino_main
[[34m2025-06-13 00:09:48[0m] Saved checkpoint to logs/nwm_cdit_airvln/checkpoints/0040000.pth.tar
Using cache found in ./models/facebookresearch_dino_main
[[34m2025-06-13 00:09:51[0m] Already found a `peft_config` attribute in the model. This will lead to having multiple adapters in the model. Make sure to know what you are doing!
[[34m2025-06-13 00:11:57[0m] (step=0040000) Perceptual Loss: 0.4130, Eval Time: 128.66
[[34m2025-06-13 00:12:50[0m] (step=0040100) Train Loss: 0.1122, Train Steps/Sec: 0.48, Samples/Sec: 22.89
[[34m2025-06-13 00:13:42[0m] (step=0040200) Train Loss: 0.1164, Train Steps/Sec: 1.90, Samples/Sec: 91.12
[[34m2025-06-13 00:14:35[0m] (step=0040300) Train Loss: 0.1165, Train Steps/Sec: 1.91, Samples/Sec: 91.51
[[34m2025-06-13 00:15:27[0m] (step=0040400) Train Loss: 0.1174, Train Steps/Sec: 1.90, Samples/Sec: 91.02
[[34m2025-06-13 00:16:20[0m] (step=0040500) Train Loss: 0.1179, Train Steps/Sec: 1.89, Samples/Sec: 90.85
[[34m2025-06-13 00:17:13[0m] (step=0040600) Train Loss: 0.1228, Train Steps/Sec: 1.89, Samples/Sec: 90.75
[[34m2025-06-13 00:18:06[0m] (step=0040700) Train Loss: 0.1165, Train Steps/Sec: 1.89, Samples/Sec: 90.93
[[34m2025-06-13 00:18:59[0m] (step=0040800) Train Loss: 0.1166, Train Steps/Sec: 1.90, Samples/Sec: 91.05
[[34m2025-06-13 00:19:52[0m] (step=0040900) Train Loss: 0.1187, Train Steps/Sec: 1.89, Samples/Sec: 90.55
[[34m2025-06-13 00:20:44[0m] (step=0041000) Train Loss: 0.1215, Train Steps/Sec: 1.89, Samples/Sec: 90.95
[[34m2025-06-13 00:21:37[0m] (step=0041100) Train Loss: 0.1160, Train Steps/Sec: 1.89, Samples/Sec: 90.92
[[34m2025-06-13 00:22:30[0m] (step=0041200) Train Loss: 0.1157, Train Steps/Sec: 1.89, Samples/Sec: 90.95
[[34m2025-06-13 00:23:23[0m] (step=0041300) Train Loss: 0.1128, Train Steps/Sec: 1.89, Samples/Sec: 90.57
[[34m2025-06-13 00:24:16[0m] (step=0041400) Train Loss: 0.1205, Train Steps/Sec: 1.89, Samples/Sec: 90.95
[[34m2025-06-13 00:25:09[0m] (step=0041500) Train Loss: 0.1186, Train Steps/Sec: 1.89, Samples/Sec: 90.78
[[34m2025-06-13 00:26:02[0m] (step=0041600) Train Loss: 0.1153, Train Steps/Sec: 1.89, Samples/Sec: 90.71
[[34m2025-06-13 00:26:54[0m] (step=0041700) Train Loss: 0.1126, Train Steps/Sec: 1.89, Samples/Sec: 90.91
[[34m2025-06-13 00:27:47[0m] (step=0041800) Train Loss: 0.1147, Train Steps/Sec: 1.89, Samples/Sec: 90.94
[[34m2025-06-13 00:28:40[0m] (step=0041900) Train Loss: 0.1158, Train Steps/Sec: 1.89, Samples/Sec: 90.95
[[34m2025-06-13 00:29:33[0m] (step=0042000) Train Loss: 0.1187, Train Steps/Sec: 1.89, Samples/Sec: 90.67
[[34m2025-06-13 00:29:47[0m] Saved checkpoint to logs/nwm_cdit_airvln/checkpoints/latest.pth.tar
[[34m2025-06-13 00:30:40[0m] (step=0042100) Train Loss: 0.1183, Train Steps/Sec: 1.49, Samples/Sec: 71.49
[[34m2025-06-13 00:31:33[0m] (step=0042200) Train Loss: 0.1162, Train Steps/Sec: 1.88, Samples/Sec: 90.37
[[34m2025-06-13 00:32:26[0m] (step=0042300) Train Loss: 0.1194, Train Steps/Sec: 1.89, Samples/Sec: 90.94
[[34m2025-06-13 00:33:19[0m] (step=0042400) Train Loss: 0.1172, Train Steps/Sec: 1.90, Samples/Sec: 91.09
[[34m2025-06-13 00:34:11[0m] (step=0042500) Train Loss: 0.1174, Train Steps/Sec: 1.90, Samples/Sec: 91.09
[[34m2025-06-13 00:35:04[0m] (step=0042600) Train Loss: 0.1191, Train Steps/Sec: 1.89, Samples/Sec: 90.86
[[34m2025-06-13 00:35:57[0m] (step=0042700) Train Loss: 0.1194, Train Steps/Sec: 1.90, Samples/Sec: 91.05
[[34m2025-06-13 00:36:50[0m] (step=0042800) Train Loss: 0.1156, Train Steps/Sec: 1.90, Samples/Sec: 91.08
[[34m2025-06-13 00:37:42[0m] (step=0042900) Train Loss: 0.1154, Train Steps/Sec: 1.89, Samples/Sec: 90.67
[[34m2025-06-13 00:38:35[0m] (step=0043000) Train Loss: 0.1174, Train Steps/Sec: 1.90, Samples/Sec: 91.02
[[34m2025-06-13 00:39:28[0m] (step=0043100) Train Loss: 0.1184, Train Steps/Sec: 1.90, Samples/Sec: 91.06
[[34m2025-06-13 00:40:21[0m] (step=0043200) Train Loss: 0.1151, Train Steps/Sec: 1.89, Samples/Sec: 90.81
[[34m2025-06-13 00:41:14[0m] (step=0043300) Train Loss: 0.1146, Train Steps/Sec: 1.90, Samples/Sec: 91.00
[[34m2025-06-13 00:42:06[0m] (step=0043400) Train Loss: 0.1115, Train Steps/Sec: 1.90, Samples/Sec: 91.10
[[34m2025-06-13 00:42:59[0m] (step=0043500) Train Loss: 0.1163, Train Steps/Sec: 1.89, Samples/Sec: 90.73
[[34m2025-06-13 00:43:35[0m] Beginning epoch 2...
[[34m2025-06-13 00:43:53[0m] (step=0043600) Train Loss: 0.1150, Train Steps/Sec: 1.87, Samples/Sec: 89.65
[[34m2025-06-13 00:44:46[0m] (step=0043700) Train Loss: 0.1137, Train Steps/Sec: 1.88, Samples/Sec: 90.18
[[34m2025-06-13 00:45:39[0m] (step=0043800) Train Loss: 0.1143, Train Steps/Sec: 1.89, Samples/Sec: 90.50
[[34m2025-06-13 00:46:32[0m] (step=0043900) Train Loss: 0.1190, Train Steps/Sec: 1.88, Samples/Sec: 90.42
[[34m2025-06-13 00:47:25[0m] (step=0044000) Train Loss: 0.1119, Train Steps/Sec: 1.90, Samples/Sec: 91.17
[[34m2025-06-13 00:47:39[0m] Saved checkpoint to logs/nwm_cdit_airvln/checkpoints/latest.pth.tar
[[34m2025-06-13 00:48:32[0m] (step=0044100) Train Loss: 0.1144, Train Steps/Sec: 1.49, Samples/Sec: 71.62
[[34m2025-06-13 00:49:24[0m] (step=0044200) Train Loss: 0.1173, Train Steps/Sec: 1.90, Samples/Sec: 91.09
[[34m2025-06-13 00:50:17[0m] (step=0044300) Train Loss: 0.1133, Train Steps/Sec: 1.91, Samples/Sec: 91.56
[[34m2025-06-13 00:51:09[0m] (step=0044400) Train Loss: 0.1141, Train Steps/Sec: 1.91, Samples/Sec: 91.44
[[34m2025-06-13 00:52:02[0m] (step=0044500) Train Loss: 0.1155, Train Steps/Sec: 1.90, Samples/Sec: 91.23
[[34m2025-06-13 00:52:55[0m] (step=0044600) Train Loss: 0.1150, Train Steps/Sec: 1.90, Samples/Sec: 91.20
[[34m2025-06-13 00:53:47[0m] (step=0044700) Train Loss: 0.1164, Train Steps/Sec: 1.90, Samples/Sec: 91.32
[[34m2025-06-13 00:54:40[0m] (step=0044800) Train Loss: 0.1197, Train Steps/Sec: 1.91, Samples/Sec: 91.45
[[34m2025-06-13 00:55:32[0m] (step=0044900) Train Loss: 0.1170, Train Steps/Sec: 1.89, Samples/Sec: 90.86
[[34m2025-06-13 00:56:25[0m] (step=0045000) Train Loss: 0.1193, Train Steps/Sec: 1.90, Samples/Sec: 91.29
[[34m2025-06-13 00:57:18[0m] (step=0045100) Train Loss: 0.1185, Train Steps/Sec: 1.90, Samples/Sec: 91.28
[[34m2025-06-13 00:58:10[0m] (step=0045200) Train Loss: 0.1129, Train Steps/Sec: 1.90, Samples/Sec: 91.36
[[34m2025-06-13 00:59:03[0m] (step=0045300) Train Loss: 0.1150, Train Steps/Sec: 1.90, Samples/Sec: 91.24
[[34m2025-06-13 00:59:55[0m] (step=0045400) Train Loss: 0.1110, Train Steps/Sec: 1.90, Samples/Sec: 91.38
[[34m2025-06-13 01:00:48[0m] (step=0045500) Train Loss: 0.1112, Train Steps/Sec: 1.90, Samples/Sec: 91.22
[[34m2025-06-13 01:01:41[0m] (step=0045600) Train Loss: 0.1142, Train Steps/Sec: 1.90, Samples/Sec: 91.17
[[34m2025-06-13 01:02:33[0m] (step=0045700) Train Loss: 0.1157, Train Steps/Sec: 1.90, Samples/Sec: 91.38
[[34m2025-06-13 01:03:26[0m] (step=0045800) Train Loss: 0.1189, Train Steps/Sec: 1.90, Samples/Sec: 91.21
[[34m2025-06-13 01:04:18[0m] (step=0045900) Train Loss: 0.1101, Train Steps/Sec: 1.90, Samples/Sec: 91.36
[[34m2025-06-13 01:05:11[0m] (step=0046000) Train Loss: 0.1160, Train Steps/Sec: 1.90, Samples/Sec: 91.25
[[34m2025-06-13 01:05:25[0m] Saved checkpoint to logs/nwm_cdit_airvln/checkpoints/latest.pth.tar
[[34m2025-06-13 01:06:18[0m] (step=0046100) Train Loss: 0.1140, Train Steps/Sec: 1.49, Samples/Sec: 71.72
[[34m2025-06-13 01:07:11[0m] (step=0046200) Train Loss: 0.1107, Train Steps/Sec: 1.90, Samples/Sec: 91.04
[[34m2025-06-13 01:08:03[0m] (step=0046300) Train Loss: 0.1151, Train Steps/Sec: 1.90, Samples/Sec: 91.34
[[34m2025-06-13 01:08:56[0m] (step=0046400) Train Loss: 0.1159, Train Steps/Sec: 1.90, Samples/Sec: 91.23
[[34m2025-06-13 01:09:48[0m] (step=0046500) Train Loss: 0.1160, Train Steps/Sec: 1.91, Samples/Sec: 91.45
[[34m2025-06-13 01:10:41[0m] (step=0046600) Train Loss: 0.1093, Train Steps/Sec: 1.90, Samples/Sec: 91.44
[[34m2025-06-13 01:11:33[0m] (step=0046700) Train Loss: 0.1138, Train Steps/Sec: 1.90, Samples/Sec: 91.22
[[34m2025-06-13 01:12:26[0m] (step=0046800) Train Loss: 0.1142, Train Steps/Sec: 1.90, Samples/Sec: 91.31
[[34m2025-06-13 01:13:19[0m] (step=0046900) Train Loss: 0.1188, Train Steps/Sec: 1.90, Samples/Sec: 91.15
[[34m2025-06-13 01:14:11[0m] (step=0047000) Train Loss: 0.1160, Train Steps/Sec: 1.90, Samples/Sec: 91.41
[[34m2025-06-13 01:15:04[0m] (step=0047100) Train Loss: 0.1135, Train Steps/Sec: 1.90, Samples/Sec: 91.18
[[34m2025-06-13 01:15:56[0m] (step=0047200) Train Loss: 0.1156, Train Steps/Sec: 1.91, Samples/Sec: 91.51
[[34m2025-06-13 01:16:49[0m] (step=0047300) Train Loss: 0.1134, Train Steps/Sec: 1.90, Samples/Sec: 91.25
[[34m2025-06-13 01:17:41[0m] (step=0047400) Train Loss: 0.1092, Train Steps/Sec: 1.90, Samples/Sec: 91.06
[[34m2025-06-13 01:18:34[0m] (step=0047500) Train Loss: 0.1188, Train Steps/Sec: 1.90, Samples/Sec: 91.33
[[34m2025-06-13 01:19:27[0m] (step=0047600) Train Loss: 0.1151, Train Steps/Sec: 1.89, Samples/Sec: 90.61
[[34m2025-06-13 01:20:20[0m] (step=0047700) Train Loss: 0.1158, Train Steps/Sec: 1.90, Samples/Sec: 91.27
[[34m2025-06-13 01:21:12[0m] (step=0047800) Train Loss: 0.1105, Train Steps/Sec: 1.89, Samples/Sec: 90.84
[[34m2025-06-13 01:22:05[0m] (step=0047900) Train Loss: 0.1130, Train Steps/Sec: 1.90, Samples/Sec: 91.18
[[34m2025-06-13 01:22:58[0m] (step=0048000) Train Loss: 0.1189, Train Steps/Sec: 1.90, Samples/Sec: 91.15
[[34m2025-06-13 01:23:12[0m] Saved checkpoint to logs/nwm_cdit_airvln/checkpoints/latest.pth.tar
[[34m2025-06-13 01:24:05[0m] (step=0048100) Train Loss: 0.1186, Train Steps/Sec: 1.49, Samples/Sec: 71.55
[[34m2025-06-13 01:24:58[0m] (step=0048200) Train Loss: 0.1175, Train Steps/Sec: 1.89, Samples/Sec: 90.73
[[34m2025-06-13 01:25:50[0m] (step=0048300) Train Loss: 0.1115, Train Steps/Sec: 1.90, Samples/Sec: 91.00
[[34m2025-06-13 01:26:43[0m] (step=0048400) Train Loss: 0.1145, Train Steps/Sec: 1.90, Samples/Sec: 90.98
[[34m2025-06-13 01:27:36[0m] (step=0048500) Train Loss: 0.1144, Train Steps/Sec: 1.90, Samples/Sec: 91.08
[[34m2025-06-13 01:28:29[0m] (step=0048600) Train Loss: 0.1151, Train Steps/Sec: 1.90, Samples/Sec: 91.14
[[34m2025-06-13 01:29:21[0m] (step=0048700) Train Loss: 0.1128, Train Steps/Sec: 1.90, Samples/Sec: 91.40
[[34m2025-06-13 01:30:14[0m] (step=0048800) Train Loss: 0.1137, Train Steps/Sec: 1.90, Samples/Sec: 91.17
[[34m2025-06-13 01:31:07[0m] (step=0048900) Train Loss: 0.1128, Train Steps/Sec: 1.89, Samples/Sec: 90.57
[[34m2025-06-13 01:32:00[0m] (step=0049000) Train Loss: 0.1149, Train Steps/Sec: 1.89, Samples/Sec: 90.83
[[34m2025-06-13 01:32:52[0m] (step=0049100) Train Loss: 0.1086, Train Steps/Sec: 1.90, Samples/Sec: 90.97
[[34m2025-06-13 01:33:45[0m] (step=0049200) Train Loss: 0.1181, Train Steps/Sec: 1.89, Samples/Sec: 90.88
[[34m2025-06-13 01:34:39[0m] (step=0049300) Train Loss: 0.1119, Train Steps/Sec: 1.86, Samples/Sec: 89.42
[[34m2025-06-13 01:35:33[0m] (step=0049400) Train Loss: 0.1121, Train Steps/Sec: 1.83, Samples/Sec: 87.95
[[34m2025-06-13 01:36:27[0m] (step=0049500) Train Loss: 0.1176, Train Steps/Sec: 1.88, Samples/Sec: 90.17
[[34m2025-06-13 01:37:21[0m] (step=0049600) Train Loss: 0.1135, Train Steps/Sec: 1.85, Samples/Sec: 88.87
[[34m2025-06-13 01:38:14[0m] (step=0049700) Train Loss: 0.1148, Train Steps/Sec: 1.88, Samples/Sec: 90.22
[[34m2025-06-13 01:39:07[0m] (step=0049800) Train Loss: 0.1104, Train Steps/Sec: 1.87, Samples/Sec: 89.99
[[34m2025-06-13 01:40:01[0m] (step=0049900) Train Loss: 0.1108, Train Steps/Sec: 1.87, Samples/Sec: 89.58
[[34m2025-06-13 01:40:54[0m] (step=0050000) Train Loss: 0.1141, Train Steps/Sec: 1.89, Samples/Sec: 90.81
Using cache found in ./models/facebookresearch_dino_main
Using cache found in ./models/facebookresearch_dino_main
Using cache found in ./models/facebookresearch_dino_main
[[34m2025-06-13 01:41:08[0m] Saved checkpoint to logs/nwm_cdit_airvln/checkpoints/latest.pth.tar
Using cache found in ./models/facebookresearch_dino_main
[[34m2025-06-13 01:41:11[0m] Already found a `peft_config` attribute in the model. This will lead to having multiple adapters in the model. Make sure to know what you are doing!
[[34m2025-06-13 01:43:17[0m] (step=0050000) Perceptual Loss: 0.3771, Eval Time: 128.96
[[34m2025-06-13 01:44:10[0m] (step=0050100) Train Loss: 0.1142, Train Steps/Sec: 0.51, Samples/Sec: 24.44
[[34m2025-06-13 01:45:03[0m] (step=0050200) Train Loss: 0.1175, Train Steps/Sec: 1.89, Samples/Sec: 90.69
[[34m2025-06-13 01:45:57[0m] (step=0050300) Train Loss: 0.1131, Train Steps/Sec: 1.86, Samples/Sec: 89.25
[[34m2025-06-13 01:46:50[0m] (step=0050400) Train Loss: 0.1136, Train Steps/Sec: 1.88, Samples/Sec: 90.20
[[34m2025-06-13 01:47:43[0m] (step=0050500) Train Loss: 0.1136, Train Steps/Sec: 1.88, Samples/Sec: 90.32
[[34m2025-06-13 01:48:37[0m] (step=0050600) Train Loss: 0.1113, Train Steps/Sec: 1.87, Samples/Sec: 89.55
[[34m2025-06-13 01:49:30[0m] (step=0050700) Train Loss: 0.1137, Train Steps/Sec: 1.88, Samples/Sec: 90.34
[[34m2025-06-13 01:50:24[0m] (step=0050800) Train Loss: 0.1096, Train Steps/Sec: 1.86, Samples/Sec: 89.22
[[34m2025-06-13 01:51:18[0m] (step=0050900) Train Loss: 0.1128, Train Steps/Sec: 1.85, Samples/Sec: 88.62
[[34m2025-06-13 01:52:11[0m] (step=0051000) Train Loss: 0.1150, Train Steps/Sec: 1.88, Samples/Sec: 90.07
[[34m2025-06-13 01:53:04[0m] (step=0051100) Train Loss: 0.1074, Train Steps/Sec: 1.90, Samples/Sec: 91.28
[[34m2025-06-13 01:53:56[0m] (step=0051200) Train Loss: 0.1146, Train Steps/Sec: 1.90, Samples/Sec: 91.09
[[34m2025-06-13 01:54:49[0m] (step=0051300) Train Loss: 0.1106, Train Steps/Sec: 1.90, Samples/Sec: 91.25
[[34m2025-06-13 01:55:42[0m] (step=0051400) Train Loss: 0.1136, Train Steps/Sec: 1.90, Samples/Sec: 90.97
[[34m2025-06-13 01:56:35[0m] (step=0051500) Train Loss: 0.1111, Train Steps/Sec: 1.89, Samples/Sec: 90.48
[[34m2025-06-13 01:57:28[0m] (step=0051600) Train Loss: 0.1098, Train Steps/Sec: 1.89, Samples/Sec: 90.80
[[34m2025-06-13 01:58:21[0m] (step=0051700) Train Loss: 0.1135, Train Steps/Sec: 1.89, Samples/Sec: 90.71
[[34m2025-06-13 01:59:13[0m] (step=0051800) Train Loss: 0.1046, Train Steps/Sec: 1.89, Samples/Sec: 90.95
[[34m2025-06-13 02:00:06[0m] (step=0051900) Train Loss: 0.1152, Train Steps/Sec: 1.90, Samples/Sec: 91.12
[[34m2025-06-13 02:00:59[0m] (step=0052000) Train Loss: 0.1112, Train Steps/Sec: 1.90, Samples/Sec: 90.99
[[34m2025-06-13 02:01:13[0m] Saved checkpoint to logs/nwm_cdit_airvln/checkpoints/latest.pth.tar
[[34m2025-06-13 02:02:06[0m] (step=0052100) Train Loss: 0.1069, Train Steps/Sec: 1.49, Samples/Sec: 71.59
[[34m2025-06-13 02:02:59[0m] (step=0052200) Train Loss: 0.1148, Train Steps/Sec: 1.90, Samples/Sec: 91.09
[[34m2025-06-13 02:03:51[0m] (step=0052300) Train Loss: 0.1132, Train Steps/Sec: 1.89, Samples/Sec: 90.82
[[34m2025-06-13 02:04:44[0m] (step=0052400) Train Loss: 0.1108, Train Steps/Sec: 1.90, Samples/Sec: 91.23
[[34m2025-06-13 02:05:37[0m] (step=0052500) Train Loss: 0.1070, Train Steps/Sec: 1.90, Samples/Sec: 91.42
[[34m2025-06-13 02:06:29[0m] (step=0052600) Train Loss: 0.1167, Train Steps/Sec: 1.89, Samples/Sec: 90.86
[[34m2025-06-13 02:07:22[0m] (step=0052700) Train Loss: 0.1131, Train Steps/Sec: 1.90, Samples/Sec: 91.23
[[34m2025-06-13 02:08:15[0m] (step=0052800) Train Loss: 0.1117, Train Steps/Sec: 1.90, Samples/Sec: 91.03
[[34m2025-06-13 02:09:07[0m] (step=0052900) Train Loss: 0.1137, Train Steps/Sec: 1.90, Samples/Sec: 91.32
[[34m2025-06-13 02:10:00[0m] (step=0053000) Train Loss: 0.1095, Train Steps/Sec: 1.90, Samples/Sec: 91.06
[[34m2025-06-13 02:10:53[0m] (step=0053100) Train Loss: 0.1111, Train Steps/Sec: 1.90, Samples/Sec: 91.41
[[34m2025-06-13 02:11:45[0m] (step=0053200) Train Loss: 0.1133, Train Steps/Sec: 1.90, Samples/Sec: 91.31
[[34m2025-06-13 02:12:38[0m] (step=0053300) Train Loss: 0.1133, Train Steps/Sec: 1.90, Samples/Sec: 91.41
[[34m2025-06-13 02:13:30[0m] (step=0053400) Train Loss: 0.1077, Train Steps/Sec: 1.91, Samples/Sec: 91.46
[[34m2025-06-13 02:14:23[0m] (step=0053500) Train Loss: 0.1114, Train Steps/Sec: 1.90, Samples/Sec: 90.99
[[34m2025-06-13 02:15:15[0m] (step=0053600) Train Loss: 0.1117, Train Steps/Sec: 1.90, Samples/Sec: 91.20
[[34m2025-06-13 02:16:08[0m] (step=0053700) Train Loss: 0.1115, Train Steps/Sec: 1.90, Samples/Sec: 91.25
[[34m2025-06-13 02:17:01[0m] (step=0053800) Train Loss: 0.1126, Train Steps/Sec: 1.90, Samples/Sec: 91.40
[[34m2025-06-13 02:17:53[0m] (step=0053900) Train Loss: 0.1121, Train Steps/Sec: 1.90, Samples/Sec: 91.29
[[34m2025-06-13 02:18:46[0m] (step=0054000) Train Loss: 0.1108, Train Steps/Sec: 1.91, Samples/Sec: 91.44
[[34m2025-06-13 02:19:00[0m] Saved checkpoint to logs/nwm_cdit_airvln/checkpoints/latest.pth.tar
[[34m2025-06-13 02:19:53[0m] (step=0054100) Train Loss: 0.1040, Train Steps/Sec: 1.49, Samples/Sec: 71.67
[[34m2025-06-13 02:20:45[0m] (step=0054200) Train Loss: 0.1164, Train Steps/Sec: 1.90, Samples/Sec: 90.97
[[34m2025-06-13 02:21:38[0m] (step=0054300) Train Loss: 0.1122, Train Steps/Sec: 1.90, Samples/Sec: 91.15
[[34m2025-06-13 02:22:31[0m] (step=0054400) Train Loss: 0.1090, Train Steps/Sec: 1.90, Samples/Sec: 91.09
[[34m2025-06-13 02:23:23[0m] (step=0054500) Train Loss: 0.1100, Train Steps/Sec: 1.90, Samples/Sec: 91.02
[[34m2025-06-13 02:24:16[0m] (step=0054600) Train Loss: 0.1089, Train Steps/Sec: 1.89, Samples/Sec: 90.95
[[34m2025-06-13 02:25:09[0m] (step=0054700) Train Loss: 0.1131, Train Steps/Sec: 1.90, Samples/Sec: 90.99
[[34m2025-06-13 02:26:02[0m] (step=0054800) Train Loss: 0.1109, Train Steps/Sec: 1.89, Samples/Sec: 90.55
[[34m2025-06-13 02:26:56[0m] (step=0054900) Train Loss: 0.1100, Train Steps/Sec: 1.87, Samples/Sec: 89.61
[[34m2025-06-13 02:27:49[0m] (step=0055000) Train Loss: 0.1096, Train Steps/Sec: 1.87, Samples/Sec: 89.84
[[34m2025-06-13 02:28:43[0m] (step=0055100) Train Loss: 0.1111, Train Steps/Sec: 1.87, Samples/Sec: 89.73
[[34m2025-06-13 02:29:36[0m] (step=0055200) Train Loss: 0.1082, Train Steps/Sec: 1.87, Samples/Sec: 89.82
[[34m2025-06-13 02:30:29[0m] (step=0055300) Train Loss: 0.1149, Train Steps/Sec: 1.88, Samples/Sec: 90.05
[[34m2025-06-13 02:31:23[0m] (step=0055400) Train Loss: 0.1147, Train Steps/Sec: 1.88, Samples/Sec: 90.15
[[34m2025-06-13 02:32:15[0m] (step=0055500) Train Loss: 0.1150, Train Steps/Sec: 1.90, Samples/Sec: 90.99
[[34m2025-06-13 02:33:08[0m] (step=0055600) Train Loss: 0.1154, Train Steps/Sec: 1.90, Samples/Sec: 91.06
[[34m2025-06-13 02:34:01[0m] (step=0055700) Train Loss: 0.1092, Train Steps/Sec: 1.90, Samples/Sec: 91.23
[[34m2025-06-13 02:34:53[0m] (step=0055800) Train Loss: 0.1138, Train Steps/Sec: 1.90, Samples/Sec: 91.25
[[34m2025-06-13 02:35:46[0m] (step=0055900) Train Loss: 0.1099, Train Steps/Sec: 1.90, Samples/Sec: 91.27
[[34m2025-06-13 02:36:38[0m] (step=0056000) Train Loss: 0.1135, Train Steps/Sec: 1.90, Samples/Sec: 91.26
[[34m2025-06-13 02:36:53[0m] Saved checkpoint to logs/nwm_cdit_airvln/checkpoints/latest.pth.tar
[[34m2025-06-13 02:37:45[0m] (step=0056100) Train Loss: 0.1079, Train Steps/Sec: 1.50, Samples/Sec: 71.83
[[34m2025-06-13 02:38:38[0m] (step=0056200) Train Loss: 0.1114, Train Steps/Sec: 1.89, Samples/Sec: 90.70
[[34m2025-06-13 02:39:31[0m] (step=0056300) Train Loss: 0.1168, Train Steps/Sec: 1.90, Samples/Sec: 91.24
[[34m2025-06-13 02:40:23[0m] (step=0056400) Train Loss: 0.1143, Train Steps/Sec: 1.90, Samples/Sec: 91.27
[[34m2025-06-13 02:41:16[0m] (step=0056500) Train Loss: 0.1163, Train Steps/Sec: 1.90, Samples/Sec: 91.28
[[34m2025-06-13 02:42:08[0m] (step=0056600) Train Loss: 0.1089, Train Steps/Sec: 1.90, Samples/Sec: 91.42
[[34m2025-06-13 02:43:01[0m] (step=0056700) Train Loss: 0.1172, Train Steps/Sec: 1.91, Samples/Sec: 91.51
[[34m2025-06-13 02:43:54[0m] (step=0056800) Train Loss: 0.1124, Train Steps/Sec: 1.89, Samples/Sec: 90.79
[[34m2025-06-13 02:44:46[0m] (step=0056900) Train Loss: 0.1098, Train Steps/Sec: 1.90, Samples/Sec: 91.36
[[34m2025-06-13 02:45:39[0m] (step=0057000) Train Loss: 0.1092, Train Steps/Sec: 1.90, Samples/Sec: 91.43
[[34m2025-06-13 02:46:31[0m] (step=0057100) Train Loss: 0.1114, Train Steps/Sec: 1.90, Samples/Sec: 91.34
[[34m2025-06-13 02:47:24[0m] (step=0057200) Train Loss: 0.1102, Train Steps/Sec: 1.90, Samples/Sec: 91.29
[[34m2025-06-13 02:48:17[0m] (step=0057300) Train Loss: 0.1071, Train Steps/Sec: 1.90, Samples/Sec: 91.32
[[34m2025-06-13 02:49:09[0m] (step=0057400) Train Loss: 0.1132, Train Steps/Sec: 1.90, Samples/Sec: 91.22
[[34m2025-06-13 02:50:02[0m] (step=0057500) Train Loss: 0.1089, Train Steps/Sec: 1.89, Samples/Sec: 90.90
[[34m2025-06-13 02:50:55[0m] (step=0057600) Train Loss: 0.1122, Train Steps/Sec: 1.90, Samples/Sec: 91.24
[[34m2025-06-13 02:51:47[0m] (step=0057700) Train Loss: 0.1063, Train Steps/Sec: 1.90, Samples/Sec: 91.32
[[34m2025-06-13 02:52:40[0m] (step=0057800) Train Loss: 0.1112, Train Steps/Sec: 1.90, Samples/Sec: 91.19
[[34m2025-06-13 02:53:32[0m] (step=0057900) Train Loss: 0.1063, Train Steps/Sec: 1.90, Samples/Sec: 91.11
[[34m2025-06-13 02:54:25[0m] (step=0058000) Train Loss: 0.1106, Train Steps/Sec: 1.90, Samples/Sec: 91.17
[[34m2025-06-13 02:54:42[0m] Saved checkpoint to logs/nwm_cdit_airvln/checkpoints/latest.pth.tar
[[34m2025-06-13 02:55:35[0m] (step=0058100) Train Loss: 0.1072, Train Steps/Sec: 1.43, Samples/Sec: 68.71
[[34m2025-06-13 02:56:28[0m] (step=0058200) Train Loss: 0.1094, Train Steps/Sec: 1.90, Samples/Sec: 91.14
[[34m2025-06-13 02:57:20[0m] (step=0058300) Train Loss: 0.1156, Train Steps/Sec: 1.90, Samples/Sec: 91.21
[[34m2025-06-13 02:58:13[0m] (step=0058400) Train Loss: 0.1048, Train Steps/Sec: 1.90, Samples/Sec: 91.41
[[34m2025-06-13 02:59:05[0m] (step=0058500) Train Loss: 0.1078, Train Steps/Sec: 1.90, Samples/Sec: 91.29
[[34m2025-06-13 02:59:58[0m] (step=0058600) Train Loss: 0.1081, Train Steps/Sec: 1.90, Samples/Sec: 91.18
[[34m2025-06-13 03:00:51[0m] (step=0058700) Train Loss: 0.1127, Train Steps/Sec: 1.90, Samples/Sec: 91.13
[[34m2025-06-13 03:01:44[0m] (step=0058800) Train Loss: 0.1090, Train Steps/Sec: 1.87, Samples/Sec: 89.90
[[34m2025-06-13 03:02:38[0m] (step=0058900) Train Loss: 0.1094, Train Steps/Sec: 1.87, Samples/Sec: 89.55
[[34m2025-06-13 03:03:31[0m] (step=0059000) Train Loss: 0.1106, Train Steps/Sec: 1.87, Samples/Sec: 89.79
[[34m2025-06-13 03:04:24[0m] (step=0059100) Train Loss: 0.1118, Train Steps/Sec: 1.88, Samples/Sec: 90.37
[[34m2025-06-13 03:05:18[0m] (step=0059200) Train Loss: 0.1116, Train Steps/Sec: 1.86, Samples/Sec: 89.46
[[34m2025-06-13 03:06:11[0m] (step=0059300) Train Loss: 0.1130, Train Steps/Sec: 1.89, Samples/Sec: 90.62
[[34m2025-06-13 03:07:04[0m] (step=0059400) Train Loss: 0.1142, Train Steps/Sec: 1.89, Samples/Sec: 90.49
[[34m2025-06-13 03:07:57[0m] (step=0059500) Train Loss: 0.1180, Train Steps/Sec: 1.88, Samples/Sec: 90.34
[[34m2025-06-13 03:08:50[0m] (step=0059600) Train Loss: 0.1094, Train Steps/Sec: 1.89, Samples/Sec: 90.82
[[34m2025-06-13 03:09:43[0m] (step=0059700) Train Loss: 0.1113, Train Steps/Sec: 1.90, Samples/Sec: 91.32
[[34m2025-06-13 03:10:35[0m] (step=0059800) Train Loss: 0.1103, Train Steps/Sec: 1.90, Samples/Sec: 91.23
[[34m2025-06-13 03:11:28[0m] (step=0059900) Train Loss: 0.1074, Train Steps/Sec: 1.88, Samples/Sec: 90.47
[[34m2025-06-13 03:12:21[0m] (step=0060000) Train Loss: 0.1060, Train Steps/Sec: 1.88, Samples/Sec: 90.46
Using cache found in ./models/facebookresearch_dino_main
Using cache found in ./models/facebookresearch_dino_main
Using cache found in ./models/facebookresearch_dino_main
[[34m2025-06-13 03:12:49[0m] Saved checkpoint to logs/nwm_cdit_airvln/checkpoints/0060000.pth.tar
Using cache found in ./models/facebookresearch_dino_main
[[34m2025-06-13 03:12:52[0m] Already found a `peft_config` attribute in the model. This will lead to having multiple adapters in the model. Make sure to know what you are doing!
[[34m2025-06-13 03:14:58[0m] (step=0060000) Perceptual Loss: 0.3306, Eval Time: 128.83
[[34m2025-06-13 03:15:51[0m] (step=0060100) Train Loss: 0.1076, Train Steps/Sec: 0.48, Samples/Sec: 22.86
[[34m2025-06-13 03:16:44[0m] (step=0060200) Train Loss: 0.1127, Train Steps/Sec: 1.90, Samples/Sec: 90.99
[[34m2025-06-13 03:17:37[0m] (step=0060300) Train Loss: 0.1093, Train Steps/Sec: 1.89, Samples/Sec: 90.90
[[34m2025-06-13 03:18:30[0m] (step=0060400) Train Loss: 0.1059, Train Steps/Sec: 1.89, Samples/Sec: 90.86
[[34m2025-06-13 03:19:23[0m] (step=0060500) Train Loss: 0.1092, Train Steps/Sec: 1.88, Samples/Sec: 90.43
[[34m2025-06-13 03:20:16[0m] (step=0060600) Train Loss: 0.1096, Train Steps/Sec: 1.89, Samples/Sec: 90.54
[[34m2025-06-13 03:21:09[0m] (step=0060700) Train Loss: 0.1133, Train Steps/Sec: 1.88, Samples/Sec: 90.11
[[34m2025-06-13 03:22:02[0m] (step=0060800) Train Loss: 0.1077, Train Steps/Sec: 1.89, Samples/Sec: 90.80
[[34m2025-06-13 03:22:55[0m] (step=0060900) Train Loss: 0.1132, Train Steps/Sec: 1.89, Samples/Sec: 90.92
[[34m2025-06-13 03:23:48[0m] (step=0061000) Train Loss: 0.1127, Train Steps/Sec: 1.88, Samples/Sec: 90.10
[[34m2025-06-13 03:24:41[0m] (step=0061100) Train Loss: 0.1089, Train Steps/Sec: 1.87, Samples/Sec: 89.89
[[34m2025-06-13 03:25:35[0m] (step=0061200) Train Loss: 0.1112, Train Steps/Sec: 1.87, Samples/Sec: 89.92
[[34m2025-06-13 03:26:28[0m] (step=0061300) Train Loss: 0.1058, Train Steps/Sec: 1.87, Samples/Sec: 89.92
[[34m2025-06-13 03:27:22[0m] (step=0061400) Train Loss: 0.1036, Train Steps/Sec: 1.87, Samples/Sec: 89.57
[[34m2025-06-13 03:28:15[0m] (step=0061500) Train Loss: 0.1103, Train Steps/Sec: 1.88, Samples/Sec: 90.10
[[34m2025-06-13 03:29:08[0m] (step=0061600) Train Loss: 0.1109, Train Steps/Sec: 1.87, Samples/Sec: 89.98
[[34m2025-06-13 03:30:02[0m] (step=0061700) Train Loss: 0.1133, Train Steps/Sec: 1.87, Samples/Sec: 89.98
[[34m2025-06-13 03:30:55[0m] (step=0061800) Train Loss: 0.1093, Train Steps/Sec: 1.87, Samples/Sec: 89.74
[[34m2025-06-13 03:31:49[0m] (step=0061900) Train Loss: 0.1092, Train Steps/Sec: 1.88, Samples/Sec: 90.12
[[34m2025-06-13 03:32:42[0m] (step=0062000) Train Loss: 0.1111, Train Steps/Sec: 1.87, Samples/Sec: 89.78
[[34m2025-06-13 03:32:56[0m] Saved checkpoint to logs/nwm_cdit_airvln/checkpoints/latest.pth.tar
[[34m2025-06-13 03:33:50[0m] (step=0062100) Train Loss: 0.1075, Train Steps/Sec: 1.48, Samples/Sec: 71.10
[[34m2025-06-13 03:34:43[0m] (step=0062200) Train Loss: 0.1076, Train Steps/Sec: 1.87, Samples/Sec: 89.87
[[34m2025-06-13 03:35:36[0m] (step=0062300) Train Loss: 0.1097, Train Steps/Sec: 1.87, Samples/Sec: 89.68
[[34m2025-06-13 03:36:30[0m] (step=0062400) Train Loss: 0.1131, Train Steps/Sec: 1.87, Samples/Sec: 89.82
[[34m2025-06-13 03:37:23[0m] (step=0062500) Train Loss: 0.1030, Train Steps/Sec: 1.87, Samples/Sec: 90.00
[[34m2025-06-13 03:38:17[0m] (step=0062600) Train Loss: 0.1102, Train Steps/Sec: 1.87, Samples/Sec: 89.84
[[34m2025-06-13 03:39:10[0m] (step=0062700) Train Loss: 0.1069, Train Steps/Sec: 1.87, Samples/Sec: 89.75
[[34m2025-06-13 03:40:03[0m] (step=0062800) Train Loss: 0.1064, Train Steps/Sec: 1.88, Samples/Sec: 90.16
[[34m2025-06-13 03:40:57[0m] (step=0062900) Train Loss: 0.1121, Train Steps/Sec: 1.88, Samples/Sec: 90.13
[[34m2025-06-13 03:41:50[0m] (step=0063000) Train Loss: 0.1095, Train Steps/Sec: 1.88, Samples/Sec: 90.14
[[34m2025-06-13 03:42:43[0m] (step=0063100) Train Loss: 0.1079, Train Steps/Sec: 1.88, Samples/Sec: 90.01
[[34m2025-06-13 03:43:37[0m] (step=0063200) Train Loss: 0.1117, Train Steps/Sec: 1.87, Samples/Sec: 89.94
[[34m2025-06-13 03:44:30[0m] (step=0063300) Train Loss: 0.1094, Train Steps/Sec: 1.87, Samples/Sec: 89.80
[[34m2025-06-13 03:45:24[0m] (step=0063400) Train Loss: 0.1142, Train Steps/Sec: 1.86, Samples/Sec: 89.47
[[34m2025-06-13 03:46:17[0m] (step=0063500) Train Loss: 0.1068, Train Steps/Sec: 1.88, Samples/Sec: 90.10
[[34m2025-06-13 03:47:10[0m] (step=0063600) Train Loss: 0.1066, Train Steps/Sec: 1.88, Samples/Sec: 90.13
[[34m2025-06-13 03:48:04[0m] (step=0063700) Train Loss: 0.1083, Train Steps/Sec: 1.88, Samples/Sec: 90.03
[[34m2025-06-13 03:48:56[0m] (step=0063800) Train Loss: 0.1088, Train Steps/Sec: 1.90, Samples/Sec: 91.36
[[34m2025-06-13 03:49:49[0m] (step=0063900) Train Loss: 0.1112, Train Steps/Sec: 1.90, Samples/Sec: 91.27
[[34m2025-06-13 03:50:41[0m] (step=0064000) Train Loss: 0.1068, Train Steps/Sec: 1.90, Samples/Sec: 91.18
[[34m2025-06-13 03:50:56[0m] Saved checkpoint to logs/nwm_cdit_airvln/checkpoints/latest.pth.tar
[[34m2025-06-13 03:51:49[0m] (step=0064100) Train Loss: 0.1121, Train Steps/Sec: 1.49, Samples/Sec: 71.39
[[34m2025-06-13 03:52:41[0m] (step=0064200) Train Loss: 0.1120, Train Steps/Sec: 1.90, Samples/Sec: 91.22
[[34m2025-06-13 03:53:34[0m] (step=0064300) Train Loss: 0.1075, Train Steps/Sec: 1.90, Samples/Sec: 91.06
[[34m2025-06-13 03:54:27[0m] (step=0064400) Train Loss: 0.1081, Train Steps/Sec: 1.90, Samples/Sec: 91.31
[[34m2025-06-13 03:55:19[0m] (step=0064500) Train Loss: 0.1081, Train Steps/Sec: 1.90, Samples/Sec: 91.25
[[34m2025-06-13 03:56:12[0m] (step=0064600) Train Loss: 0.1061, Train Steps/Sec: 1.90, Samples/Sec: 91.06
[[34m2025-06-13 03:57:05[0m] (step=0064700) Train Loss: 0.1112, Train Steps/Sec: 1.89, Samples/Sec: 90.80
[[34m2025-06-13 03:57:57[0m] (step=0064800) Train Loss: 0.1108, Train Steps/Sec: 1.90, Samples/Sec: 91.31
[[34m2025-06-13 03:58:50[0m] (step=0064900) Train Loss: 0.1084, Train Steps/Sec: 1.90, Samples/Sec: 91.09
[[34m2025-06-13 03:59:43[0m] (step=0065000) Train Loss: 0.1058, Train Steps/Sec: 1.89, Samples/Sec: 90.79
[[34m2025-06-13 04:00:36[0m] (step=0065100) Train Loss: 0.1069, Train Steps/Sec: 1.88, Samples/Sec: 90.46
[[34m2025-06-13 04:01:29[0m] (step=0065200) Train Loss: 0.1125, Train Steps/Sec: 1.88, Samples/Sec: 90.16
[[34m2025-06-13 04:02:22[0m] (step=0065300) Train Loss: 0.1130, Train Steps/Sec: 1.89, Samples/Sec: 90.53
[[34m2025-06-13 04:02:50[0m] Beginning epoch 3...
[[34m2025-06-13 04:03:16[0m] (step=0065400) Train Loss: 0.1062, Train Steps/Sec: 1.86, Samples/Sec: 89.32
[[34m2025-06-13 04:04:09[0m] (step=0065500) Train Loss: 0.1091, Train Steps/Sec: 1.89, Samples/Sec: 90.50
[[34m2025-06-13 04:05:02[0m] (step=0065600) Train Loss: 0.1063, Train Steps/Sec: 1.89, Samples/Sec: 90.69
[[34m2025-06-13 04:05:55[0m] (step=0065700) Train Loss: 0.1090, Train Steps/Sec: 1.89, Samples/Sec: 90.70
[[34m2025-06-13 04:06:48[0m] (step=0065800) Train Loss: 0.1025, Train Steps/Sec: 1.89, Samples/Sec: 90.68
[[34m2025-06-13 04:07:41[0m] (step=0065900) Train Loss: 0.1058, Train Steps/Sec: 1.88, Samples/Sec: 90.47
[[34m2025-06-13 04:08:34[0m] (step=0066000) Train Loss: 0.1072, Train Steps/Sec: 1.89, Samples/Sec: 90.63
[[34m2025-06-13 04:08:48[0m] Saved checkpoint to logs/nwm_cdit_airvln/checkpoints/latest.pth.tar
[[34m2025-06-13 04:09:42[0m] (step=0066100) Train Loss: 0.1086, Train Steps/Sec: 1.48, Samples/Sec: 70.94
[[34m2025-06-13 04:10:34[0m] (step=0066200) Train Loss: 0.1111, Train Steps/Sec: 1.89, Samples/Sec: 90.61
[[34m2025-06-13 04:11:27[0m] (step=0066300) Train Loss: 0.1115, Train Steps/Sec: 1.89, Samples/Sec: 90.57
[[34m2025-06-13 04:12:20[0m] (step=0066400) Train Loss: 0.1037, Train Steps/Sec: 1.89, Samples/Sec: 90.63
[[34m2025-06-13 04:13:14[0m] (step=0066500) Train Loss: 0.1050, Train Steps/Sec: 1.88, Samples/Sec: 90.33
[[34m2025-06-13 04:14:07[0m] (step=0066600) Train Loss: 0.1040, Train Steps/Sec: 1.89, Samples/Sec: 90.55
[[34m2025-06-13 04:15:00[0m] (step=0066700) Train Loss: 0.1131, Train Steps/Sec: 1.88, Samples/Sec: 90.36
[[34m2025-06-13 04:15:53[0m] (step=0066800) Train Loss: 0.1044, Train Steps/Sec: 1.89, Samples/Sec: 90.65
[[34m2025-06-13 04:16:46[0m] (step=0066900) Train Loss: 0.1058, Train Steps/Sec: 1.89, Samples/Sec: 90.56
[[34m2025-06-13 04:17:39[0m] (step=0067000) Train Loss: 0.1016, Train Steps/Sec: 1.89, Samples/Sec: 90.51
[[34m2025-06-13 04:18:32[0m] (step=0067100) Train Loss: 0.1044, Train Steps/Sec: 1.89, Samples/Sec: 90.55
[[34m2025-06-13 04:19:25[0m] (step=0067200) Train Loss: 0.1049, Train Steps/Sec: 1.88, Samples/Sec: 90.41
[[34m2025-06-13 04:20:18[0m] (step=0067300) Train Loss: 0.1057, Train Steps/Sec: 1.89, Samples/Sec: 90.50
[[34m2025-06-13 04:21:11[0m] (step=0067400) Train Loss: 0.1049, Train Steps/Sec: 1.88, Samples/Sec: 90.05
[[34m2025-06-13 04:22:04[0m] (step=0067500) Train Loss: 0.1131, Train Steps/Sec: 1.89, Samples/Sec: 90.71
[[34m2025-06-13 04:22:57[0m] (step=0067600) Train Loss: 0.1143, Train Steps/Sec: 1.89, Samples/Sec: 90.64
[[34m2025-06-13 04:23:50[0m] (step=0067700) Train Loss: 0.1103, Train Steps/Sec: 1.88, Samples/Sec: 90.43
[[34m2025-06-13 04:24:44[0m] (step=0067800) Train Loss: 0.1073, Train Steps/Sec: 1.87, Samples/Sec: 89.89
[[34m2025-06-13 04:25:37[0m] (step=0067900) Train Loss: 0.1113, Train Steps/Sec: 1.86, Samples/Sec: 89.17
[[34m2025-06-13 04:26:31[0m] (step=0068000) Train Loss: 0.1073, Train Steps/Sec: 1.85, Samples/Sec: 88.95
[[34m2025-06-13 04:26:46[0m] Saved checkpoint to logs/nwm_cdit_airvln/checkpoints/latest.pth.tar
[[34m2025-06-13 04:27:39[0m] (step=0068100) Train Loss: 0.1085, Train Steps/Sec: 1.48, Samples/Sec: 70.83
[[34m2025-06-13 04:28:32[0m] (step=0068200) Train Loss: 0.1104, Train Steps/Sec: 1.89, Samples/Sec: 90.55
[[34m2025-06-13 04:29:25[0m] (step=0068300) Train Loss: 0.1122, Train Steps/Sec: 1.89, Samples/Sec: 90.54
[[34m2025-06-13 04:30:18[0m] (step=0068400) Train Loss: 0.1097, Train Steps/Sec: 1.88, Samples/Sec: 90.13
[[34m2025-06-13 04:31:11[0m] (step=0068500) Train Loss: 0.1154, Train Steps/Sec: 1.89, Samples/Sec: 90.54
[[34m2025-06-13 04:32:05[0m] (step=0068600) Train Loss: 0.1127, Train Steps/Sec: 1.88, Samples/Sec: 90.39
[[34m2025-06-13 04:32:58[0m] (step=0068700) Train Loss: 0.1109, Train Steps/Sec: 1.88, Samples/Sec: 90.28
[[34m2025-06-13 04:33:51[0m] (step=0068800) Train Loss: 0.1090, Train Steps/Sec: 1.87, Samples/Sec: 89.87
[[34m2025-06-13 04:34:45[0m] (step=0068900) Train Loss: 0.1106, Train Steps/Sec: 1.87, Samples/Sec: 89.90
[[34m2025-06-13 04:35:38[0m] (step=0069000) Train Loss: 0.1070, Train Steps/Sec: 1.87, Samples/Sec: 89.67
[[34m2025-06-13 04:36:31[0m] (step=0069100) Train Loss: 0.1086, Train Steps/Sec: 1.89, Samples/Sec: 90.87
[[34m2025-06-13 04:37:24[0m] (step=0069200) Train Loss: 0.1139, Train Steps/Sec: 1.88, Samples/Sec: 90.25
[[34m2025-06-13 04:38:17[0m] (step=0069300) Train Loss: 0.1093, Train Steps/Sec: 1.89, Samples/Sec: 90.79
[[34m2025-06-13 04:39:10[0m] (step=0069400) Train Loss: 0.1091, Train Steps/Sec: 1.88, Samples/Sec: 90.32
[[34m2025-06-13 04:40:03[0m] (step=0069500) Train Loss: 0.1086, Train Steps/Sec: 1.89, Samples/Sec: 90.82
[[34m2025-06-13 04:40:56[0m] (step=0069600) Train Loss: 0.1056, Train Steps/Sec: 1.89, Samples/Sec: 90.74
[[34m2025-06-13 04:41:49[0m] (step=0069700) Train Loss: 0.1087, Train Steps/Sec: 1.89, Samples/Sec: 90.87
[[34m2025-06-13 04:42:42[0m] (step=0069800) Train Loss: 0.1063, Train Steps/Sec: 1.88, Samples/Sec: 90.25
[[34m2025-06-13 04:43:35[0m] (step=0069900) Train Loss: 0.1070, Train Steps/Sec: 1.89, Samples/Sec: 90.59
[[34m2025-06-13 04:44:28[0m] (step=0070000) Train Loss: 0.1037, Train Steps/Sec: 1.89, Samples/Sec: 90.90
Using cache found in ./models/facebookresearch_dino_main
Using cache found in ./models/facebookresearch_dino_main
Using cache found in ./models/facebookresearch_dino_main
[[34m2025-06-13 04:44:42[0m] Saved checkpoint to logs/nwm_cdit_airvln/checkpoints/latest.pth.tar
Using cache found in ./models/facebookresearch_dino_main
[[34m2025-06-13 04:44:45[0m] Already found a `peft_config` attribute in the model. This will lead to having multiple adapters in the model. Make sure to know what you are doing!
[[34m2025-06-13 04:46:51[0m] (step=0070000) Perceptual Loss: 0.3217, Eval Time: 128.75
[[34m2025-06-13 04:47:43[0m] (step=0070100) Train Loss: 0.1069, Train Steps/Sec: 0.51, Samples/Sec: 24.52
[[34m2025-06-13 04:48:36[0m] (step=0070200) Train Loss: 0.1048, Train Steps/Sec: 1.90, Samples/Sec: 91.08
[[34m2025-06-13 04:49:29[0m] (step=0070300) Train Loss: 0.1045, Train Steps/Sec: 1.90, Samples/Sec: 91.19
[[34m2025-06-13 04:50:22[0m] (step=0070400) Train Loss: 0.1090, Train Steps/Sec: 1.89, Samples/Sec: 90.78
[[34m2025-06-13 04:51:14[0m] (step=0070500) Train Loss: 0.1089, Train Steps/Sec: 1.90, Samples/Sec: 91.12
[[34m2025-06-13 04:52:07[0m] (step=0070600) Train Loss: 0.1089, Train Steps/Sec: 1.90, Samples/Sec: 90.96
[[34m2025-06-13 04:53:00[0m] (step=0070700) Train Loss: 0.1056, Train Steps/Sec: 1.89, Samples/Sec: 90.52
[[34m2025-06-13 04:53:53[0m] (step=0070800) Train Loss: 0.1039, Train Steps/Sec: 1.89, Samples/Sec: 90.83
[[34m2025-06-13 04:54:46[0m] (step=0070900) Train Loss: 0.1043, Train Steps/Sec: 1.89, Samples/Sec: 90.94
[[34m2025-06-13 04:55:38[0m] (step=0071000) Train Loss: 0.1104, Train Steps/Sec: 1.91, Samples/Sec: 91.45
[[34m2025-06-13 04:56:31[0m] (step=0071100) Train Loss: 0.1074, Train Steps/Sec: 1.90, Samples/Sec: 91.24
[[34m2025-06-13 04:57:23[0m] (step=0071200) Train Loss: 0.1089, Train Steps/Sec: 1.90, Samples/Sec: 91.42
[[34m2025-06-13 04:58:16[0m] (step=0071300) Train Loss: 0.1116, Train Steps/Sec: 1.91, Samples/Sec: 91.59
[[34m2025-06-13 04:59:08[0m] (step=0071400) Train Loss: 0.1061, Train Steps/Sec: 1.90, Samples/Sec: 91.16
[[34m2025-06-13 05:00:01[0m] (step=0071500) Train Loss: 0.1058, Train Steps/Sec: 1.91, Samples/Sec: 91.52
[[34m2025-06-13 05:00:53[0m] (step=0071600) Train Loss: 0.1106, Train Steps/Sec: 1.90, Samples/Sec: 91.37
[[34m2025-06-13 05:01:46[0m] (step=0071700) Train Loss: 0.1105, Train Steps/Sec: 1.91, Samples/Sec: 91.56
[[34m2025-06-13 05:02:38[0m] (step=0071800) Train Loss: 0.1070, Train Steps/Sec: 1.90, Samples/Sec: 91.41
[[34m2025-06-13 05:03:31[0m] (step=0071900) Train Loss: 0.1117, Train Steps/Sec: 1.90, Samples/Sec: 91.35
[[34m2025-06-13 05:04:24[0m] (step=0072000) Train Loss: 0.1097, Train Steps/Sec: 1.90, Samples/Sec: 91.16
[[34m2025-06-13 05:04:37[0m] Saved checkpoint to logs/nwm_cdit_airvln/checkpoints/latest.pth.tar
[[34m2025-06-13 05:05:30[0m] (step=0072100) Train Loss: 0.1090, Train Steps/Sec: 1.50, Samples/Sec: 72.11
[[34m2025-06-13 05:06:23[0m] (step=0072200) Train Loss: 0.1096, Train Steps/Sec: 1.91, Samples/Sec: 91.46
[[34m2025-06-13 05:07:15[0m] (step=0072300) Train Loss: 0.1047, Train Steps/Sec: 1.90, Samples/Sec: 91.00
[[34m2025-06-13 05:08:08[0m] (step=0072400) Train Loss: 0.1051, Train Steps/Sec: 1.89, Samples/Sec: 90.91
[[34m2025-06-13 05:09:01[0m] (step=0072500) Train Loss: 0.1077, Train Steps/Sec: 1.90, Samples/Sec: 90.99
[[34m2025-06-13 05:09:54[0m] (step=0072600) Train Loss: 0.1041, Train Steps/Sec: 1.89, Samples/Sec: 90.79
[[34m2025-06-13 05:10:47[0m] (step=0072700) Train Loss: 0.1084, Train Steps/Sec: 1.89, Samples/Sec: 90.54
[[34m2025-06-13 05:11:40[0m] (step=0072800) Train Loss: 0.1055, Train Steps/Sec: 1.89, Samples/Sec: 90.86
[[34m2025-06-13 05:12:32[0m] (step=0072900) Train Loss: 0.1038, Train Steps/Sec: 1.89, Samples/Sec: 90.94
[[34m2025-06-13 05:13:25[0m] (step=0073000) Train Loss: 0.1099, Train Steps/Sec: 1.89, Samples/Sec: 90.74
[[34m2025-06-13 05:14:18[0m] (step=0073100) Train Loss: 0.0971, Train Steps/Sec: 1.89, Samples/Sec: 90.81
[[34m2025-06-13 05:15:11[0m] (step=0073200) Train Loss: 0.1040, Train Steps/Sec: 1.89, Samples/Sec: 90.84
[[34m2025-06-13 05:16:04[0m] (step=0073300) Train Loss: 0.1046, Train Steps/Sec: 1.89, Samples/Sec: 90.88
[[34m2025-06-13 05:16:57[0m] (step=0073400) Train Loss: 0.1095, Train Steps/Sec: 1.88, Samples/Sec: 90.46
[[34m2025-06-13 05:17:50[0m] (step=0073500) Train Loss: 0.1066, Train Steps/Sec: 1.89, Samples/Sec: 90.95
[[34m2025-06-13 05:18:42[0m] (step=0073600) Train Loss: 0.1054, Train Steps/Sec: 1.89, Samples/Sec: 90.88
[[34m2025-06-13 05:19:35[0m] (step=0073700) Train Loss: 0.1121, Train Steps/Sec: 1.89, Samples/Sec: 90.62
[[34m2025-06-13 05:20:28[0m] (step=0073800) Train Loss: 0.1070, Train Steps/Sec: 1.90, Samples/Sec: 90.97
[[34m2025-06-13 05:21:21[0m] (step=0073900) Train Loss: 0.1070, Train Steps/Sec: 1.89, Samples/Sec: 90.92
[[34m2025-06-13 05:22:14[0m] (step=0074000) Train Loss: 0.1083, Train Steps/Sec: 1.89, Samples/Sec: 90.73
[[34m2025-06-13 05:22:28[0m] Saved checkpoint to logs/nwm_cdit_airvln/checkpoints/latest.pth.tar
[[34m2025-06-13 05:23:21[0m] (step=0074100) Train Loss: 0.1050, Train Steps/Sec: 1.49, Samples/Sec: 71.58
[[34m2025-06-13 05:24:14[0m] (step=0074200) Train Loss: 0.1065, Train Steps/Sec: 1.89, Samples/Sec: 90.95
[[34m2025-06-13 05:25:07[0m] (step=0074300) Train Loss: 0.1058, Train Steps/Sec: 1.89, Samples/Sec: 90.76
[[34m2025-06-13 05:25:59[0m] (step=0074400) Train Loss: 0.1063, Train Steps/Sec: 1.89, Samples/Sec: 90.92
[[34m2025-06-13 05:26:52[0m] (step=0074500) Train Loss: 0.1015, Train Steps/Sec: 1.90, Samples/Sec: 90.98
[[34m2025-06-13 05:27:45[0m] (step=0074600) Train Loss: 0.1034, Train Steps/Sec: 1.89, Samples/Sec: 90.95
[[34m2025-06-13 05:28:38[0m] (step=0074700) Train Loss: 0.1062, Train Steps/Sec: 1.89, Samples/Sec: 90.55
[[34m2025-06-13 05:29:31[0m] (step=0074800) Train Loss: 0.1033, Train Steps/Sec: 1.89, Samples/Sec: 90.91
[[34m2025-06-13 05:30:24[0m] (step=0074900) Train Loss: 0.1059, Train Steps/Sec: 1.89, Samples/Sec: 90.95
[[34m2025-06-13 05:31:16[0m] (step=0075000) Train Loss: 0.1021, Train Steps/Sec: 1.89, Samples/Sec: 90.80
[[34m2025-06-13 05:32:09[0m] (step=0075100) Train Loss: 0.1079, Train Steps/Sec: 1.90, Samples/Sec: 90.98
[[34m2025-06-13 05:33:02[0m] (step=0075200) Train Loss: 0.1085, Train Steps/Sec: 1.90, Samples/Sec: 90.96
[[34m2025-06-13 05:33:55[0m] (step=0075300) Train Loss: 0.1082, Train Steps/Sec: 1.90, Samples/Sec: 91.02
[[34m2025-06-13 05:34:48[0m] (step=0075400) Train Loss: 0.1058, Train Steps/Sec: 1.89, Samples/Sec: 90.63
[[34m2025-06-13 05:35:40[0m] (step=0075500) Train Loss: 0.1114, Train Steps/Sec: 1.90, Samples/Sec: 90.96
[[34m2025-06-13 05:36:33[0m] (step=0075600) Train Loss: 0.1070, Train Steps/Sec: 1.89, Samples/Sec: 90.81
[[34m2025-06-13 05:37:26[0m] (step=0075700) Train Loss: 0.1027, Train Steps/Sec: 1.90, Samples/Sec: 90.96
[[34m2025-06-13 05:38:19[0m] (step=0075800) Train Loss: 0.1070, Train Steps/Sec: 1.89, Samples/Sec: 90.85
[[34m2025-06-13 05:39:12[0m] (step=0075900) Train Loss: 0.1069, Train Steps/Sec: 1.89, Samples/Sec: 90.88
[[34m2025-06-13 05:40:04[0m] (step=0076000) Train Loss: 0.1139, Train Steps/Sec: 1.89, Samples/Sec: 90.87
[[34m2025-06-13 05:40:19[0m] Saved checkpoint to logs/nwm_cdit_airvln/checkpoints/latest.pth.tar
[[34m2025-06-13 05:41:12[0m] (step=0076100) Train Loss: 0.1047, Train Steps/Sec: 1.48, Samples/Sec: 71.21
[[34m2025-06-13 05:42:05[0m] (step=0076200) Train Loss: 0.1056, Train Steps/Sec: 1.89, Samples/Sec: 90.59
[[34m2025-06-13 05:42:58[0m] (step=0076300) Train Loss: 0.1085, Train Steps/Sec: 1.89, Samples/Sec: 90.93
[[34m2025-06-13 05:43:50[0m] (step=0076400) Train Loss: 0.1087, Train Steps/Sec: 1.89, Samples/Sec: 90.87
[[34m2025-06-13 05:44:43[0m] (step=0076500) Train Loss: 0.1065, Train Steps/Sec: 1.89, Samples/Sec: 90.95
[[34m2025-06-13 05:45:36[0m] (step=0076600) Train Loss: 0.1122, Train Steps/Sec: 1.89, Samples/Sec: 90.91
[[34m2025-06-13 05:46:29[0m] (step=0076700) Train Loss: 0.1049, Train Steps/Sec: 1.89, Samples/Sec: 90.64
[[34m2025-06-13 05:47:22[0m] (step=0076800) Train Loss: 0.1071, Train Steps/Sec: 1.89, Samples/Sec: 90.96
[[34m2025-06-13 05:48:15[0m] (step=0076900) Train Loss: 0.1088, Train Steps/Sec: 1.89, Samples/Sec: 90.80
[[34m2025-06-13 05:49:07[0m] (step=0077000) Train Loss: 0.1079, Train Steps/Sec: 1.89, Samples/Sec: 90.96
[[34m2025-06-13 05:50:00[0m] (step=0077100) Train Loss: 0.0997, Train Steps/Sec: 1.89, Samples/Sec: 90.94
[[34m2025-06-13 05:50:53[0m] (step=0077200) Train Loss: 0.1083, Train Steps/Sec: 1.90, Samples/Sec: 90.97
[[34m2025-06-13 05:51:46[0m] (step=0077300) Train Loss: 0.0999, Train Steps/Sec: 1.90, Samples/Sec: 90.97
[[34m2025-06-13 05:52:39[0m] (step=0077400) Train Loss: 0.1064, Train Steps/Sec: 1.89, Samples/Sec: 90.52
[[34m2025-06-13 05:53:32[0m] (step=0077500) Train Loss: 0.1075, Train Steps/Sec: 1.90, Samples/Sec: 90.97
[[34m2025-06-13 05:54:24[0m] (step=0077600) Train Loss: 0.1069, Train Steps/Sec: 1.89, Samples/Sec: 90.81
[[34m2025-06-13 05:55:17[0m] (step=0077700) Train Loss: 0.1062, Train Steps/Sec: 1.90, Samples/Sec: 90.98
[[34m2025-06-13 05:56:10[0m] (step=0077800) Train Loss: 0.1071, Train Steps/Sec: 1.90, Samples/Sec: 90.97
[[34m2025-06-13 05:57:03[0m] (step=0077900) Train Loss: 0.1101, Train Steps/Sec: 1.90, Samples/Sec: 90.98
[[34m2025-06-13 05:57:55[0m] (step=0078000) Train Loss: 0.1045, Train Steps/Sec: 1.90, Samples/Sec: 91.00
[[34m2025-06-13 05:58:10[0m] Saved checkpoint to logs/nwm_cdit_airvln/checkpoints/latest.pth.tar
[[34m2025-06-13 05:59:03[0m] (step=0078100) Train Loss: 0.1066, Train Steps/Sec: 1.48, Samples/Sec: 71.19
[[34m2025-06-13 05:59:56[0m] (step=0078200) Train Loss: 0.1057, Train Steps/Sec: 1.89, Samples/Sec: 90.79
[[34m2025-06-13 06:00:49[0m] (step=0078300) Train Loss: 0.1066, Train Steps/Sec: 1.89, Samples/Sec: 90.87
[[34m2025-06-13 06:01:41[0m] (step=0078400) Train Loss: 0.0998, Train Steps/Sec: 1.89, Samples/Sec: 90.88
[[34m2025-06-13 06:02:34[0m] (step=0078500) Train Loss: 0.1041, Train Steps/Sec: 1.91, Samples/Sec: 91.53
[[34m2025-06-13 06:03:26[0m] (step=0078600) Train Loss: 0.1103, Train Steps/Sec: 1.91, Samples/Sec: 91.78
[[34m2025-06-13 06:04:19[0m] (step=0078700) Train Loss: 0.1053, Train Steps/Sec: 1.90, Samples/Sec: 91.41
[[34m2025-06-13 06:05:11[0m] (step=0078800) Train Loss: 0.1041, Train Steps/Sec: 1.90, Samples/Sec: 91.43
[[34m2025-06-13 06:06:04[0m] (step=0078900) Train Loss: 0.1053, Train Steps/Sec: 1.90, Samples/Sec: 91.29
[[34m2025-06-13 06:06:56[0m] (step=0079000) Train Loss: 0.0997, Train Steps/Sec: 1.91, Samples/Sec: 91.50
[[34m2025-06-13 06:07:49[0m] (step=0079100) Train Loss: 0.1052, Train Steps/Sec: 1.91, Samples/Sec: 91.52
[[34m2025-06-13 06:08:41[0m] (step=0079200) Train Loss: 0.1037, Train Steps/Sec: 1.91, Samples/Sec: 91.49
[[34m2025-06-13 06:09:34[0m] (step=0079300) Train Loss: 0.1085, Train Steps/Sec: 1.90, Samples/Sec: 91.43
[[34m2025-06-13 06:10:26[0m] (step=0079400) Train Loss: 0.1054, Train Steps/Sec: 1.90, Samples/Sec: 91.18
[[34m2025-06-13 06:11:19[0m] (step=0079500) Train Loss: 0.1044, Train Steps/Sec: 1.91, Samples/Sec: 91.45
[[34m2025-06-13 06:12:11[0m] (step=0079600) Train Loss: 0.1059, Train Steps/Sec: 1.91, Samples/Sec: 91.70
[[34m2025-06-13 06:13:03[0m] (step=0079700) Train Loss: 0.1041, Train Steps/Sec: 1.91, Samples/Sec: 91.71
[[34m2025-06-13 06:13:56[0m] (step=0079800) Train Loss: 0.1046, Train Steps/Sec: 1.91, Samples/Sec: 91.62
[[34m2025-06-13 06:14:48[0m] (step=0079900) Train Loss: 0.1044, Train Steps/Sec: 1.91, Samples/Sec: 91.65
[[34m2025-06-13 06:15:41[0m] (step=0080000) Train Loss: 0.1057, Train Steps/Sec: 1.91, Samples/Sec: 91.53
Using cache found in ./models/facebookresearch_dino_main
Using cache found in ./models/facebookresearch_dino_main
Using cache found in ./models/facebookresearch_dino_main
[[34m2025-06-13 06:16:09[0m] Saved checkpoint to logs/nwm_cdit_airvln/checkpoints/0080000.pth.tar
Using cache found in ./models/facebookresearch_dino_main
[[34m2025-06-13 06:16:12[0m] Already found a `peft_config` attribute in the model. This will lead to having multiple adapters in the model. Make sure to know what you are doing!
[[34m2025-06-13 06:18:17[0m] (step=0080000) Perceptual Loss: 0.2928, Eval Time: 128.58
[[34m2025-06-13 06:19:10[0m] (step=0080100) Train Loss: 0.1081, Train Steps/Sec: 0.48, Samples/Sec: 22.88
[[34m2025-06-13 06:20:03[0m] (step=0080200) Train Loss: 0.1037, Train Steps/Sec: 1.89, Samples/Sec: 90.78
[[34m2025-06-13 06:20:56[0m] (step=0080300) Train Loss: 0.1073, Train Steps/Sec: 1.90, Samples/Sec: 91.16
[[34m2025-06-13 06:21:49[0m] (step=0080400) Train Loss: 0.1087, Train Steps/Sec: 1.89, Samples/Sec: 90.60
[[34m2025-06-13 06:22:42[0m] (step=0080500) Train Loss: 0.1134, Train Steps/Sec: 1.89, Samples/Sec: 90.88
[[34m2025-06-13 06:23:35[0m] (step=0080600) Train Loss: 0.1070, Train Steps/Sec: 1.89, Samples/Sec: 90.73
[[34m2025-06-13 06:24:28[0m] (step=0080700) Train Loss: 0.1111, Train Steps/Sec: 1.89, Samples/Sec: 90.63
[[34m2025-06-13 06:25:20[0m] (step=0080800) Train Loss: 0.1048, Train Steps/Sec: 1.90, Samples/Sec: 91.22
[[34m2025-06-13 06:26:13[0m] (step=0080900) Train Loss: 0.1031, Train Steps/Sec: 1.90, Samples/Sec: 91.04
[[34m2025-06-13 06:27:06[0m] (step=0081000) Train Loss: 0.1023, Train Steps/Sec: 1.90, Samples/Sec: 91.30
[[34m2025-06-13 06:27:58[0m] (step=0081100) Train Loss: 0.1077, Train Steps/Sec: 1.89, Samples/Sec: 90.95
[[34m2025-06-13 06:28:51[0m] (step=0081200) Train Loss: 0.1062, Train Steps/Sec: 1.90, Samples/Sec: 91.16
[[34m2025-06-13 06:29:44[0m] (step=0081300) Train Loss: 0.1066, Train Steps/Sec: 1.89, Samples/Sec: 90.69
[[34m2025-06-13 06:30:37[0m] (step=0081400) Train Loss: 0.1051, Train Steps/Sec: 1.89, Samples/Sec: 90.87
[[34m2025-06-13 06:31:29[0m] (step=0081500) Train Loss: 0.1077, Train Steps/Sec: 1.90, Samples/Sec: 91.33
[[34m2025-06-13 06:32:22[0m] (step=0081600) Train Loss: 0.1076, Train Steps/Sec: 1.89, Samples/Sec: 90.75
[[34m2025-06-13 06:33:15[0m] (step=0081700) Train Loss: 0.1035, Train Steps/Sec: 1.90, Samples/Sec: 91.05
[[34m2025-06-13 06:34:08[0m] (step=0081800) Train Loss: 0.1064, Train Steps/Sec: 1.89, Samples/Sec: 90.75
[[34m2025-06-13 06:35:00[0m] (step=0081900) Train Loss: 0.1054, Train Steps/Sec: 1.90, Samples/Sec: 91.36
[[34m2025-06-13 06:35:53[0m] (step=0082000) Train Loss: 0.1079, Train Steps/Sec: 1.89, Samples/Sec: 90.76
[[34m2025-06-13 06:36:08[0m] Saved checkpoint to logs/nwm_cdit_airvln/checkpoints/latest.pth.tar
[[34m2025-06-13 06:37:01[0m] (step=0082100) Train Loss: 0.1056, Train Steps/Sec: 1.49, Samples/Sec: 71.38
[[34m2025-06-13 06:37:53[0m] (step=0082200) Train Loss: 0.1072, Train Steps/Sec: 1.90, Samples/Sec: 91.05
[[34m2025-06-13 06:38:46[0m] (step=0082300) Train Loss: 0.1028, Train Steps/Sec: 1.90, Samples/Sec: 91.17
[[34m2025-06-13 06:39:39[0m] (step=0082400) Train Loss: 0.1050, Train Steps/Sec: 1.90, Samples/Sec: 91.19
[[34m2025-06-13 06:40:32[0m] (step=0082500) Train Loss: 0.1058, Train Steps/Sec: 1.89, Samples/Sec: 90.61
[[34m2025-06-13 06:41:24[0m] (step=0082600) Train Loss: 0.1069, Train Steps/Sec: 1.89, Samples/Sec: 90.96
[[34m2025-06-13 06:42:17[0m] (step=0082700) Train Loss: 0.1098, Train Steps/Sec: 1.88, Samples/Sec: 90.27
[[34m2025-06-13 06:43:10[0m] (step=0082800) Train Loss: 0.1058, Train Steps/Sec: 1.90, Samples/Sec: 91.25
[[34m2025-06-13 06:44:03[0m] (step=0082900) Train Loss: 0.1025, Train Steps/Sec: 1.89, Samples/Sec: 90.91
[[34m2025-06-13 06:44:56[0m] (step=0083000) Train Loss: 0.1082, Train Steps/Sec: 1.90, Samples/Sec: 91.14
[[34m2025-06-13 06:45:48[0m] (step=0083100) Train Loss: 0.1053, Train Steps/Sec: 1.90, Samples/Sec: 91.08
[[34m2025-06-13 06:46:41[0m] (step=0083200) Train Loss: 0.1041, Train Steps/Sec: 1.89, Samples/Sec: 90.75
[[34m2025-06-13 06:47:34[0m] (step=0083300) Train Loss: 0.1055, Train Steps/Sec: 1.89, Samples/Sec: 90.59
[[34m2025-06-13 06:48:27[0m] (step=0083400) Train Loss: 0.1049, Train Steps/Sec: 1.89, Samples/Sec: 90.55
[[34m2025-06-13 06:49:20[0m] (step=0083500) Train Loss: 0.1018, Train Steps/Sec: 1.90, Samples/Sec: 91.15
[[34m2025-06-13 06:50:13[0m] (step=0083600) Train Loss: 0.1081, Train Steps/Sec: 1.89, Samples/Sec: 90.91
[[34m2025-06-13 06:51:05[0m] (step=0083700) Train Loss: 0.1065, Train Steps/Sec: 1.90, Samples/Sec: 91.25
[[34m2025-06-13 06:51:58[0m] (step=0083800) Train Loss: 0.1011, Train Steps/Sec: 1.90, Samples/Sec: 91.07
[[34m2025-06-13 06:52:51[0m] (step=0083900) Train Loss: 0.1060, Train Steps/Sec: 1.90, Samples/Sec: 91.08
[[34m2025-06-13 06:53:44[0m] (step=0084000) Train Loss: 0.1034, Train Steps/Sec: 1.89, Samples/Sec: 90.74
[[34m2025-06-13 06:53:58[0m] Saved checkpoint to logs/nwm_cdit_airvln/checkpoints/latest.pth.tar
[[34m2025-06-13 06:54:51[0m] (step=0084100) Train Loss: 0.1015, Train Steps/Sec: 1.49, Samples/Sec: 71.49
[[34m2025-06-13 06:55:43[0m] (step=0084200) Train Loss: 0.1054, Train Steps/Sec: 1.90, Samples/Sec: 91.25
[[34m2025-06-13 06:56:36[0m] (step=0084300) Train Loss: 0.1041, Train Steps/Sec: 1.90, Samples/Sec: 91.37
[[34m2025-06-13 06:57:28[0m] (step=0084400) Train Loss: 0.1059, Train Steps/Sec: 1.90, Samples/Sec: 91.21
[[34m2025-06-13 06:58:21[0m] (step=0084500) Train Loss: 0.1047, Train Steps/Sec: 1.91, Samples/Sec: 91.45
[[34m2025-06-13 06:59:14[0m] (step=0084600) Train Loss: 0.1053, Train Steps/Sec: 1.90, Samples/Sec: 90.99
[[34m2025-06-13 07:00:06[0m] (step=0084700) Train Loss: 0.1054, Train Steps/Sec: 1.90, Samples/Sec: 91.30
[[34m2025-06-13 07:00:59[0m] (step=0084800) Train Loss: 0.1029, Train Steps/Sec: 1.89, Samples/Sec: 90.90
[[34m2025-06-13 07:01:52[0m] (step=0084900) Train Loss: 0.1113, Train Steps/Sec: 1.90, Samples/Sec: 91.24
[[34m2025-06-13 07:02:44[0m] (step=0085000) Train Loss: 0.1052, Train Steps/Sec: 1.90, Samples/Sec: 91.09
[[34m2025-06-13 07:03:37[0m] (step=0085100) Train Loss: 0.1045, Train Steps/Sec: 1.91, Samples/Sec: 91.49
[[34m2025-06-13 07:04:29[0m] (step=0085200) Train Loss: 0.1063, Train Steps/Sec: 1.90, Samples/Sec: 91.36
[[34m2025-06-13 07:05:22[0m] (step=0085300) Train Loss: 0.1120, Train Steps/Sec: 1.89, Samples/Sec: 90.71
[[34m2025-06-13 07:06:15[0m] (step=0085400) Train Loss: 0.1026, Train Steps/Sec: 1.90, Samples/Sec: 91.32
[[34m2025-06-13 07:07:07[0m] (step=0085500) Train Loss: 0.1068, Train Steps/Sec: 1.90, Samples/Sec: 91.31
[[34m2025-06-13 07:08:00[0m] (step=0085600) Train Loss: 0.1040, Train Steps/Sec: 1.90, Samples/Sec: 91.22
[[34m2025-06-13 07:08:53[0m] (step=0085700) Train Loss: 0.1029, Train Steps/Sec: 1.90, Samples/Sec: 91.23
[[34m2025-06-13 07:09:45[0m] (step=0085800) Train Loss: 0.1047, Train Steps/Sec: 1.90, Samples/Sec: 91.18
[[34m2025-06-13 07:10:38[0m] (step=0085900) Train Loss: 0.1143, Train Steps/Sec: 1.90, Samples/Sec: 91.26
[[34m2025-06-13 07:11:31[0m] (step=0086000) Train Loss: 0.1013, Train Steps/Sec: 1.89, Samples/Sec: 90.60
[[34m2025-06-13 07:11:45[0m] Saved checkpoint to logs/nwm_cdit_airvln/checkpoints/latest.pth.tar
[[34m2025-06-13 07:12:38[0m] (step=0086100) Train Loss: 0.1064, Train Steps/Sec: 1.49, Samples/Sec: 71.75
[[34m2025-06-13 07:13:30[0m] (step=0086200) Train Loss: 0.1095, Train Steps/Sec: 1.90, Samples/Sec: 91.37
[[34m2025-06-13 07:14:23[0m] (step=0086300) Train Loss: 0.0951, Train Steps/Sec: 1.90, Samples/Sec: 91.35
[[34m2025-06-13 07:15:15[0m] (step=0086400) Train Loss: 0.1048, Train Steps/Sec: 1.91, Samples/Sec: 91.47
[[34m2025-06-13 07:16:08[0m] (step=0086500) Train Loss: 0.1054, Train Steps/Sec: 1.90, Samples/Sec: 91.10
[[34m2025-06-13 07:17:01[0m] (step=0086600) Train Loss: 0.1059, Train Steps/Sec: 1.91, Samples/Sec: 91.50
[[34m2025-06-13 07:17:53[0m] (step=0086700) Train Loss: 0.1032, Train Steps/Sec: 1.89, Samples/Sec: 90.93
[[34m2025-06-13 07:18:46[0m] (step=0086800) Train Loss: 0.1034, Train Steps/Sec: 1.90, Samples/Sec: 91.12
[[34m2025-06-13 07:19:39[0m] (step=0086900) Train Loss: 0.1066, Train Steps/Sec: 1.90, Samples/Sec: 91.18
[[34m2025-06-13 07:20:31[0m] (step=0087000) Train Loss: 0.0994, Train Steps/Sec: 1.91, Samples/Sec: 91.51
[[34m2025-06-13 07:21:24[0m] (step=0087100) Train Loss: 0.1008, Train Steps/Sec: 1.91, Samples/Sec: 91.45
[[34m2025-06-13 07:21:42[0m] Beginning epoch 4...
[[34m2025-06-13 07:22:17[0m] (step=0087200) Train Loss: 0.1040, Train Steps/Sec: 1.86, Samples/Sec: 89.48
[[34m2025-06-13 07:23:11[0m] (step=0087300) Train Loss: 0.1084, Train Steps/Sec: 1.86, Samples/Sec: 89.33
[[34m2025-06-13 07:24:03[0m] (step=0087400) Train Loss: 0.1034, Train Steps/Sec: 1.91, Samples/Sec: 91.52
[[34m2025-06-13 07:24:56[0m] (step=0087500) Train Loss: 0.1061, Train Steps/Sec: 1.91, Samples/Sec: 91.53
[[34m2025-06-13 07:25:48[0m] (step=0087600) Train Loss: 0.1043, Train Steps/Sec: 1.91, Samples/Sec: 91.63
[[34m2025-06-13 07:26:41[0m] (step=0087700) Train Loss: 0.1059, Train Steps/Sec: 1.91, Samples/Sec: 91.66
[[34m2025-06-13 07:27:33[0m] (step=0087800) Train Loss: 0.1001, Train Steps/Sec: 1.91, Samples/Sec: 91.50
[[34m2025-06-13 07:28:26[0m] (step=0087900) Train Loss: 0.1026, Train Steps/Sec: 1.90, Samples/Sec: 91.16
[[34m2025-06-13 07:29:18[0m] (step=0088000) Train Loss: 0.1061, Train Steps/Sec: 1.90, Samples/Sec: 90.99
[[34m2025-06-13 07:29:33[0m] Saved checkpoint to logs/nwm_cdit_airvln/checkpoints/latest.pth.tar
[[34m2025-06-13 07:30:25[0m] (step=0088100) Train Loss: 0.1073, Train Steps/Sec: 1.50, Samples/Sec: 72.04
[[34m2025-06-13 07:31:18[0m] (step=0088200) Train Loss: 0.1061, Train Steps/Sec: 1.90, Samples/Sec: 91.37
[[34m2025-06-13 07:32:10[0m] (step=0088300) Train Loss: 0.1086, Train Steps/Sec: 1.91, Samples/Sec: 91.47
[[34m2025-06-13 07:33:03[0m] (step=0088400) Train Loss: 0.1096, Train Steps/Sec: 1.91, Samples/Sec: 91.55
[[34m2025-06-13 07:33:55[0m] (step=0088500) Train Loss: 0.1030, Train Steps/Sec: 1.90, Samples/Sec: 91.27
[[34m2025-06-13 07:34:48[0m] (step=0088600) Train Loss: 0.1038, Train Steps/Sec: 1.91, Samples/Sec: 91.46
[[34m2025-06-13 07:35:40[0m] (step=0088700) Train Loss: 0.1008, Train Steps/Sec: 1.90, Samples/Sec: 91.17
[[34m2025-06-13 07:36:33[0m] (step=0088800) Train Loss: 0.1007, Train Steps/Sec: 1.90, Samples/Sec: 91.33
[[34m2025-06-13 07:37:25[0m] (step=0088900) Train Loss: 0.1030, Train Steps/Sec: 1.91, Samples/Sec: 91.50
[[34m2025-06-13 07:38:18[0m] (step=0089000) Train Loss: 0.1050, Train Steps/Sec: 1.90, Samples/Sec: 91.31
[[34m2025-06-13 07:39:10[0m] (step=0089100) Train Loss: 0.1040, Train Steps/Sec: 1.90, Samples/Sec: 91.33
[[34m2025-06-13 07:40:03[0m] (step=0089200) Train Loss: 0.1002, Train Steps/Sec: 1.90, Samples/Sec: 91.42
[[34m2025-06-13 07:40:56[0m] (step=0089300) Train Loss: 0.1029, Train Steps/Sec: 1.90, Samples/Sec: 91.28
[[34m2025-06-13 07:41:48[0m] (step=0089400) Train Loss: 0.1032, Train Steps/Sec: 1.90, Samples/Sec: 91.21
[[34m2025-06-13 07:42:41[0m] (step=0089500) Train Loss: 0.1016, Train Steps/Sec: 1.90, Samples/Sec: 91.33
[[34m2025-06-13 07:43:33[0m] (step=0089600) Train Loss: 0.1078, Train Steps/Sec: 1.91, Samples/Sec: 91.51
[[34m2025-06-13 07:44:26[0m] (step=0089700) Train Loss: 0.1058, Train Steps/Sec: 1.90, Samples/Sec: 91.42
[[34m2025-06-13 07:45:18[0m] (step=0089800) Train Loss: 0.1045, Train Steps/Sec: 1.90, Samples/Sec: 91.32
[[34m2025-06-13 07:46:11[0m] (step=0089900) Train Loss: 0.1054, Train Steps/Sec: 1.91, Samples/Sec: 91.48
[[34m2025-06-13 07:47:03[0m] (step=0090000) Train Loss: 0.1079, Train Steps/Sec: 1.90, Samples/Sec: 91.08
Using cache found in ./models/facebookresearch_dino_main
Using cache found in ./models/facebookresearch_dino_main
Using cache found in ./models/facebookresearch_dino_main
[[34m2025-06-13 07:47:18[0m] Saved checkpoint to logs/nwm_cdit_airvln/checkpoints/latest.pth.tar
Using cache found in ./models/facebookresearch_dino_main
[[34m2025-06-13 07:47:21[0m] Already found a `peft_config` attribute in the model. This will lead to having multiple adapters in the model. Make sure to know what you are doing!
[[34m2025-06-13 07:49:27[0m] (step=0090000) Perceptual Loss: 0.2674, Eval Time: 128.69
[[34m2025-06-13 07:50:20[0m] (step=0090100) Train Loss: 0.1011, Train Steps/Sec: 0.51, Samples/Sec: 24.42
[[34m2025-06-13 07:51:12[0m] (step=0090200) Train Loss: 0.1043, Train Steps/Sec: 1.90, Samples/Sec: 91.38
[[34m2025-06-13 07:52:05[0m] (step=0090300) Train Loss: 0.0999, Train Steps/Sec: 1.90, Samples/Sec: 91.41
[[34m2025-06-13 07:52:58[0m] (step=0090400) Train Loss: 0.1109, Train Steps/Sec: 1.90, Samples/Sec: 91.04
[[34m2025-06-13 07:53:50[0m] (step=0090500) Train Loss: 0.0980, Train Steps/Sec: 1.90, Samples/Sec: 91.06
[[34m2025-06-13 07:54:43[0m] (step=0090600) Train Loss: 0.0995, Train Steps/Sec: 1.90, Samples/Sec: 91.22
[[34m2025-06-13 07:55:36[0m] (step=0090700) Train Loss: 0.1020, Train Steps/Sec: 1.90, Samples/Sec: 91.29
[[34m2025-06-13 07:56:28[0m] (step=0090800) Train Loss: 0.1033, Train Steps/Sec: 1.90, Samples/Sec: 91.36
[[34m2025-06-13 07:57:21[0m] (step=0090900) Train Loss: 0.1054, Train Steps/Sec: 1.90, Samples/Sec: 91.32
[[34m2025-06-13 07:58:13[0m] (step=0091000) Train Loss: 0.1085, Train Steps/Sec: 1.90, Samples/Sec: 91.42
[[34m2025-06-13 07:59:06[0m] (step=0091100) Train Loss: 0.0978, Train Steps/Sec: 1.90, Samples/Sec: 91.23
[[34m2025-06-13 07:59:59[0m] (step=0091200) Train Loss: 0.1036, Train Steps/Sec: 1.90, Samples/Sec: 91.00
[[34m2025-06-13 08:00:51[0m] (step=0091300) Train Loss: 0.1031, Train Steps/Sec: 1.90, Samples/Sec: 91.37
[[34m2025-06-13 08:01:44[0m] (step=0091400) Train Loss: 0.1028, Train Steps/Sec: 1.90, Samples/Sec: 91.38
[[34m2025-06-13 08:02:36[0m] (step=0091500) Train Loss: 0.1071, Train Steps/Sec: 1.91, Samples/Sec: 91.64
[[34m2025-06-13 08:03:29[0m] (step=0091600) Train Loss: 0.1053, Train Steps/Sec: 1.90, Samples/Sec: 91.30
[[34m2025-06-13 08:04:21[0m] (step=0091700) Train Loss: 0.1009, Train Steps/Sec: 1.90, Samples/Sec: 91.24
[[34m2025-06-13 08:05:14[0m] (step=0091800) Train Loss: 0.1033, Train Steps/Sec: 1.90, Samples/Sec: 91.27
[[34m2025-06-13 08:06:07[0m] (step=0091900) Train Loss: 0.1007, Train Steps/Sec: 1.89, Samples/Sec: 90.91
[[34m2025-06-13 08:06:59[0m] (step=0092000) Train Loss: 0.1045, Train Steps/Sec: 1.90, Samples/Sec: 91.29
[[34m2025-06-13 08:07:14[0m] Saved checkpoint to logs/nwm_cdit_airvln/checkpoints/latest.pth.tar
[[34m2025-06-13 08:08:06[0m] (step=0092100) Train Loss: 0.1024, Train Steps/Sec: 1.49, Samples/Sec: 71.66
[[34m2025-06-13 08:08:59[0m] (step=0092200) Train Loss: 0.0950, Train Steps/Sec: 1.90, Samples/Sec: 91.36
[[34m2025-06-13 08:09:51[0m] (step=0092300) Train Loss: 0.1043, Train Steps/Sec: 1.90, Samples/Sec: 91.30
[[34m2025-06-13 08:10:44[0m] (step=0092400) Train Loss: 0.1004, Train Steps/Sec: 1.90, Samples/Sec: 91.14
[[34m2025-06-13 08:11:37[0m] (step=0092500) Train Loss: 0.1013, Train Steps/Sec: 1.90, Samples/Sec: 91.11
[[34m2025-06-13 08:12:29[0m] (step=0092600) Train Loss: 0.0987, Train Steps/Sec: 1.89, Samples/Sec: 90.92
[[34m2025-06-13 08:13:22[0m] (step=0092700) Train Loss: 0.1020, Train Steps/Sec: 1.91, Samples/Sec: 91.46
[[34m2025-06-13 08:14:15[0m] (step=0092800) Train Loss: 0.1006, Train Steps/Sec: 1.90, Samples/Sec: 91.26
[[34m2025-06-13 08:15:07[0m] (step=0092900) Train Loss: 0.1033, Train Steps/Sec: 1.90, Samples/Sec: 90.99
[[34m2025-06-13 08:16:00[0m] (step=0093000) Train Loss: 0.1035, Train Steps/Sec: 1.90, Samples/Sec: 91.28
[[34m2025-06-13 08:16:53[0m] (step=0093100) Train Loss: 0.1024, Train Steps/Sec: 1.90, Samples/Sec: 91.04
[[34m2025-06-13 08:17:46[0m] (step=0093200) Train Loss: 0.1079, Train Steps/Sec: 1.89, Samples/Sec: 90.62
[[34m2025-06-13 08:18:38[0m] (step=0093300) Train Loss: 0.1003, Train Steps/Sec: 1.90, Samples/Sec: 91.07
[[34m2025-06-13 08:19:31[0m] (step=0093400) Train Loss: 0.1027, Train Steps/Sec: 1.90, Samples/Sec: 91.17
[[34m2025-06-13 08:20:23[0m] (step=0093500) Train Loss: 0.1028, Train Steps/Sec: 1.91, Samples/Sec: 91.49
[[34m2025-06-13 08:21:16[0m] (step=0093600) Train Loss: 0.1080, Train Steps/Sec: 1.90, Samples/Sec: 91.36
[[34m2025-06-13 08:22:09[0m] (step=0093700) Train Loss: 0.1053, Train Steps/Sec: 1.90, Samples/Sec: 90.98
[[34m2025-06-13 08:23:02[0m] (step=0093800) Train Loss: 0.1040, Train Steps/Sec: 1.88, Samples/Sec: 90.23
[[34m2025-06-13 08:23:55[0m] (step=0093900) Train Loss: 0.1017, Train Steps/Sec: 1.89, Samples/Sec: 90.72
[[34m2025-06-13 08:24:47[0m] (step=0094000) Train Loss: 0.1043, Train Steps/Sec: 1.90, Samples/Sec: 91.27
[[34m2025-06-13 08:25:02[0m] Saved checkpoint to logs/nwm_cdit_airvln/checkpoints/latest.pth.tar
[[34m2025-06-13 08:25:54[0m] (step=0094100) Train Loss: 0.1017, Train Steps/Sec: 1.49, Samples/Sec: 71.67
[[34m2025-06-13 08:26:47[0m] (step=0094200) Train Loss: 0.1061, Train Steps/Sec: 1.90, Samples/Sec: 91.20
[[34m2025-06-13 08:27:40[0m] (step=0094300) Train Loss: 0.1066, Train Steps/Sec: 1.90, Samples/Sec: 91.00
[[34m2025-06-13 08:28:32[0m] (step=0094400) Train Loss: 0.1017, Train Steps/Sec: 1.90, Samples/Sec: 91.22
[[34m2025-06-13 08:29:25[0m] (step=0094500) Train Loss: 0.1048, Train Steps/Sec: 1.91, Samples/Sec: 91.45
[[34m2025-06-13 08:30:18[0m] (step=0094600) Train Loss: 0.1047, Train Steps/Sec: 1.89, Samples/Sec: 90.92
[[34m2025-06-13 08:31:10[0m] (step=0094700) Train Loss: 0.1008, Train Steps/Sec: 1.91, Samples/Sec: 91.49
[[34m2025-06-13 08:32:03[0m] (step=0094800) Train Loss: 0.1003, Train Steps/Sec: 1.90, Samples/Sec: 91.19
[[34m2025-06-13 08:32:55[0m] (step=0094900) Train Loss: 0.1113, Train Steps/Sec: 1.90, Samples/Sec: 91.34
[[34m2025-06-13 08:33:48[0m] (step=0095000) Train Loss: 0.1020, Train Steps/Sec: 1.89, Samples/Sec: 90.93
[[34m2025-06-13 08:34:41[0m] (step=0095100) Train Loss: 0.1028, Train Steps/Sec: 1.90, Samples/Sec: 91.29
[[34m2025-06-13 08:35:34[0m] (step=0095200) Train Loss: 0.1008, Train Steps/Sec: 1.89, Samples/Sec: 90.77
[[34m2025-06-13 08:36:26[0m] (step=0095300) Train Loss: 0.1019, Train Steps/Sec: 1.90, Samples/Sec: 91.19
[[34m2025-06-13 08:37:19[0m] (step=0095400) Train Loss: 0.1056, Train Steps/Sec: 1.90, Samples/Sec: 91.29
[[34m2025-06-13 08:38:11[0m] (step=0095500) Train Loss: 0.1036, Train Steps/Sec: 1.91, Samples/Sec: 91.54
[[34m2025-06-13 08:39:04[0m] (step=0095600) Train Loss: 0.1017, Train Steps/Sec: 1.91, Samples/Sec: 91.48
[[34m2025-06-13 08:39:56[0m] (step=0095700) Train Loss: 0.0994, Train Steps/Sec: 1.90, Samples/Sec: 91.12
[[34m2025-06-13 08:40:49[0m] (step=0095800) Train Loss: 0.1011, Train Steps/Sec: 1.90, Samples/Sec: 91.21
[[34m2025-06-13 08:41:42[0m] (step=0095900) Train Loss: 0.0990, Train Steps/Sec: 1.89, Samples/Sec: 90.91
[[34m2025-06-13 08:42:35[0m] (step=0096000) Train Loss: 0.1102, Train Steps/Sec: 1.90, Samples/Sec: 91.18
[[34m2025-06-13 08:42:49[0m] Saved checkpoint to logs/nwm_cdit_airvln/checkpoints/latest.pth.tar
[[34m2025-06-13 08:43:41[0m] (step=0096100) Train Loss: 0.0991, Train Steps/Sec: 1.50, Samples/Sec: 71.86
[[34m2025-06-13 08:44:34[0m] (step=0096200) Train Loss: 0.1009, Train Steps/Sec: 1.90, Samples/Sec: 91.42
[[34m2025-06-13 08:45:27[0m] (step=0096300) Train Loss: 0.1056, Train Steps/Sec: 1.90, Samples/Sec: 91.17
[[34m2025-06-13 08:46:19[0m] (step=0096400) Train Loss: 0.1044, Train Steps/Sec: 1.91, Samples/Sec: 91.44
[[34m2025-06-13 08:47:12[0m] (step=0096500) Train Loss: 0.1013, Train Steps/Sec: 1.90, Samples/Sec: 91.31
[[34m2025-06-13 08:48:04[0m] (step=0096600) Train Loss: 0.0991, Train Steps/Sec: 1.89, Samples/Sec: 90.89
[[34m2025-06-13 08:48:57[0m] (step=0096700) Train Loss: 0.1033, Train Steps/Sec: 1.90, Samples/Sec: 91.28
[[34m2025-06-13 08:49:50[0m] (step=0096800) Train Loss: 0.1042, Train Steps/Sec: 1.90, Samples/Sec: 91.26
[[34m2025-06-13 08:50:42[0m] (step=0096900) Train Loss: 0.0988, Train Steps/Sec: 1.90, Samples/Sec: 91.13
[[34m2025-06-13 08:51:35[0m] (step=0097000) Train Loss: 0.1046, Train Steps/Sec: 1.91, Samples/Sec: 91.46
[[34m2025-06-13 08:52:27[0m] (step=0097100) Train Loss: 0.0978, Train Steps/Sec: 1.90, Samples/Sec: 91.37
[[34m2025-06-13 08:53:20[0m] (step=0097200) Train Loss: 0.1077, Train Steps/Sec: 1.90, Samples/Sec: 91.10
[[34m2025-06-13 08:54:12[0m] (step=0097300) Train Loss: 0.1051, Train Steps/Sec: 1.91, Samples/Sec: 91.48
[[34m2025-06-13 08:55:05[0m] (step=0097400) Train Loss: 0.1091, Train Steps/Sec: 1.91, Samples/Sec: 91.63
[[34m2025-06-13 08:55:57[0m] (step=0097500) Train Loss: 0.1050, Train Steps/Sec: 1.91, Samples/Sec: 91.47
[[34m2025-06-13 08:56:50[0m] (step=0097600) Train Loss: 0.1050, Train Steps/Sec: 1.90, Samples/Sec: 91.07
[[34m2025-06-13 08:57:43[0m] (step=0097700) Train Loss: 0.1006, Train Steps/Sec: 1.90, Samples/Sec: 91.29
[[34m2025-06-13 08:58:35[0m] (step=0097800) Train Loss: 0.1077, Train Steps/Sec: 1.91, Samples/Sec: 91.44
[[34m2025-06-13 08:59:28[0m] (step=0097900) Train Loss: 0.1043, Train Steps/Sec: 1.89, Samples/Sec: 90.76
[[34m2025-06-13 09:00:20[0m] (step=0098000) Train Loss: 0.1075, Train Steps/Sec: 1.90, Samples/Sec: 91.43
[[34m2025-06-13 09:00:35[0m] Saved checkpoint to logs/nwm_cdit_airvln/checkpoints/latest.pth.tar
[[34m2025-06-13 09:01:27[0m] (step=0098100) Train Loss: 0.1032, Train Steps/Sec: 1.49, Samples/Sec: 71.66
[[34m2025-06-13 09:02:20[0m] (step=0098200) Train Loss: 0.0978, Train Steps/Sec: 1.90, Samples/Sec: 91.23
[[34m2025-06-13 09:03:13[0m] (step=0098300) Train Loss: 0.1026, Train Steps/Sec: 1.91, Samples/Sec: 91.49
[[34m2025-06-13 09:04:05[0m] (step=0098400) Train Loss: 0.1041, Train Steps/Sec: 1.91, Samples/Sec: 91.52
[[34m2025-06-13 09:04:57[0m] (step=0098500) Train Loss: 0.1014, Train Steps/Sec: 1.91, Samples/Sec: 91.51
[[34m2025-06-13 09:05:50[0m] (step=0098600) Train Loss: 0.1039, Train Steps/Sec: 1.90, Samples/Sec: 90.98
[[34m2025-06-13 09:06:43[0m] (step=0098700) Train Loss: 0.0953, Train Steps/Sec: 1.90, Samples/Sec: 91.42
[[34m2025-06-13 09:07:35[0m] (step=0098800) Train Loss: 0.0969, Train Steps/Sec: 1.91, Samples/Sec: 91.50
[[34m2025-06-13 09:08:28[0m] (step=0098900) Train Loss: 0.1066, Train Steps/Sec: 1.91, Samples/Sec: 91.49
[[34m2025-06-13 09:09:20[0m] (step=0099000) Train Loss: 0.1043, Train Steps/Sec: 1.91, Samples/Sec: 91.52
[[34m2025-06-13 09:10:12[0m] (step=0099100) Train Loss: 0.1038, Train Steps/Sec: 1.91, Samples/Sec: 91.61
[[34m2025-06-13 09:11:05[0m] (step=0099200) Train Loss: 0.1040, Train Steps/Sec: 1.91, Samples/Sec: 91.58
[[34m2025-06-13 09:11:58[0m] (step=0099300) Train Loss: 0.0996, Train Steps/Sec: 1.90, Samples/Sec: 91.13
[[34m2025-06-13 09:12:50[0m] (step=0099400) Train Loss: 0.1008, Train Steps/Sec: 1.90, Samples/Sec: 91.35
[[34m2025-06-13 09:13:43[0m] (step=0099500) Train Loss: 0.0999, Train Steps/Sec: 1.91, Samples/Sec: 91.44
[[34m2025-06-13 09:14:35[0m] (step=0099600) Train Loss: 0.1058, Train Steps/Sec: 1.90, Samples/Sec: 91.16
[[34m2025-06-13 09:15:28[0m] (step=0099700) Train Loss: 0.1029, Train Steps/Sec: 1.91, Samples/Sec: 91.54
[[34m2025-06-13 09:16:20[0m] (step=0099800) Train Loss: 0.1075, Train Steps/Sec: 1.91, Samples/Sec: 91.53
[[34m2025-06-13 09:17:13[0m] (step=0099900) Train Loss: 0.1030, Train Steps/Sec: 1.90, Samples/Sec: 91.08
[[34m2025-06-13 09:18:05[0m] (step=0100000) Train Loss: 0.1028, Train Steps/Sec: 1.90, Samples/Sec: 91.27
Using cache found in ./models/facebookresearch_dino_main
Using cache found in ./models/facebookresearch_dino_main
Using cache found in ./models/facebookresearch_dino_main
[[34m2025-06-13 09:18:33[0m] Saved checkpoint to logs/nwm_cdit_airvln/checkpoints/0100000.pth.tar
Using cache found in ./models/facebookresearch_dino_main
[[34m2025-06-13 09:18:36[0m] Already found a `peft_config` attribute in the model. This will lead to having multiple adapters in the model. Make sure to know what you are doing!
[[34m2025-06-13 09:20:42[0m] (step=0100000) Perceptual Loss: 0.2676, Eval Time: 128.82
[[34m2025-06-13 09:21:35[0m] (step=0100100) Train Loss: 0.0965, Train Steps/Sec: 0.48, Samples/Sec: 22.87
[[34m2025-06-13 09:22:28[0m] (step=0100200) Train Loss: 0.1059, Train Steps/Sec: 1.89, Samples/Sec: 90.54
[[34m2025-06-13 09:23:21[0m] (step=0100300) Train Loss: 0.1000, Train Steps/Sec: 1.90, Samples/Sec: 91.39
[[34m2025-06-13 09:24:13[0m] (step=0100400) Train Loss: 0.1022, Train Steps/Sec: 1.90, Samples/Sec: 91.38
[[34m2025-06-13 09:25:06[0m] (step=0100500) Train Loss: 0.1025, Train Steps/Sec: 1.89, Samples/Sec: 90.77
[[34m2025-06-13 09:25:59[0m] (step=0100600) Train Loss: 0.1059, Train Steps/Sec: 1.90, Samples/Sec: 91.44
[[34m2025-06-13 09:26:51[0m] (step=0100700) Train Loss: 0.1018, Train Steps/Sec: 1.90, Samples/Sec: 91.39
[[34m2025-06-13 09:27:44[0m] (step=0100800) Train Loss: 0.1075, Train Steps/Sec: 1.90, Samples/Sec: 91.23
[[34m2025-06-13 09:28:37[0m] (step=0100900) Train Loss: 0.1034, Train Steps/Sec: 1.90, Samples/Sec: 91.27
[[34m2025-06-13 09:29:29[0m] (step=0101000) Train Loss: 0.1045, Train Steps/Sec: 1.91, Samples/Sec: 91.56
[[34m2025-06-13 09:30:22[0m] (step=0101100) Train Loss: 0.1028, Train Steps/Sec: 1.90, Samples/Sec: 91.12
[[34m2025-06-13 09:31:14[0m] (step=0101200) Train Loss: 0.1002, Train Steps/Sec: 1.90, Samples/Sec: 91.24
[[34m2025-06-13 09:32:07[0m] (step=0101300) Train Loss: 0.1049, Train Steps/Sec: 1.90, Samples/Sec: 91.37
[[34m2025-06-13 09:32:59[0m] (step=0101400) Train Loss: 0.0975, Train Steps/Sec: 1.90, Samples/Sec: 91.21
[[34m2025-06-13 09:33:52[0m] (step=0101500) Train Loss: 0.1024, Train Steps/Sec: 1.91, Samples/Sec: 91.56
[[34m2025-06-13 09:34:44[0m] (step=0101600) Train Loss: 0.1008, Train Steps/Sec: 1.91, Samples/Sec: 91.46
[[34m2025-06-13 09:35:37[0m] (step=0101700) Train Loss: 0.0975, Train Steps/Sec: 1.90, Samples/Sec: 91.27
[[34m2025-06-13 09:36:30[0m] (step=0101800) Train Loss: 0.0989, Train Steps/Sec: 1.90, Samples/Sec: 91.17
[[34m2025-06-13 09:37:22[0m] (step=0101900) Train Loss: 0.1005, Train Steps/Sec: 1.90, Samples/Sec: 91.42
[[34m2025-06-13 09:38:15[0m] (step=0102000) Train Loss: 0.0992, Train Steps/Sec: 1.90, Samples/Sec: 91.42
[[34m2025-06-13 09:38:29[0m] Saved checkpoint to logs/nwm_cdit_airvln/checkpoints/latest.pth.tar
[[34m2025-06-13 09:39:21[0m] (step=0102100) Train Loss: 0.1034, Train Steps/Sec: 1.50, Samples/Sec: 71.86
[[34m2025-06-13 09:40:14[0m] (step=0102200) Train Loss: 0.0992, Train Steps/Sec: 1.90, Samples/Sec: 91.40
[[34m2025-06-13 09:41:06[0m] (step=0102300) Train Loss: 0.1061, Train Steps/Sec: 1.91, Samples/Sec: 91.50
[[34m2025-06-13 09:41:59[0m] (step=0102400) Train Loss: 0.1031, Train Steps/Sec: 1.91, Samples/Sec: 91.45
[[34m2025-06-13 09:42:52[0m] (step=0102500) Train Loss: 0.0992, Train Steps/Sec: 1.90, Samples/Sec: 91.10
[[34m2025-06-13 09:43:44[0m] (step=0102600) Train Loss: 0.0994, Train Steps/Sec: 1.90, Samples/Sec: 91.40
[[34m2025-06-13 09:44:37[0m] (step=0102700) Train Loss: 0.0999, Train Steps/Sec: 1.90, Samples/Sec: 91.23
[[34m2025-06-13 09:45:29[0m] (step=0102800) Train Loss: 0.0978, Train Steps/Sec: 1.91, Samples/Sec: 91.44
[[34m2025-06-13 09:46:22[0m] (step=0102900) Train Loss: 0.1060, Train Steps/Sec: 1.90, Samples/Sec: 91.42
[[34m2025-06-13 09:47:14[0m] (step=0103000) Train Loss: 0.1048, Train Steps/Sec: 1.90, Samples/Sec: 91.22
[[34m2025-06-13 09:48:07[0m] (step=0103100) Train Loss: 0.1018, Train Steps/Sec: 1.90, Samples/Sec: 91.06
[[34m2025-06-13 09:49:00[0m] (step=0103200) Train Loss: 0.1006, Train Steps/Sec: 1.89, Samples/Sec: 90.66
[[34m2025-06-13 09:49:53[0m] (step=0103300) Train Loss: 0.1028, Train Steps/Sec: 1.88, Samples/Sec: 90.20
[[34m2025-06-13 09:50:47[0m] (step=0103400) Train Loss: 0.0985, Train Steps/Sec: 1.87, Samples/Sec: 90.00
[[34m2025-06-13 09:51:40[0m] (step=0103500) Train Loss: 0.1006, Train Steps/Sec: 1.88, Samples/Sec: 90.23
[[34m2025-06-13 09:52:33[0m] (step=0103600) Train Loss: 0.1016, Train Steps/Sec: 1.88, Samples/Sec: 90.17
[[34m2025-06-13 09:53:26[0m] (step=0103700) Train Loss: 0.0997, Train Steps/Sec: 1.88, Samples/Sec: 90.09
[[34m2025-06-13 09:54:20[0m] (step=0103800) Train Loss: 0.1003, Train Steps/Sec: 1.87, Samples/Sec: 89.67
[[34m2025-06-13 09:55:13[0m] (step=0103900) Train Loss: 0.1035, Train Steps/Sec: 1.88, Samples/Sec: 90.19
[[34m2025-06-13 09:56:06[0m] (step=0104000) Train Loss: 0.1004, Train Steps/Sec: 1.88, Samples/Sec: 90.25
[[34m2025-06-13 09:56:21[0m] Saved checkpoint to logs/nwm_cdit_airvln/checkpoints/latest.pth.tar
[[34m2025-06-13 09:57:14[0m] (step=0104100) Train Loss: 0.1067, Train Steps/Sec: 1.48, Samples/Sec: 70.82
[[34m2025-06-13 09:58:07[0m] (step=0104200) Train Loss: 0.1035, Train Steps/Sec: 1.88, Samples/Sec: 90.18
[[34m2025-06-13 09:59:00[0m] (step=0104300) Train Loss: 0.1024, Train Steps/Sec: 1.88, Samples/Sec: 90.19
[[34m2025-06-13 09:59:54[0m] (step=0104400) Train Loss: 0.0979, Train Steps/Sec: 1.88, Samples/Sec: 90.24
[[34m2025-06-13 10:00:47[0m] (step=0104500) Train Loss: 0.1014, Train Steps/Sec: 1.86, Samples/Sec: 89.48
[[34m2025-06-13 10:01:41[0m] (step=0104600) Train Loss: 0.1032, Train Steps/Sec: 1.87, Samples/Sec: 90.00
[[34m2025-06-13 10:02:34[0m] (step=0104700) Train Loss: 0.0999, Train Steps/Sec: 1.88, Samples/Sec: 90.06
[[34m2025-06-13 10:03:27[0m] (step=0104800) Train Loss: 0.1039, Train Steps/Sec: 1.87, Samples/Sec: 89.77
[[34m2025-06-13 10:04:21[0m] (step=0104900) Train Loss: 0.0966, Train Steps/Sec: 1.88, Samples/Sec: 90.23
[[34m2025-06-13 10:05:14[0m] (step=0105000) Train Loss: 0.1025, Train Steps/Sec: 1.88, Samples/Sec: 90.10
[[34m2025-06-13 10:06:07[0m] (step=0105100) Train Loss: 0.1030, Train Steps/Sec: 1.88, Samples/Sec: 90.20
[[34m2025-06-13 10:07:01[0m] (step=0105200) Train Loss: 0.1065, Train Steps/Sec: 1.87, Samples/Sec: 89.53
[[34m2025-06-13 10:07:53[0m] (step=0105300) Train Loss: 0.0961, Train Steps/Sec: 1.91, Samples/Sec: 91.48
[[34m2025-06-13 10:08:46[0m] (step=0105400) Train Loss: 0.1119, Train Steps/Sec: 1.90, Samples/Sec: 91.22
[[34m2025-06-13 10:09:38[0m] (step=0105500) Train Loss: 0.1020, Train Steps/Sec: 1.91, Samples/Sec: 91.50
[[34m2025-06-13 10:10:31[0m] (step=0105600) Train Loss: 0.1056, Train Steps/Sec: 1.90, Samples/Sec: 91.27
[[34m2025-06-13 10:11:23[0m] (step=0105700) Train Loss: 0.1024, Train Steps/Sec: 1.90, Samples/Sec: 91.28
[[34m2025-06-13 10:12:16[0m] (step=0105800) Train Loss: 0.1036, Train Steps/Sec: 1.90, Samples/Sec: 91.09
[[34m2025-06-13 10:13:09[0m] (step=0105900) Train Loss: 0.1041, Train Steps/Sec: 1.90, Samples/Sec: 91.44
[[34m2025-06-13 10:14:01[0m] (step=0106000) Train Loss: 0.1020, Train Steps/Sec: 1.91, Samples/Sec: 91.52
[[34m2025-06-13 10:14:16[0m] Saved checkpoint to logs/nwm_cdit_airvln/checkpoints/latest.pth.tar
[[34m2025-06-13 10:15:08[0m] (step=0106100) Train Loss: 0.0981, Train Steps/Sec: 1.49, Samples/Sec: 71.66
[[34m2025-06-13 10:16:01[0m] (step=0106200) Train Loss: 0.0975, Train Steps/Sec: 1.91, Samples/Sec: 91.59
[[34m2025-06-13 10:16:53[0m] (step=0106300) Train Loss: 0.1036, Train Steps/Sec: 1.90, Samples/Sec: 91.38
[[34m2025-06-13 10:17:46[0m] (step=0106400) Train Loss: 0.1036, Train Steps/Sec: 1.90, Samples/Sec: 91.38
[[34m2025-06-13 10:18:38[0m] (step=0106500) Train Loss: 0.0985, Train Steps/Sec: 1.90, Samples/Sec: 91.13
[[34m2025-06-13 10:19:31[0m] (step=0106600) Train Loss: 0.1040, Train Steps/Sec: 1.91, Samples/Sec: 91.56
[[34m2025-06-13 10:20:23[0m] (step=0106700) Train Loss: 0.1045, Train Steps/Sec: 1.90, Samples/Sec: 91.13
[[34m2025-06-13 10:21:16[0m] (step=0106800) Train Loss: 0.0986, Train Steps/Sec: 1.90, Samples/Sec: 91.18
[[34m2025-06-13 10:22:09[0m] (step=0106900) Train Loss: 0.0991, Train Steps/Sec: 1.90, Samples/Sec: 91.08
[[34m2025-06-13 10:23:01[0m] (step=0107000) Train Loss: 0.1032, Train Steps/Sec: 1.90, Samples/Sec: 90.97
[[34m2025-06-13 10:23:54[0m] (step=0107100) Train Loss: 0.1010, Train Steps/Sec: 1.90, Samples/Sec: 91.10
[[34m2025-06-13 10:24:47[0m] (step=0107200) Train Loss: 0.1019, Train Steps/Sec: 1.89, Samples/Sec: 90.72
[[34m2025-06-13 10:25:40[0m] (step=0107300) Train Loss: 0.1006, Train Steps/Sec: 1.90, Samples/Sec: 91.08
[[34m2025-06-13 10:26:33[0m] (step=0107400) Train Loss: 0.1021, Train Steps/Sec: 1.89, Samples/Sec: 90.83
[[34m2025-06-13 10:27:25[0m] (step=0107500) Train Loss: 0.1005, Train Steps/Sec: 1.90, Samples/Sec: 91.11
[[34m2025-06-13 10:28:18[0m] (step=0107600) Train Loss: 0.1039, Train Steps/Sec: 1.90, Samples/Sec: 91.15
[[34m2025-06-13 10:29:11[0m] (step=0107700) Train Loss: 0.1011, Train Steps/Sec: 1.90, Samples/Sec: 91.11
[[34m2025-06-13 10:30:04[0m] (step=0107800) Train Loss: 0.1042, Train Steps/Sec: 1.89, Samples/Sec: 90.69
[[34m2025-06-13 10:30:56[0m] (step=0107900) Train Loss: 0.1033, Train Steps/Sec: 1.90, Samples/Sec: 91.07
[[34m2025-06-13 10:31:49[0m] (step=0108000) Train Loss: 0.0962, Train Steps/Sec: 1.90, Samples/Sec: 91.16
[[34m2025-06-13 10:32:03[0m] Saved checkpoint to logs/nwm_cdit_airvln/checkpoints/latest.pth.tar
[[34m2025-06-13 10:32:56[0m] (step=0108100) Train Loss: 0.0996, Train Steps/Sec: 1.49, Samples/Sec: 71.55
[[34m2025-06-13 10:33:49[0m] (step=0108200) Train Loss: 0.1006, Train Steps/Sec: 1.90, Samples/Sec: 91.12
[[34m2025-06-13 10:34:41[0m] (step=0108300) Train Loss: 0.0990, Train Steps/Sec: 1.90, Samples/Sec: 91.08
[[34m2025-06-13 10:35:34[0m] (step=0108400) Train Loss: 0.0966, Train Steps/Sec: 1.90, Samples/Sec: 91.09
[[34m2025-06-13 10:36:27[0m] (step=0108500) Train Loss: 0.1043, Train Steps/Sec: 1.89, Samples/Sec: 90.77
[[34m2025-06-13 10:37:20[0m] (step=0108600) Train Loss: 0.0995, Train Steps/Sec: 1.90, Samples/Sec: 91.04
[[34m2025-06-13 10:38:13[0m] (step=0108700) Train Loss: 0.0970, Train Steps/Sec: 1.89, Samples/Sec: 90.90
[[34m2025-06-13 10:39:05[0m] (step=0108800) Train Loss: 0.1021, Train Steps/Sec: 1.90, Samples/Sec: 91.06
[[34m2025-06-13 10:39:58[0m] (step=0108900) Train Loss: 0.1010, Train Steps/Sec: 1.90, Samples/Sec: 91.08
[[34m2025-06-13 10:40:08[0m] Beginning epoch 5...
[[34m2025-06-13 10:40:51[0m] (step=0109000) Train Loss: 0.0987, Train Steps/Sec: 1.88, Samples/Sec: 90.26
[[34m2025-06-13 10:41:44[0m] (step=0109100) Train Loss: 0.0956, Train Steps/Sec: 1.90, Samples/Sec: 91.06
[[34m2025-06-13 10:42:37[0m] (step=0109200) Train Loss: 0.1012, Train Steps/Sec: 1.89, Samples/Sec: 90.77
[[34m2025-06-13 10:43:29[0m] (step=0109300) Train Loss: 0.1005, Train Steps/Sec: 1.90, Samples/Sec: 91.07
[[34m2025-06-13 10:44:22[0m] (step=0109400) Train Loss: 0.1015, Train Steps/Sec: 1.89, Samples/Sec: 90.83
[[34m2025-06-13 10:45:15[0m] (step=0109500) Train Loss: 0.1015, Train Steps/Sec: 1.90, Samples/Sec: 91.14
[[34m2025-06-13 10:46:08[0m] (step=0109600) Train Loss: 0.1049, Train Steps/Sec: 1.90, Samples/Sec: 91.11
[[34m2025-06-13 10:47:00[0m] (step=0109700) Train Loss: 0.1029, Train Steps/Sec: 1.90, Samples/Sec: 91.15
[[34m2025-06-13 10:47:53[0m] (step=0109800) Train Loss: 0.0995, Train Steps/Sec: 1.89, Samples/Sec: 90.76
[[34m2025-06-13 10:48:46[0m] (step=0109900) Train Loss: 0.1008, Train Steps/Sec: 1.90, Samples/Sec: 91.11
[[34m2025-06-13 10:49:39[0m] (step=0110000) Train Loss: 0.1050, Train Steps/Sec: 1.89, Samples/Sec: 90.95
Using cache found in ./models/facebookresearch_dino_main
Using cache found in ./models/facebookresearch_dino_main
Using cache found in ./models/facebookresearch_dino_main
[[34m2025-06-13 10:49:53[0m] Saved checkpoint to logs/nwm_cdit_airvln/checkpoints/latest.pth.tar
Using cache found in ./models/facebookresearch_dino_main
[[34m2025-06-13 10:49:56[0m] Already found a `peft_config` attribute in the model. This will lead to having multiple adapters in the model. Make sure to know what you are doing!
[[34m2025-06-13 10:52:02[0m] (step=0110000) Perceptual Loss: 0.2700, Eval Time: 128.71
[[34m2025-06-13 10:52:55[0m] (step=0110100) Train Loss: 0.1015, Train Steps/Sec: 0.51, Samples/Sec: 24.48
[[34m2025-06-13 10:53:47[0m] (step=0110200) Train Loss: 0.0994, Train Steps/Sec: 1.90, Samples/Sec: 91.09
[[34m2025-06-13 10:54:40[0m] (step=0110300) Train Loss: 0.1007, Train Steps/Sec: 1.90, Samples/Sec: 91.07
[[34m2025-06-13 10:55:33[0m] (step=0110400) Train Loss: 0.1024, Train Steps/Sec: 1.89, Samples/Sec: 90.51
[[34m2025-06-13 10:56:26[0m] (step=0110500) Train Loss: 0.1013, Train Steps/Sec: 1.90, Samples/Sec: 91.07
[[34m2025-06-13 10:57:19[0m] (step=0110600) Train Loss: 0.1008, Train Steps/Sec: 1.89, Samples/Sec: 90.87
[[34m2025-06-13 10:58:11[0m] (step=0110700) Train Loss: 0.1009, Train Steps/Sec: 1.90, Samples/Sec: 91.16
[[34m2025-06-13 10:59:04[0m] (step=0110800) Train Loss: 0.1024, Train Steps/Sec: 1.90, Samples/Sec: 91.03
[[34m2025-06-13 10:59:57[0m] (step=0110900) Train Loss: 0.1004, Train Steps/Sec: 1.90, Samples/Sec: 91.05
[[34m2025-06-13 11:00:49[0m] (step=0111000) Train Loss: 0.1013, Train Steps/Sec: 1.90, Samples/Sec: 91.08
[[34m2025-06-13 11:01:42[0m] (step=0111100) Train Loss: 0.0958, Train Steps/Sec: 1.89, Samples/Sec: 90.66
[[34m2025-06-13 11:02:35[0m] (step=0111200) Train Loss: 0.0973, Train Steps/Sec: 1.90, Samples/Sec: 91.15
[[34m2025-06-13 11:03:28[0m] (step=0111300) Train Loss: 0.1018, Train Steps/Sec: 1.89, Samples/Sec: 90.87
[[34m2025-06-13 11:04:21[0m] (step=0111400) Train Loss: 0.0982, Train Steps/Sec: 1.90, Samples/Sec: 91.10
[[34m2025-06-13 11:05:13[0m] (step=0111500) Train Loss: 0.1000, Train Steps/Sec: 1.90, Samples/Sec: 91.05
[[34m2025-06-13 11:06:06[0m] (step=0111600) Train Loss: 0.1026, Train Steps/Sec: 1.90, Samples/Sec: 91.11
[[34m2025-06-13 11:06:59[0m] (step=0111700) Train Loss: 0.1040, Train Steps/Sec: 1.89, Samples/Sec: 90.73
[[34m2025-06-13 11:07:52[0m] (step=0111800) Train Loss: 0.1007, Train Steps/Sec: 1.90, Samples/Sec: 91.11
[[34m2025-06-13 11:08:44[0m] (step=0111900) Train Loss: 0.0965, Train Steps/Sec: 1.90, Samples/Sec: 91.11
[[34m2025-06-13 11:09:37[0m] (step=0112000) Train Loss: 0.0994, Train Steps/Sec: 1.89, Samples/Sec: 90.91
[[34m2025-06-13 11:09:51[0m] Saved checkpoint to logs/nwm_cdit_airvln/checkpoints/latest.pth.tar
[[34m2025-06-13 11:10:44[0m] (step=0112100) Train Loss: 0.0985, Train Steps/Sec: 1.49, Samples/Sec: 71.72
[[34m2025-06-13 11:11:37[0m] (step=0112200) Train Loss: 0.1001, Train Steps/Sec: 1.90, Samples/Sec: 91.01
[[34m2025-06-13 11:12:29[0m] (step=0112300) Train Loss: 0.1029, Train Steps/Sec: 1.90, Samples/Sec: 91.09
[[34m2025-06-13 11:13:22[0m] (step=0112400) Train Loss: 0.0983, Train Steps/Sec: 1.89, Samples/Sec: 90.71
[[34m2025-06-13 11:14:15[0m] (step=0112500) Train Loss: 0.1017, Train Steps/Sec: 1.90, Samples/Sec: 91.11
[[34m2025-06-13 11:15:08[0m] (step=0112600) Train Loss: 0.1005, Train Steps/Sec: 1.89, Samples/Sec: 90.83
[[34m2025-06-13 11:16:01[0m] (step=0112700) Train Loss: 0.0981, Train Steps/Sec: 1.90, Samples/Sec: 91.02
[[34m2025-06-13 11:16:53[0m] (step=0112800) Train Loss: 0.1053, Train Steps/Sec: 1.90, Samples/Sec: 91.00
[[34m2025-06-13 11:17:46[0m] (step=0112900) Train Loss: 0.0960, Train Steps/Sec: 1.90, Samples/Sec: 91.06
[[34m2025-06-13 11:18:39[0m] (step=0113000) Train Loss: 0.1040, Train Steps/Sec: 1.90, Samples/Sec: 90.99
[[34m2025-06-13 11:19:32[0m] (step=0113100) Train Loss: 0.0992, Train Steps/Sec: 1.89, Samples/Sec: 90.79
[[34m2025-06-13 11:20:25[0m] (step=0113200) Train Loss: 0.0942, Train Steps/Sec: 1.89, Samples/Sec: 90.85
[[34m2025-06-13 11:21:17[0m] (step=0113300) Train Loss: 0.1005, Train Steps/Sec: 1.90, Samples/Sec: 91.14
[[34m2025-06-13 11:22:10[0m] (step=0113400) Train Loss: 0.0952, Train Steps/Sec: 1.90, Samples/Sec: 91.05
[[34m2025-06-13 11:23:03[0m] (step=0113500) Train Loss: 0.0980, Train Steps/Sec: 1.90, Samples/Sec: 91.14
[[34m2025-06-13 11:23:55[0m] (step=0113600) Train Loss: 0.1006, Train Steps/Sec: 1.89, Samples/Sec: 90.95
[[34m2025-06-13 11:24:48[0m] (step=0113700) Train Loss: 0.0965, Train Steps/Sec: 1.89, Samples/Sec: 90.94
[[34m2025-06-13 11:25:41[0m] (step=0113800) Train Loss: 0.1018, Train Steps/Sec: 1.90, Samples/Sec: 91.33
[[34m2025-06-13 11:26:33[0m] (step=0113900) Train Loss: 0.0978, Train Steps/Sec: 1.90, Samples/Sec: 91.13
[[34m2025-06-13 11:27:26[0m] (step=0114000) Train Loss: 0.0924, Train Steps/Sec: 1.90, Samples/Sec: 91.24
[[34m2025-06-13 11:27:40[0m] Saved checkpoint to logs/nwm_cdit_airvln/checkpoints/latest.pth.tar
[[34m2025-06-13 11:28:33[0m] (step=0114100) Train Loss: 0.0993, Train Steps/Sec: 1.50, Samples/Sec: 71.98
[[34m2025-06-13 11:29:25[0m] (step=0114200) Train Loss: 0.0999, Train Steps/Sec: 1.90, Samples/Sec: 91.31
[[34m2025-06-13 11:30:18[0m] (step=0114300) Train Loss: 0.0976, Train Steps/Sec: 1.90, Samples/Sec: 91.34
[[34m2025-06-13 11:31:11[0m] (step=0114400) Train Loss: 0.0971, Train Steps/Sec: 1.89, Samples/Sec: 90.94
[[34m2025-06-13 11:32:03[0m] (step=0114500) Train Loss: 0.1061, Train Steps/Sec: 1.90, Samples/Sec: 91.33
[[34m2025-06-13 11:32:56[0m] (step=0114600) Train Loss: 0.0991, Train Steps/Sec: 1.91, Samples/Sec: 91.46
[[34m2025-06-13 11:33:48[0m] (step=0114700) Train Loss: 0.1026, Train Steps/Sec: 1.90, Samples/Sec: 91.30
[[34m2025-06-13 11:34:41[0m] (step=0114800) Train Loss: 0.1036, Train Steps/Sec: 1.91, Samples/Sec: 91.52
[[34m2025-06-13 11:35:33[0m] (step=0114900) Train Loss: 0.1033, Train Steps/Sec: 1.91, Samples/Sec: 91.44
[[34m2025-06-13 11:36:26[0m] (step=0115000) Train Loss: 0.1004, Train Steps/Sec: 1.90, Samples/Sec: 91.37
[[34m2025-06-13 11:37:18[0m] (step=0115100) Train Loss: 0.0988, Train Steps/Sec: 1.90, Samples/Sec: 90.98
[[34m2025-06-13 11:38:11[0m] (step=0115200) Train Loss: 0.1009, Train Steps/Sec: 1.90, Samples/Sec: 91.38
[[34m2025-06-13 11:39:03[0m] (step=0115300) Train Loss: 0.0990, Train Steps/Sec: 1.91, Samples/Sec: 91.73
[[34m2025-06-13 11:39:56[0m] (step=0115400) Train Loss: 0.0962, Train Steps/Sec: 1.91, Samples/Sec: 91.46
[[34m2025-06-13 11:40:48[0m] (step=0115500) Train Loss: 0.0979, Train Steps/Sec: 1.91, Samples/Sec: 91.45
[[34m2025-06-13 11:41:41[0m] (step=0115600) Train Loss: 0.1007, Train Steps/Sec: 1.90, Samples/Sec: 91.34
[[34m2025-06-13 11:42:34[0m] (step=0115700) Train Loss: 0.1071, Train Steps/Sec: 1.89, Samples/Sec: 90.92
[[34m2025-06-13 11:43:26[0m] (step=0115800) Train Loss: 0.0967, Train Steps/Sec: 1.91, Samples/Sec: 91.53
[[34m2025-06-13 11:44:19[0m] (step=0115900) Train Loss: 0.0966, Train Steps/Sec: 1.90, Samples/Sec: 91.14
[[34m2025-06-13 11:45:11[0m] (step=0116000) Train Loss: 0.1008, Train Steps/Sec: 1.90, Samples/Sec: 91.24
[[34m2025-06-13 11:45:25[0m] Saved checkpoint to logs/nwm_cdit_airvln/checkpoints/latest.pth.tar
[[34m2025-06-13 11:46:18[0m] (step=0116100) Train Loss: 0.0979, Train Steps/Sec: 1.50, Samples/Sec: 71.94
[[34m2025-06-13 11:47:11[0m] (step=0116200) Train Loss: 0.0978, Train Steps/Sec: 1.90, Samples/Sec: 91.37
[[34m2025-06-13 11:48:03[0m] (step=0116300) Train Loss: 0.0980, Train Steps/Sec: 1.90, Samples/Sec: 91.23
[[34m2025-06-13 11:48:56[0m] (step=0116400) Train Loss: 0.0998, Train Steps/Sec: 1.90, Samples/Sec: 91.04
[[34m2025-06-13 11:49:49[0m] (step=0116500) Train Loss: 0.1027, Train Steps/Sec: 1.90, Samples/Sec: 91.16
[[34m2025-06-13 11:50:41[0m] (step=0116600) Train Loss: 0.0992, Train Steps/Sec: 1.90, Samples/Sec: 91.44
[[34m2025-06-13 11:51:34[0m] (step=0116700) Train Loss: 0.0977, Train Steps/Sec: 1.90, Samples/Sec: 91.26
[[34m2025-06-13 11:52:26[0m] (step=0116800) Train Loss: 0.0959, Train Steps/Sec: 1.90, Samples/Sec: 91.33
[[34m2025-06-13 11:53:19[0m] (step=0116900) Train Loss: 0.1054, Train Steps/Sec: 1.90, Samples/Sec: 91.41
[[34m2025-06-13 11:54:11[0m] (step=0117000) Train Loss: 0.0978, Train Steps/Sec: 1.90, Samples/Sec: 91.28
[[34m2025-06-13 11:55:04[0m] (step=0117100) Train Loss: 0.0989, Train Steps/Sec: 1.89, Samples/Sec: 90.91
[[34m2025-06-13 11:55:57[0m] (step=0117200) Train Loss: 0.1006, Train Steps/Sec: 1.91, Samples/Sec: 91.44
[[34m2025-06-13 11:56:49[0m] (step=0117300) Train Loss: 0.0939, Train Steps/Sec: 1.90, Samples/Sec: 91.34
[[34m2025-06-13 11:57:42[0m] (step=0117400) Train Loss: 0.0948, Train Steps/Sec: 1.90, Samples/Sec: 91.32
[[34m2025-06-13 11:58:34[0m] (step=0117500) Train Loss: 0.1038, Train Steps/Sec: 1.90, Samples/Sec: 91.33
[[34m2025-06-13 11:59:27[0m] (step=0117600) Train Loss: 0.1045, Train Steps/Sec: 1.90, Samples/Sec: 91.21
[[34m2025-06-13 12:00:20[0m] (step=0117700) Train Loss: 0.0999, Train Steps/Sec: 1.90, Samples/Sec: 91.27
[[34m2025-06-13 12:01:12[0m] (step=0117800) Train Loss: 0.0948, Train Steps/Sec: 1.89, Samples/Sec: 90.80
[[34m2025-06-13 12:02:05[0m] (step=0117900) Train Loss: 0.1030, Train Steps/Sec: 1.90, Samples/Sec: 91.36
[[34m2025-06-13 12:02:57[0m] (step=0118000) Train Loss: 0.1005, Train Steps/Sec: 1.91, Samples/Sec: 91.60
[[34m2025-06-13 12:03:12[0m] Saved checkpoint to logs/nwm_cdit_airvln/checkpoints/latest.pth.tar
[[34m2025-06-13 12:04:04[0m] (step=0118100) Train Loss: 0.1034, Train Steps/Sec: 1.50, Samples/Sec: 71.89
[[34m2025-06-13 12:04:57[0m] (step=0118200) Train Loss: 0.0975, Train Steps/Sec: 1.90, Samples/Sec: 91.38
[[34m2025-06-13 12:05:49[0m] (step=0118300) Train Loss: 0.0965, Train Steps/Sec: 1.91, Samples/Sec: 91.61
[[34m2025-06-13 12:06:42[0m] (step=0118400) Train Loss: 0.1015, Train Steps/Sec: 1.89, Samples/Sec: 90.91
[[34m2025-06-13 12:07:34[0m] (step=0118500) Train Loss: 0.0991, Train Steps/Sec: 1.90, Samples/Sec: 91.41
[[34m2025-06-13 12:08:27[0m] (step=0118600) Train Loss: 0.1003, Train Steps/Sec: 1.91, Samples/Sec: 91.45
[[34m2025-06-13 12:09:19[0m] (step=0118700) Train Loss: 0.1008, Train Steps/Sec: 1.90, Samples/Sec: 91.40
[[34m2025-06-13 12:10:12[0m] (step=0118800) Train Loss: 0.1034, Train Steps/Sec: 1.90, Samples/Sec: 91.35
[[34m2025-06-13 12:11:04[0m] (step=0118900) Train Loss: 0.1030, Train Steps/Sec: 1.90, Samples/Sec: 91.37
[[34m2025-06-13 12:11:57[0m] (step=0119000) Train Loss: 0.1000, Train Steps/Sec: 1.90, Samples/Sec: 91.26
[[34m2025-06-13 12:12:50[0m] (step=0119100) Train Loss: 0.1025, Train Steps/Sec: 1.89, Samples/Sec: 90.92
[[34m2025-06-13 12:13:42[0m] (step=0119200) Train Loss: 0.1034, Train Steps/Sec: 1.91, Samples/Sec: 91.51
[[34m2025-06-13 12:14:35[0m] (step=0119300) Train Loss: 0.0960, Train Steps/Sec: 1.90, Samples/Sec: 91.29
[[34m2025-06-13 12:15:28[0m] (step=0119400) Train Loss: 0.0992, Train Steps/Sec: 1.90, Samples/Sec: 91.07
[[34m2025-06-13 12:16:20[0m] (step=0119500) Train Loss: 0.0983, Train Steps/Sec: 1.90, Samples/Sec: 91.36
[[34m2025-06-13 12:17:13[0m] (step=0119600) Train Loss: 0.1004, Train Steps/Sec: 1.90, Samples/Sec: 91.30
[[34m2025-06-13 12:18:05[0m] (step=0119700) Train Loss: 0.1059, Train Steps/Sec: 1.90, Samples/Sec: 91.32
[[34m2025-06-13 12:18:58[0m] (step=0119800) Train Loss: 0.1003, Train Steps/Sec: 1.89, Samples/Sec: 90.96
[[34m2025-06-13 12:19:51[0m] (step=0119900) Train Loss: 0.1001, Train Steps/Sec: 1.90, Samples/Sec: 91.25
[[34m2025-06-13 12:20:43[0m] (step=0120000) Train Loss: 0.1014, Train Steps/Sec: 1.90, Samples/Sec: 91.23
Using cache found in ./models/facebookresearch_dino_main
Using cache found in ./models/facebookresearch_dino_main
Using cache found in ./models/facebookresearch_dino_main
[[34m2025-06-13 12:21:13[0m] Saved checkpoint to logs/nwm_cdit_airvln/checkpoints/0120000.pth.tar
Using cache found in ./models/facebookresearch_dino_main
[[34m2025-06-13 12:21:16[0m] Already found a `peft_config` attribute in the model. This will lead to having multiple adapters in the model. Make sure to know what you are doing!
[[34m2025-06-13 12:23:21[0m] (step=0120000) Perceptual Loss: 0.2526, Eval Time: 128.85
[[34m2025-06-13 12:24:14[0m] (step=0120100) Train Loss: 0.1019, Train Steps/Sec: 0.47, Samples/Sec: 22.73
[[34m2025-06-13 12:25:07[0m] (step=0120200) Train Loss: 0.1626, Train Steps/Sec: 1.90, Samples/Sec: 91.16
[[34m2025-06-13 12:26:00[0m] (step=0120300) Train Loss: 0.0989, Train Steps/Sec: 1.89, Samples/Sec: 90.75
[[34m2025-06-13 12:26:52[0m] (step=0120400) Train Loss: 0.1041, Train Steps/Sec: 1.91, Samples/Sec: 91.50
[[34m2025-06-13 12:27:45[0m] (step=0120500) Train Loss: 0.0965, Train Steps/Sec: 1.90, Samples/Sec: 91.28
[[34m2025-06-13 12:28:38[0m] (step=0120600) Train Loss: 0.0992, Train Steps/Sec: 1.90, Samples/Sec: 91.36
[[34m2025-06-13 12:29:30[0m] (step=0120700) Train Loss: 0.0990, Train Steps/Sec: 1.91, Samples/Sec: 91.49
[[34m2025-06-13 12:30:23[0m] (step=0120800) Train Loss: 0.1055, Train Steps/Sec: 1.91, Samples/Sec: 91.50
[[34m2025-06-13 12:31:15[0m] (step=0120900) Train Loss: 0.1020, Train Steps/Sec: 1.90, Samples/Sec: 91.20
[[34m2025-06-13 12:32:08[0m] (step=0121000) Train Loss: 0.0988, Train Steps/Sec: 1.89, Samples/Sec: 90.88
[[34m2025-06-13 12:33:01[0m] (step=0121100) Train Loss: 0.0988, Train Steps/Sec: 1.90, Samples/Sec: 91.35
[[34m2025-06-13 12:33:53[0m] (step=0121200) Train Loss: 0.0950, Train Steps/Sec: 1.90, Samples/Sec: 91.43
[[34m2025-06-13 12:34:46[0m] (step=0121300) Train Loss: 0.0965, Train Steps/Sec: 1.90, Samples/Sec: 91.05
[[34m2025-06-13 12:35:38[0m] (step=0121400) Train Loss: 0.1103, Train Steps/Sec: 1.90, Samples/Sec: 91.35
[[34m2025-06-13 12:36:31[0m] (step=0121500) Train Loss: 0.1001, Train Steps/Sec: 1.90, Samples/Sec: 91.43
[[34m2025-06-13 12:37:24[0m] (step=0121600) Train Loss: 0.1003, Train Steps/Sec: 1.90, Samples/Sec: 91.07
[[34m2025-06-13 12:38:16[0m] (step=0121700) Train Loss: 0.0989, Train Steps/Sec: 1.91, Samples/Sec: 91.55
[[34m2025-06-13 12:39:08[0m] (step=0121800) Train Loss: 0.1016, Train Steps/Sec: 1.90, Samples/Sec: 91.42
[[34m2025-06-13 12:40:01[0m] (step=0121900) Train Loss: 0.0954, Train Steps/Sec: 1.91, Samples/Sec: 91.51
[[34m2025-06-13 12:40:53[0m] (step=0122000) Train Loss: 0.1003, Train Steps/Sec: 1.91, Samples/Sec: 91.59
[[34m2025-06-13 12:41:08[0m] Saved checkpoint to logs/nwm_cdit_airvln/checkpoints/latest.pth.tar
[[34m2025-06-13 12:42:00[0m] (step=0122100) Train Loss: 0.0977, Train Steps/Sec: 1.50, Samples/Sec: 71.82
[[34m2025-06-13 12:42:53[0m] (step=0122200) Train Loss: 0.0950, Train Steps/Sec: 1.90, Samples/Sec: 91.21
[[34m2025-06-13 12:43:46[0m] (step=0122300) Train Loss: 0.0997, Train Steps/Sec: 1.90, Samples/Sec: 91.03
[[34m2025-06-13 12:44:38[0m] (step=0122400) Train Loss: 0.0979, Train Steps/Sec: 1.90, Samples/Sec: 91.34
[[34m2025-06-13 12:45:31[0m] (step=0122500) Train Loss: 0.1009, Train Steps/Sec: 1.90, Samples/Sec: 91.32
[[34m2025-06-13 12:46:23[0m] (step=0122600) Train Loss: 0.0984, Train Steps/Sec: 1.90, Samples/Sec: 91.28
[[34m2025-06-13 12:47:16[0m] (step=0122700) Train Loss: 0.1023, Train Steps/Sec: 1.91, Samples/Sec: 91.58
[[34m2025-06-13 12:48:08[0m] (step=0122800) Train Loss: 0.0967, Train Steps/Sec: 1.91, Samples/Sec: 91.52
[[34m2025-06-13 12:49:01[0m] (step=0122900) Train Loss: 0.0969, Train Steps/Sec: 1.90, Samples/Sec: 91.12
[[34m2025-06-13 12:49:53[0m] (step=0123000) Train Loss: 0.0995, Train Steps/Sec: 1.90, Samples/Sec: 91.40
[[34m2025-06-13 12:50:46[0m] (step=0123100) Train Loss: 0.0960, Train Steps/Sec: 1.90, Samples/Sec: 91.38
[[34m2025-06-13 12:51:38[0m] (step=0123200) Train Loss: 0.1033, Train Steps/Sec: 1.91, Samples/Sec: 91.47
[[34m2025-06-13 12:52:31[0m] (step=0123300) Train Loss: 0.0977, Train Steps/Sec: 1.90, Samples/Sec: 91.38
[[34m2025-06-13 12:53:23[0m] (step=0123400) Train Loss: 0.0940, Train Steps/Sec: 1.90, Samples/Sec: 91.38
[[34m2025-06-13 12:54:16[0m] (step=0123500) Train Loss: 0.1036, Train Steps/Sec: 1.91, Samples/Sec: 91.50
[[34m2025-06-13 12:55:08[0m] (step=0123600) Train Loss: 0.0975, Train Steps/Sec: 1.90, Samples/Sec: 91.28
[[34m2025-06-13 12:56:01[0m] (step=0123700) Train Loss: 0.1039, Train Steps/Sec: 1.90, Samples/Sec: 91.16
[[34m2025-06-13 12:56:53[0m] (step=0123800) Train Loss: 0.0953, Train Steps/Sec: 1.91, Samples/Sec: 91.59
[[34m2025-06-13 12:57:46[0m] (step=0123900) Train Loss: 0.0993, Train Steps/Sec: 1.91, Samples/Sec: 91.53
[[34m2025-06-13 12:58:38[0m] (step=0124000) Train Loss: 0.1006, Train Steps/Sec: 1.90, Samples/Sec: 91.31
[[34m2025-06-13 12:58:53[0m] Saved checkpoint to logs/nwm_cdit_airvln/checkpoints/latest.pth.tar
[[34m2025-06-13 12:59:45[0m] (step=0124100) Train Loss: 0.0961, Train Steps/Sec: 1.50, Samples/Sec: 71.78
[[34m2025-06-13 13:00:38[0m] (step=0124200) Train Loss: 0.0969, Train Steps/Sec: 1.90, Samples/Sec: 91.25
[[34m2025-06-13 13:01:31[0m] (step=0124300) Train Loss: 0.1001, Train Steps/Sec: 1.90, Samples/Sec: 90.99
[[34m2025-06-13 13:02:23[0m] (step=0124400) Train Loss: 0.0966, Train Steps/Sec: 1.90, Samples/Sec: 90.97
[[34m2025-06-13 13:03:16[0m] (step=0124500) Train Loss: 0.1029, Train Steps/Sec: 1.90, Samples/Sec: 91.01
[[34m2025-06-13 13:04:09[0m] (step=0124600) Train Loss: 0.0983, Train Steps/Sec: 1.90, Samples/Sec: 91.00
[[34m2025-06-13 13:05:02[0m] (step=0124700) Train Loss: 0.0989, Train Steps/Sec: 1.90, Samples/Sec: 90.99
[[34m2025-06-13 13:05:55[0m] (step=0124800) Train Loss: 0.0967, Train Steps/Sec: 1.89, Samples/Sec: 90.83
[[34m2025-06-13 13:06:47[0m] (step=0124900) Train Loss: 0.0999, Train Steps/Sec: 1.90, Samples/Sec: 91.02
[[34m2025-06-13 13:07:40[0m] (step=0125000) Train Loss: 0.0950, Train Steps/Sec: 1.89, Samples/Sec: 90.61
[[34m2025-06-13 13:08:33[0m] (step=0125100) Train Loss: 0.0988, Train Steps/Sec: 1.90, Samples/Sec: 91.03
[[34m2025-06-13 13:09:26[0m] (step=0125200) Train Loss: 0.0985, Train Steps/Sec: 1.90, Samples/Sec: 90.98
[[34m2025-06-13 13:10:19[0m] (step=0125300) Train Loss: 0.0988, Train Steps/Sec: 1.89, Samples/Sec: 90.93
[[34m2025-06-13 13:11:11[0m] (step=0125400) Train Loss: 0.0993, Train Steps/Sec: 1.89, Samples/Sec: 90.96
[[34m2025-06-13 13:12:04[0m] (step=0125500) Train Loss: 0.0961, Train Steps/Sec: 1.89, Samples/Sec: 90.79
[[34m2025-06-13 13:12:57[0m] (step=0125600) Train Loss: 0.0990, Train Steps/Sec: 1.90, Samples/Sec: 90.98
[[34m2025-06-13 13:13:50[0m] (step=0125700) Train Loss: 0.0988, Train Steps/Sec: 1.89, Samples/Sec: 90.84
[[34m2025-06-13 13:14:43[0m] (step=0125800) Train Loss: 0.0956, Train Steps/Sec: 1.90, Samples/Sec: 90.98
[[34m2025-06-13 13:15:35[0m] (step=0125900) Train Loss: 0.0945, Train Steps/Sec: 1.90, Samples/Sec: 90.97
[[34m2025-06-13 13:16:28[0m] (step=0126000) Train Loss: 0.0965, Train Steps/Sec: 1.90, Samples/Sec: 90.99
[[34m2025-06-13 13:16:42[0m] Saved checkpoint to logs/nwm_cdit_airvln/checkpoints/latest.pth.tar
[[34m2025-06-13 13:17:35[0m] (step=0126100) Train Loss: 0.0984, Train Steps/Sec: 1.49, Samples/Sec: 71.39
[[34m2025-06-13 13:18:28[0m] (step=0126200) Train Loss: 0.0998, Train Steps/Sec: 1.90, Samples/Sec: 91.03
[[34m2025-06-13 13:19:21[0m] (step=0126300) Train Loss: 0.1009, Train Steps/Sec: 1.89, Samples/Sec: 90.58
[[34m2025-06-13 13:20:14[0m] (step=0126400) Train Loss: 0.1001, Train Steps/Sec: 1.90, Samples/Sec: 91.00
[[34m2025-06-13 13:21:07[0m] (step=0126500) Train Loss: 0.1014, Train Steps/Sec: 1.90, Samples/Sec: 90.99
[[34m2025-06-13 13:21:59[0m] (step=0126600) Train Loss: 0.0959, Train Steps/Sec: 1.89, Samples/Sec: 90.95
[[34m2025-06-13 13:22:52[0m] (step=0126700) Train Loss: 0.0970, Train Steps/Sec: 1.90, Samples/Sec: 91.01
[[34m2025-06-13 13:23:45[0m] (step=0126800) Train Loss: 0.0927, Train Steps/Sec: 1.89, Samples/Sec: 90.73
[[34m2025-06-13 13:24:38[0m] (step=0126900) Train Loss: 0.1004, Train Steps/Sec: 1.89, Samples/Sec: 90.94
[[34m2025-06-13 13:25:31[0m] (step=0127000) Train Loss: 0.0972, Train Steps/Sec: 1.89, Samples/Sec: 90.75
[[34m2025-06-13 13:26:23[0m] (step=0127100) Train Loss: 0.0974, Train Steps/Sec: 1.90, Samples/Sec: 90.99
[[34m2025-06-13 13:27:16[0m] (step=0127200) Train Loss: 0.0994, Train Steps/Sec: 1.90, Samples/Sec: 91.07
[[34m2025-06-13 13:28:09[0m] (step=0127300) Train Loss: 0.0954, Train Steps/Sec: 1.89, Samples/Sec: 90.81
[[34m2025-06-13 13:29:02[0m] (step=0127400) Train Loss: 0.0971, Train Steps/Sec: 1.88, Samples/Sec: 90.40
[[34m2025-06-13 13:29:55[0m] (step=0127500) Train Loss: 0.0999, Train Steps/Sec: 1.89, Samples/Sec: 90.59
[[34m2025-06-13 13:30:48[0m] (step=0127600) Train Loss: 0.0947, Train Steps/Sec: 1.89, Samples/Sec: 90.59
[[34m2025-06-13 13:31:41[0m] (step=0127700) Train Loss: 0.0961, Train Steps/Sec: 1.88, Samples/Sec: 90.01
[[34m2025-06-13 13:32:34[0m] (step=0127800) Train Loss: 0.0974, Train Steps/Sec: 1.89, Samples/Sec: 90.54
[[34m2025-06-13 13:33:27[0m] (step=0127900) Train Loss: 0.1002, Train Steps/Sec: 1.89, Samples/Sec: 90.52
[[34m2025-06-13 13:34:20[0m] (step=0128000) Train Loss: 0.0968, Train Steps/Sec: 1.89, Samples/Sec: 90.58
[[34m2025-06-13 13:34:35[0m] Saved checkpoint to logs/nwm_cdit_airvln/checkpoints/latest.pth.tar
[[34m2025-06-13 13:35:28[0m] (step=0128100) Train Loss: 0.0940, Train Steps/Sec: 1.48, Samples/Sec: 71.02
[[34m2025-06-13 13:36:21[0m] (step=0128200) Train Loss: 0.0981, Train Steps/Sec: 1.89, Samples/Sec: 90.70
[[34m2025-06-13 13:37:14[0m] (step=0128300) Train Loss: 0.0975, Train Steps/Sec: 1.89, Samples/Sec: 90.75
[[34m2025-06-13 13:38:07[0m] (step=0128400) Train Loss: 0.0938, Train Steps/Sec: 1.90, Samples/Sec: 90.97
[[34m2025-06-13 13:38:59[0m] (step=0128500) Train Loss: 0.0960, Train Steps/Sec: 1.90, Samples/Sec: 90.99
[[34m2025-06-13 13:39:52[0m] (step=0128600) Train Loss: 0.0987, Train Steps/Sec: 1.90, Samples/Sec: 91.01
[[34m2025-06-13 13:40:45[0m] (step=0128700) Train Loss: 0.0984, Train Steps/Sec: 1.89, Samples/Sec: 90.74
[[34m2025-06-13 13:41:38[0m] (step=0128800) Train Loss: 0.1002, Train Steps/Sec: 1.90, Samples/Sec: 90.99
[[34m2025-06-13 13:42:30[0m] (step=0128900) Train Loss: 0.0983, Train Steps/Sec: 1.90, Samples/Sec: 91.01
[[34m2025-06-13 13:43:23[0m] (step=0129000) Train Loss: 0.1045, Train Steps/Sec: 1.89, Samples/Sec: 90.65
[[34m2025-06-13 13:44:16[0m] (step=0129100) Train Loss: 0.0969, Train Steps/Sec: 1.90, Samples/Sec: 90.99
[[34m2025-06-13 13:45:09[0m] (step=0129200) Train Loss: 0.1024, Train Steps/Sec: 1.90, Samples/Sec: 90.98
[[34m2025-06-13 13:46:02[0m] (step=0129300) Train Loss: 0.0956, Train Steps/Sec: 1.90, Samples/Sec: 91.03
[[34m2025-06-13 13:46:55[0m] (step=0129400) Train Loss: 0.0975, Train Steps/Sec: 1.89, Samples/Sec: 90.80
[[34m2025-06-13 13:47:47[0m] (step=0129500) Train Loss: 0.1001, Train Steps/Sec: 1.90, Samples/Sec: 91.02
[[34m2025-06-13 13:48:40[0m] (step=0129600) Train Loss: 0.0946, Train Steps/Sec: 1.89, Samples/Sec: 90.95
[[34m2025-06-13 13:49:33[0m] (step=0129700) Train Loss: 0.0984, Train Steps/Sec: 1.89, Samples/Sec: 90.80
[[34m2025-06-13 13:50:26[0m] (step=0129800) Train Loss: 0.0972, Train Steps/Sec: 1.90, Samples/Sec: 90.99
[[34m2025-06-13 13:51:18[0m] (step=0129900) Train Loss: 0.0988, Train Steps/Sec: 1.89, Samples/Sec: 90.94
[[34m2025-06-13 13:52:11[0m] (step=0130000) Train Loss: 0.0983, Train Steps/Sec: 1.89, Samples/Sec: 90.92
Using cache found in ./models/facebookresearch_dino_main
Using cache found in ./models/facebookresearch_dino_main
Using cache found in ./models/facebookresearch_dino_main
[[34m2025-06-13 13:52:26[0m] Saved checkpoint to logs/nwm_cdit_airvln/checkpoints/latest.pth.tar
Using cache found in ./models/facebookresearch_dino_main
[[34m2025-06-13 13:52:29[0m] Already found a `peft_config` attribute in the model. This will lead to having multiple adapters in the model. Make sure to know what you are doing!
[[34m2025-06-13 13:54:35[0m] (step=0130000) Perceptual Loss: 0.2566, Eval Time: 128.59
[[34m2025-06-13 13:55:27[0m] (step=0130100) Train Loss: 0.0904, Train Steps/Sec: 0.51, Samples/Sec: 24.50
[[34m2025-06-13 13:56:20[0m] (step=0130200) Train Loss: 0.0948, Train Steps/Sec: 1.89, Samples/Sec: 90.94
[[34m2025-06-13 13:57:13[0m] (step=0130300) Train Loss: 0.1017, Train Steps/Sec: 1.90, Samples/Sec: 91.41
[[34m2025-06-13 13:58:05[0m] (step=0130400) Train Loss: 0.0994, Train Steps/Sec: 1.90, Samples/Sec: 91.37
[[34m2025-06-13 13:58:58[0m] (step=0130500) Train Loss: 0.0937, Train Steps/Sec: 1.90, Samples/Sec: 91.33
[[34m2025-06-13 13:59:50[0m] (step=0130600) Train Loss: 0.0947, Train Steps/Sec: 1.90, Samples/Sec: 91.40
[[34m2025-06-13 14:00:43[0m] (step=0130700) Train Loss: 0.0993, Train Steps/Sec: 1.90, Samples/Sec: 91.28
[[34m2025-06-13 14:00:45[0m] Beginning epoch 6...
[[34m2025-06-13 14:01:36[0m] (step=0130800) Train Loss: 0.1023, Train Steps/Sec: 1.88, Samples/Sec: 90.05
[[34m2025-06-13 14:02:29[0m] (step=0130900) Train Loss: 0.1003, Train Steps/Sec: 1.89, Samples/Sec: 90.84
[[34m2025-06-13 14:03:21[0m] (step=0131000) Train Loss: 0.1031, Train Steps/Sec: 1.90, Samples/Sec: 91.27
[[34m2025-06-13 14:04:14[0m] (step=0131100) Train Loss: 0.0992, Train Steps/Sec: 1.90, Samples/Sec: 91.12
[[34m2025-06-13 14:05:07[0m] (step=0131200) Train Loss: 0.1036, Train Steps/Sec: 1.90, Samples/Sec: 91.11
[[34m2025-06-13 14:05:59[0m] (step=0131300) Train Loss: 0.0968, Train Steps/Sec: 1.90, Samples/Sec: 91.14
[[34m2025-06-13 14:06:52[0m] (step=0131400) Train Loss: 0.0967, Train Steps/Sec: 1.90, Samples/Sec: 91.03
[[34m2025-06-13 14:07:45[0m] (step=0131500) Train Loss: 0.0953, Train Steps/Sec: 1.89, Samples/Sec: 90.87
[[34m2025-06-13 14:08:38[0m] (step=0131600) Train Loss: 0.1016, Train Steps/Sec: 1.90, Samples/Sec: 90.97
[[34m2025-06-13 14:09:30[0m] (step=0131700) Train Loss: 0.0981, Train Steps/Sec: 1.90, Samples/Sec: 91.22
[[34m2025-06-13 14:10:23[0m] (step=0131800) Train Loss: 0.1040, Train Steps/Sec: 1.90, Samples/Sec: 91.18
[[34m2025-06-13 14:11:16[0m] (step=0131900) Train Loss: 0.0985, Train Steps/Sec: 1.90, Samples/Sec: 91.34
[[34m2025-06-13 14:12:08[0m] (step=0132000) Train Loss: 0.0923, Train Steps/Sec: 1.90, Samples/Sec: 91.12
[[34m2025-06-13 14:12:23[0m] Saved checkpoint to logs/nwm_cdit_airvln/checkpoints/latest.pth.tar
[[34m2025-06-13 14:13:15[0m] (step=0132100) Train Loss: 0.0936, Train Steps/Sec: 1.49, Samples/Sec: 71.60
[[34m2025-06-13 14:14:08[0m] (step=0132200) Train Loss: 0.1045, Train Steps/Sec: 1.90, Samples/Sec: 91.05
[[34m2025-06-13 14:15:01[0m] (step=0132300) Train Loss: 0.0919, Train Steps/Sec: 1.90, Samples/Sec: 91.38
[[34m2025-06-13 14:15:53[0m] (step=0132400) Train Loss: 0.0953, Train Steps/Sec: 1.90, Samples/Sec: 91.36
[[34m2025-06-13 14:16:46[0m] (step=0132500) Train Loss: 0.0938, Train Steps/Sec: 1.90, Samples/Sec: 91.30
[[34m2025-06-13 14:17:38[0m] (step=0132600) Train Loss: 0.1014, Train Steps/Sec: 1.90, Samples/Sec: 91.36
[[34m2025-06-13 14:18:31[0m] (step=0132700) Train Loss: 0.1016, Train Steps/Sec: 1.90, Samples/Sec: 91.22
[[34m2025-06-13 14:19:23[0m] (step=0132800) Train Loss: 0.1021, Train Steps/Sec: 1.90, Samples/Sec: 91.43
[[34m2025-06-13 14:20:16[0m] (step=0132900) Train Loss: 0.0996, Train Steps/Sec: 1.90, Samples/Sec: 91.12
[[34m2025-06-13 14:21:09[0m] (step=0133000) Train Loss: 0.0993, Train Steps/Sec: 1.91, Samples/Sec: 91.46
[[34m2025-06-13 14:22:01[0m] (step=0133100) Train Loss: 0.0989, Train Steps/Sec: 1.90, Samples/Sec: 91.31
[[34m2025-06-13 14:22:54[0m] (step=0133200) Train Loss: 0.0972, Train Steps/Sec: 1.90, Samples/Sec: 91.40
[[34m2025-06-13 14:23:46[0m] (step=0133300) Train Loss: 0.1019, Train Steps/Sec: 1.90, Samples/Sec: 91.28
[[34m2025-06-13 14:24:39[0m] (step=0133400) Train Loss: 0.0964, Train Steps/Sec: 1.91, Samples/Sec: 91.63
[[34m2025-06-13 14:25:31[0m] (step=0133500) Train Loss: 0.0981, Train Steps/Sec: 1.90, Samples/Sec: 91.32
[[34m2025-06-13 14:26:24[0m] (step=0133600) Train Loss: 0.1053, Train Steps/Sec: 1.90, Samples/Sec: 91.19
[[34m2025-06-13 14:27:16[0m] (step=0133700) Train Loss: 0.1010, Train Steps/Sec: 1.91, Samples/Sec: 91.45
[[34m2025-06-13 14:28:09[0m] (step=0133800) Train Loss: 0.0971, Train Steps/Sec: 1.90, Samples/Sec: 91.35
[[34m2025-06-13 14:29:01[0m] (step=0133900) Train Loss: 0.0966, Train Steps/Sec: 1.90, Samples/Sec: 91.28
[[34m2025-06-13 14:29:54[0m] (step=0134000) Train Loss: 0.1021, Train Steps/Sec: 1.90, Samples/Sec: 91.00
[[34m2025-06-13 14:30:09[0m] Saved checkpoint to logs/nwm_cdit_airvln/checkpoints/latest.pth.tar
[[34m2025-06-13 14:31:01[0m] (step=0134100) Train Loss: 0.1004, Train Steps/Sec: 1.49, Samples/Sec: 71.49
[[34m2025-06-13 14:31:54[0m] (step=0134200) Train Loss: 0.0943, Train Steps/Sec: 1.89, Samples/Sec: 90.90
[[34m2025-06-13 14:32:47[0m] (step=0134300) Train Loss: 0.0959, Train Steps/Sec: 1.91, Samples/Sec: 91.51
[[34m2025-06-13 14:33:39[0m] (step=0134400) Train Loss: 0.0973, Train Steps/Sec: 1.90, Samples/Sec: 91.16
[[34m2025-06-13 14:34:32[0m] (step=0134500) Train Loss: 0.0978, Train Steps/Sec: 1.90, Samples/Sec: 91.27
[[34m2025-06-13 14:35:24[0m] (step=0134600) Train Loss: 0.0926, Train Steps/Sec: 1.90, Samples/Sec: 91.26
[[34m2025-06-13 14:36:17[0m] (step=0134700) Train Loss: 0.0992, Train Steps/Sec: 1.91, Samples/Sec: 91.45
[[34m2025-06-13 14:37:09[0m] (step=0134800) Train Loss: 0.1017, Train Steps/Sec: 1.90, Samples/Sec: 91.28
[[34m2025-06-13 14:38:02[0m] (step=0134900) Train Loss: 0.1116, Train Steps/Sec: 1.90, Samples/Sec: 91.13
[[34m2025-06-13 14:38:55[0m] (step=0135000) Train Loss: 0.0974, Train Steps/Sec: 1.90, Samples/Sec: 91.31
[[34m2025-06-13 14:39:47[0m] (step=0135100) Train Loss: 0.0994, Train Steps/Sec: 1.91, Samples/Sec: 91.52
[[34m2025-06-13 14:40:40[0m] (step=0135200) Train Loss: 0.0984, Train Steps/Sec: 1.90, Samples/Sec: 91.23
[[34m2025-06-13 14:41:32[0m] (step=0135300) Train Loss: 0.0957, Train Steps/Sec: 1.90, Samples/Sec: 91.16
[[34m2025-06-13 14:42:25[0m] (step=0135400) Train Loss: 0.0963, Train Steps/Sec: 1.90, Samples/Sec: 91.12
[[34m2025-06-13 14:43:18[0m] (step=0135500) Train Loss: 0.0991, Train Steps/Sec: 1.90, Samples/Sec: 91.20
[[34m2025-06-13 14:44:11[0m] (step=0135600) Train Loss: 0.0995, Train Steps/Sec: 1.89, Samples/Sec: 90.73
[[34m2025-06-13 14:45:03[0m] (step=0135700) Train Loss: 0.0978, Train Steps/Sec: 1.90, Samples/Sec: 91.25
[[34m2025-06-13 14:45:56[0m] (step=0135800) Train Loss: 0.0954, Train Steps/Sec: 1.91, Samples/Sec: 91.45
[[34m2025-06-13 14:46:48[0m] (step=0135900) Train Loss: 0.0970, Train Steps/Sec: 1.90, Samples/Sec: 91.33
[[34m2025-06-13 14:47:41[0m] (step=0136000) Train Loss: 0.0978, Train Steps/Sec: 1.90, Samples/Sec: 91.37
[[34m2025-06-13 14:47:55[0m] Saved checkpoint to logs/nwm_cdit_airvln/checkpoints/latest.pth.tar
[[34m2025-06-13 14:48:48[0m] (step=0136100) Train Loss: 0.0967, Train Steps/Sec: 1.50, Samples/Sec: 71.89
[[34m2025-06-13 14:49:40[0m] (step=0136200) Train Loss: 0.1016, Train Steps/Sec: 1.90, Samples/Sec: 91.15
[[34m2025-06-13 14:50:33[0m] (step=0136300) Train Loss: 0.1012, Train Steps/Sec: 1.90, Samples/Sec: 91.13
[[34m2025-06-13 14:51:26[0m] (step=0136400) Train Loss: 0.0994, Train Steps/Sec: 1.90, Samples/Sec: 91.35
[[34m2025-06-13 14:52:18[0m] (step=0136500) Train Loss: 0.1003, Train Steps/Sec: 1.90, Samples/Sec: 91.09
[[34m2025-06-13 14:53:11[0m] (step=0136600) Train Loss: 0.0967, Train Steps/Sec: 1.90, Samples/Sec: 91.08
[[34m2025-06-13 14:54:04[0m] (step=0136700) Train Loss: 0.0963, Train Steps/Sec: 1.90, Samples/Sec: 91.26
[[34m2025-06-13 14:54:56[0m] (step=0136800) Train Loss: 0.0961, Train Steps/Sec: 1.91, Samples/Sec: 91.51
[[34m2025-06-13 14:55:49[0m] (step=0136900) Train Loss: 0.0982, Train Steps/Sec: 1.89, Samples/Sec: 90.86
[[34m2025-06-13 14:56:41[0m] (step=0137000) Train Loss: 0.0946, Train Steps/Sec: 1.90, Samples/Sec: 91.43
[[34m2025-06-13 14:57:34[0m] (step=0137100) Train Loss: 0.1022, Train Steps/Sec: 1.91, Samples/Sec: 91.54
[[34m2025-06-13 14:58:26[0m] (step=0137200) Train Loss: 0.0988, Train Steps/Sec: 1.90, Samples/Sec: 91.23
[[34m2025-06-13 14:59:19[0m] (step=0137300) Train Loss: 0.0983, Train Steps/Sec: 1.90, Samples/Sec: 91.43
[[34m2025-06-13 15:00:11[0m] (step=0137400) Train Loss: 0.0959, Train Steps/Sec: 1.91, Samples/Sec: 91.55
[[34m2025-06-13 15:01:04[0m] (step=0137500) Train Loss: 0.0934, Train Steps/Sec: 1.90, Samples/Sec: 91.31
[[34m2025-06-13 15:01:57[0m] (step=0137600) Train Loss: 0.1002, Train Steps/Sec: 1.90, Samples/Sec: 91.08
[[34m2025-06-13 15:02:49[0m] (step=0137700) Train Loss: 0.0978, Train Steps/Sec: 1.90, Samples/Sec: 91.29
[[34m2025-06-13 15:03:42[0m] (step=0137800) Train Loss: 0.0955, Train Steps/Sec: 1.91, Samples/Sec: 91.54
[[34m2025-06-13 15:04:34[0m] (step=0137900) Train Loss: 0.0960, Train Steps/Sec: 1.90, Samples/Sec: 91.05
[[34m2025-06-13 15:05:27[0m] (step=0138000) Train Loss: 0.0983, Train Steps/Sec: 1.90, Samples/Sec: 91.25
[[34m2025-06-13 15:05:41[0m] Saved checkpoint to logs/nwm_cdit_airvln/checkpoints/latest.pth.tar
[[34m2025-06-13 15:06:34[0m] (step=0138100) Train Loss: 0.0972, Train Steps/Sec: 1.49, Samples/Sec: 71.72
[[34m2025-06-13 15:07:26[0m] (step=0138200) Train Loss: 0.0992, Train Steps/Sec: 1.90, Samples/Sec: 91.23
[[34m2025-06-13 15:08:19[0m] (step=0138300) Train Loss: 0.0990, Train Steps/Sec: 1.90, Samples/Sec: 91.33
[[34m2025-06-13 15:09:11[0m] (step=0138400) Train Loss: 0.0979, Train Steps/Sec: 1.91, Samples/Sec: 91.55
[[34m2025-06-13 15:10:04[0m] (step=0138500) Train Loss: 0.0963, Train Steps/Sec: 1.90, Samples/Sec: 91.22
[[34m2025-06-13 15:10:57[0m] (step=0138600) Train Loss: 0.0993, Train Steps/Sec: 1.90, Samples/Sec: 91.27
[[34m2025-06-13 15:11:49[0m] (step=0138700) Train Loss: 0.0996, Train Steps/Sec: 1.90, Samples/Sec: 91.24
[[34m2025-06-13 15:12:42[0m] (step=0138800) Train Loss: 0.0972, Train Steps/Sec: 1.90, Samples/Sec: 91.37
[[34m2025-06-13 15:13:35[0m] (step=0138900) Train Loss: 0.0959, Train Steps/Sec: 1.90, Samples/Sec: 90.97
[[34m2025-06-13 15:14:27[0m] (step=0139000) Train Loss: 0.0947, Train Steps/Sec: 1.91, Samples/Sec: 91.49
[[34m2025-06-13 15:15:19[0m] (step=0139100) Train Loss: 0.1007, Train Steps/Sec: 1.91, Samples/Sec: 91.63
[[34m2025-06-13 15:16:12[0m] (step=0139200) Train Loss: 0.1042, Train Steps/Sec: 1.90, Samples/Sec: 91.40
[[34m2025-06-13 15:17:04[0m] (step=0139300) Train Loss: 0.0960, Train Steps/Sec: 1.91, Samples/Sec: 91.49
[[34m2025-06-13 15:17:57[0m] (step=0139400) Train Loss: 0.0954, Train Steps/Sec: 1.91, Samples/Sec: 91.52
[[34m2025-06-13 15:18:49[0m] (step=0139500) Train Loss: 0.0925, Train Steps/Sec: 1.91, Samples/Sec: 91.54
[[34m2025-06-13 15:19:42[0m] (step=0139600) Train Loss: 0.0998, Train Steps/Sec: 1.90, Samples/Sec: 91.10
[[34m2025-06-13 15:20:34[0m] (step=0139700) Train Loss: 0.0960, Train Steps/Sec: 1.91, Samples/Sec: 91.58
[[34m2025-06-13 15:21:27[0m] (step=0139800) Train Loss: 0.0994, Train Steps/Sec: 1.90, Samples/Sec: 91.14
[[34m2025-06-13 15:22:19[0m] (step=0139900) Train Loss: 0.0999, Train Steps/Sec: 1.91, Samples/Sec: 91.53
[[34m2025-06-13 15:23:12[0m] (step=0140000) Train Loss: 0.1007, Train Steps/Sec: 1.91, Samples/Sec: 91.53
Using cache found in ./models/facebookresearch_dino_main
Using cache found in ./models/facebookresearch_dino_main
Using cache found in ./models/facebookresearch_dino_main
[[34m2025-06-13 15:23:41[0m] Saved checkpoint to logs/nwm_cdit_airvln/checkpoints/0140000.pth.tar
Using cache found in ./models/facebookresearch_dino_main
[[34m2025-06-13 15:23:44[0m] Already found a `peft_config` attribute in the model. This will lead to having multiple adapters in the model. Make sure to know what you are doing!
[[34m2025-06-13 15:25:51[0m] (step=0140000) Perceptual Loss: 0.2364, Eval Time: 129.11
[[34m2025-06-13 15:26:44[0m] (step=0140100) Train Loss: 0.1025, Train Steps/Sec: 0.47, Samples/Sec: 22.66
[[34m2025-06-13 15:27:36[0m] (step=0140200) Train Loss: 0.0996, Train Steps/Sec: 1.90, Samples/Sec: 91.36
[[34m2025-06-13 15:28:29[0m] (step=0140300) Train Loss: 0.0956, Train Steps/Sec: 1.91, Samples/Sec: 91.51
[[34m2025-06-13 15:29:21[0m] (step=0140400) Train Loss: 0.0986, Train Steps/Sec: 1.90, Samples/Sec: 91.20
[[34m2025-06-13 15:30:14[0m] (step=0140500) Train Loss: 0.0965, Train Steps/Sec: 1.91, Samples/Sec: 91.62
[[34m2025-06-13 15:31:06[0m] (step=0140600) Train Loss: 0.0981, Train Steps/Sec: 1.90, Samples/Sec: 91.23
[[34m2025-06-13 15:31:59[0m] (step=0140700) Train Loss: 0.0968, Train Steps/Sec: 1.90, Samples/Sec: 91.26
[[34m2025-06-13 15:32:52[0m] (step=0140800) Train Loss: 0.0970, Train Steps/Sec: 1.90, Samples/Sec: 91.09
[[34m2025-06-13 15:33:44[0m] (step=0140900) Train Loss: 0.0973, Train Steps/Sec: 1.91, Samples/Sec: 91.47
[[34m2025-06-13 15:34:37[0m] (step=0141000) Train Loss: 0.0960, Train Steps/Sec: 1.90, Samples/Sec: 91.21
[[34m2025-06-13 15:35:29[0m] (step=0141100) Train Loss: 0.0979, Train Steps/Sec: 1.91, Samples/Sec: 91.55
[[34m2025-06-13 15:36:22[0m] (step=0141200) Train Loss: 0.0958, Train Steps/Sec: 1.91, Samples/Sec: 91.56
[[34m2025-06-13 15:37:14[0m] (step=0141300) Train Loss: 0.0947, Train Steps/Sec: 1.90, Samples/Sec: 91.38
[[34m2025-06-13 15:38:07[0m] (step=0141400) Train Loss: 0.0947, Train Steps/Sec: 1.90, Samples/Sec: 91.35
[[34m2025-06-13 15:38:59[0m] (step=0141500) Train Loss: 0.0963, Train Steps/Sec: 1.90, Samples/Sec: 91.10
[[34m2025-06-13 15:39:52[0m] (step=0141600) Train Loss: 0.0977, Train Steps/Sec: 1.90, Samples/Sec: 91.40
[[34m2025-06-13 15:40:44[0m] (step=0141700) Train Loss: 0.0964, Train Steps/Sec: 1.90, Samples/Sec: 91.32
[[34m2025-06-13 15:41:37[0m] (step=0141800) Train Loss: 0.0984, Train Steps/Sec: 1.91, Samples/Sec: 91.58
[[34m2025-06-13 15:42:29[0m] (step=0141900) Train Loss: 0.0938, Train Steps/Sec: 1.91, Samples/Sec: 91.47
[[34m2025-06-13 15:43:22[0m] (step=0142000) Train Loss: 0.0997, Train Steps/Sec: 1.90, Samples/Sec: 91.41
[[34m2025-06-13 15:43:36[0m] Saved checkpoint to logs/nwm_cdit_airvln/checkpoints/latest.pth.tar
[[34m2025-06-13 15:44:29[0m] (step=0142100) Train Loss: 0.0979, Train Steps/Sec: 1.49, Samples/Sec: 71.30
[[34m2025-06-13 15:45:22[0m] (step=0142200) Train Loss: 0.0949, Train Steps/Sec: 1.90, Samples/Sec: 91.33
[[34m2025-06-13 15:46:14[0m] (step=0142300) Train Loss: 0.0960, Train Steps/Sec: 1.90, Samples/Sec: 91.14
[[34m2025-06-13 15:47:07[0m] (step=0142400) Train Loss: 0.1006, Train Steps/Sec: 1.90, Samples/Sec: 91.35
[[34m2025-06-13 15:47:59[0m] (step=0142500) Train Loss: 0.0921, Train Steps/Sec: 1.91, Samples/Sec: 91.50
[[34m2025-06-13 15:48:52[0m] (step=0142600) Train Loss: 0.0982, Train Steps/Sec: 1.90, Samples/Sec: 91.42
[[34m2025-06-13 15:49:45[0m] (step=0142700) Train Loss: 0.1033, Train Steps/Sec: 1.90, Samples/Sec: 91.29
[[34m2025-06-13 15:50:37[0m] (step=0142800) Train Loss: 0.0940, Train Steps/Sec: 1.89, Samples/Sec: 90.94
[[34m2025-06-13 15:51:30[0m] (step=0142900) Train Loss: 0.0973, Train Steps/Sec: 1.91, Samples/Sec: 91.60
[[34m2025-06-13 15:52:22[0m] (step=0143000) Train Loss: 0.0946, Train Steps/Sec: 1.90, Samples/Sec: 91.09
[[34m2025-06-13 15:53:15[0m] (step=0143100) Train Loss: 0.0950, Train Steps/Sec: 1.90, Samples/Sec: 91.38
[[34m2025-06-13 15:54:07[0m] (step=0143200) Train Loss: 0.0978, Train Steps/Sec: 1.91, Samples/Sec: 91.54
[[34m2025-06-13 15:55:00[0m] (step=0143300) Train Loss: 0.0968, Train Steps/Sec: 1.91, Samples/Sec: 91.57
[[34m2025-06-13 15:55:52[0m] (step=0143400) Train Loss: 0.0975, Train Steps/Sec: 1.91, Samples/Sec: 91.50
[[34m2025-06-13 15:56:45[0m] (step=0143500) Train Loss: 0.0999, Train Steps/Sec: 1.90, Samples/Sec: 91.04
[[34m2025-06-13 15:57:37[0m] (step=0143600) Train Loss: 0.0968, Train Steps/Sec: 1.91, Samples/Sec: 91.44
[[34m2025-06-13 15:58:30[0m] (step=0143700) Train Loss: 0.0964, Train Steps/Sec: 1.91, Samples/Sec: 91.51
[[34m2025-06-13 15:59:22[0m] (step=0143800) Train Loss: 0.0985, Train Steps/Sec: 1.90, Samples/Sec: 91.35
[[34m2025-06-13 16:00:15[0m] (step=0143900) Train Loss: 0.0905, Train Steps/Sec: 1.90, Samples/Sec: 91.35
[[34m2025-06-13 16:01:07[0m] (step=0144000) Train Loss: 0.0999, Train Steps/Sec: 1.91, Samples/Sec: 91.55
[[34m2025-06-13 16:01:22[0m] Saved checkpoint to logs/nwm_cdit_airvln/checkpoints/latest.pth.tar
[[34m2025-06-13 16:02:15[0m] (step=0144100) Train Loss: 0.0984, Train Steps/Sec: 1.49, Samples/Sec: 71.50
[[34m2025-06-13 16:03:07[0m] (step=0144200) Train Loss: 0.0984, Train Steps/Sec: 1.91, Samples/Sec: 91.46
[[34m2025-06-13 16:04:00[0m] (step=0144300) Train Loss: 0.0978, Train Steps/Sec: 1.90, Samples/Sec: 91.08
[[34m2025-06-13 16:04:52[0m] (step=0144400) Train Loss: 0.1008, Train Steps/Sec: 1.91, Samples/Sec: 91.62
[[34m2025-06-13 16:05:45[0m] (step=0144500) Train Loss: 0.0980, Train Steps/Sec: 1.91, Samples/Sec: 91.57
[[34m2025-06-13 16:06:37[0m] (step=0144600) Train Loss: 0.1009, Train Steps/Sec: 1.91, Samples/Sec: 91.47
[[34m2025-06-13 16:07:29[0m] (step=0144700) Train Loss: 0.0958, Train Steps/Sec: 1.91, Samples/Sec: 91.49
[[34m2025-06-13 16:08:22[0m] (step=0144800) Train Loss: 0.0962, Train Steps/Sec: 1.90, Samples/Sec: 91.09
[[34m2025-06-13 16:09:15[0m] (step=0144900) Train Loss: 0.0943, Train Steps/Sec: 1.90, Samples/Sec: 91.17
[[34m2025-06-13 16:10:07[0m] (step=0145000) Train Loss: 0.0965, Train Steps/Sec: 1.91, Samples/Sec: 91.47
[[34m2025-06-13 16:11:00[0m] (step=0145100) Train Loss: 0.0942, Train Steps/Sec: 1.91, Samples/Sec: 91.56
[[34m2025-06-13 16:11:52[0m] (step=0145200) Train Loss: 0.0910, Train Steps/Sec: 1.90, Samples/Sec: 91.39
[[34m2025-06-13 16:12:45[0m] (step=0145300) Train Loss: 0.0986, Train Steps/Sec: 1.91, Samples/Sec: 91.49
[[34m2025-06-13 16:13:37[0m] (step=0145400) Train Loss: 0.0950, Train Steps/Sec: 1.91, Samples/Sec: 91.52
[[34m2025-06-13 16:14:30[0m] (step=0145500) Train Loss: 0.0927, Train Steps/Sec: 1.90, Samples/Sec: 91.14
[[34m2025-06-13 16:15:22[0m] (step=0145600) Train Loss: 0.1011, Train Steps/Sec: 1.90, Samples/Sec: 91.29
[[34m2025-06-13 16:16:15[0m] (step=0145700) Train Loss: 0.0944, Train Steps/Sec: 1.91, Samples/Sec: 91.49
[[34m2025-06-13 16:17:07[0m] (step=0145800) Train Loss: 0.0976, Train Steps/Sec: 1.91, Samples/Sec: 91.48
[[34m2025-06-13 16:18:00[0m] (step=0145900) Train Loss: 0.0982, Train Steps/Sec: 1.91, Samples/Sec: 91.46
[[34m2025-06-13 16:18:52[0m] (step=0146000) Train Loss: 0.0933, Train Steps/Sec: 1.91, Samples/Sec: 91.58
[[34m2025-06-13 16:19:07[0m] Saved checkpoint to logs/nwm_cdit_airvln/checkpoints/latest.pth.tar
[[34m2025-06-13 16:19:59[0m] (step=0146100) Train Loss: 0.0985, Train Steps/Sec: 1.49, Samples/Sec: 71.47
[[34m2025-06-13 16:20:52[0m] (step=0146200) Train Loss: 0.0954, Train Steps/Sec: 1.89, Samples/Sec: 90.74
[[34m2025-06-13 16:21:45[0m] (step=0146300) Train Loss: 0.0929, Train Steps/Sec: 1.91, Samples/Sec: 91.52
[[34m2025-06-13 16:22:37[0m] (step=0146400) Train Loss: 0.0987, Train Steps/Sec: 1.91, Samples/Sec: 91.58
[[34m2025-06-13 16:23:30[0m] (step=0146500) Train Loss: 0.0995, Train Steps/Sec: 1.91, Samples/Sec: 91.58
[[34m2025-06-13 16:24:22[0m] (step=0146600) Train Loss: 0.0965, Train Steps/Sec: 1.90, Samples/Sec: 91.10
[[34m2025-06-13 16:25:15[0m] (step=0146700) Train Loss: 0.1019, Train Steps/Sec: 1.90, Samples/Sec: 91.38
[[34m2025-06-13 16:26:08[0m] (step=0146800) Train Loss: 0.0971, Train Steps/Sec: 1.89, Samples/Sec: 90.87
[[34m2025-06-13 16:27:00[0m] (step=0146900) Train Loss: 0.0999, Train Steps/Sec: 1.90, Samples/Sec: 91.11
[[34m2025-06-13 16:27:53[0m] (step=0147000) Train Loss: 0.0963, Train Steps/Sec: 1.91, Samples/Sec: 91.66
[[34m2025-06-13 16:28:45[0m] (step=0147100) Train Loss: 0.0972, Train Steps/Sec: 1.91, Samples/Sec: 91.64
[[34m2025-06-13 16:29:38[0m] (step=0147200) Train Loss: 0.0977, Train Steps/Sec: 1.91, Samples/Sec: 91.45
[[34m2025-06-13 16:30:30[0m] (step=0147300) Train Loss: 0.1028, Train Steps/Sec: 1.91, Samples/Sec: 91.54
[[34m2025-06-13 16:31:22[0m] (step=0147400) Train Loss: 0.0969, Train Steps/Sec: 1.91, Samples/Sec: 91.54
[[34m2025-06-13 16:32:15[0m] (step=0147500) Train Loss: 0.0988, Train Steps/Sec: 1.89, Samples/Sec: 90.91
[[34m2025-06-13 16:33:08[0m] (step=0147600) Train Loss: 0.1006, Train Steps/Sec: 1.90, Samples/Sec: 91.40
[[34m2025-06-13 16:34:00[0m] (step=0147700) Train Loss: 0.0932, Train Steps/Sec: 1.91, Samples/Sec: 91.49
[[34m2025-06-13 16:34:53[0m] (step=0147800) Train Loss: 0.0992, Train Steps/Sec: 1.91, Samples/Sec: 91.67
[[34m2025-06-13 16:35:45[0m] (step=0147900) Train Loss: 0.0966, Train Steps/Sec: 1.91, Samples/Sec: 91.48
[[34m2025-06-13 16:36:38[0m] (step=0148000) Train Loss: 0.0996, Train Steps/Sec: 1.90, Samples/Sec: 91.29
[[34m2025-06-13 16:36:52[0m] Saved checkpoint to logs/nwm_cdit_airvln/checkpoints/latest.pth.tar
[[34m2025-06-13 16:37:45[0m] (step=0148100) Train Loss: 0.0966, Train Steps/Sec: 1.50, Samples/Sec: 71.79
[[34m2025-06-13 16:38:37[0m] (step=0148200) Train Loss: 0.0923, Train Steps/Sec: 1.90, Samples/Sec: 91.14
[[34m2025-06-13 16:39:30[0m] (step=0148300) Train Loss: 0.0976, Train Steps/Sec: 1.90, Samples/Sec: 91.37
[[34m2025-06-13 16:40:22[0m] (step=0148400) Train Loss: 0.0992, Train Steps/Sec: 1.90, Samples/Sec: 91.31
[[34m2025-06-13 16:41:15[0m] (step=0148500) Train Loss: 0.0982, Train Steps/Sec: 1.90, Samples/Sec: 91.24
[[34m2025-06-13 16:42:07[0m] (step=0148600) Train Loss: 0.0979, Train Steps/Sec: 1.90, Samples/Sec: 91.33
[[34m2025-06-13 16:43:00[0m] (step=0148700) Train Loss: 0.0962, Train Steps/Sec: 1.91, Samples/Sec: 91.45
[[34m2025-06-13 16:43:53[0m] (step=0148800) Train Loss: 0.1010, Train Steps/Sec: 1.90, Samples/Sec: 91.05
[[34m2025-06-13 16:44:45[0m] (step=0148900) Train Loss: 0.0993, Train Steps/Sec: 1.90, Samples/Sec: 91.26
[[34m2025-06-13 16:45:38[0m] (step=0149000) Train Loss: 0.0967, Train Steps/Sec: 1.91, Samples/Sec: 91.59
[[34m2025-06-13 16:46:30[0m] (step=0149100) Train Loss: 0.0949, Train Steps/Sec: 1.90, Samples/Sec: 91.41
[[34m2025-06-13 16:47:23[0m] (step=0149200) Train Loss: 0.0958, Train Steps/Sec: 1.90, Samples/Sec: 91.36
[[34m2025-06-13 16:48:15[0m] (step=0149300) Train Loss: 0.1041, Train Steps/Sec: 1.90, Samples/Sec: 91.14
[[34m2025-06-13 16:49:08[0m] (step=0149400) Train Loss: 0.1017, Train Steps/Sec: 1.90, Samples/Sec: 91.05
[[34m2025-06-13 16:50:01[0m] (step=0149500) Train Loss: 0.0974, Train Steps/Sec: 1.89, Samples/Sec: 90.51
[[34m2025-06-13 16:50:54[0m] (step=0149600) Train Loss: 0.0932, Train Steps/Sec: 1.90, Samples/Sec: 91.28
[[34m2025-06-13 16:51:46[0m] (step=0149700) Train Loss: 0.0968, Train Steps/Sec: 1.90, Samples/Sec: 91.17
[[34m2025-06-13 16:52:39[0m] (step=0149800) Train Loss: 0.0932, Train Steps/Sec: 1.91, Samples/Sec: 91.48
[[34m2025-06-13 16:53:31[0m] (step=0149900) Train Loss: 0.0987, Train Steps/Sec: 1.91, Samples/Sec: 91.47
[[34m2025-06-13 16:54:24[0m] (step=0150000) Train Loss: 0.0990, Train Steps/Sec: 1.90, Samples/Sec: 91.32
Using cache found in ./models/facebookresearch_dino_main
Using cache found in ./models/facebookresearch_dino_main
Using cache found in ./models/facebookresearch_dino_main
[[34m2025-06-13 16:54:39[0m] Saved checkpoint to logs/nwm_cdit_airvln/checkpoints/latest.pth.tar
Using cache found in ./models/facebookresearch_dino_main
[[34m2025-06-13 16:54:42[0m] Already found a `peft_config` attribute in the model. This will lead to having multiple adapters in the model. Make sure to know what you are doing!
[[34m2025-06-13 16:56:48[0m] (step=0150000) Perceptual Loss: 0.2694, Eval Time: 129.19
[[34m2025-06-13 16:57:41[0m] (step=0150100) Train Loss: 0.0984, Train Steps/Sec: 0.51, Samples/Sec: 24.40
[[34m2025-06-13 16:58:33[0m] (step=0150200) Train Loss: 0.1016, Train Steps/Sec: 1.90, Samples/Sec: 91.32
[[34m2025-06-13 16:59:26[0m] (step=0150300) Train Loss: 0.0983, Train Steps/Sec: 1.90, Samples/Sec: 91.16
[[34m2025-06-13 17:00:18[0m] (step=0150400) Train Loss: 0.0950, Train Steps/Sec: 1.90, Samples/Sec: 91.41
[[34m2025-06-13 17:01:11[0m] (step=0150500) Train Loss: 0.0948, Train Steps/Sec: 1.90, Samples/Sec: 91.41
[[34m2025-06-13 17:02:03[0m] (step=0150600) Train Loss: 0.0985, Train Steps/Sec: 1.90, Samples/Sec: 91.39
[[34m2025-06-13 17:02:56[0m] (step=0150700) Train Loss: 0.0918, Train Steps/Sec: 1.90, Samples/Sec: 91.04
[[34m2025-06-13 17:03:49[0m] (step=0150800) Train Loss: 0.0968, Train Steps/Sec: 1.90, Samples/Sec: 91.26
[[34m2025-06-13 17:04:41[0m] (step=0150900) Train Loss: 0.0964, Train Steps/Sec: 1.90, Samples/Sec: 91.36
[[34m2025-06-13 17:05:34[0m] (step=0151000) Train Loss: 0.0975, Train Steps/Sec: 1.91, Samples/Sec: 91.49
[[34m2025-06-13 17:06:26[0m] (step=0151100) Train Loss: 0.0912, Train Steps/Sec: 1.90, Samples/Sec: 91.21
[[34m2025-06-13 17:07:19[0m] (step=0151200) Train Loss: 0.0977, Train Steps/Sec: 1.90, Samples/Sec: 91.19
[[34m2025-06-13 17:08:12[0m] (step=0151300) Train Loss: 0.0987, Train Steps/Sec: 1.90, Samples/Sec: 91.29
[[34m2025-06-13 17:09:04[0m] (step=0151400) Train Loss: 0.0958, Train Steps/Sec: 1.89, Samples/Sec: 90.87
[[34m2025-06-13 17:09:57[0m] (step=0151500) Train Loss: 0.0933, Train Steps/Sec: 1.91, Samples/Sec: 91.56
[[34m2025-06-13 17:10:49[0m] (step=0151600) Train Loss: 0.0923, Train Steps/Sec: 1.90, Samples/Sec: 91.42
[[34m2025-06-13 17:11:42[0m] (step=0151700) Train Loss: 0.0939, Train Steps/Sec: 1.91, Samples/Sec: 91.51
[[34m2025-06-13 17:12:34[0m] (step=0151800) Train Loss: 0.0969, Train Steps/Sec: 1.90, Samples/Sec: 91.44
[[34m2025-06-13 17:13:27[0m] (step=0151900) Train Loss: 0.0952, Train Steps/Sec: 1.89, Samples/Sec: 90.85
[[34m2025-06-13 17:14:20[0m] (step=0152000) Train Loss: 0.0930, Train Steps/Sec: 1.90, Samples/Sec: 91.24
[[34m2025-06-13 17:14:35[0m] Saved checkpoint to logs/nwm_cdit_airvln/checkpoints/latest.pth.tar
[[34m2025-06-13 17:15:28[0m] (step=0152100) Train Loss: 0.0908, Train Steps/Sec: 1.46, Samples/Sec: 70.26
[[34m2025-06-13 17:16:21[0m] (step=0152200) Train Loss: 0.0965, Train Steps/Sec: 1.89, Samples/Sec: 90.71
[[34m2025-06-13 17:17:14[0m] (step=0152300) Train Loss: 0.0978, Train Steps/Sec: 1.90, Samples/Sec: 91.03
[[34m2025-06-13 17:18:07[0m] (step=0152400) Train Loss: 0.0993, Train Steps/Sec: 1.89, Samples/Sec: 90.82
[[34m2025-06-13 17:18:53[0m] Beginning epoch 7...
[[34m2025-06-13 17:19:00[0m] (step=0152500) Train Loss: 0.1019, Train Steps/Sec: 1.88, Samples/Sec: 90.17
[[34m2025-06-13 17:19:53[0m] (step=0152600) Train Loss: 0.0927, Train Steps/Sec: 1.87, Samples/Sec: 89.74
[[34m2025-06-13 17:20:47[0m] (step=0152700) Train Loss: 0.0972, Train Steps/Sec: 1.86, Samples/Sec: 89.14
[[34m2025-06-13 17:21:42[0m] (step=0152800) Train Loss: 0.1005, Train Steps/Sec: 1.82, Samples/Sec: 87.60
[[34m2025-06-13 17:22:39[0m] (step=0152900) Train Loss: 0.0978, Train Steps/Sec: 1.76, Samples/Sec: 84.55
[[34m2025-06-13 17:23:37[0m] (step=0153000) Train Loss: 0.0946, Train Steps/Sec: 1.73, Samples/Sec: 82.83
[[34m2025-06-13 17:24:33[0m] (step=0153100) Train Loss: 0.0939, Train Steps/Sec: 1.78, Samples/Sec: 85.45
[[34m2025-06-13 17:25:27[0m] (step=0153200) Train Loss: 0.0939, Train Steps/Sec: 1.83, Samples/Sec: 88.05
[[34m2025-06-13 17:26:20[0m] (step=0153300) Train Loss: 0.0943, Train Steps/Sec: 1.88, Samples/Sec: 90.45
[[34m2025-06-13 17:27:14[0m] (step=0153400) Train Loss: 0.0960, Train Steps/Sec: 1.86, Samples/Sec: 89.22
[[34m2025-06-13 17:28:07[0m] (step=0153500) Train Loss: 0.1003, Train Steps/Sec: 1.88, Samples/Sec: 90.32
[[34m2025-06-13 17:29:00[0m] (step=0153600) Train Loss: 0.0972, Train Steps/Sec: 1.89, Samples/Sec: 90.64
[[34m2025-06-13 17:29:54[0m] (step=0153700) Train Loss: 0.0962, Train Steps/Sec: 1.86, Samples/Sec: 89.47
[[34m2025-06-13 17:30:47[0m] (step=0153800) Train Loss: 0.0974, Train Steps/Sec: 1.88, Samples/Sec: 90.42
[[34m2025-06-13 17:31:41[0m] (step=0153900) Train Loss: 0.0999, Train Steps/Sec: 1.87, Samples/Sec: 89.77
[[34m2025-06-13 17:32:34[0m] (step=0154000) Train Loss: 0.0942, Train Steps/Sec: 1.88, Samples/Sec: 90.25
[[34m2025-06-13 17:32:48[0m] Saved checkpoint to logs/nwm_cdit_airvln/checkpoints/latest.pth.tar
[[34m2025-06-13 17:33:42[0m] (step=0154100) Train Loss: 0.0976, Train Steps/Sec: 1.46, Samples/Sec: 70.20
[[34m2025-06-13 17:34:35[0m] (step=0154200) Train Loss: 0.0944, Train Steps/Sec: 1.89, Samples/Sec: 90.53
[[34m2025-06-13 17:35:28[0m] (step=0154300) Train Loss: 0.0997, Train Steps/Sec: 1.88, Samples/Sec: 90.47
[[34m2025-06-13 17:36:22[0m] (step=0154400) Train Loss: 0.0986, Train Steps/Sec: 1.86, Samples/Sec: 89.46
[[34m2025-06-13 17:37:15[0m] (step=0154500) Train Loss: 0.0950, Train Steps/Sec: 1.88, Samples/Sec: 90.46
[[34m2025-06-13 17:38:08[0m] (step=0154600) Train Loss: 0.0980, Train Steps/Sec: 1.89, Samples/Sec: 90.48
[[34m2025-06-13 17:39:02[0m] (step=0154700) Train Loss: 0.0991, Train Steps/Sec: 1.86, Samples/Sec: 89.37
[[34m2025-06-13 17:39:55[0m] (step=0154800) Train Loss: 0.0943, Train Steps/Sec: 1.88, Samples/Sec: 90.13
[[34m2025-06-13 17:40:49[0m] (step=0154900) Train Loss: 0.0958, Train Steps/Sec: 1.86, Samples/Sec: 89.49
[[34m2025-06-13 17:41:42[0m] (step=0155000) Train Loss: 0.0912, Train Steps/Sec: 1.88, Samples/Sec: 90.24
[[34m2025-06-13 17:42:35[0m] (step=0155100) Train Loss: 0.0951, Train Steps/Sec: 1.89, Samples/Sec: 90.57
[[34m2025-06-13 17:43:28[0m] (step=0155200) Train Loss: 0.0958, Train Steps/Sec: 1.87, Samples/Sec: 89.65
[[34m2025-06-13 17:44:21[0m] (step=0155300) Train Loss: 0.0960, Train Steps/Sec: 1.89, Samples/Sec: 90.49
[[34m2025-06-13 17:45:15[0m] (step=0155400) Train Loss: 0.0965, Train Steps/Sec: 1.87, Samples/Sec: 89.96
[[34m2025-06-13 17:46:08[0m] (step=0155500) Train Loss: 0.0998, Train Steps/Sec: 1.87, Samples/Sec: 89.76
[[34m2025-06-13 17:47:01[0m] (step=0155600) Train Loss: 0.0994, Train Steps/Sec: 1.89, Samples/Sec: 90.49
[[34m2025-06-13 17:47:55[0m] (step=0155700) Train Loss: 0.0954, Train Steps/Sec: 1.87, Samples/Sec: 89.77
[[34m2025-06-13 17:48:48[0m] (step=0155800) Train Loss: 0.0979, Train Steps/Sec: 1.88, Samples/Sec: 90.04
[[34m2025-06-13 17:49:41[0m] (step=0155900) Train Loss: 0.0956, Train Steps/Sec: 1.88, Samples/Sec: 90.19
[[34m2025-06-13 17:50:35[0m] (step=0156000) Train Loss: 0.0934, Train Steps/Sec: 1.86, Samples/Sec: 89.19
[[34m2025-06-13 17:50:50[0m] Saved checkpoint to logs/nwm_cdit_airvln/checkpoints/latest.pth.tar
[[34m2025-06-13 17:51:43[0m] (step=0156100) Train Loss: 0.0932, Train Steps/Sec: 1.47, Samples/Sec: 70.71
[[34m2025-06-13 17:52:36[0m] (step=0156200) Train Loss: 0.1009, Train Steps/Sec: 1.87, Samples/Sec: 89.79
[[34m2025-06-13 17:53:29[0m] (step=0156300) Train Loss: 0.0972, Train Steps/Sec: 1.89, Samples/Sec: 90.53
[[34m2025-06-13 17:54:23[0m] (step=0156400) Train Loss: 0.0993, Train Steps/Sec: 1.88, Samples/Sec: 90.39
[[34m2025-06-13 17:55:16[0m] (step=0156500) Train Loss: 0.1003, Train Steps/Sec: 1.86, Samples/Sec: 89.52
[[34m2025-06-13 17:56:09[0m] (step=0156600) Train Loss: 0.0945, Train Steps/Sec: 1.89, Samples/Sec: 90.49
[[34m2025-06-13 17:57:03[0m] (step=0156700) Train Loss: 0.0969, Train Steps/Sec: 1.86, Samples/Sec: 89.26
[[34m2025-06-13 17:57:56[0m] (step=0156800) Train Loss: 0.1007, Train Steps/Sec: 1.89, Samples/Sec: 90.49
[[34m2025-06-13 17:58:49[0m] (step=0156900) Train Loss: 0.0974, Train Steps/Sec: 1.89, Samples/Sec: 90.59
[[34m2025-06-13 17:59:43[0m] (step=0157000) Train Loss: 0.0974, Train Steps/Sec: 1.86, Samples/Sec: 89.43
[[34m2025-06-13 18:00:36[0m] (step=0157100) Train Loss: 0.0961, Train Steps/Sec: 1.88, Samples/Sec: 90.40
[[34m2025-06-13 18:01:29[0m] (step=0157200) Train Loss: 0.0988, Train Steps/Sec: 1.88, Samples/Sec: 90.27
[[34m2025-06-13 18:02:23[0m] (step=0157300) Train Loss: 0.0932, Train Steps/Sec: 1.86, Samples/Sec: 89.46
[[34m2025-06-13 18:03:16[0m] (step=0157400) Train Loss: 0.0950, Train Steps/Sec: 1.87, Samples/Sec: 89.73
[[34m2025-06-13 18:04:10[0m] (step=0157500) Train Loss: 0.0914, Train Steps/Sec: 1.87, Samples/Sec: 89.56
[[34m2025-06-13 18:05:03[0m] (step=0157600) Train Loss: 0.0947, Train Steps/Sec: 1.88, Samples/Sec: 90.33
[[34m2025-06-13 18:05:56[0m] (step=0157700) Train Loss: 0.0928, Train Steps/Sec: 1.89, Samples/Sec: 90.68
[[34m2025-06-13 18:06:49[0m] (step=0157800) Train Loss: 0.0969, Train Steps/Sec: 1.87, Samples/Sec: 89.55
[[34m2025-06-13 18:07:42[0m] (step=0157900) Train Loss: 0.0960, Train Steps/Sec: 1.89, Samples/Sec: 90.62
[[34m2025-06-13 18:08:35[0m] (step=0158000) Train Loss: 0.0957, Train Steps/Sec: 1.89, Samples/Sec: 90.55
[[34m2025-06-13 18:08:52[0m] Saved checkpoint to logs/nwm_cdit_airvln/checkpoints/latest.pth.tar
[[34m2025-06-13 18:09:45[0m] (step=0158100) Train Loss: 0.0953, Train Steps/Sec: 1.44, Samples/Sec: 69.07
[[34m2025-06-13 18:10:38[0m] (step=0158200) Train Loss: 0.0969, Train Steps/Sec: 1.87, Samples/Sec: 89.67
[[34m2025-06-13 18:11:32[0m] (step=0158300) Train Loss: 0.0982, Train Steps/Sec: 1.88, Samples/Sec: 90.11
[[34m2025-06-13 18:12:25[0m] (step=0158400) Train Loss: 0.0905, Train Steps/Sec: 1.88, Samples/Sec: 90.15
[[34m2025-06-13 18:13:18[0m] (step=0158500) Train Loss: 0.0937, Train Steps/Sec: 1.87, Samples/Sec: 89.72
[[34m2025-06-13 18:14:11[0m] (step=0158600) Train Loss: 0.0901, Train Steps/Sec: 1.89, Samples/Sec: 90.60
[[34m2025-06-13 18:15:05[0m] (step=0158700) Train Loss: 0.0911, Train Steps/Sec: 1.88, Samples/Sec: 90.31
[[34m2025-06-13 18:15:58[0m] (step=0158800) Train Loss: 0.0902, Train Steps/Sec: 1.86, Samples/Sec: 89.33
[[34m2025-06-13 18:16:51[0m] (step=0158900) Train Loss: 0.0959, Train Steps/Sec: 1.89, Samples/Sec: 90.49
[[34m2025-06-13 18:17:45[0m] (step=0159000) Train Loss: 0.1000, Train Steps/Sec: 1.88, Samples/Sec: 90.01
[[34m2025-06-13 18:18:38[0m] (step=0159100) Train Loss: 0.0962, Train Steps/Sec: 1.87, Samples/Sec: 89.96
[[34m2025-06-13 18:19:31[0m] (step=0159200) Train Loss: 0.0915, Train Steps/Sec: 1.88, Samples/Sec: 90.23
[[34m2025-06-13 18:20:25[0m] (step=0159300) Train Loss: 0.0933, Train Steps/Sec: 1.85, Samples/Sec: 88.79
[[34m2025-06-13 18:21:20[0m] (step=0159400) Train Loss: 0.0946, Train Steps/Sec: 1.84, Samples/Sec: 88.19
[[34m2025-06-13 18:22:13[0m] (step=0159500) Train Loss: 0.0953, Train Steps/Sec: 1.86, Samples/Sec: 89.38
[[34m2025-06-13 18:23:08[0m] (step=0159600) Train Loss: 0.0944, Train Steps/Sec: 1.84, Samples/Sec: 88.25
[[34m2025-06-13 18:24:02[0m] (step=0159700) Train Loss: 0.0964, Train Steps/Sec: 1.86, Samples/Sec: 89.33
[[34m2025-06-13 18:24:56[0m] (step=0159800) Train Loss: 0.0965, Train Steps/Sec: 1.83, Samples/Sec: 88.02
[[34m2025-06-13 18:25:50[0m] (step=0159900) Train Loss: 0.0945, Train Steps/Sec: 1.86, Samples/Sec: 89.44
[[34m2025-06-13 18:26:44[0m] (step=0160000) Train Loss: 0.0974, Train Steps/Sec: 1.85, Samples/Sec: 89.04
Using cache found in ./models/facebookresearch_dino_main
Using cache found in ./models/facebookresearch_dino_main
Using cache found in ./models/facebookresearch_dino_main
[[34m2025-06-13 18:27:17[0m] Saved checkpoint to logs/nwm_cdit_airvln/checkpoints/0160000.pth.tar
Using cache found in ./models/facebookresearch_dino_main
[[34m2025-06-13 18:27:20[0m] Already found a `peft_config` attribute in the model. This will lead to having multiple adapters in the model. Make sure to know what you are doing!
[[34m2025-06-13 18:29:25[0m] (step=0160000) Perceptual Loss: 0.2491, Eval Time: 128.47
[[34m2025-06-13 18:30:18[0m] (step=0160100) Train Loss: 0.0947, Train Steps/Sec: 0.47, Samples/Sec: 22.37
[[34m2025-06-13 18:31:11[0m] (step=0160200) Train Loss: 0.0913, Train Steps/Sec: 1.90, Samples/Sec: 91.18
[[34m2025-06-13 18:32:04[0m] (step=0160300) Train Loss: 0.0960, Train Steps/Sec: 1.89, Samples/Sec: 90.74
[[34m2025-06-13 18:32:56[0m] (step=0160400) Train Loss: 0.0976, Train Steps/Sec: 1.90, Samples/Sec: 91.26
[[34m2025-06-13 18:33:49[0m] (step=0160500) Train Loss: 0.0995, Train Steps/Sec: 1.89, Samples/Sec: 90.93
[[34m2025-06-13 18:34:42[0m] (step=0160600) Train Loss: 0.0950, Train Steps/Sec: 1.89, Samples/Sec: 90.84
[[34m2025-06-13 18:35:35[0m] (step=0160700) Train Loss: 0.0977, Train Steps/Sec: 1.89, Samples/Sec: 90.74
[[34m2025-06-13 18:36:28[0m] (step=0160800) Train Loss: 0.0980, Train Steps/Sec: 1.88, Samples/Sec: 90.40
[[34m2025-06-13 18:37:21[0m] (step=0160900) Train Loss: 0.0912, Train Steps/Sec: 1.90, Samples/Sec: 91.08
[[34m2025-06-13 18:38:14[0m] (step=0161000) Train Loss: 0.0954, Train Steps/Sec: 1.89, Samples/Sec: 90.77
[[34m2025-06-13 18:39:06[0m] (step=0161100) Train Loss: 0.1003, Train Steps/Sec: 1.90, Samples/Sec: 91.35
[[34m2025-06-13 18:39:59[0m] (step=0161200) Train Loss: 0.0935, Train Steps/Sec: 1.89, Samples/Sec: 90.62
[[34m2025-06-13 18:40:52[0m] (step=0161300) Train Loss: 0.0920, Train Steps/Sec: 1.90, Samples/Sec: 91.27
[[34m2025-06-13 18:41:45[0m] (step=0161400) Train Loss: 0.0952, Train Steps/Sec: 1.89, Samples/Sec: 90.65
[[34m2025-06-13 18:42:38[0m] (step=0161500) Train Loss: 0.0978, Train Steps/Sec: 1.89, Samples/Sec: 90.74
[[34m2025-06-13 18:43:30[0m] (step=0161600) Train Loss: 0.0935, Train Steps/Sec: 1.90, Samples/Sec: 91.26
[[34m2025-06-13 18:44:23[0m] (step=0161700) Train Loss: 0.0980, Train Steps/Sec: 1.89, Samples/Sec: 90.86
[[34m2025-06-13 18:45:16[0m] (step=0161800) Train Loss: 0.0914, Train Steps/Sec: 1.90, Samples/Sec: 91.19
[[34m2025-06-13 18:46:09[0m] (step=0161900) Train Loss: 0.0948, Train Steps/Sec: 1.88, Samples/Sec: 90.28
[[34m2025-06-13 18:47:02[0m] (step=0162000) Train Loss: 0.0919, Train Steps/Sec: 1.89, Samples/Sec: 90.93
[[34m2025-06-13 18:47:16[0m] Saved checkpoint to logs/nwm_cdit_airvln/checkpoints/latest.pth.tar
[[34m2025-06-13 18:48:09[0m] (step=0162100) Train Loss: 0.0995, Train Steps/Sec: 1.48, Samples/Sec: 70.92
[[34m2025-06-13 18:49:02[0m] (step=0162200) Train Loss: 0.0979, Train Steps/Sec: 1.90, Samples/Sec: 91.16
[[34m2025-06-13 18:49:55[0m] (step=0162300) Train Loss: 0.0907, Train Steps/Sec: 1.89, Samples/Sec: 90.60
[[34m2025-06-13 18:50:48[0m] (step=0162400) Train Loss: 0.0937, Train Steps/Sec: 1.90, Samples/Sec: 91.03
[[34m2025-06-13 18:51:41[0m] (step=0162500) Train Loss: 0.0941, Train Steps/Sec: 1.88, Samples/Sec: 90.29
[[34m2025-06-13 18:52:33[0m] (step=0162600) Train Loss: 0.0999, Train Steps/Sec: 1.90, Samples/Sec: 91.09
[[34m2025-06-13 18:53:26[0m] (step=0162700) Train Loss: 0.1023, Train Steps/Sec: 1.89, Samples/Sec: 90.81
[[34m2025-06-13 18:54:19[0m] (step=0162800) Train Loss: 0.0978, Train Steps/Sec: 1.89, Samples/Sec: 90.60
[[34m2025-06-13 18:55:12[0m] (step=0162900) Train Loss: 0.0948, Train Steps/Sec: 1.89, Samples/Sec: 90.83
[[34m2025-06-13 18:56:05[0m] (step=0163000) Train Loss: 0.0938, Train Steps/Sec: 1.89, Samples/Sec: 90.94
[[34m2025-06-13 18:56:58[0m] (step=0163100) Train Loss: 0.0969, Train Steps/Sec: 1.90, Samples/Sec: 91.06
[[34m2025-06-13 18:57:51[0m] (step=0163200) Train Loss: 0.0934, Train Steps/Sec: 1.88, Samples/Sec: 90.32
[[34m2025-06-13 18:58:43[0m] (step=0163300) Train Loss: 0.0959, Train Steps/Sec: 1.90, Samples/Sec: 91.19
[[34m2025-06-13 18:59:36[0m] (step=0163400) Train Loss: 0.0933, Train Steps/Sec: 1.89, Samples/Sec: 90.59
[[34m2025-06-13 19:00:29[0m] (step=0163500) Train Loss: 0.0960, Train Steps/Sec: 1.89, Samples/Sec: 90.79
[[34m2025-06-13 19:01:22[0m] (step=0163600) Train Loss: 0.0996, Train Steps/Sec: 1.90, Samples/Sec: 91.11
[[34m2025-06-13 19:02:15[0m] (step=0163700) Train Loss: 0.0996, Train Steps/Sec: 1.89, Samples/Sec: 90.92
[[34m2025-06-13 19:03:08[0m] (step=0163800) Train Loss: 0.0967, Train Steps/Sec: 1.90, Samples/Sec: 90.97
[[34m2025-06-13 19:04:00[0m] (step=0163900) Train Loss: 0.1007, Train Steps/Sec: 1.89, Samples/Sec: 90.77
[[34m2025-06-13 19:04:53[0m] (step=0164000) Train Loss: 0.0958, Train Steps/Sec: 1.90, Samples/Sec: 91.25
[[34m2025-06-13 19:05:08[0m] Saved checkpoint to logs/nwm_cdit_airvln/checkpoints/latest.pth.tar
[[34m2025-06-13 19:06:01[0m] (step=0164100) Train Loss: 0.0917, Train Steps/Sec: 1.48, Samples/Sec: 71.02
[[34m2025-06-13 19:06:53[0m] (step=0164200) Train Loss: 0.0933, Train Steps/Sec: 1.90, Samples/Sec: 91.20
[[34m2025-06-13 19:07:46[0m] (step=0164300) Train Loss: 0.0938, Train Steps/Sec: 1.89, Samples/Sec: 90.60
[[34m2025-06-13 19:08:39[0m] (step=0164400) Train Loss: 0.1047, Train Steps/Sec: 1.90, Samples/Sec: 90.96
[[34m2025-06-13 19:09:32[0m] (step=0164500) Train Loss: 0.0952, Train Steps/Sec: 1.90, Samples/Sec: 90.97
[[34m2025-06-13 19:10:24[0m] (step=0164600) Train Loss: 0.0940, Train Steps/Sec: 1.90, Samples/Sec: 91.14
[[34m2025-06-13 19:11:17[0m] (step=0164700) Train Loss: 0.1036, Train Steps/Sec: 1.89, Samples/Sec: 90.74
[[34m2025-06-13 19:12:10[0m] (step=0164800) Train Loss: 0.0928, Train Steps/Sec: 1.89, Samples/Sec: 90.71
[[34m2025-06-13 19:13:03[0m] (step=0164900) Train Loss: 0.0982, Train Steps/Sec: 1.90, Samples/Sec: 91.10
[[34m2025-06-13 19:13:56[0m] (step=0165000) Train Loss: 0.0930, Train Steps/Sec: 1.89, Samples/Sec: 90.75
[[34m2025-06-13 19:14:49[0m] (step=0165100) Train Loss: 0.0944, Train Steps/Sec: 1.90, Samples/Sec: 91.17
[[34m2025-06-13 19:15:41[0m] (step=0165200) Train Loss: 0.0898, Train Steps/Sec: 1.90, Samples/Sec: 91.05
[[34m2025-06-13 19:16:35[0m] (step=0165300) Train Loss: 0.0957, Train Steps/Sec: 1.87, Samples/Sec: 89.57
[[34m2025-06-13 19:17:29[0m] (step=0165400) Train Loss: 0.0989, Train Steps/Sec: 1.85, Samples/Sec: 88.59
[[34m2025-06-13 19:18:23[0m] (step=0165500) Train Loss: 0.0914, Train Steps/Sec: 1.85, Samples/Sec: 88.98
[[34m2025-06-13 19:19:17[0m] (step=0165600) Train Loss: 0.0980, Train Steps/Sec: 1.84, Samples/Sec: 88.54
[[34m2025-06-13 19:20:11[0m] (step=0165700) Train Loss: 0.0962, Train Steps/Sec: 1.84, Samples/Sec: 88.56
[[34m2025-06-13 19:21:05[0m] (step=0165800) Train Loss: 0.0923, Train Steps/Sec: 1.88, Samples/Sec: 90.28
[[34m2025-06-13 19:21:58[0m] (step=0165900) Train Loss: 0.0935, Train Steps/Sec: 1.87, Samples/Sec: 89.87
[[34m2025-06-13 19:22:51[0m] (step=0166000) Train Loss: 0.0971, Train Steps/Sec: 1.90, Samples/Sec: 91.27
[[34m2025-06-13 19:23:05[0m] Saved checkpoint to logs/nwm_cdit_airvln/checkpoints/latest.pth.tar
[[34m2025-06-13 19:23:58[0m] (step=0166100) Train Loss: 0.1020, Train Steps/Sec: 1.48, Samples/Sec: 71.16
[[34m2025-06-13 19:24:51[0m] (step=0166200) Train Loss: 0.0975, Train Steps/Sec: 1.90, Samples/Sec: 91.17
[[34m2025-06-13 19:25:44[0m] (step=0166300) Train Loss: 0.0989, Train Steps/Sec: 1.89, Samples/Sec: 90.52
[[34m2025-06-13 19:26:37[0m] (step=0166400) Train Loss: 0.0941, Train Steps/Sec: 1.89, Samples/Sec: 90.91
[[34m2025-06-13 19:27:29[0m] (step=0166500) Train Loss: 0.0938, Train Steps/Sec: 1.89, Samples/Sec: 90.82
[[34m2025-06-13 19:28:22[0m] (step=0166600) Train Loss: 0.0982, Train Steps/Sec: 1.90, Samples/Sec: 91.17
[[34m2025-06-13 19:29:15[0m] (step=0166700) Train Loss: 0.0940, Train Steps/Sec: 1.89, Samples/Sec: 90.60
[[34m2025-06-13 19:30:08[0m] (step=0166800) Train Loss: 0.0958, Train Steps/Sec: 1.89, Samples/Sec: 90.93
[[34m2025-06-13 19:31:00[0m] (step=0166900) Train Loss: 0.0923, Train Steps/Sec: 1.90, Samples/Sec: 91.21
[[34m2025-06-13 19:31:53[0m] (step=0167000) Train Loss: 0.0930, Train Steps/Sec: 1.90, Samples/Sec: 90.99
[[34m2025-06-13 19:32:46[0m] (step=0167100) Train Loss: 0.0910, Train Steps/Sec: 1.90, Samples/Sec: 91.14
[[34m2025-06-13 19:33:39[0m] (step=0167200) Train Loss: 0.0956, Train Steps/Sec: 1.89, Samples/Sec: 90.74
[[34m2025-06-13 19:34:31[0m] (step=0167300) Train Loss: 0.0918, Train Steps/Sec: 1.90, Samples/Sec: 91.28
[[34m2025-06-13 19:35:24[0m] (step=0167400) Train Loss: 0.0970, Train Steps/Sec: 1.89, Samples/Sec: 90.68
[[34m2025-06-13 19:36:17[0m] (step=0167500) Train Loss: 0.1013, Train Steps/Sec: 1.89, Samples/Sec: 90.88
[[34m2025-06-13 19:37:10[0m] (step=0167600) Train Loss: 0.1001, Train Steps/Sec: 1.89, Samples/Sec: 90.95
[[34m2025-06-13 19:38:03[0m] (step=0167700) Train Loss: 0.0945, Train Steps/Sec: 1.89, Samples/Sec: 90.71
[[34m2025-06-13 19:38:56[0m] (step=0167800) Train Loss: 0.0971, Train Steps/Sec: 1.90, Samples/Sec: 90.99
[[34m2025-06-13 19:39:49[0m] (step=0167900) Train Loss: 0.0965, Train Steps/Sec: 1.88, Samples/Sec: 90.43
[[34m2025-06-13 19:40:41[0m] (step=0168000) Train Loss: 0.0983, Train Steps/Sec: 1.90, Samples/Sec: 91.12
[[34m2025-06-13 19:40:56[0m] Saved checkpoint to logs/nwm_cdit_airvln/checkpoints/latest.pth.tar
[[34m2025-06-13 19:41:49[0m] (step=0168100) Train Loss: 0.0963, Train Steps/Sec: 1.48, Samples/Sec: 71.10
[[34m2025-06-13 19:42:42[0m] (step=0168200) Train Loss: 0.0977, Train Steps/Sec: 1.90, Samples/Sec: 90.99
[[34m2025-06-13 19:43:35[0m] (step=0168300) Train Loss: 0.0943, Train Steps/Sec: 1.88, Samples/Sec: 90.44
[[34m2025-06-13 19:44:28[0m] (step=0168400) Train Loss: 0.0923, Train Steps/Sec: 1.89, Samples/Sec: 90.77
[[34m2025-06-13 19:45:21[0m] (step=0168500) Train Loss: 0.0989, Train Steps/Sec: 1.89, Samples/Sec: 90.60
[[34m2025-06-13 19:46:13[0m] (step=0168600) Train Loss: 0.0893, Train Steps/Sec: 1.89, Samples/Sec: 90.96
[[34m2025-06-13 19:47:06[0m] (step=0168700) Train Loss: 0.0959, Train Steps/Sec: 1.89, Samples/Sec: 90.89
[[34m2025-06-13 19:47:59[0m] (step=0168800) Train Loss: 0.0988, Train Steps/Sec: 1.89, Samples/Sec: 90.60
[[34m2025-06-13 19:48:52[0m] (step=0168900) Train Loss: 0.1047, Train Steps/Sec: 1.90, Samples/Sec: 91.09
[[34m2025-06-13 19:49:45[0m] (step=0169000) Train Loss: 0.0995, Train Steps/Sec: 1.89, Samples/Sec: 90.78
[[34m2025-06-13 19:50:37[0m] (step=0169100) Train Loss: 0.0949, Train Steps/Sec: 1.90, Samples/Sec: 91.27
[[34m2025-06-13 19:51:30[0m] (step=0169200) Train Loss: 0.0978, Train Steps/Sec: 1.89, Samples/Sec: 90.62
[[34m2025-06-13 19:52:23[0m] (step=0169300) Train Loss: 0.0990, Train Steps/Sec: 1.90, Samples/Sec: 91.04
[[34m2025-06-13 19:53:16[0m] (step=0169400) Train Loss: 0.0949, Train Steps/Sec: 1.89, Samples/Sec: 90.65
[[34m2025-06-13 19:54:09[0m] (step=0169500) Train Loss: 0.0934, Train Steps/Sec: 1.90, Samples/Sec: 91.07
[[34m2025-06-13 19:55:01[0m] (step=0169600) Train Loss: 0.0932, Train Steps/Sec: 1.89, Samples/Sec: 90.89
[[34m2025-06-13 19:55:54[0m] (step=0169700) Train Loss: 0.0949, Train Steps/Sec: 1.89, Samples/Sec: 90.92
[[34m2025-06-13 19:56:47[0m] (step=0169800) Train Loss: 0.0969, Train Steps/Sec: 1.90, Samples/Sec: 91.08
[[34m2025-06-13 19:57:40[0m] (step=0169900) Train Loss: 0.0969, Train Steps/Sec: 1.89, Samples/Sec: 90.84
[[34m2025-06-13 19:58:32[0m] (step=0170000) Train Loss: 0.0976, Train Steps/Sec: 1.90, Samples/Sec: 91.18
Using cache found in ./models/facebookresearch_dino_main
Using cache found in ./models/facebookresearch_dino_main
Using cache found in ./models/facebookresearch_dino_main
[[34m2025-06-13 19:58:47[0m] Saved checkpoint to logs/nwm_cdit_airvln/checkpoints/latest.pth.tar
Using cache found in ./models/facebookresearch_dino_main
[[34m2025-06-13 19:58:50[0m] Already found a `peft_config` attribute in the model. This will lead to having multiple adapters in the model. Make sure to know what you are doing!
[[34m2025-06-13 20:00:56[0m] (step=0170000) Perceptual Loss: 0.2214, Eval Time: 128.65
[[34m2025-06-13 20:01:49[0m] (step=0170100) Train Loss: 0.0969, Train Steps/Sec: 0.51, Samples/Sec: 24.43
[[34m2025-06-13 20:02:42[0m] (step=0170200) Train Loss: 0.0997, Train Steps/Sec: 1.90, Samples/Sec: 90.99
[[34m2025-06-13 20:03:35[0m] (step=0170300) Train Loss: 0.0959, Train Steps/Sec: 1.88, Samples/Sec: 90.42
[[34m2025-06-13 20:04:28[0m] (step=0170400) Train Loss: 0.0978, Train Steps/Sec: 1.89, Samples/Sec: 90.89
[[34m2025-06-13 20:05:20[0m] (step=0170500) Train Loss: 0.0934, Train Steps/Sec: 1.89, Samples/Sec: 90.92
[[34m2025-06-13 20:06:13[0m] (step=0170600) Train Loss: 0.0945, Train Steps/Sec: 1.90, Samples/Sec: 91.00
[[34m2025-06-13 20:07:06[0m] (step=0170700) Train Loss: 0.0972, Train Steps/Sec: 1.89, Samples/Sec: 90.69
[[34m2025-06-13 20:07:59[0m] (step=0170800) Train Loss: 0.1004, Train Steps/Sec: 1.89, Samples/Sec: 90.80
[[34m2025-06-13 20:08:52[0m] (step=0170900) Train Loss: 0.0929, Train Steps/Sec: 1.89, Samples/Sec: 90.79
[[34m2025-06-13 20:09:45[0m] (step=0171000) Train Loss: 0.0913, Train Steps/Sec: 1.88, Samples/Sec: 90.23
[[34m2025-06-13 20:10:38[0m] (step=0171100) Train Loss: 0.0970, Train Steps/Sec: 1.90, Samples/Sec: 91.04
[[34m2025-06-13 20:11:31[0m] (step=0171200) Train Loss: 0.0974, Train Steps/Sec: 1.89, Samples/Sec: 90.83
[[34m2025-06-13 20:12:23[0m] (step=0171300) Train Loss: 0.0945, Train Steps/Sec: 1.89, Samples/Sec: 90.76
[[34m2025-06-13 20:13:16[0m] (step=0171400) Train Loss: 0.0936, Train Steps/Sec: 1.89, Samples/Sec: 90.79
[[34m2025-06-13 20:14:09[0m] (step=0171500) Train Loss: 0.0974, Train Steps/Sec: 1.89, Samples/Sec: 90.54
[[34m2025-06-13 20:15:02[0m] (step=0171600) Train Loss: 0.0979, Train Steps/Sec: 1.90, Samples/Sec: 91.01
[[34m2025-06-13 20:15:57[0m] (step=0171700) Train Loss: 0.0935, Train Steps/Sec: 1.82, Samples/Sec: 87.49
[[34m2025-06-13 20:16:51[0m] (step=0171800) Train Loss: 0.0918, Train Steps/Sec: 1.85, Samples/Sec: 88.87
[[34m2025-06-13 20:17:45[0m] (step=0171900) Train Loss: 0.0957, Train Steps/Sec: 1.84, Samples/Sec: 88.28
[[34m2025-06-13 20:18:39[0m] (step=0172000) Train Loss: 0.0949, Train Steps/Sec: 1.85, Samples/Sec: 88.73
[[34m2025-06-13 20:18:56[0m] Saved checkpoint to logs/nwm_cdit_airvln/checkpoints/latest.pth.tar
[[34m2025-06-13 20:19:50[0m] (step=0172100) Train Loss: 0.0981, Train Steps/Sec: 1.41, Samples/Sec: 67.59
[[34m2025-06-13 20:20:44[0m] (step=0172200) Train Loss: 0.0960, Train Steps/Sec: 1.86, Samples/Sec: 89.12
[[34m2025-06-13 20:21:39[0m] (step=0172300) Train Loss: 0.0949, Train Steps/Sec: 1.84, Samples/Sec: 88.08
[[34m2025-06-13 20:22:33[0m] (step=0172400) Train Loss: 0.0974, Train Steps/Sec: 1.85, Samples/Sec: 88.78
[[34m2025-06-13 20:23:27[0m] (step=0172500) Train Loss: 0.0899, Train Steps/Sec: 1.85, Samples/Sec: 88.70
[[34m2025-06-13 20:24:21[0m] (step=0172600) Train Loss: 0.0916, Train Steps/Sec: 1.86, Samples/Sec: 89.51
[[34m2025-06-13 20:25:14[0m] (step=0172700) Train Loss: 0.0892, Train Steps/Sec: 1.86, Samples/Sec: 89.15
[[34m2025-06-13 20:26:08[0m] (step=0172800) Train Loss: 0.0956, Train Steps/Sec: 1.86, Samples/Sec: 89.10
[[34m2025-06-13 20:27:02[0m] (step=0172900) Train Loss: 0.0939, Train Steps/Sec: 1.86, Samples/Sec: 89.46
[[34m2025-06-13 20:27:55[0m] (step=0173000) Train Loss: 0.1004, Train Steps/Sec: 1.87, Samples/Sec: 89.89
[[34m2025-06-13 20:28:49[0m] (step=0173100) Train Loss: 0.0989, Train Steps/Sec: 1.85, Samples/Sec: 88.99
[[34m2025-06-13 20:29:43[0m] (step=0173200) Train Loss: 0.0919, Train Steps/Sec: 1.88, Samples/Sec: 90.12
[[34m2025-06-13 20:30:36[0m] (step=0173300) Train Loss: 0.0942, Train Steps/Sec: 1.86, Samples/Sec: 89.34
[[34m2025-06-13 20:31:30[0m] (step=0173400) Train Loss: 0.0973, Train Steps/Sec: 1.87, Samples/Sec: 89.82
[[34m2025-06-13 20:32:24[0m] (step=0173500) Train Loss: 0.0960, Train Steps/Sec: 1.84, Samples/Sec: 88.19
[[34m2025-06-13 20:33:17[0m] (step=0173600) Train Loss: 0.0924, Train Steps/Sec: 1.88, Samples/Sec: 90.23
[[34m2025-06-13 20:34:11[0m] (step=0173700) Train Loss: 0.0934, Train Steps/Sec: 1.86, Samples/Sec: 89.41
[[34m2025-06-13 20:35:05[0m] (step=0173800) Train Loss: 0.0974, Train Steps/Sec: 1.86, Samples/Sec: 89.44
[[34m2025-06-13 20:35:58[0m] (step=0173900) Train Loss: 0.0954, Train Steps/Sec: 1.86, Samples/Sec: 89.43
[[34m2025-06-13 20:36:52[0m] (step=0174000) Train Loss: 0.1009, Train Steps/Sec: 1.86, Samples/Sec: 89.24
[[34m2025-06-13 20:37:07[0m] Saved checkpoint to logs/nwm_cdit_airvln/checkpoints/latest.pth.tar
[[34m2025-06-13 20:38:00[0m] (step=0174100) Train Loss: 0.1029, Train Steps/Sec: 1.47, Samples/Sec: 70.37
[[34m2025-06-13 20:38:54[0m] (step=0174200) Train Loss: 0.0960, Train Steps/Sec: 1.87, Samples/Sec: 89.97
[[34m2025-06-13 20:39:32[0m] Beginning epoch 8...
[[34m2025-06-13 20:39:48[0m] (step=0174300) Train Loss: 0.0968, Train Steps/Sec: 1.84, Samples/Sec: 88.45
[[34m2025-06-13 20:40:42[0m] (step=0174400) Train Loss: 0.0888, Train Steps/Sec: 1.84, Samples/Sec: 88.30
[[34m2025-06-13 20:41:38[0m] (step=0174500) Train Loss: 0.1000, Train Steps/Sec: 1.81, Samples/Sec: 86.88
[[34m2025-06-13 20:42:32[0m] (step=0174600) Train Loss: 0.0926, Train Steps/Sec: 1.84, Samples/Sec: 88.17
[[34m2025-06-13 20:43:27[0m] (step=0174700) Train Loss: 0.0965, Train Steps/Sec: 1.81, Samples/Sec: 86.72
[[34m2025-06-13 20:44:22[0m] (step=0174800) Train Loss: 0.0940, Train Steps/Sec: 1.84, Samples/Sec: 88.12
[[34m2025-06-13 20:45:17[0m] (step=0174900) Train Loss: 0.0961, Train Steps/Sec: 1.82, Samples/Sec: 87.36
[[34m2025-06-13 20:46:11[0m] (step=0175000) Train Loss: 0.0959, Train Steps/Sec: 1.84, Samples/Sec: 88.38
[[34m2025-06-13 20:47:05[0m] (step=0175100) Train Loss: 0.0886, Train Steps/Sec: 1.86, Samples/Sec: 89.29
[[34m2025-06-13 20:48:00[0m] (step=0175200) Train Loss: 0.0938, Train Steps/Sec: 1.82, Samples/Sec: 87.59
[[34m2025-06-13 20:48:53[0m] (step=0175300) Train Loss: 0.0964, Train Steps/Sec: 1.86, Samples/Sec: 89.48
[[34m2025-06-13 20:49:48[0m] (step=0175400) Train Loss: 0.0999, Train Steps/Sec: 1.83, Samples/Sec: 88.01
[[34m2025-06-13 20:50:42[0m] (step=0175500) Train Loss: 0.0900, Train Steps/Sec: 1.84, Samples/Sec: 88.54
[[34m2025-06-13 20:51:37[0m] (step=0175600) Train Loss: 0.0903, Train Steps/Sec: 1.84, Samples/Sec: 88.13
[[34m2025-06-13 20:52:30[0m] (step=0175700) Train Loss: 0.0906, Train Steps/Sec: 1.86, Samples/Sec: 89.45
[[34m2025-06-13 20:53:24[0m] (step=0175800) Train Loss: 0.0913, Train Steps/Sec: 1.86, Samples/Sec: 89.39
[[34m2025-06-13 20:54:18[0m] (step=0175900) Train Loss: 0.0936, Train Steps/Sec: 1.86, Samples/Sec: 89.28
[[34m2025-06-13 20:55:11[0m] (step=0176000) Train Loss: 0.0924, Train Steps/Sec: 1.90, Samples/Sec: 91.02
[[34m2025-06-13 20:55:25[0m] Saved checkpoint to logs/nwm_cdit_airvln/checkpoints/latest.pth.tar
[[34m2025-06-13 20:56:19[0m] (step=0176100) Train Loss: 0.0932, Train Steps/Sec: 1.46, Samples/Sec: 70.13
[[34m2025-06-13 20:57:13[0m] (step=0176200) Train Loss: 0.0941, Train Steps/Sec: 1.84, Samples/Sec: 88.53
[[34m2025-06-13 20:58:07[0m] (step=0176300) Train Loss: 0.0917, Train Steps/Sec: 1.86, Samples/Sec: 89.39
[[34m2025-06-13 20:59:01[0m] (step=0176400) Train Loss: 0.0913, Train Steps/Sec: 1.86, Samples/Sec: 89.13
[[34m2025-06-13 20:59:55[0m] (step=0176500) Train Loss: 0.0962, Train Steps/Sec: 1.84, Samples/Sec: 88.51
[[34m2025-06-13 21:00:48[0m] (step=0176600) Train Loss: 0.0941, Train Steps/Sec: 1.89, Samples/Sec: 90.93
[[34m2025-06-13 21:01:41[0m] (step=0176700) Train Loss: 0.0935, Train Steps/Sec: 1.88, Samples/Sec: 90.33
[[34m2025-06-13 21:02:34[0m] (step=0176800) Train Loss: 0.0980, Train Steps/Sec: 1.89, Samples/Sec: 90.80
[[34m2025-06-13 21:03:27[0m] (step=0176900) Train Loss: 0.0926, Train Steps/Sec: 1.89, Samples/Sec: 90.90
[[34m2025-06-13 21:04:19[0m] (step=0177000) Train Loss: 0.0938, Train Steps/Sec: 1.90, Samples/Sec: 91.30
[[34m2025-06-13 21:05:12[0m] (step=0177100) Train Loss: 0.0948, Train Steps/Sec: 1.90, Samples/Sec: 91.05
[[34m2025-06-13 21:06:05[0m] (step=0177200) Train Loss: 0.0938, Train Steps/Sec: 1.90, Samples/Sec: 91.14
[[34m2025-06-13 21:06:57[0m] (step=0177300) Train Loss: 0.0885, Train Steps/Sec: 1.89, Samples/Sec: 90.88
[[34m2025-06-13 21:07:51[0m] (step=0177400) Train Loss: 0.0994, Train Steps/Sec: 1.88, Samples/Sec: 90.37
[[34m2025-06-13 21:08:43[0m] (step=0177500) Train Loss: 0.0945, Train Steps/Sec: 1.89, Samples/Sec: 90.75
[[34m2025-06-13 21:09:36[0m] (step=0177600) Train Loss: 0.0930, Train Steps/Sec: 1.90, Samples/Sec: 91.06
[[34m2025-06-13 21:10:29[0m] (step=0177700) Train Loss: 0.0932, Train Steps/Sec: 1.90, Samples/Sec: 91.19
[[34m2025-06-13 21:11:22[0m] (step=0177800) Train Loss: 0.0970, Train Steps/Sec: 1.89, Samples/Sec: 90.70
[[34m2025-06-13 21:12:14[0m] (step=0177900) Train Loss: 0.0971, Train Steps/Sec: 1.90, Samples/Sec: 91.16
[[34m2025-06-13 21:13:07[0m] (step=0178000) Train Loss: 0.0922, Train Steps/Sec: 1.89, Samples/Sec: 90.79
[[34m2025-06-13 21:13:22[0m] Saved checkpoint to logs/nwm_cdit_airvln/checkpoints/latest.pth.tar
[[34m2025-06-13 21:14:15[0m] (step=0178100) Train Loss: 0.0941, Train Steps/Sec: 1.49, Samples/Sec: 71.30
[[34m2025-06-13 21:15:07[0m] (step=0178200) Train Loss: 0.0970, Train Steps/Sec: 1.89, Samples/Sec: 90.88
[[34m2025-06-13 21:16:00[0m] (step=0178300) Train Loss: 0.0947, Train Steps/Sec: 1.90, Samples/Sec: 91.28
[[34m2025-06-13 21:16:53[0m] (step=0178400) Train Loss: 0.1316, Train Steps/Sec: 1.89, Samples/Sec: 90.85
[[34m2025-06-13 21:17:46[0m] (step=0178500) Train Loss: 0.1029, Train Steps/Sec: 1.90, Samples/Sec: 91.06
[[34m2025-06-13 21:18:38[0m] (step=0178600) Train Loss: 0.1013, Train Steps/Sec: 1.90, Samples/Sec: 91.21
[[34m2025-06-13 21:19:31[0m] (step=0178700) Train Loss: 0.0934, Train Steps/Sec: 1.88, Samples/Sec: 90.43
[[34m2025-06-13 21:20:24[0m] (step=0178800) Train Loss: 0.0939, Train Steps/Sec: 1.90, Samples/Sec: 91.05
[[34m2025-06-13 21:21:17[0m] (step=0178900) Train Loss: 0.0976, Train Steps/Sec: 1.89, Samples/Sec: 90.88
[[34m2025-06-13 21:22:10[0m] (step=0179000) Train Loss: 0.0943, Train Steps/Sec: 1.90, Samples/Sec: 90.98
[[34m2025-06-13 21:23:03[0m] (step=0179100) Train Loss: 0.0971, Train Steps/Sec: 1.88, Samples/Sec: 90.22
[[34m2025-06-13 21:23:56[0m] (step=0179200) Train Loss: 0.0956, Train Steps/Sec: 1.88, Samples/Sec: 90.22
[[34m2025-06-13 21:24:49[0m] (step=0179300) Train Loss: 0.0924, Train Steps/Sec: 1.87, Samples/Sec: 89.82
[[34m2025-06-13 21:25:43[0m] (step=0179400) Train Loss: 0.0976, Train Steps/Sec: 1.87, Samples/Sec: 89.55
[[34m2025-06-13 21:26:37[0m] (step=0179500) Train Loss: 0.0937, Train Steps/Sec: 1.86, Samples/Sec: 89.40
[[34m2025-06-13 21:27:30[0m] (step=0179600) Train Loss: 0.0919, Train Steps/Sec: 1.88, Samples/Sec: 90.07
[[34m2025-06-13 21:28:24[0m] (step=0179700) Train Loss: 0.0937, Train Steps/Sec: 1.85, Samples/Sec: 88.66
[[34m2025-06-13 21:29:18[0m] (step=0179800) Train Loss: 0.0972, Train Steps/Sec: 1.86, Samples/Sec: 89.30
[[34m2025-06-13 21:30:12[0m] (step=0179900) Train Loss: 0.0925, Train Steps/Sec: 1.85, Samples/Sec: 88.88
[[34m2025-06-13 21:31:06[0m] (step=0180000) Train Loss: 0.0930, Train Steps/Sec: 1.86, Samples/Sec: 89.04
Using cache found in ./models/facebookresearch_dino_main
Using cache found in ./models/facebookresearch_dino_main
Using cache found in ./models/facebookresearch_dino_main
[[34m2025-06-13 21:31:35[0m] Saved checkpoint to logs/nwm_cdit_airvln/checkpoints/0180000.pth.tar
Using cache found in ./models/facebookresearch_dino_main
[[34m2025-06-13 21:31:38[0m] Already found a `peft_config` attribute in the model. This will lead to having multiple adapters in the model. Make sure to know what you are doing!
[[34m2025-06-13 21:33:43[0m] (step=0180000) Perceptual Loss: 0.2347, Eval Time: 128.47
[[34m2025-06-13 21:34:37[0m] (step=0180100) Train Loss: 0.0963, Train Steps/Sec: 0.47, Samples/Sec: 22.79
[[34m2025-06-13 21:35:29[0m] (step=0180200) Train Loss: 0.0947, Train Steps/Sec: 1.89, Samples/Sec: 90.79
[[34m2025-06-13 21:36:22[0m] (step=0180300) Train Loss: 0.0901, Train Steps/Sec: 1.88, Samples/Sec: 90.44
[[34m2025-06-13 21:37:15[0m] (step=0180400) Train Loss: 0.0919, Train Steps/Sec: 1.89, Samples/Sec: 90.68
[[34m2025-06-13 21:38:09[0m] (step=0180500) Train Loss: 0.0904, Train Steps/Sec: 1.88, Samples/Sec: 90.37
[[34m2025-06-13 21:39:02[0m] (step=0180600) Train Loss: 0.0955, Train Steps/Sec: 1.88, Samples/Sec: 90.17
[[34m2025-06-13 21:39:55[0m] (step=0180700) Train Loss: 0.0958, Train Steps/Sec: 1.88, Samples/Sec: 90.26
[[34m2025-06-13 21:40:48[0m] (step=0180800) Train Loss: 0.0995, Train Steps/Sec: 1.89, Samples/Sec: 90.72
[[34m2025-06-13 21:41:41[0m] (step=0180900) Train Loss: 0.0955, Train Steps/Sec: 1.89, Samples/Sec: 90.69
[[34m2025-06-13 21:42:34[0m] (step=0181000) Train Loss: 0.0941, Train Steps/Sec: 1.89, Samples/Sec: 90.65
[[34m2025-06-13 21:43:27[0m] (step=0181100) Train Loss: 0.0921, Train Steps/Sec: 1.89, Samples/Sec: 90.71
[[34m2025-06-13 21:44:20[0m] (step=0181200) Train Loss: 0.1009, Train Steps/Sec: 1.88, Samples/Sec: 90.26
[[34m2025-06-13 21:45:13[0m] (step=0181300) Train Loss: 0.0972, Train Steps/Sec: 1.88, Samples/Sec: 90.38
[[34m2025-06-13 21:46:06[0m] (step=0181400) Train Loss: 0.0981, Train Steps/Sec: 1.88, Samples/Sec: 90.46
[[34m2025-06-13 21:46:59[0m] (step=0181500) Train Loss: 0.1011, Train Steps/Sec: 1.89, Samples/Sec: 90.60
[[34m2025-06-13 21:47:52[0m] (step=0181600) Train Loss: 0.0946, Train Steps/Sec: 1.89, Samples/Sec: 90.53
[[34m2025-06-13 21:48:45[0m] (step=0181700) Train Loss: 0.0961, Train Steps/Sec: 1.89, Samples/Sec: 90.78
[[34m2025-06-13 21:49:38[0m] (step=0181800) Train Loss: 0.0952, Train Steps/Sec: 1.89, Samples/Sec: 90.80
[[34m2025-06-13 21:50:31[0m] (step=0181900) Train Loss: 0.0972, Train Steps/Sec: 1.88, Samples/Sec: 90.11
[[34m2025-06-13 21:51:24[0m] (step=0182000) Train Loss: 0.0923, Train Steps/Sec: 1.89, Samples/Sec: 90.54
[[34m2025-06-13 21:51:39[0m] Saved checkpoint to logs/nwm_cdit_airvln/checkpoints/latest.pth.tar
[[34m2025-06-13 21:52:32[0m] (step=0182100) Train Loss: 0.0932, Train Steps/Sec: 1.47, Samples/Sec: 70.63
[[34m2025-06-13 21:53:25[0m] (step=0182200) Train Loss: 0.0935, Train Steps/Sec: 1.89, Samples/Sec: 90.63
[[34m2025-06-13 21:54:18[0m] (step=0182300) Train Loss: 0.1008, Train Steps/Sec: 1.89, Samples/Sec: 90.55
[[34m2025-06-13 21:55:11[0m] (step=0182400) Train Loss: 0.0887, Train Steps/Sec: 1.89, Samples/Sec: 90.80
[[34m2025-06-13 21:56:04[0m] (step=0182500) Train Loss: 0.0919, Train Steps/Sec: 1.89, Samples/Sec: 90.55
[[34m2025-06-13 21:56:57[0m] (step=0182600) Train Loss: 0.0898, Train Steps/Sec: 1.88, Samples/Sec: 90.42
[[34m2025-06-13 21:57:50[0m] (step=0182700) Train Loss: 0.0982, Train Steps/Sec: 1.88, Samples/Sec: 90.27
[[34m2025-06-13 21:58:43[0m] (step=0182800) Train Loss: 0.0976, Train Steps/Sec: 1.89, Samples/Sec: 90.71
[[34m2025-06-13 21:59:36[0m] (step=0182900) Train Loss: 0.0932, Train Steps/Sec: 1.89, Samples/Sec: 90.75
[[34m2025-06-13 22:00:29[0m] (step=0183000) Train Loss: 0.0942, Train Steps/Sec: 1.88, Samples/Sec: 90.29
[[34m2025-06-13 22:01:22[0m] (step=0183100) Train Loss: 0.1041, Train Steps/Sec: 1.89, Samples/Sec: 90.73
[[34m2025-06-13 22:02:15[0m] (step=0183200) Train Loss: 0.0975, Train Steps/Sec: 1.89, Samples/Sec: 90.52
[[34m2025-06-13 22:03:08[0m] (step=0183300) Train Loss: 0.0966, Train Steps/Sec: 1.88, Samples/Sec: 90.37
[[34m2025-06-13 22:04:01[0m] (step=0183400) Train Loss: 0.0926, Train Steps/Sec: 1.88, Samples/Sec: 90.21
[[34m2025-06-13 22:04:54[0m] (step=0183500) Train Loss: 0.0914, Train Steps/Sec: 1.89, Samples/Sec: 90.57
[[34m2025-06-13 22:05:47[0m] (step=0183600) Train Loss: 0.0924, Train Steps/Sec: 1.89, Samples/Sec: 90.73
[[34m2025-06-13 22:06:40[0m] (step=0183700) Train Loss: 0.0988, Train Steps/Sec: 1.89, Samples/Sec: 90.52
[[34m2025-06-13 22:07:33[0m] (step=0183800) Train Loss: 0.0952, Train Steps/Sec: 1.89, Samples/Sec: 90.84
[[34m2025-06-13 22:08:26[0m] (step=0183900) Train Loss: 0.0973, Train Steps/Sec: 1.88, Samples/Sec: 90.36
[[34m2025-06-13 22:09:19[0m] (step=0184000) Train Loss: 0.0940, Train Steps/Sec: 1.88, Samples/Sec: 90.28
[[34m2025-06-13 22:09:34[0m] Saved checkpoint to logs/nwm_cdit_airvln/checkpoints/latest.pth.tar
[[34m2025-06-13 22:10:27[0m] (step=0184100) Train Loss: 0.0958, Train Steps/Sec: 1.48, Samples/Sec: 70.98
[[34m2025-06-13 22:11:20[0m] (step=0184200) Train Loss: 0.0932, Train Steps/Sec: 1.89, Samples/Sec: 90.78
[[34m2025-06-13 22:12:13[0m] (step=0184300) Train Loss: 0.0967, Train Steps/Sec: 1.88, Samples/Sec: 90.30
[[34m2025-06-13 22:13:06[0m] (step=0184400) Train Loss: 0.0944, Train Steps/Sec: 1.89, Samples/Sec: 90.66
[[34m2025-06-13 22:13:59[0m] (step=0184500) Train Loss: 0.0935, Train Steps/Sec: 1.89, Samples/Sec: 90.51
[[34m2025-06-13 22:14:52[0m] (step=0184600) Train Loss: 0.0952, Train Steps/Sec: 1.88, Samples/Sec: 90.38
[[34m2025-06-13 22:15:45[0m] (step=0184700) Train Loss: 0.0987, Train Steps/Sec: 1.88, Samples/Sec: 90.38
[[34m2025-06-13 22:16:38[0m] (step=0184800) Train Loss: 0.0934, Train Steps/Sec: 1.89, Samples/Sec: 90.68
[[34m2025-06-13 22:17:31[0m] (step=0184900) Train Loss: 0.0907, Train Steps/Sec: 1.89, Samples/Sec: 90.74
[[34m2025-06-13 22:18:24[0m] (step=0185000) Train Loss: 0.0921, Train Steps/Sec: 1.89, Samples/Sec: 90.58
[[34m2025-06-13 22:19:17[0m] (step=0185100) Train Loss: 0.0996, Train Steps/Sec: 1.89, Samples/Sec: 90.84
[[34m2025-06-13 22:20:10[0m] (step=0185200) Train Loss: 0.0922, Train Steps/Sec: 1.89, Samples/Sec: 90.51
[[34m2025-06-13 22:21:03[0m] (step=0185300) Train Loss: 0.0930, Train Steps/Sec: 1.87, Samples/Sec: 89.83
[[34m2025-06-13 22:21:57[0m] (step=0185400) Train Loss: 0.0939, Train Steps/Sec: 1.86, Samples/Sec: 89.49
[[34m2025-06-13 22:22:50[0m] (step=0185500) Train Loss: 0.0976, Train Steps/Sec: 1.89, Samples/Sec: 90.77
[[34m2025-06-13 22:23:43[0m] (step=0185600) Train Loss: 0.0937, Train Steps/Sec: 1.89, Samples/Sec: 90.60
[[34m2025-06-13 22:24:36[0m] (step=0185700) Train Loss: 0.0925, Train Steps/Sec: 1.89, Samples/Sec: 90.80
[[34m2025-06-13 22:25:29[0m] (step=0185800) Train Loss: 0.0926, Train Steps/Sec: 1.89, Samples/Sec: 90.92
[[34m2025-06-13 22:26:22[0m] (step=0185900) Train Loss: 0.0954, Train Steps/Sec: 1.89, Samples/Sec: 90.56
[[34m2025-06-13 22:27:15[0m] (step=0186000) Train Loss: 0.0941, Train Steps/Sec: 1.88, Samples/Sec: 90.43
[[34m2025-06-13 22:27:29[0m] Saved checkpoint to logs/nwm_cdit_airvln/checkpoints/latest.pth.tar
[[34m2025-06-13 22:28:22[0m] (step=0186100) Train Loss: 0.1015, Train Steps/Sec: 1.48, Samples/Sec: 71.03
[[34m2025-06-13 22:29:15[0m] (step=0186200) Train Loss: 0.0945, Train Steps/Sec: 1.89, Samples/Sec: 90.93
[[34m2025-06-13 22:30:08[0m] (step=0186300) Train Loss: 0.1184, Train Steps/Sec: 1.89, Samples/Sec: 90.57
[[34m2025-06-13 22:31:01[0m] (step=0186400) Train Loss: 0.1025, Train Steps/Sec: 1.89, Samples/Sec: 90.93
[[34m2025-06-13 22:31:54[0m] (step=0186500) Train Loss: 0.0956, Train Steps/Sec: 1.88, Samples/Sec: 90.32
[[34m2025-06-13 22:32:47[0m] (step=0186600) Train Loss: 0.0909, Train Steps/Sec: 1.89, Samples/Sec: 90.72
[[34m2025-06-13 22:33:40[0m] (step=0186700) Train Loss: 0.0959, Train Steps/Sec: 1.88, Samples/Sec: 90.37
[[34m2025-06-13 22:34:33[0m] (step=0186800) Train Loss: 0.0938, Train Steps/Sec: 1.89, Samples/Sec: 90.57
[[34m2025-06-13 22:35:26[0m] (step=0186900) Train Loss: 0.0996, Train Steps/Sec: 1.89, Samples/Sec: 90.85
[[34m2025-06-13 22:36:19[0m] (step=0187000) Train Loss: 0.0955, Train Steps/Sec: 1.89, Samples/Sec: 90.73
[[34m2025-06-13 22:37:12[0m] (step=0187100) Train Loss: 0.0963, Train Steps/Sec: 1.89, Samples/Sec: 90.83
[[34m2025-06-13 22:38:05[0m] (step=0187200) Train Loss: 0.0887, Train Steps/Sec: 1.88, Samples/Sec: 90.18
[[34m2025-06-13 22:38:58[0m] (step=0187300) Train Loss: 0.0924, Train Steps/Sec: 1.88, Samples/Sec: 90.47
[[34m2025-06-13 22:39:51[0m] (step=0187400) Train Loss: 0.0927, Train Steps/Sec: 1.89, Samples/Sec: 90.59
[[34m2025-06-13 22:40:44[0m] (step=0187500) Train Loss: 0.1032, Train Steps/Sec: 1.89, Samples/Sec: 90.79
[[34m2025-06-13 22:41:37[0m] (step=0187600) Train Loss: 0.0980, Train Steps/Sec: 1.88, Samples/Sec: 90.03
[[34m2025-06-13 22:42:31[0m] (step=0187700) Train Loss: 0.0997, Train Steps/Sec: 1.84, Samples/Sec: 88.29
[[34m2025-06-13 22:43:25[0m] (step=0187800) Train Loss: 0.0963, Train Steps/Sec: 1.88, Samples/Sec: 90.03
[[34m2025-06-13 22:44:18[0m] (step=0187900) Train Loss: 0.0958, Train Steps/Sec: 1.86, Samples/Sec: 89.34
[[34m2025-06-13 22:45:12[0m] (step=0188000) Train Loss: 0.0953, Train Steps/Sec: 1.87, Samples/Sec: 89.95
[[34m2025-06-13 22:45:27[0m] Saved checkpoint to logs/nwm_cdit_airvln/checkpoints/latest.pth.tar
[[34m2025-06-13 22:46:20[0m] (step=0188100) Train Loss: 0.0905, Train Steps/Sec: 1.47, Samples/Sec: 70.41
[[34m2025-06-13 22:47:13[0m] (step=0188200) Train Loss: 0.0984, Train Steps/Sec: 1.89, Samples/Sec: 90.96
[[34m2025-06-13 22:48:05[0m] (step=0188300) Train Loss: 0.0882, Train Steps/Sec: 1.90, Samples/Sec: 91.11
[[34m2025-06-13 22:48:59[0m] (step=0188400) Train Loss: 0.0986, Train Steps/Sec: 1.87, Samples/Sec: 89.81
[[34m2025-06-13 22:49:52[0m] (step=0188500) Train Loss: 0.0917, Train Steps/Sec: 1.88, Samples/Sec: 90.32
[[34m2025-06-13 22:50:46[0m] (step=0188600) Train Loss: 0.0956, Train Steps/Sec: 1.87, Samples/Sec: 89.53
[[34m2025-06-13 22:51:39[0m] (step=0188700) Train Loss: 0.0900, Train Steps/Sec: 1.86, Samples/Sec: 89.38
[[34m2025-06-13 22:52:33[0m] (step=0188800) Train Loss: 0.0959, Train Steps/Sec: 1.87, Samples/Sec: 89.64
[[34m2025-06-13 22:53:27[0m] (step=0188900) Train Loss: 0.0943, Train Steps/Sec: 1.86, Samples/Sec: 89.16
[[34m2025-06-13 22:54:20[0m] (step=0189000) Train Loss: 0.0931, Train Steps/Sec: 1.87, Samples/Sec: 89.76
[[34m2025-06-13 22:55:14[0m] (step=0189100) Train Loss: 0.0972, Train Steps/Sec: 1.88, Samples/Sec: 90.03
[[34m2025-06-13 22:56:08[0m] (step=0189200) Train Loss: 0.0925, Train Steps/Sec: 1.85, Samples/Sec: 88.70
[[34m2025-06-13 22:57:02[0m] (step=0189300) Train Loss: 0.0908, Train Steps/Sec: 1.84, Samples/Sec: 88.47
[[34m2025-06-13 22:57:56[0m] (step=0189400) Train Loss: 0.0939, Train Steps/Sec: 1.86, Samples/Sec: 89.05
[[34m2025-06-13 22:58:50[0m] (step=0189500) Train Loss: 0.0905, Train Steps/Sec: 1.85, Samples/Sec: 88.70
[[34m2025-06-13 22:59:44[0m] (step=0189600) Train Loss: 0.0945, Train Steps/Sec: 1.84, Samples/Sec: 88.40
[[34m2025-06-13 23:00:38[0m] (step=0189700) Train Loss: 0.0960, Train Steps/Sec: 1.86, Samples/Sec: 89.26
[[34m2025-06-13 23:01:33[0m] (step=0189800) Train Loss: 0.0935, Train Steps/Sec: 1.83, Samples/Sec: 87.89
[[34m2025-06-13 23:02:26[0m] (step=0189900) Train Loss: 0.0947, Train Steps/Sec: 1.86, Samples/Sec: 89.37
[[34m2025-06-13 23:03:21[0m] (step=0190000) Train Loss: 0.0959, Train Steps/Sec: 1.84, Samples/Sec: 88.35
Using cache found in ./models/facebookresearch_dino_main
Using cache found in ./models/facebookresearch_dino_main
Using cache found in ./models/facebookresearch_dino_main
[[34m2025-06-13 23:03:37[0m] Saved checkpoint to logs/nwm_cdit_airvln/checkpoints/latest.pth.tar
Using cache found in ./models/facebookresearch_dino_main
[[34m2025-06-13 23:03:39[0m] Already found a `peft_config` attribute in the model. This will lead to having multiple adapters in the model. Make sure to know what you are doing!
[[34m2025-06-13 23:05:46[0m] (step=0190000) Perceptual Loss: 0.2398, Eval Time: 129.16
[[34m2025-06-13 23:06:39[0m] (step=0190100) Train Loss: 0.0949, Train Steps/Sec: 0.50, Samples/Sec: 24.19
[[34m2025-06-13 23:07:33[0m] (step=0190200) Train Loss: 0.0896, Train Steps/Sec: 1.86, Samples/Sec: 89.50
[[34m2025-06-13 23:08:26[0m] (step=0190300) Train Loss: 0.0951, Train Steps/Sec: 1.88, Samples/Sec: 90.48
[[34m2025-06-13 23:09:19[0m] (step=0190400) Train Loss: 0.0939, Train Steps/Sec: 1.86, Samples/Sec: 89.46
[[34m2025-06-13 23:10:13[0m] (step=0190500) Train Loss: 0.0988, Train Steps/Sec: 1.87, Samples/Sec: 89.98
[[34m2025-06-13 23:11:06[0m] (step=0190600) Train Loss: 0.0981, Train Steps/Sec: 1.88, Samples/Sec: 90.25
[[34m2025-06-13 23:11:59[0m] (step=0190700) Train Loss: 0.0906, Train Steps/Sec: 1.87, Samples/Sec: 89.85
[[34m2025-06-13 23:12:54[0m] (step=0190800) Train Loss: 0.0883, Train Steps/Sec: 1.85, Samples/Sec: 88.76
[[34m2025-06-13 23:13:48[0m] (step=0190900) Train Loss: 0.0954, Train Steps/Sec: 1.85, Samples/Sec: 88.59
[[34m2025-06-13 23:14:42[0m] (step=0191000) Train Loss: 0.1026, Train Steps/Sec: 1.86, Samples/Sec: 89.23
[[34m2025-06-13 23:15:36[0m] (step=0191100) Train Loss: 0.0933, Train Steps/Sec: 1.84, Samples/Sec: 88.36
[[34m2025-06-13 23:16:30[0m] (step=0191200) Train Loss: 0.0899, Train Steps/Sec: 1.85, Samples/Sec: 88.56
[[34m2025-06-13 23:17:24[0m] (step=0191300) Train Loss: 0.0995, Train Steps/Sec: 1.85, Samples/Sec: 88.99
[[34m2025-06-13 23:18:18[0m] (step=0191400) Train Loss: 0.0981, Train Steps/Sec: 1.86, Samples/Sec: 89.52
[[34m2025-06-13 23:19:12[0m] (step=0191500) Train Loss: 0.0980, Train Steps/Sec: 1.84, Samples/Sec: 88.30
[[34m2025-06-13 23:20:06[0m] (step=0191600) Train Loss: 0.0941, Train Steps/Sec: 1.86, Samples/Sec: 89.40
[[34m2025-06-13 23:20:59[0m] (step=0191700) Train Loss: 0.0959, Train Steps/Sec: 1.87, Samples/Sec: 89.79
[[34m2025-06-13 23:21:54[0m] (step=0191800) Train Loss: 0.0951, Train Steps/Sec: 1.83, Samples/Sec: 87.78
[[34m2025-06-13 23:22:48[0m] (step=0191900) Train Loss: 0.0911, Train Steps/Sec: 1.85, Samples/Sec: 88.64
[[34m2025-06-13 23:23:42[0m] (step=0192000) Train Loss: 0.0916, Train Steps/Sec: 1.84, Samples/Sec: 88.21
[[34m2025-06-13 23:23:57[0m] Saved checkpoint to logs/nwm_cdit_airvln/checkpoints/latest.pth.tar
[[34m2025-06-13 23:24:51[0m] (step=0192100) Train Loss: 0.0929, Train Steps/Sec: 1.46, Samples/Sec: 70.26
[[34m2025-06-13 23:25:45[0m] (step=0192200) Train Loss: 0.0941, Train Steps/Sec: 1.85, Samples/Sec: 88.84
[[34m2025-06-13 23:26:38[0m] (step=0192300) Train Loss: 0.0948, Train Steps/Sec: 1.87, Samples/Sec: 89.86
[[34m2025-06-13 23:27:32[0m] (step=0192400) Train Loss: 0.0905, Train Steps/Sec: 1.85, Samples/Sec: 88.97
[[34m2025-06-13 23:28:26[0m] (step=0192500) Train Loss: 0.0979, Train Steps/Sec: 1.86, Samples/Sec: 89.08
[[34m2025-06-13 23:29:20[0m] (step=0192600) Train Loss: 0.0917, Train Steps/Sec: 1.86, Samples/Sec: 89.43
[[34m2025-06-13 23:30:14[0m] (step=0192700) Train Loss: 0.0950, Train Steps/Sec: 1.84, Samples/Sec: 88.55
[[34m2025-06-13 23:31:08[0m] (step=0192800) Train Loss: 0.0949, Train Steps/Sec: 1.86, Samples/Sec: 89.14
[[34m2025-06-13 23:32:01[0m] (step=0192900) Train Loss: 0.0966, Train Steps/Sec: 1.87, Samples/Sec: 89.55
[[34m2025-06-13 23:32:55[0m] (step=0193000) Train Loss: 0.0970, Train Steps/Sec: 1.85, Samples/Sec: 88.90
[[34m2025-06-13 23:33:49[0m] (step=0193100) Train Loss: 0.0924, Train Steps/Sec: 1.86, Samples/Sec: 89.22
[[34m2025-06-13 23:34:43[0m] (step=0193200) Train Loss: 0.0924, Train Steps/Sec: 1.85, Samples/Sec: 88.74
[[34m2025-06-13 23:35:37[0m] (step=0193300) Train Loss: 0.0916, Train Steps/Sec: 1.87, Samples/Sec: 89.68
[[34m2025-06-13 23:36:30[0m] (step=0193400) Train Loss: 0.0896, Train Steps/Sec: 1.88, Samples/Sec: 90.16
[[34m2025-06-13 23:37:24[0m] (step=0193500) Train Loss: 0.0920, Train Steps/Sec: 1.87, Samples/Sec: 89.74
[[34m2025-06-13 23:38:17[0m] (step=0193600) Train Loss: 0.0907, Train Steps/Sec: 1.88, Samples/Sec: 90.12
[[34m2025-06-13 23:39:10[0m] (step=0193700) Train Loss: 0.0962, Train Steps/Sec: 1.88, Samples/Sec: 90.33
[[34m2025-06-13 23:40:04[0m] (step=0193800) Train Loss: 0.0907, Train Steps/Sec: 1.86, Samples/Sec: 89.23
[[34m2025-06-13 23:40:57[0m] (step=0193900) Train Loss: 0.0939, Train Steps/Sec: 1.87, Samples/Sec: 89.81
[[34m2025-06-13 23:41:51[0m] (step=0194000) Train Loss: 0.0962, Train Steps/Sec: 1.87, Samples/Sec: 89.78
[[34m2025-06-13 23:42:06[0m] Saved checkpoint to logs/nwm_cdit_airvln/checkpoints/latest.pth.tar
[[34m2025-06-13 23:42:59[0m] (step=0194100) Train Loss: 0.0944, Train Steps/Sec: 1.47, Samples/Sec: 70.51
[[34m2025-06-13 23:43:52[0m] (step=0194200) Train Loss: 0.0920, Train Steps/Sec: 1.87, Samples/Sec: 89.66
[[34m2025-06-13 23:44:45[0m] (step=0194300) Train Loss: 0.0953, Train Steps/Sec: 1.88, Samples/Sec: 90.30
[[34m2025-06-13 23:45:38[0m] (step=0194400) Train Loss: 0.0931, Train Steps/Sec: 1.89, Samples/Sec: 90.58
[[34m2025-06-13 23:46:32[0m] (step=0194500) Train Loss: 0.0968, Train Steps/Sec: 1.86, Samples/Sec: 89.19
[[34m2025-06-13 23:47:26[0m] (step=0194600) Train Loss: 0.0975, Train Steps/Sec: 1.87, Samples/Sec: 89.98
[[34m2025-06-13 23:48:19[0m] (step=0194700) Train Loss: 0.0951, Train Steps/Sec: 1.87, Samples/Sec: 89.58
[[34m2025-06-13 23:49:12[0m] (step=0194800) Train Loss: 0.0937, Train Steps/Sec: 1.88, Samples/Sec: 90.12
[[34m2025-06-13 23:50:06[0m] (step=0194900) Train Loss: 0.0998, Train Steps/Sec: 1.88, Samples/Sec: 90.40
[[34m2025-06-13 23:51:00[0m] (step=0195000) Train Loss: 0.0954, Train Steps/Sec: 1.85, Samples/Sec: 88.93
[[34m2025-06-13 23:51:53[0m] (step=0195100) Train Loss: 0.0948, Train Steps/Sec: 1.88, Samples/Sec: 90.45
[[34m2025-06-13 23:52:47[0m] (step=0195200) Train Loss: 0.0977, Train Steps/Sec: 1.85, Samples/Sec: 88.84
[[34m2025-06-13 23:53:41[0m] (step=0195300) Train Loss: 0.0939, Train Steps/Sec: 1.84, Samples/Sec: 88.19
[[34m2025-06-13 23:54:35[0m] (step=0195400) Train Loss: 0.0950, Train Steps/Sec: 1.86, Samples/Sec: 89.06
[[34m2025-06-13 23:55:28[0m] (step=0195500) Train Loss: 0.0972, Train Steps/Sec: 1.87, Samples/Sec: 89.67
[[34m2025-06-13 23:56:22[0m] (step=0195600) Train Loss: 0.0920, Train Steps/Sec: 1.89, Samples/Sec: 90.50
[[34m2025-06-13 23:57:16[0m] (step=0195700) Train Loss: 0.0968, Train Steps/Sec: 1.85, Samples/Sec: 88.58
[[34m2025-06-13 23:58:09[0m] (step=0195800) Train Loss: 0.0961, Train Steps/Sec: 1.87, Samples/Sec: 89.67
[[34m2025-06-13 23:59:02[0m] (step=0195900) Train Loss: 0.0928, Train Steps/Sec: 1.88, Samples/Sec: 90.30
[[34m2025-06-13 23:59:55[0m] (step=0196000) Train Loss: 0.0949, Train Steps/Sec: 1.89, Samples/Sec: 90.56
[[34m2025-06-14 00:00:12[0m] Saved checkpoint to logs/nwm_cdit_airvln/checkpoints/latest.pth.tar
[[34m2025-06-14 00:00:42[0m] Beginning epoch 9...
[[34m2025-06-14 00:01:06[0m] (step=0196100) Train Loss: 0.0925, Train Steps/Sec: 1.43, Samples/Sec: 68.40
[[34m2025-06-14 00:01:59[0m] (step=0196200) Train Loss: 0.0984, Train Steps/Sec: 1.87, Samples/Sec: 89.82
[[34m2025-06-14 00:02:52[0m] (step=0196300) Train Loss: 0.0998, Train Steps/Sec: 1.88, Samples/Sec: 90.41
[[34m2025-06-14 00:03:45[0m] (step=0196400) Train Loss: 0.0930, Train Steps/Sec: 1.89, Samples/Sec: 90.53
[[34m2025-06-14 00:04:39[0m] (step=0196500) Train Loss: 0.0945, Train Steps/Sec: 1.87, Samples/Sec: 89.57
[[34m2025-06-14 00:05:32[0m] (step=0196600) Train Loss: 0.0903, Train Steps/Sec: 1.89, Samples/Sec: 90.52
[[34m2025-06-14 00:06:25[0m] (step=0196700) Train Loss: 0.0895, Train Steps/Sec: 1.89, Samples/Sec: 90.77
[[34m2025-06-14 00:07:18[0m] (step=0196800) Train Loss: 0.0937, Train Steps/Sec: 1.87, Samples/Sec: 89.59
[[34m2025-06-14 00:08:11[0m] (step=0196900) Train Loss: 0.0946, Train Steps/Sec: 1.89, Samples/Sec: 90.54
[[34m2025-06-14 00:09:05[0m] (step=0197000) Train Loss: 0.0939, Train Steps/Sec: 1.86, Samples/Sec: 89.05
[[34m2025-06-14 00:09:58[0m] (step=0197100) Train Loss: 0.0987, Train Steps/Sec: 1.89, Samples/Sec: 90.65
[[34m2025-06-14 00:10:51[0m] (step=0197200) Train Loss: 0.0960, Train Steps/Sec: 1.88, Samples/Sec: 90.34
[[34m2025-06-14 00:11:45[0m] (step=0197300) Train Loss: 0.0950, Train Steps/Sec: 1.86, Samples/Sec: 89.47
[[34m2025-06-14 00:12:38[0m] (step=0197400) Train Loss: 0.0937, Train Steps/Sec: 1.89, Samples/Sec: 90.58
[[34m2025-06-14 00:13:31[0m] (step=0197500) Train Loss: 0.0960, Train Steps/Sec: 1.88, Samples/Sec: 90.42
[[34m2025-06-14 00:14:25[0m] (step=0197600) Train Loss: 0.0976, Train Steps/Sec: 1.86, Samples/Sec: 89.14
[[34m2025-06-14 00:15:19[0m] (step=0197700) Train Loss: 0.0949, Train Steps/Sec: 1.85, Samples/Sec: 88.84
[[34m2025-06-14 00:16:14[0m] (step=0197800) Train Loss: 0.0938, Train Steps/Sec: 1.81, Samples/Sec: 86.90
[[34m2025-06-14 00:17:08[0m] (step=0197900) Train Loss: 0.0925, Train Steps/Sec: 1.86, Samples/Sec: 89.12
[[34m2025-06-14 00:18:00[0m] (step=0198000) Train Loss: 0.0967, Train Steps/Sec: 1.91, Samples/Sec: 91.44
[[34m2025-06-14 00:18:15[0m] Saved checkpoint to logs/nwm_cdit_airvln/checkpoints/latest.pth.tar
[[34m2025-06-14 00:19:08[0m] (step=0198100) Train Loss: 0.0953, Train Steps/Sec: 1.49, Samples/Sec: 71.53
[[34m2025-06-14 00:20:00[0m] (step=0198200) Train Loss: 0.0940, Train Steps/Sec: 1.90, Samples/Sec: 91.09
[[34m2025-06-14 00:20:53[0m] (step=0198300) Train Loss: 0.0955, Train Steps/Sec: 1.90, Samples/Sec: 91.26
[[34m2025-06-14 00:21:45[0m] (step=0198400) Train Loss: 0.0951, Train Steps/Sec: 1.90, Samples/Sec: 91.43
[[34m2025-06-14 00:22:38[0m] (step=0198500) Train Loss: 0.0944, Train Steps/Sec: 1.90, Samples/Sec: 91.05
[[34m2025-06-14 00:23:31[0m] (step=0198600) Train Loss: 0.0910, Train Steps/Sec: 1.89, Samples/Sec: 90.72
[[34m2025-06-14 00:24:23[0m] (step=0198700) Train Loss: 0.0962, Train Steps/Sec: 1.90, Samples/Sec: 91.40
[[34m2025-06-14 00:25:16[0m] (step=0198800) Train Loss: 0.0923, Train Steps/Sec: 1.90, Samples/Sec: 91.36
[[34m2025-06-14 00:26:09[0m] (step=0198900) Train Loss: 0.0905, Train Steps/Sec: 1.90, Samples/Sec: 90.98
[[34m2025-06-14 00:27:01[0m] (step=0199000) Train Loss: 0.0954, Train Steps/Sec: 1.91, Samples/Sec: 91.50
[[34m2025-06-14 00:27:54[0m] (step=0199100) Train Loss: 0.0963, Train Steps/Sec: 1.91, Samples/Sec: 91.45
[[34m2025-06-14 00:28:47[0m] (step=0199200) Train Loss: 0.0925, Train Steps/Sec: 1.89, Samples/Sec: 90.67
[[34m2025-06-14 00:29:40[0m] (step=0199300) Train Loss: 0.0935, Train Steps/Sec: 1.88, Samples/Sec: 90.16
[[34m2025-06-14 00:30:33[0m] (step=0199400) Train Loss: 0.1005, Train Steps/Sec: 1.88, Samples/Sec: 90.30
[[34m2025-06-14 00:31:26[0m] (step=0199500) Train Loss: 0.0981, Train Steps/Sec: 1.89, Samples/Sec: 90.74
[[34m2025-06-14 00:32:19[0m] (step=0199600) Train Loss: 0.0975, Train Steps/Sec: 1.90, Samples/Sec: 91.15
[[34m2025-06-14 00:33:11[0m] (step=0199700) Train Loss: 0.0892, Train Steps/Sec: 1.90, Samples/Sec: 91.31
[[34m2025-06-14 00:34:04[0m] (step=0199800) Train Loss: 0.0927, Train Steps/Sec: 1.90, Samples/Sec: 91.40
[[34m2025-06-14 00:34:57[0m] (step=0199900) Train Loss: 0.0967, Train Steps/Sec: 1.89, Samples/Sec: 90.90
[[34m2025-06-14 00:35:49[0m] (step=0200000) Train Loss: 0.0881, Train Steps/Sec: 1.90, Samples/Sec: 91.29
Using cache found in ./models/facebookresearch_dino_main
Using cache found in ./models/facebookresearch_dino_main
Using cache found in ./models/facebookresearch_dino_main
[[34m2025-06-14 00:36:17[0m] Saved checkpoint to logs/nwm_cdit_airvln/checkpoints/0200000.pth.tar
Using cache found in ./models/facebookresearch_dino_main
[[34m2025-06-14 00:36:20[0m] Already found a `peft_config` attribute in the model. This will lead to having multiple adapters in the model. Make sure to know what you are doing!
[[34m2025-06-14 00:38:26[0m] (step=0200000) Perceptual Loss: 0.2152, Eval Time: 128.98
[[34m2025-06-14 00:39:19[0m] (step=0200100) Train Loss: 0.0942, Train Steps/Sec: 0.48, Samples/Sec: 22.86
[[34m2025-06-14 00:40:12[0m] (step=0200200) Train Loss: 0.0930, Train Steps/Sec: 1.90, Samples/Sec: 91.34
[[34m2025-06-14 00:41:04[0m] (step=0200300) Train Loss: 0.0913, Train Steps/Sec: 1.90, Samples/Sec: 91.43
[[34m2025-06-14 00:41:57[0m] (step=0200400) Train Loss: 0.0944, Train Steps/Sec: 1.90, Samples/Sec: 91.10
[[34m2025-06-14 00:42:50[0m] (step=0200500) Train Loss: 0.0938, Train Steps/Sec: 1.90, Samples/Sec: 91.08
[[34m2025-06-14 00:43:42[0m] (step=0200600) Train Loss: 0.0938, Train Steps/Sec: 1.90, Samples/Sec: 91.41
[[34m2025-06-14 00:44:35[0m] (step=0200700) Train Loss: 0.0912, Train Steps/Sec: 1.91, Samples/Sec: 91.45
[[34m2025-06-14 00:45:28[0m] (step=0200800) Train Loss: 0.0941, Train Steps/Sec: 1.89, Samples/Sec: 90.61
[[34m2025-06-14 00:46:21[0m] (step=0200900) Train Loss: 0.0922, Train Steps/Sec: 1.89, Samples/Sec: 90.54
[[34m2025-06-14 00:47:14[0m] (step=0201000) Train Loss: 0.0869, Train Steps/Sec: 1.89, Samples/Sec: 90.50
[[34m2025-06-14 00:48:07[0m] (step=0201100) Train Loss: 0.0911, Train Steps/Sec: 1.88, Samples/Sec: 90.13
[[34m2025-06-14 00:48:59[0m] (step=0201200) Train Loss: 0.0919, Train Steps/Sec: 1.91, Samples/Sec: 91.47
[[34m2025-06-14 00:49:52[0m] (step=0201300) Train Loss: 0.0984, Train Steps/Sec: 1.90, Samples/Sec: 91.39
[[34m2025-06-14 00:50:44[0m] (step=0201400) Train Loss: 0.0940, Train Steps/Sec: 1.90, Samples/Sec: 91.37
[[34m2025-06-14 00:51:37[0m] (step=0201500) Train Loss: 0.0903, Train Steps/Sec: 1.90, Samples/Sec: 91.22
[[34m2025-06-14 00:52:29[0m] (step=0201600) Train Loss: 0.0947, Train Steps/Sec: 1.91, Samples/Sec: 91.55
[[34m2025-06-14 00:53:22[0m] (step=0201700) Train Loss: 0.0918, Train Steps/Sec: 1.90, Samples/Sec: 91.37
[[34m2025-06-14 00:54:15[0m] (step=0201800) Train Loss: 0.0929, Train Steps/Sec: 1.89, Samples/Sec: 90.88
[[34m2025-06-14 00:55:07[0m] (step=0201900) Train Loss: 0.0960, Train Steps/Sec: 1.90, Samples/Sec: 91.35
[[34m2025-06-14 00:56:00[0m] (step=0202000) Train Loss: 0.0982, Train Steps/Sec: 1.90, Samples/Sec: 91.42
[[34m2025-06-14 00:56:14[0m] Saved checkpoint to logs/nwm_cdit_airvln/checkpoints/latest.pth.tar
[[34m2025-06-14 00:57:07[0m] (step=0202100) Train Loss: 0.0902, Train Steps/Sec: 1.49, Samples/Sec: 71.71
[[34m2025-06-14 00:57:59[0m] (step=0202200) Train Loss: 0.0913, Train Steps/Sec: 1.91, Samples/Sec: 91.55
[[34m2025-06-14 00:58:52[0m] (step=0202300) Train Loss: 0.0930, Train Steps/Sec: 1.91, Samples/Sec: 91.48
[[34m2025-06-14 00:59:44[0m] (step=0202400) Train Loss: 0.0977, Train Steps/Sec: 1.90, Samples/Sec: 91.12
[[34m2025-06-14 01:00:37[0m] (step=0202500) Train Loss: 0.0899, Train Steps/Sec: 1.90, Samples/Sec: 91.05
[[34m2025-06-14 01:01:30[0m] (step=0202600) Train Loss: 0.0943, Train Steps/Sec: 1.90, Samples/Sec: 91.19
[[34m2025-06-14 01:02:22[0m] (step=0202700) Train Loss: 0.0928, Train Steps/Sec: 1.91, Samples/Sec: 91.50
[[34m2025-06-14 01:03:15[0m] (step=0202800) Train Loss: 0.0915, Train Steps/Sec: 1.90, Samples/Sec: 91.39
[[34m2025-06-14 01:04:07[0m] (step=0202900) Train Loss: 0.0955, Train Steps/Sec: 1.91, Samples/Sec: 91.49
[[34m2025-06-14 01:05:00[0m] (step=0203000) Train Loss: 0.0931, Train Steps/Sec: 1.90, Samples/Sec: 91.10
[[34m2025-06-14 01:05:53[0m] (step=0203100) Train Loss: 0.0925, Train Steps/Sec: 1.90, Samples/Sec: 91.15
[[34m2025-06-14 01:06:45[0m] (step=0203200) Train Loss: 0.0869, Train Steps/Sec: 1.90, Samples/Sec: 91.05
[[34m2025-06-14 01:07:38[0m] (step=0203300) Train Loss: 0.0893, Train Steps/Sec: 1.90, Samples/Sec: 91.28
[[34m2025-06-14 01:08:31[0m] (step=0203400) Train Loss: 0.0902, Train Steps/Sec: 1.90, Samples/Sec: 91.13
[[34m2025-06-14 01:09:23[0m] (step=0203500) Train Loss: 0.0928, Train Steps/Sec: 1.90, Samples/Sec: 91.33
[[34m2025-06-14 01:10:16[0m] (step=0203600) Train Loss: 0.0915, Train Steps/Sec: 1.91, Samples/Sec: 91.48
[[34m2025-06-14 01:11:08[0m] (step=0203700) Train Loss: 0.0985, Train Steps/Sec: 1.90, Samples/Sec: 91.37
[[34m2025-06-14 01:12:01[0m] (step=0203800) Train Loss: 0.0948, Train Steps/Sec: 1.89, Samples/Sec: 90.78
[[34m2025-06-14 01:12:54[0m] (step=0203900) Train Loss: 0.0914, Train Steps/Sec: 1.90, Samples/Sec: 91.25
[[34m2025-06-14 01:13:46[0m] (step=0204000) Train Loss: 0.0949, Train Steps/Sec: 1.90, Samples/Sec: 91.23
[[34m2025-06-14 01:14:01[0m] Saved checkpoint to logs/nwm_cdit_airvln/checkpoints/latest.pth.tar
[[34m2025-06-14 01:14:54[0m] (step=0204100) Train Loss: 0.0905, Train Steps/Sec: 1.48, Samples/Sec: 71.07
[[34m2025-06-14 01:15:46[0m] (step=0204200) Train Loss: 0.0917, Train Steps/Sec: 1.90, Samples/Sec: 91.21
[[34m2025-06-14 01:16:39[0m] (step=0204300) Train Loss: 0.0958, Train Steps/Sec: 1.90, Samples/Sec: 91.34
[[34m2025-06-14 01:17:31[0m] (step=0204400) Train Loss: 0.0915, Train Steps/Sec: 1.90, Samples/Sec: 91.34
[[34m2025-06-14 01:18:24[0m] (step=0204500) Train Loss: 0.0935, Train Steps/Sec: 1.89, Samples/Sec: 90.72
[[34m2025-06-14 01:19:17[0m] (step=0204600) Train Loss: 0.0956, Train Steps/Sec: 1.90, Samples/Sec: 91.18
[[34m2025-06-14 01:20:10[0m] (step=0204700) Train Loss: 0.0914, Train Steps/Sec: 1.90, Samples/Sec: 91.38
[[34m2025-06-14 01:21:02[0m] (step=0204800) Train Loss: 0.0957, Train Steps/Sec: 1.90, Samples/Sec: 91.04
[[34m2025-06-14 01:21:55[0m] (step=0204900) Train Loss: 0.0886, Train Steps/Sec: 1.90, Samples/Sec: 91.25
[[34m2025-06-14 01:22:47[0m] (step=0205000) Train Loss: 0.0905, Train Steps/Sec: 1.90, Samples/Sec: 91.41
[[34m2025-06-14 01:23:40[0m] (step=0205100) Train Loss: 0.0950, Train Steps/Sec: 1.90, Samples/Sec: 91.11
[[34m2025-06-14 01:24:33[0m] (step=0205200) Train Loss: 0.0947, Train Steps/Sec: 1.90, Samples/Sec: 91.24
[[34m2025-06-14 01:25:25[0m] (step=0205300) Train Loss: 0.0891, Train Steps/Sec: 1.90, Samples/Sec: 91.37
[[34m2025-06-14 01:26:18[0m] (step=0205400) Train Loss: 0.0962, Train Steps/Sec: 1.90, Samples/Sec: 91.07
[[34m2025-06-14 01:27:10[0m] (step=0205500) Train Loss: 0.1017, Train Steps/Sec: 1.90, Samples/Sec: 91.42
[[34m2025-06-14 01:28:03[0m] (step=0205600) Train Loss: 0.0956, Train Steps/Sec: 1.90, Samples/Sec: 91.40
[[34m2025-06-14 01:28:55[0m] (step=0205700) Train Loss: 0.0927, Train Steps/Sec: 1.90, Samples/Sec: 91.34
[[34m2025-06-14 01:29:48[0m] (step=0205800) Train Loss: 0.0942, Train Steps/Sec: 1.89, Samples/Sec: 90.72
[[34m2025-06-14 01:30:41[0m] (step=0205900) Train Loss: 0.0928, Train Steps/Sec: 1.89, Samples/Sec: 90.95
[[34m2025-06-14 01:31:34[0m] (step=0206000) Train Loss: 0.0969, Train Steps/Sec: 1.90, Samples/Sec: 91.37
[[34m2025-06-14 01:31:49[0m] Saved checkpoint to logs/nwm_cdit_airvln/checkpoints/latest.pth.tar
[[34m2025-06-14 01:32:42[0m] (step=0206100) Train Loss: 0.0911, Train Steps/Sec: 1.47, Samples/Sec: 70.59
[[34m2025-06-14 01:33:35[0m] (step=0206200) Train Loss: 0.0937, Train Steps/Sec: 1.88, Samples/Sec: 90.39
[[34m2025-06-14 01:34:28[0m] (step=0206300) Train Loss: 0.0951, Train Steps/Sec: 1.88, Samples/Sec: 90.27
[[34m2025-06-14 01:35:22[0m] (step=0206400) Train Loss: 0.0965, Train Steps/Sec: 1.86, Samples/Sec: 89.42
[[34m2025-06-14 01:36:15[0m] (step=0206500) Train Loss: 0.0926, Train Steps/Sec: 1.86, Samples/Sec: 89.39
[[34m2025-06-14 01:37:09[0m] (step=0206600) Train Loss: 0.0920, Train Steps/Sec: 1.88, Samples/Sec: 90.12
[[34m2025-06-14 01:38:02[0m] (step=0206700) Train Loss: 0.0974, Train Steps/Sec: 1.86, Samples/Sec: 89.49
[[34m2025-06-14 01:38:56[0m] (step=0206800) Train Loss: 0.0927, Train Steps/Sec: 1.86, Samples/Sec: 89.07
[[34m2025-06-14 01:39:50[0m] (step=0206900) Train Loss: 0.0939, Train Steps/Sec: 1.86, Samples/Sec: 89.38
[[34m2025-06-14 01:40:44[0m] (step=0207000) Train Loss: 0.0971, Train Steps/Sec: 1.86, Samples/Sec: 89.48
[[34m2025-06-14 01:41:37[0m] (step=0207100) Train Loss: 0.0947, Train Steps/Sec: 1.86, Samples/Sec: 89.24
[[34m2025-06-14 01:42:31[0m] (step=0207200) Train Loss: 0.1029, Train Steps/Sec: 1.86, Samples/Sec: 89.15
[[34m2025-06-14 01:43:24[0m] (step=0207300) Train Loss: 0.0965, Train Steps/Sec: 1.88, Samples/Sec: 90.05
[[34m2025-06-14 01:44:18[0m] (step=0207400) Train Loss: 0.0917, Train Steps/Sec: 1.87, Samples/Sec: 89.80
[[34m2025-06-14 01:45:11[0m] (step=0207500) Train Loss: 0.0941, Train Steps/Sec: 1.89, Samples/Sec: 90.67
[[34m2025-06-14 01:46:04[0m] (step=0207600) Train Loss: 0.0963, Train Steps/Sec: 1.89, Samples/Sec: 90.53
[[34m2025-06-14 01:46:57[0m] (step=0207700) Train Loss: 0.0925, Train Steps/Sec: 1.87, Samples/Sec: 89.88
[[34m2025-06-14 01:47:51[0m] (step=0207800) Train Loss: 0.0939, Train Steps/Sec: 1.86, Samples/Sec: 89.40
[[34m2025-06-14 01:48:45[0m] (step=0207900) Train Loss: 0.0927, Train Steps/Sec: 1.87, Samples/Sec: 89.56
[[34m2025-06-14 01:49:39[0m] (step=0208000) Train Loss: 0.0942, Train Steps/Sec: 1.85, Samples/Sec: 89.00
[[34m2025-06-14 01:49:54[0m] Saved checkpoint to logs/nwm_cdit_airvln/checkpoints/latest.pth.tar
[[34m2025-06-14 01:50:47[0m] (step=0208100) Train Loss: 0.0908, Train Steps/Sec: 1.45, Samples/Sec: 69.69
[[34m2025-06-14 01:51:41[0m] (step=0208200) Train Loss: 0.0956, Train Steps/Sec: 1.88, Samples/Sec: 90.18
[[34m2025-06-14 01:52:34[0m] (step=0208300) Train Loss: 0.0956, Train Steps/Sec: 1.87, Samples/Sec: 89.90
[[34m2025-06-14 01:53:27[0m] (step=0208400) Train Loss: 0.0889, Train Steps/Sec: 1.88, Samples/Sec: 90.35
[[34m2025-06-14 01:54:21[0m] (step=0208500) Train Loss: 0.0929, Train Steps/Sec: 1.87, Samples/Sec: 89.86
[[34m2025-06-14 01:55:14[0m] (step=0208600) Train Loss: 0.0947, Train Steps/Sec: 1.88, Samples/Sec: 90.42
[[34m2025-06-14 01:56:07[0m] (step=0208700) Train Loss: 0.0938, Train Steps/Sec: 1.88, Samples/Sec: 90.32
[[34m2025-06-14 01:57:00[0m] (step=0208800) Train Loss: 0.0944, Train Steps/Sec: 1.89, Samples/Sec: 90.54
[[34m2025-06-14 01:57:53[0m] (step=0208900) Train Loss: 0.0874, Train Steps/Sec: 1.88, Samples/Sec: 90.35
[[34m2025-06-14 01:58:46[0m] (step=0209000) Train Loss: 0.0921, Train Steps/Sec: 1.89, Samples/Sec: 90.57
[[34m2025-06-14 01:59:39[0m] (step=0209100) Train Loss: 0.0951, Train Steps/Sec: 1.88, Samples/Sec: 90.15
[[34m2025-06-14 02:00:33[0m] (step=0209200) Train Loss: 0.0984, Train Steps/Sec: 1.87, Samples/Sec: 89.60
[[34m2025-06-14 02:01:26[0m] (step=0209300) Train Loss: 0.0905, Train Steps/Sec: 1.87, Samples/Sec: 89.93
[[34m2025-06-14 02:02:19[0m] (step=0209400) Train Loss: 0.0963, Train Steps/Sec: 1.89, Samples/Sec: 90.57
[[34m2025-06-14 02:03:12[0m] (step=0209500) Train Loss: 0.0941, Train Steps/Sec: 1.90, Samples/Sec: 91.04
[[34m2025-06-14 02:04:05[0m] (step=0209600) Train Loss: 0.0955, Train Steps/Sec: 1.89, Samples/Sec: 90.92
[[34m2025-06-14 02:04:57[0m] (step=0209700) Train Loss: 0.0957, Train Steps/Sec: 1.89, Samples/Sec: 90.91
[[34m2025-06-14 02:05:50[0m] (step=0209800) Train Loss: 0.0911, Train Steps/Sec: 1.90, Samples/Sec: 90.96
[[34m2025-06-14 02:06:43[0m] (step=0209900) Train Loss: 0.0884, Train Steps/Sec: 1.89, Samples/Sec: 90.88
[[34m2025-06-14 02:07:36[0m] (step=0210000) Train Loss: 0.0982, Train Steps/Sec: 1.89, Samples/Sec: 90.85
Using cache found in ./models/facebookresearch_dino_main
Using cache found in ./models/facebookresearch_dino_main
Using cache found in ./models/facebookresearch_dino_main
[[34m2025-06-14 02:07:51[0m] Saved checkpoint to logs/nwm_cdit_airvln/checkpoints/latest.pth.tar
Using cache found in ./models/facebookresearch_dino_main
[[34m2025-06-14 02:07:54[0m] Already found a `peft_config` attribute in the model. This will lead to having multiple adapters in the model. Make sure to know what you are doing!
[[34m2025-06-14 02:10:00[0m] (step=0210000) Perceptual Loss: 0.2013, Eval Time: 129.04
[[34m2025-06-14 02:10:53[0m] (step=0210100) Train Loss: 0.0923, Train Steps/Sec: 0.51, Samples/Sec: 24.41
[[34m2025-06-14 02:11:45[0m] (step=0210200) Train Loss: 0.0963, Train Steps/Sec: 1.90, Samples/Sec: 91.05
[[34m2025-06-14 02:12:37[0m] (step=0210300) Train Loss: 0.0968, Train Steps/Sec: 1.92, Samples/Sec: 92.17
[[34m2025-06-14 02:13:25[0m] (step=0210400) Train Loss: 0.0929, Train Steps/Sec: 2.12, Samples/Sec: 101.57
[[34m2025-06-14 02:14:12[0m] (step=0210500) Train Loss: 0.0991, Train Steps/Sec: 2.13, Samples/Sec: 102.35
[[34m2025-06-14 02:14:59[0m] (step=0210600) Train Loss: 0.0969, Train Steps/Sec: 2.12, Samples/Sec: 101.96
[[34m2025-06-14 02:15:45[0m] (step=0210700) Train Loss: 0.0929, Train Steps/Sec: 2.14, Samples/Sec: 102.65
[[34m2025-06-14 02:16:32[0m] (step=0210800) Train Loss: 0.0955, Train Steps/Sec: 2.14, Samples/Sec: 102.61
[[34m2025-06-14 02:17:19[0m] (step=0210900) Train Loss: 0.0954, Train Steps/Sec: 2.13, Samples/Sec: 102.47
[[34m2025-06-14 02:18:06[0m] (step=0211000) Train Loss: 0.0952, Train Steps/Sec: 2.13, Samples/Sec: 102.19
[[34m2025-06-14 02:18:53[0m] (step=0211100) Train Loss: 0.0970, Train Steps/Sec: 2.13, Samples/Sec: 102.29
[[34m2025-06-14 02:19:40[0m] (step=0211200) Train Loss: 0.0968, Train Steps/Sec: 2.14, Samples/Sec: 102.60
[[34m2025-06-14 02:20:27[0m] (step=0211300) Train Loss: 0.0899, Train Steps/Sec: 2.13, Samples/Sec: 102.01
[[34m2025-06-14 02:21:14[0m] (step=0211400) Train Loss: 0.0954, Train Steps/Sec: 2.13, Samples/Sec: 102.28
[[34m2025-06-14 02:22:01[0m] (step=0211500) Train Loss: 0.0933, Train Steps/Sec: 2.13, Samples/Sec: 102.33
[[34m2025-06-14 02:22:47[0m] (step=0211600) Train Loss: 0.0966, Train Steps/Sec: 2.13, Samples/Sec: 102.34
[[34m2025-06-14 02:23:35[0m] (step=0211700) Train Loss: 0.1026, Train Steps/Sec: 2.12, Samples/Sec: 101.93
[[34m2025-06-14 02:24:21[0m] (step=0211800) Train Loss: 0.0985, Train Steps/Sec: 2.13, Samples/Sec: 102.38
[[34m2025-06-14 02:25:08[0m] (step=0211900) Train Loss: 0.0968, Train Steps/Sec: 2.14, Samples/Sec: 102.51
[[34m2025-06-14 02:25:55[0m] (step=0212000) Train Loss: 0.0956, Train Steps/Sec: 2.13, Samples/Sec: 102.20
[[34m2025-06-14 02:26:10[0m] Saved checkpoint to logs/nwm_cdit_airvln/checkpoints/latest.pth.tar
[[34m2025-06-14 02:26:57[0m] (step=0212100) Train Loss: 0.0946, Train Steps/Sec: 1.63, Samples/Sec: 78.02
[[34m2025-06-14 02:27:44[0m] (step=0212200) Train Loss: 0.0912, Train Steps/Sec: 2.13, Samples/Sec: 102.16
[[34m2025-06-14 02:28:31[0m] (step=0212300) Train Loss: 0.0981, Train Steps/Sec: 2.13, Samples/Sec: 102.14
[[34m2025-06-14 02:29:18[0m] (step=0212400) Train Loss: 0.0923, Train Steps/Sec: 2.12, Samples/Sec: 101.61
[[34m2025-06-14 02:30:05[0m] (step=0212500) Train Loss: 0.0951, Train Steps/Sec: 2.13, Samples/Sec: 102.44
[[34m2025-06-14 02:30:52[0m] (step=0212600) Train Loss: 0.0975, Train Steps/Sec: 2.13, Samples/Sec: 102.18
[[34m2025-06-14 02:31:39[0m] (step=0212700) Train Loss: 0.0964, Train Steps/Sec: 2.13, Samples/Sec: 102.31
[[34m2025-06-14 02:32:26[0m] (step=0212800) Train Loss: 0.1006, Train Steps/Sec: 2.13, Samples/Sec: 102.34
[[34m2025-06-14 02:33:13[0m] (step=0212900) Train Loss: 0.0924, Train Steps/Sec: 2.13, Samples/Sec: 102.24
[[34m2025-06-14 02:34:00[0m] (step=0213000) Train Loss: 0.0954, Train Steps/Sec: 2.13, Samples/Sec: 102.24
[[34m2025-06-14 02:34:46[0m] (step=0213100) Train Loss: 0.0907, Train Steps/Sec: 2.13, Samples/Sec: 102.27
[[34m2025-06-14 02:35:33[0m] (step=0213200) Train Loss: 0.0975, Train Steps/Sec: 2.14, Samples/Sec: 102.52
[[34m2025-06-14 02:36:20[0m] (step=0213300) Train Loss: 0.0952, Train Steps/Sec: 2.13, Samples/Sec: 102.43
[[34m2025-06-14 02:37:07[0m] (step=0213400) Train Loss: 0.0962, Train Steps/Sec: 2.14, Samples/Sec: 102.81
[[34m2025-06-14 02:37:54[0m] (step=0213500) Train Loss: 0.0961, Train Steps/Sec: 2.13, Samples/Sec: 102.38
[[34m2025-06-14 02:38:41[0m] (step=0213600) Train Loss: 0.0986, Train Steps/Sec: 2.14, Samples/Sec: 102.58
[[34m2025-06-14 02:39:28[0m] (step=0213700) Train Loss: 0.0938, Train Steps/Sec: 2.13, Samples/Sec: 102.23
[[34m2025-06-14 02:40:14[0m] (step=0213800) Train Loss: 0.0971, Train Steps/Sec: 2.14, Samples/Sec: 102.62
[[34m2025-06-14 02:41:01[0m] (step=0213900) Train Loss: 0.0959, Train Steps/Sec: 2.14, Samples/Sec: 102.61
[[34m2025-06-14 02:41:48[0m] (step=0214000) Train Loss: 0.0942, Train Steps/Sec: 2.13, Samples/Sec: 102.33
[[34m2025-06-14 02:42:02[0m] Saved checkpoint to logs/nwm_cdit_airvln/checkpoints/latest.pth.tar
[[34m2025-06-14 02:42:49[0m] (step=0214100) Train Loss: 0.0999, Train Steps/Sec: 1.63, Samples/Sec: 78.40
[[34m2025-06-14 02:43:36[0m] (step=0214200) Train Loss: 0.1001, Train Steps/Sec: 2.14, Samples/Sec: 102.73
[[34m2025-06-14 02:44:23[0m] (step=0214300) Train Loss: 0.0990, Train Steps/Sec: 2.14, Samples/Sec: 102.90
[[34m2025-06-14 02:45:10[0m] (step=0214400) Train Loss: 0.0993, Train Steps/Sec: 2.13, Samples/Sec: 102.26
[[34m2025-06-14 02:45:56[0m] (step=0214500) Train Loss: 0.0951, Train Steps/Sec: 2.13, Samples/Sec: 102.43
[[34m2025-06-14 02:46:43[0m] (step=0214600) Train Loss: 0.0976, Train Steps/Sec: 2.13, Samples/Sec: 102.45
[[34m2025-06-14 02:47:30[0m] (step=0214700) Train Loss: 0.0957, Train Steps/Sec: 2.13, Samples/Sec: 102.36
[[34m2025-06-14 02:48:17[0m] (step=0214800) Train Loss: 0.0902, Train Steps/Sec: 2.13, Samples/Sec: 102.26
[[34m2025-06-14 02:49:04[0m] (step=0214900) Train Loss: 0.0913, Train Steps/Sec: 2.13, Samples/Sec: 102.47
[[34m2025-06-14 02:49:51[0m] (step=0215000) Train Loss: 0.1001, Train Steps/Sec: 2.13, Samples/Sec: 102.04
[[34m2025-06-14 02:50:38[0m] (step=0215100) Train Loss: 0.0977, Train Steps/Sec: 2.13, Samples/Sec: 102.03
[[34m2025-06-14 02:51:25[0m] (step=0215200) Train Loss: 0.0978, Train Steps/Sec: 2.13, Samples/Sec: 102.08
[[34m2025-06-14 02:52:12[0m] (step=0215300) Train Loss: 0.0967, Train Steps/Sec: 2.13, Samples/Sec: 102.35
[[34m2025-06-14 02:52:59[0m] (step=0215400) Train Loss: 0.0961, Train Steps/Sec: 2.13, Samples/Sec: 102.37
[[34m2025-06-14 02:53:46[0m] (step=0215500) Train Loss: 0.0943, Train Steps/Sec: 2.14, Samples/Sec: 102.51
[[34m2025-06-14 02:54:33[0m] (step=0215600) Train Loss: 0.0970, Train Steps/Sec: 2.13, Samples/Sec: 102.31
[[34m2025-06-14 02:55:20[0m] (step=0215700) Train Loss: 0.0861, Train Steps/Sec: 2.13, Samples/Sec: 102.13
[[34m2025-06-14 02:56:06[0m] (step=0215800) Train Loss: 0.0905, Train Steps/Sec: 2.13, Samples/Sec: 102.28
[[34m2025-06-14 02:56:53[0m] (step=0215900) Train Loss: 0.0970, Train Steps/Sec: 2.13, Samples/Sec: 102.11
[[34m2025-06-14 02:57:40[0m] (step=0216000) Train Loss: 0.0932, Train Steps/Sec: 2.13, Samples/Sec: 102.38
[[34m2025-06-14 02:57:55[0m] Saved checkpoint to logs/nwm_cdit_airvln/checkpoints/latest.pth.tar
[[34m2025-06-14 02:58:42[0m] (step=0216100) Train Loss: 0.0985, Train Steps/Sec: 1.63, Samples/Sec: 78.07
[[34m2025-06-14 02:59:29[0m] (step=0216200) Train Loss: 0.1006, Train Steps/Sec: 2.14, Samples/Sec: 102.51
[[34m2025-06-14 03:00:16[0m] (step=0216300) Train Loss: 0.0976, Train Steps/Sec: 2.13, Samples/Sec: 102.46
[[34m2025-06-14 03:01:02[0m] (step=0216400) Train Loss: 0.0967, Train Steps/Sec: 2.13, Samples/Sec: 102.29
[[34m2025-06-14 03:01:49[0m] (step=0216500) Train Loss: 0.0959, Train Steps/Sec: 2.13, Samples/Sec: 102.21
[[34m2025-06-14 03:02:36[0m] (step=0216600) Train Loss: 0.0894, Train Steps/Sec: 2.14, Samples/Sec: 102.74
[[34m2025-06-14 03:03:23[0m] (step=0216700) Train Loss: 0.0948, Train Steps/Sec: 2.13, Samples/Sec: 102.40
[[34m2025-06-14 03:04:10[0m] (step=0216800) Train Loss: 0.0917, Train Steps/Sec: 2.13, Samples/Sec: 102.47
[[34m2025-06-14 03:04:57[0m] (step=0216900) Train Loss: 0.0963, Train Steps/Sec: 2.13, Samples/Sec: 102.46
[[34m2025-06-14 03:05:43[0m] (step=0217000) Train Loss: 0.0933, Train Steps/Sec: 2.14, Samples/Sec: 102.84
[[34m2025-06-14 03:06:31[0m] (step=0217100) Train Loss: 0.0941, Train Steps/Sec: 2.12, Samples/Sec: 101.62
[[34m2025-06-14 03:07:17[0m] (step=0217200) Train Loss: 0.1006, Train Steps/Sec: 2.14, Samples/Sec: 102.59
[[34m2025-06-14 03:08:04[0m] (step=0217300) Train Loss: 0.0937, Train Steps/Sec: 2.13, Samples/Sec: 102.21
[[34m2025-06-14 03:08:51[0m] (step=0217400) Train Loss: 0.0941, Train Steps/Sec: 2.13, Samples/Sec: 102.40
[[34m2025-06-14 03:09:38[0m] (step=0217500) Train Loss: 0.0981, Train Steps/Sec: 2.13, Samples/Sec: 102.43
[[34m2025-06-14 03:10:25[0m] (step=0217600) Train Loss: 0.0957, Train Steps/Sec: 2.13, Samples/Sec: 102.25
[[34m2025-06-14 03:11:12[0m] (step=0217700) Train Loss: 0.0990, Train Steps/Sec: 2.13, Samples/Sec: 102.13
[[34m2025-06-14 03:11:59[0m] (step=0217800) Train Loss: 0.0933, Train Steps/Sec: 2.12, Samples/Sec: 101.96
[[34m2025-06-14 03:12:18[0m] Beginning epoch 10...
[[34m2025-06-14 03:12:47[0m] (step=0217900) Train Loss: 0.1001, Train Steps/Sec: 2.10, Samples/Sec: 100.56
[[34m2025-06-14 03:13:34[0m] (step=0218000) Train Loss: 0.0912, Train Steps/Sec: 2.11, Samples/Sec: 101.41
[[34m2025-06-14 03:13:56[0m] Saved checkpoint to logs/nwm_cdit_airvln/checkpoints/latest.pth.tar
[[34m2025-06-14 03:14:43[0m] (step=0218100) Train Loss: 0.0977, Train Steps/Sec: 1.45, Samples/Sec: 69.74
[[34m2025-06-14 03:15:30[0m] (step=0218200) Train Loss: 0.0913, Train Steps/Sec: 2.14, Samples/Sec: 102.54
[[34m2025-06-14 03:16:17[0m] (step=0218300) Train Loss: 0.0968, Train Steps/Sec: 2.14, Samples/Sec: 102.58
[[34m2025-06-14 03:17:04[0m] (step=0218400) Train Loss: 0.0963, Train Steps/Sec: 2.12, Samples/Sec: 101.94
[[34m2025-06-14 03:17:51[0m] (step=0218500) Train Loss: 0.1000, Train Steps/Sec: 2.14, Samples/Sec: 102.57
[[34m2025-06-14 03:18:37[0m] (step=0218600) Train Loss: 0.0952, Train Steps/Sec: 2.13, Samples/Sec: 102.47
[[34m2025-06-14 03:19:24[0m] (step=0218700) Train Loss: 0.0942, Train Steps/Sec: 2.14, Samples/Sec: 102.53
[[34m2025-06-14 03:20:11[0m] (step=0218800) Train Loss: 0.0938, Train Steps/Sec: 2.14, Samples/Sec: 102.54
[[34m2025-06-14 03:20:58[0m] (step=0218900) Train Loss: 0.0989, Train Steps/Sec: 2.13, Samples/Sec: 102.48
[[34m2025-06-14 03:21:45[0m] (step=0219000) Train Loss: 0.0934, Train Steps/Sec: 2.12, Samples/Sec: 101.87
[[34m2025-06-14 03:22:32[0m] (step=0219100) Train Loss: 0.0917, Train Steps/Sec: 2.12, Samples/Sec: 101.67
[[34m2025-06-14 03:23:19[0m] (step=0219200) Train Loss: 0.0932, Train Steps/Sec: 2.13, Samples/Sec: 102.41
[[34m2025-06-14 03:24:06[0m] (step=0219300) Train Loss: 0.0945, Train Steps/Sec: 2.13, Samples/Sec: 102.42
[[34m2025-06-14 03:24:53[0m] (step=0219400) Train Loss: 0.0959, Train Steps/Sec: 2.14, Samples/Sec: 102.68
[[34m2025-06-14 03:25:40[0m] (step=0219500) Train Loss: 0.0892, Train Steps/Sec: 2.13, Samples/Sec: 102.31
[[34m2025-06-14 03:26:27[0m] (step=0219600) Train Loss: 0.0979, Train Steps/Sec: 2.13, Samples/Sec: 102.25
[[34m2025-06-14 03:27:14[0m] (step=0219700) Train Loss: 0.0980, Train Steps/Sec: 2.13, Samples/Sec: 102.03
[[34m2025-06-14 03:28:01[0m] (step=0219800) Train Loss: 0.1031, Train Steps/Sec: 2.13, Samples/Sec: 102.05
[[34m2025-06-14 03:28:47[0m] (step=0219900) Train Loss: 0.0995, Train Steps/Sec: 2.13, Samples/Sec: 102.39
[[34m2025-06-14 03:29:34[0m] (step=0220000) Train Loss: 0.0959, Train Steps/Sec: 2.14, Samples/Sec: 102.60
Using cache found in ./models/facebookresearch_dino_main
Using cache found in ./models/facebookresearch_dino_main
Using cache found in ./models/facebookresearch_dino_main
[[34m2025-06-14 03:30:03[0m] Saved checkpoint to logs/nwm_cdit_airvln/checkpoints/0220000.pth.tar
Using cache found in ./models/facebookresearch_dino_main
[[34m2025-06-14 03:30:05[0m] Already found a `peft_config` attribute in the model. This will lead to having multiple adapters in the model. Make sure to know what you are doing!
[[34m2025-06-14 03:32:13[0m] (step=0220000) Perceptual Loss: 0.2440, Eval Time: 130.83
[[34m2025-06-14 03:33:01[0m] (step=0220100) Train Loss: 0.0910, Train Steps/Sec: 0.48, Samples/Sec: 23.21
[[34m2025-06-14 03:33:48[0m] (step=0220200) Train Loss: 0.0925, Train Steps/Sec: 2.13, Samples/Sec: 102.29
[[34m2025-06-14 03:34:35[0m] (step=0220300) Train Loss: 0.0929, Train Steps/Sec: 2.11, Samples/Sec: 101.11
[[34m2025-06-14 03:35:22[0m] (step=0220400) Train Loss: 0.0952, Train Steps/Sec: 2.13, Samples/Sec: 102.47
[[34m2025-06-14 03:36:09[0m] (step=0220500) Train Loss: 0.0936, Train Steps/Sec: 2.13, Samples/Sec: 102.37
[[34m2025-06-14 03:36:56[0m] (step=0220600) Train Loss: 0.0965, Train Steps/Sec: 2.14, Samples/Sec: 102.56
[[34m2025-06-14 03:37:43[0m] (step=0220700) Train Loss: 0.0952, Train Steps/Sec: 2.14, Samples/Sec: 102.94
[[34m2025-06-14 03:38:29[0m] (step=0220800) Train Loss: 0.0946, Train Steps/Sec: 2.13, Samples/Sec: 102.42
[[34m2025-06-14 03:39:17[0m] (step=0220900) Train Loss: 0.0941, Train Steps/Sec: 2.12, Samples/Sec: 101.96
[[34m2025-06-14 03:40:04[0m] (step=0221000) Train Loss: 0.0984, Train Steps/Sec: 2.13, Samples/Sec: 102.24
[[34m2025-06-14 03:40:50[0m] (step=0221100) Train Loss: 0.0934, Train Steps/Sec: 2.15, Samples/Sec: 103.10
[[34m2025-06-14 03:41:37[0m] (step=0221200) Train Loss: 0.0956, Train Steps/Sec: 2.14, Samples/Sec: 102.77
[[34m2025-06-14 03:42:23[0m] (step=0221300) Train Loss: 0.0913, Train Steps/Sec: 2.15, Samples/Sec: 103.04
[[34m2025-06-14 03:43:10[0m] (step=0221400) Train Loss: 0.0937, Train Steps/Sec: 2.14, Samples/Sec: 102.93
[[34m2025-06-14 03:43:57[0m] (step=0221500) Train Loss: 0.0933, Train Steps/Sec: 2.15, Samples/Sec: 103.08
[[34m2025-06-14 03:44:43[0m] (step=0221600) Train Loss: 0.0951, Train Steps/Sec: 2.14, Samples/Sec: 102.64
[[34m2025-06-14 03:45:30[0m] (step=0221700) Train Loss: 0.0947, Train Steps/Sec: 2.13, Samples/Sec: 102.46
[[34m2025-06-14 03:46:17[0m] (step=0221800) Train Loss: 0.1005, Train Steps/Sec: 2.15, Samples/Sec: 102.97
[[34m2025-06-14 03:47:03[0m] (step=0221900) Train Loss: 0.0914, Train Steps/Sec: 2.15, Samples/Sec: 102.98
[[34m2025-06-14 03:47:50[0m] (step=0222000) Train Loss: 0.0975, Train Steps/Sec: 2.15, Samples/Sec: 103.24
[[34m2025-06-14 03:48:04[0m] Saved checkpoint to logs/nwm_cdit_airvln/checkpoints/latest.pth.tar
[[34m2025-06-14 03:48:51[0m] (step=0222100) Train Loss: 0.0937, Train Steps/Sec: 1.64, Samples/Sec: 78.80
[[34m2025-06-14 03:49:37[0m] (step=0222200) Train Loss: 0.0897, Train Steps/Sec: 2.14, Samples/Sec: 102.91
[[34m2025-06-14 03:50:24[0m] (step=0222300) Train Loss: 0.0971, Train Steps/Sec: 2.13, Samples/Sec: 102.18
[[34m2025-06-14 03:51:11[0m] (step=0222400) Train Loss: 0.0939, Train Steps/Sec: 2.14, Samples/Sec: 102.90
[[34m2025-06-14 03:51:58[0m] (step=0222500) Train Loss: 0.0963, Train Steps/Sec: 2.14, Samples/Sec: 102.91
[[34m2025-06-14 03:52:44[0m] (step=0222600) Train Loss: 0.0977, Train Steps/Sec: 2.15, Samples/Sec: 102.98
[[34m2025-06-14 03:53:31[0m] (step=0222700) Train Loss: 0.0908, Train Steps/Sec: 2.14, Samples/Sec: 102.91
[[34m2025-06-14 03:54:18[0m] (step=0222800) Train Loss: 0.0955, Train Steps/Sec: 2.14, Samples/Sec: 102.76
[[34m2025-06-14 03:55:04[0m] (step=0222900) Train Loss: 0.1009, Train Steps/Sec: 2.14, Samples/Sec: 102.70
[[34m2025-06-14 03:55:51[0m] (step=0223000) Train Loss: 0.1007, Train Steps/Sec: 2.13, Samples/Sec: 102.18
[[34m2025-06-14 03:56:38[0m] (step=0223100) Train Loss: 0.1000, Train Steps/Sec: 2.14, Samples/Sec: 102.92
[[34m2025-06-14 03:57:25[0m] (step=0223200) Train Loss: 0.0959, Train Steps/Sec: 2.14, Samples/Sec: 102.71
[[34m2025-06-14 03:58:12[0m] (step=0223300) Train Loss: 0.0945, Train Steps/Sec: 2.14, Samples/Sec: 102.65
[[34m2025-06-14 03:58:58[0m] (step=0223400) Train Loss: 0.0964, Train Steps/Sec: 2.14, Samples/Sec: 102.75
[[34m2025-06-14 03:59:45[0m] (step=0223500) Train Loss: 0.0929, Train Steps/Sec: 2.15, Samples/Sec: 103.10
[[34m2025-06-14 04:00:32[0m] (step=0223600) Train Loss: 0.0931, Train Steps/Sec: 2.14, Samples/Sec: 102.50
[[34m2025-06-14 04:01:18[0m] (step=0223700) Train Loss: 0.0914, Train Steps/Sec: 2.14, Samples/Sec: 102.74
[[34m2025-06-14 04:02:05[0m] (step=0223800) Train Loss: 0.0935, Train Steps/Sec: 2.15, Samples/Sec: 103.03
[[34m2025-06-14 04:02:52[0m] (step=0223900) Train Loss: 0.0957, Train Steps/Sec: 2.15, Samples/Sec: 103.06
[[34m2025-06-14 04:03:38[0m] (step=0224000) Train Loss: 0.0945, Train Steps/Sec: 2.14, Samples/Sec: 102.92
[[34m2025-06-14 04:03:53[0m] Saved checkpoint to logs/nwm_cdit_airvln/checkpoints/latest.pth.tar
[[34m2025-06-14 04:04:39[0m] (step=0224100) Train Loss: 0.0965, Train Steps/Sec: 1.63, Samples/Sec: 78.32
[[34m2025-06-14 04:05:26[0m] (step=0224200) Train Loss: 0.0986, Train Steps/Sec: 2.14, Samples/Sec: 102.49
[[34m2025-06-14 04:06:13[0m] (step=0224300) Train Loss: 0.0959, Train Steps/Sec: 2.13, Samples/Sec: 102.34
[[34m2025-06-14 04:07:00[0m] (step=0224400) Train Loss: 0.0958, Train Steps/Sec: 2.15, Samples/Sec: 102.96
[[34m2025-06-14 04:07:46[0m] (step=0224500) Train Loss: 0.0949, Train Steps/Sec: 2.14, Samples/Sec: 102.93
[[34m2025-06-14 04:08:33[0m] (step=0224600) Train Loss: 0.0906, Train Steps/Sec: 2.14, Samples/Sec: 102.85
[[34m2025-06-14 04:09:20[0m] (step=0224700) Train Loss: 0.0953, Train Steps/Sec: 2.14, Samples/Sec: 102.86
[[34m2025-06-14 04:10:07[0m] (step=0224800) Train Loss: 0.0997, Train Steps/Sec: 2.13, Samples/Sec: 102.25
[[34m2025-06-14 04:10:54[0m] (step=0224900) Train Loss: 0.0946, Train Steps/Sec: 2.14, Samples/Sec: 102.56
[[34m2025-06-14 04:11:41[0m] (step=0225000) Train Loss: 0.0929, Train Steps/Sec: 2.13, Samples/Sec: 102.21
[[34m2025-06-14 04:12:27[0m] (step=0225100) Train Loss: 0.0925, Train Steps/Sec: 2.14, Samples/Sec: 102.73
[[34m2025-06-14 04:13:14[0m] (step=0225200) Train Loss: 0.0947, Train Steps/Sec: 2.13, Samples/Sec: 102.17
[[34m2025-06-14 04:14:01[0m] (step=0225300) Train Loss: 0.0970, Train Steps/Sec: 2.14, Samples/Sec: 102.68
[[34m2025-06-14 04:14:48[0m] (step=0225400) Train Loss: 0.0942, Train Steps/Sec: 2.14, Samples/Sec: 102.71
[[34m2025-06-14 04:15:34[0m] (step=0225500) Train Loss: 0.0988, Train Steps/Sec: 2.15, Samples/Sec: 103.01
[[34m2025-06-14 04:16:21[0m] (step=0225600) Train Loss: 0.1015, Train Steps/Sec: 2.13, Samples/Sec: 102.15
[[34m2025-06-14 04:17:09[0m] (step=0225700) Train Loss: 0.0969, Train Steps/Sec: 2.12, Samples/Sec: 101.68
[[34m2025-06-14 04:17:55[0m] (step=0225800) Train Loss: 0.0979, Train Steps/Sec: 2.14, Samples/Sec: 102.71
[[34m2025-06-14 04:18:42[0m] (step=0225900) Train Loss: 0.0966, Train Steps/Sec: 2.13, Samples/Sec: 102.37
[[34m2025-06-14 04:19:29[0m] (step=0226000) Train Loss: 0.0956, Train Steps/Sec: 2.14, Samples/Sec: 102.56
[[34m2025-06-14 04:19:44[0m] Saved checkpoint to logs/nwm_cdit_airvln/checkpoints/latest.pth.tar
[[34m2025-06-14 04:20:30[0m] (step=0226100) Train Loss: 0.0964, Train Steps/Sec: 1.63, Samples/Sec: 78.07
[[34m2025-06-14 04:21:17[0m] (step=0226200) Train Loss: 0.1000, Train Steps/Sec: 2.13, Samples/Sec: 102.17
[[34m2025-06-14 04:22:05[0m] (step=0226300) Train Loss: 0.0962, Train Steps/Sec: 2.11, Samples/Sec: 101.30
[[34m2025-06-14 04:22:52[0m] (step=0226400) Train Loss: 0.0970, Train Steps/Sec: 2.11, Samples/Sec: 101.15
[[34m2025-06-14 04:23:40[0m] (step=0226500) Train Loss: 0.0965, Train Steps/Sec: 2.09, Samples/Sec: 100.43
[[34m2025-06-14 04:24:27[0m] (step=0226600) Train Loss: 0.0945, Train Steps/Sec: 2.11, Samples/Sec: 101.23
[[34m2025-06-14 04:25:14[0m] (step=0226700) Train Loss: 0.0967, Train Steps/Sec: 2.13, Samples/Sec: 102.46
[[34m2025-06-14 04:26:01[0m] (step=0226800) Train Loss: 0.0993, Train Steps/Sec: 2.12, Samples/Sec: 101.78
[[34m2025-06-14 04:26:49[0m] (step=0226900) Train Loss: 0.0990, Train Steps/Sec: 2.12, Samples/Sec: 101.91
[[34m2025-06-14 04:27:36[0m] (step=0227000) Train Loss: 0.0985, Train Steps/Sec: 2.12, Samples/Sec: 101.66
[[34m2025-06-14 04:28:23[0m] (step=0227100) Train Loss: 0.0964, Train Steps/Sec: 2.11, Samples/Sec: 101.45
[[34m2025-06-14 04:29:10[0m] (step=0227200) Train Loss: 0.0972, Train Steps/Sec: 2.13, Samples/Sec: 102.17
[[34m2025-06-14 04:29:57[0m] (step=0227300) Train Loss: 0.0965, Train Steps/Sec: 2.13, Samples/Sec: 102.23
[[34m2025-06-14 04:30:44[0m] (step=0227400) Train Loss: 0.0955, Train Steps/Sec: 2.13, Samples/Sec: 102.16
[[34m2025-06-14 04:31:31[0m] (step=0227500) Train Loss: 0.0915, Train Steps/Sec: 2.12, Samples/Sec: 101.81
[[34m2025-06-14 04:32:19[0m] (step=0227600) Train Loss: 0.0932, Train Steps/Sec: 2.10, Samples/Sec: 100.92
[[34m2025-06-14 04:33:06[0m] (step=0227700) Train Loss: 0.0932, Train Steps/Sec: 2.10, Samples/Sec: 100.70
[[34m2025-06-14 04:33:54[0m] (step=0227800) Train Loss: 0.0958, Train Steps/Sec: 2.12, Samples/Sec: 101.84
[[34m2025-06-14 04:34:41[0m] (step=0227900) Train Loss: 0.0937, Train Steps/Sec: 2.10, Samples/Sec: 100.92
[[34m2025-06-14 04:35:28[0m] (step=0228000) Train Loss: 0.0944, Train Steps/Sec: 2.13, Samples/Sec: 102.11
[[34m2025-06-14 04:35:44[0m] Saved checkpoint to logs/nwm_cdit_airvln/checkpoints/latest.pth.tar
[[34m2025-06-14 04:36:31[0m] (step=0228100) Train Loss: 0.0940, Train Steps/Sec: 1.59, Samples/Sec: 76.18
[[34m2025-06-14 04:37:18[0m] (step=0228200) Train Loss: 0.0967, Train Steps/Sec: 2.14, Samples/Sec: 102.65
[[34m2025-06-14 04:38:05[0m] (step=0228300) Train Loss: 0.0922, Train Steps/Sec: 2.14, Samples/Sec: 102.85
[[34m2025-06-14 04:38:52[0m] (step=0228400) Train Loss: 0.0924, Train Steps/Sec: 2.13, Samples/Sec: 102.01
[[34m2025-06-14 04:39:38[0m] (step=0228500) Train Loss: 0.0947, Train Steps/Sec: 2.14, Samples/Sec: 102.83
[[34m2025-06-14 04:40:25[0m] (step=0228600) Train Loss: 0.0909, Train Steps/Sec: 2.15, Samples/Sec: 102.97
[[34m2025-06-14 04:41:12[0m] (step=0228700) Train Loss: 0.0973, Train Steps/Sec: 2.14, Samples/Sec: 102.83
[[34m2025-06-14 04:41:58[0m] (step=0228800) Train Loss: 0.0943, Train Steps/Sec: 2.13, Samples/Sec: 102.45
[[34m2025-06-14 04:42:45[0m] (step=0228900) Train Loss: 0.0931, Train Steps/Sec: 2.14, Samples/Sec: 102.70
[[34m2025-06-14 04:43:32[0m] (step=0229000) Train Loss: 0.0951, Train Steps/Sec: 2.13, Samples/Sec: 102.24
[[34m2025-06-14 04:44:19[0m] (step=0229100) Train Loss: 0.0924, Train Steps/Sec: 2.14, Samples/Sec: 102.78
[[34m2025-06-14 04:45:06[0m] (step=0229200) Train Loss: 0.0951, Train Steps/Sec: 2.14, Samples/Sec: 102.60
[[34m2025-06-14 04:45:53[0m] (step=0229300) Train Loss: 0.0919, Train Steps/Sec: 2.13, Samples/Sec: 102.15
[[34m2025-06-14 04:46:39[0m] (step=0229400) Train Loss: 0.1005, Train Steps/Sec: 2.13, Samples/Sec: 102.41
[[34m2025-06-14 04:47:26[0m] (step=0229500) Train Loss: 0.0957, Train Steps/Sec: 2.13, Samples/Sec: 102.11
[[34m2025-06-14 04:48:14[0m] (step=0229600) Train Loss: 0.0956, Train Steps/Sec: 2.12, Samples/Sec: 101.83
[[34m2025-06-14 04:49:01[0m] (step=0229700) Train Loss: 0.0959, Train Steps/Sec: 2.11, Samples/Sec: 101.44
[[34m2025-06-14 04:49:48[0m] (step=0229800) Train Loss: 0.0942, Train Steps/Sec: 2.11, Samples/Sec: 101.21
[[34m2025-06-14 04:50:36[0m] (step=0229900) Train Loss: 0.0990, Train Steps/Sec: 2.12, Samples/Sec: 101.88
[[34m2025-06-14 04:51:23[0m] (step=0230000) Train Loss: 0.0874, Train Steps/Sec: 2.12, Samples/Sec: 101.65
Using cache found in ./models/facebookresearch_dino_main
Using cache found in ./models/facebookresearch_dino_main
Using cache found in ./models/facebookresearch_dino_main
[[34m2025-06-14 04:51:40[0m] Saved checkpoint to logs/nwm_cdit_airvln/checkpoints/latest.pth.tar
Using cache found in ./models/facebookresearch_dino_main
[[34m2025-06-14 04:51:43[0m] Already found a `peft_config` attribute in the model. This will lead to having multiple adapters in the model. Make sure to know what you are doing!
[[34m2025-06-14 04:53:49[0m] (step=0230000) Perceptual Loss: 0.2312, Eval Time: 128.89
[[34m2025-06-14 04:54:36[0m] (step=0230100) Train Loss: 0.0985, Train Steps/Sec: 0.52, Samples/Sec: 24.82
[[34m2025-06-14 04:55:23[0m] (step=0230200) Train Loss: 0.0963, Train Steps/Sec: 2.11, Samples/Sec: 101.47
[[34m2025-06-14 04:56:10[0m] (step=0230300) Train Loss: 0.0892, Train Steps/Sec: 2.13, Samples/Sec: 102.45
[[34m2025-06-14 04:56:58[0m] (step=0230400) Train Loss: 0.0988, Train Steps/Sec: 2.10, Samples/Sec: 100.67
[[34m2025-06-14 04:57:46[0m] (step=0230500) Train Loss: 0.0919, Train Steps/Sec: 2.10, Samples/Sec: 100.67
[[34m2025-06-14 04:58:33[0m] (step=0230600) Train Loss: 0.0916, Train Steps/Sec: 2.09, Samples/Sec: 100.41
[[34m2025-06-14 04:59:21[0m] (step=0230700) Train Loss: 0.1011, Train Steps/Sec: 2.09, Samples/Sec: 100.22
[[34m2025-06-14 05:00:09[0m] (step=0230800) Train Loss: 0.0946, Train Steps/Sec: 2.10, Samples/Sec: 100.95
[[34m2025-06-14 05:00:56[0m] (step=0230900) Train Loss: 0.0956, Train Steps/Sec: 2.12, Samples/Sec: 101.87
[[34m2025-06-14 05:01:43[0m] (step=0231000) Train Loss: 0.0990, Train Steps/Sec: 2.13, Samples/Sec: 102.45
[[34m2025-06-14 05:02:30[0m] (step=0231100) Train Loss: 0.0925, Train Steps/Sec: 2.14, Samples/Sec: 102.64
[[34m2025-06-14 05:03:17[0m] (step=0231200) Train Loss: 0.0962, Train Steps/Sec: 2.13, Samples/Sec: 102.21
[[34m2025-06-14 05:04:04[0m] (step=0231300) Train Loss: 0.0966, Train Steps/Sec: 2.13, Samples/Sec: 102.16
[[34m2025-06-14 05:04:51[0m] (step=0231400) Train Loss: 0.0929, Train Steps/Sec: 2.12, Samples/Sec: 101.62
[[34m2025-06-14 05:05:38[0m] (step=0231500) Train Loss: 0.0933, Train Steps/Sec: 2.12, Samples/Sec: 101.92
[[34m2025-06-14 05:06:25[0m] (step=0231600) Train Loss: 0.0925, Train Steps/Sec: 2.13, Samples/Sec: 102.13
[[34m2025-06-14 05:07:12[0m] (step=0231700) Train Loss: 0.1008, Train Steps/Sec: 2.13, Samples/Sec: 102.25
[[34m2025-06-14 05:07:59[0m] (step=0231800) Train Loss: 0.0925, Train Steps/Sec: 2.13, Samples/Sec: 102.12
[[34m2025-06-14 05:08:46[0m] (step=0231900) Train Loss: 0.0965, Train Steps/Sec: 2.13, Samples/Sec: 102.35
[[34m2025-06-14 05:09:33[0m] (step=0232000) Train Loss: 0.0963, Train Steps/Sec: 2.13, Samples/Sec: 102.48
[[34m2025-06-14 05:09:48[0m] Saved checkpoint to logs/nwm_cdit_airvln/checkpoints/latest.pth.tar
[[34m2025-06-14 05:10:35[0m] (step=0232100) Train Loss: 0.0933, Train Steps/Sec: 1.60, Samples/Sec: 76.91
[[34m2025-06-14 05:11:22[0m] (step=0232200) Train Loss: 0.0948, Train Steps/Sec: 2.12, Samples/Sec: 101.73
[[34m2025-06-14 05:12:09[0m] (step=0232300) Train Loss: 0.0980, Train Steps/Sec: 2.12, Samples/Sec: 101.97
[[34m2025-06-14 05:12:56[0m] (step=0232400) Train Loss: 0.0983, Train Steps/Sec: 2.13, Samples/Sec: 102.25
[[34m2025-06-14 05:13:43[0m] (step=0232500) Train Loss: 0.0919, Train Steps/Sec: 2.13, Samples/Sec: 102.43
[[34m2025-06-14 05:14:30[0m] (step=0232600) Train Loss: 0.0957, Train Steps/Sec: 2.14, Samples/Sec: 102.64
[[34m2025-06-14 05:15:17[0m] (step=0232700) Train Loss: 0.0991, Train Steps/Sec: 2.13, Samples/Sec: 102.30
[[34m2025-06-14 05:16:04[0m] (step=0232800) Train Loss: 0.0923, Train Steps/Sec: 2.13, Samples/Sec: 102.39
[[34m2025-06-14 05:16:51[0m] (step=0232900) Train Loss: 0.0956, Train Steps/Sec: 2.12, Samples/Sec: 101.64
[[34m2025-06-14 05:17:38[0m] (step=0233000) Train Loss: 0.1009, Train Steps/Sec: 2.13, Samples/Sec: 102.28
[[34m2025-06-14 05:18:25[0m] (step=0233100) Train Loss: 0.0966, Train Steps/Sec: 2.13, Samples/Sec: 102.38
[[34m2025-06-14 05:19:12[0m] (step=0233200) Train Loss: 0.0968, Train Steps/Sec: 2.13, Samples/Sec: 102.30
[[34m2025-06-14 05:19:59[0m] (step=0233300) Train Loss: 0.0977, Train Steps/Sec: 2.13, Samples/Sec: 102.35
[[34m2025-06-14 05:20:46[0m] (step=0233400) Train Loss: 0.0941, Train Steps/Sec: 2.13, Samples/Sec: 102.17
[[34m2025-06-14 05:21:32[0m] (step=0233500) Train Loss: 0.0937, Train Steps/Sec: 2.13, Samples/Sec: 102.23
[[34m2025-06-14 05:22:19[0m] (step=0233600) Train Loss: 0.0921, Train Steps/Sec: 2.13, Samples/Sec: 102.34
[[34m2025-06-14 05:23:06[0m] (step=0233700) Train Loss: 0.1012, Train Steps/Sec: 2.14, Samples/Sec: 102.62
[[34m2025-06-14 05:23:53[0m] (step=0233800) Train Loss: 0.0995, Train Steps/Sec: 2.14, Samples/Sec: 102.65
[[34m2025-06-14 05:24:40[0m] (step=0233900) Train Loss: 0.0957, Train Steps/Sec: 2.12, Samples/Sec: 101.73
[[34m2025-06-14 05:25:27[0m] (step=0234000) Train Loss: 0.0963, Train Steps/Sec: 2.13, Samples/Sec: 102.43
[[34m2025-06-14 05:25:46[0m] Saved checkpoint to logs/nwm_cdit_airvln/checkpoints/latest.pth.tar
[[34m2025-06-14 05:26:33[0m] (step=0234100) Train Loss: 0.0961, Train Steps/Sec: 1.52, Samples/Sec: 72.88
[[34m2025-06-14 05:27:20[0m] (step=0234200) Train Loss: 0.0927, Train Steps/Sec: 2.13, Samples/Sec: 102.41
[[34m2025-06-14 05:28:07[0m] (step=0234300) Train Loss: 0.0948, Train Steps/Sec: 2.13, Samples/Sec: 102.07
[[34m2025-06-14 05:28:54[0m] (step=0234400) Train Loss: 0.0964, Train Steps/Sec: 2.12, Samples/Sec: 101.89
[[34m2025-06-14 05:29:41[0m] (step=0234500) Train Loss: 0.0932, Train Steps/Sec: 2.12, Samples/Sec: 101.84
[[34m2025-06-14 05:30:28[0m] (step=0234600) Train Loss: 0.0995, Train Steps/Sec: 2.12, Samples/Sec: 101.99
[[34m2025-06-14 05:31:15[0m] (step=0234700) Train Loss: 0.0958, Train Steps/Sec: 2.12, Samples/Sec: 101.63
[[34m2025-06-14 05:32:02[0m] (step=0234800) Train Loss: 0.0997, Train Steps/Sec: 2.12, Samples/Sec: 101.83
[[34m2025-06-14 05:32:50[0m] (step=0234900) Train Loss: 0.0949, Train Steps/Sec: 2.12, Samples/Sec: 101.89
[[34m2025-06-14 05:33:37[0m] (step=0235000) Train Loss: 0.0973, Train Steps/Sec: 2.13, Samples/Sec: 102.18
[[34m2025-06-14 05:34:23[0m] (step=0235100) Train Loss: 0.0945, Train Steps/Sec: 2.13, Samples/Sec: 102.37
[[34m2025-06-14 05:35:10[0m] (step=0235200) Train Loss: 0.0935, Train Steps/Sec: 2.13, Samples/Sec: 102.29
[[34m2025-06-14 05:35:57[0m] (step=0235300) Train Loss: 0.0954, Train Steps/Sec: 2.13, Samples/Sec: 102.27
[[34m2025-06-14 05:36:44[0m] (step=0235400) Train Loss: 0.0946, Train Steps/Sec: 2.13, Samples/Sec: 102.02
[[34m2025-06-14 05:37:31[0m] (step=0235500) Train Loss: 0.0935, Train Steps/Sec: 2.12, Samples/Sec: 101.84
[[34m2025-06-14 05:38:19[0m] (step=0235600) Train Loss: 0.0933, Train Steps/Sec: 2.13, Samples/Sec: 102.02
[[34m2025-06-14 05:39:05[0m] (step=0235700) Train Loss: 0.0960, Train Steps/Sec: 2.14, Samples/Sec: 102.49
[[34m2025-06-14 05:39:52[0m] (step=0235800) Train Loss: 0.0947, Train Steps/Sec: 2.13, Samples/Sec: 102.35
[[34m2025-06-14 05:40:39[0m] (step=0235900) Train Loss: 0.0924, Train Steps/Sec: 2.14, Samples/Sec: 102.58
[[34m2025-06-14 05:41:26[0m] (step=0236000) Train Loss: 0.0957, Train Steps/Sec: 2.13, Samples/Sec: 102.12
[[34m2025-06-14 05:41:41[0m] Saved checkpoint to logs/nwm_cdit_airvln/checkpoints/latest.pth.tar
[[34m2025-06-14 05:42:28[0m] (step=0236100) Train Loss: 0.0932, Train Steps/Sec: 1.61, Samples/Sec: 77.52
[[34m2025-06-14 05:43:15[0m] (step=0236200) Train Loss: 0.0957, Train Steps/Sec: 2.13, Samples/Sec: 102.05
[[34m2025-06-14 05:44:02[0m] (step=0236300) Train Loss: 0.0949, Train Steps/Sec: 2.13, Samples/Sec: 102.29
[[34m2025-06-14 05:44:49[0m] (step=0236400) Train Loss: 0.1002, Train Steps/Sec: 2.14, Samples/Sec: 102.52
[[34m2025-06-14 05:45:36[0m] (step=0236500) Train Loss: 0.0983, Train Steps/Sec: 2.13, Samples/Sec: 102.34
[[34m2025-06-14 05:46:23[0m] (step=0236600) Train Loss: 0.0911, Train Steps/Sec: 2.13, Samples/Sec: 102.23
[[34m2025-06-14 05:47:09[0m] (step=0236700) Train Loss: 0.0917, Train Steps/Sec: 2.14, Samples/Sec: 102.52
[[34m2025-06-14 05:47:56[0m] (step=0236800) Train Loss: 0.0913, Train Steps/Sec: 2.13, Samples/Sec: 102.38
[[34m2025-06-14 05:48:43[0m] (step=0236900) Train Loss: 0.0949, Train Steps/Sec: 2.12, Samples/Sec: 101.83
[[34m2025-06-14 05:49:30[0m] (step=0237000) Train Loss: 0.0980, Train Steps/Sec: 2.14, Samples/Sec: 102.62
[[34m2025-06-14 05:50:17[0m] (step=0237100) Train Loss: 0.0977, Train Steps/Sec: 2.14, Samples/Sec: 102.65
[[34m2025-06-14 05:51:04[0m] (step=0237200) Train Loss: 0.0963, Train Steps/Sec: 2.14, Samples/Sec: 102.64
[[34m2025-06-14 05:51:51[0m] (step=0237300) Train Loss: 0.0976, Train Steps/Sec: 2.13, Samples/Sec: 102.21
[[34m2025-06-14 05:52:38[0m] (step=0237400) Train Loss: 0.0930, Train Steps/Sec: 2.13, Samples/Sec: 102.43
[[34m2025-06-14 05:53:25[0m] (step=0237500) Train Loss: 0.0955, Train Steps/Sec: 2.13, Samples/Sec: 102.09
[[34m2025-06-14 05:54:12[0m] (step=0237600) Train Loss: 0.1019, Train Steps/Sec: 2.13, Samples/Sec: 102.01
[[34m2025-06-14 05:54:59[0m] (step=0237700) Train Loss: 0.0956, Train Steps/Sec: 2.13, Samples/Sec: 102.24
[[34m2025-06-14 05:55:46[0m] (step=0237800) Train Loss: 0.0942, Train Steps/Sec: 2.13, Samples/Sec: 102.09
[[34m2025-06-14 05:56:33[0m] (step=0237900) Train Loss: 0.0964, Train Steps/Sec: 2.13, Samples/Sec: 102.41
[[34m2025-06-14 05:57:20[0m] (step=0238000) Train Loss: 0.0912, Train Steps/Sec: 2.12, Samples/Sec: 101.91
[[34m2025-06-14 05:57:35[0m] Saved checkpoint to logs/nwm_cdit_airvln/checkpoints/latest.pth.tar
[[34m2025-06-14 05:58:21[0m] (step=0238100) Train Loss: 0.1020, Train Steps/Sec: 1.62, Samples/Sec: 77.71
[[34m2025-06-14 05:59:08[0m] (step=0238200) Train Loss: 0.0996, Train Steps/Sec: 2.13, Samples/Sec: 102.06
[[34m2025-06-14 05:59:55[0m] (step=0238300) Train Loss: 0.0975, Train Steps/Sec: 2.13, Samples/Sec: 102.04
[[34m2025-06-14 06:00:42[0m] (step=0238400) Train Loss: 0.0940, Train Steps/Sec: 2.14, Samples/Sec: 102.51
[[34m2025-06-14 06:01:29[0m] (step=0238500) Train Loss: 0.0963, Train Steps/Sec: 2.13, Samples/Sec: 102.39
[[34m2025-06-14 06:02:16[0m] (step=0238600) Train Loss: 0.0921, Train Steps/Sec: 2.13, Samples/Sec: 102.25
[[34m2025-06-14 06:03:03[0m] (step=0238700) Train Loss: 0.0963, Train Steps/Sec: 2.14, Samples/Sec: 102.51
[[34m2025-06-14 06:03:50[0m] (step=0238800) Train Loss: 0.0959, Train Steps/Sec: 2.14, Samples/Sec: 102.66
[[34m2025-06-14 06:04:37[0m] (step=0238900) Train Loss: 0.0948, Train Steps/Sec: 2.12, Samples/Sec: 101.93
[[34m2025-06-14 06:05:24[0m] (step=0239000) Train Loss: 0.0939, Train Steps/Sec: 2.14, Samples/Sec: 102.49
[[34m2025-06-14 06:06:10[0m] (step=0239100) Train Loss: 0.0932, Train Steps/Sec: 2.14, Samples/Sec: 102.52
[[34m2025-06-14 06:06:57[0m] (step=0239200) Train Loss: 0.0919, Train Steps/Sec: 2.14, Samples/Sec: 102.60
[[34m2025-06-14 06:07:44[0m] (step=0239300) Train Loss: 0.0973, Train Steps/Sec: 2.13, Samples/Sec: 102.02
[[34m2025-06-14 06:08:31[0m] (step=0239400) Train Loss: 0.0984, Train Steps/Sec: 2.13, Samples/Sec: 102.38
[[34m2025-06-14 06:09:18[0m] (step=0239500) Train Loss: 0.0989, Train Steps/Sec: 2.13, Samples/Sec: 102.48
[[34m2025-06-14 06:10:05[0m] (step=0239600) Train Loss: 0.0993, Train Steps/Sec: 2.12, Samples/Sec: 101.91
[[34m2025-06-14 06:10:16[0m] Beginning epoch 11...
[[34m2025-06-14 06:10:53[0m] (step=0239700) Train Loss: 0.0941, Train Steps/Sec: 2.08, Samples/Sec: 99.78
[[34m2025-06-14 06:11:40[0m] (step=0239800) Train Loss: 0.0973, Train Steps/Sec: 2.12, Samples/Sec: 101.72
[[34m2025-06-14 06:12:27[0m] (step=0239900) Train Loss: 0.0928, Train Steps/Sec: 2.14, Samples/Sec: 102.53
[[34m2025-06-14 06:13:14[0m] (step=0240000) Train Loss: 0.1016, Train Steps/Sec: 2.14, Samples/Sec: 102.93
Using cache found in ./models/facebookresearch_dino_main
Using cache found in ./models/facebookresearch_dino_main
Using cache found in ./models/facebookresearch_dino_main
[[34m2025-06-14 06:13:46[0m] Saved checkpoint to logs/nwm_cdit_airvln/checkpoints/0240000.pth.tar
Using cache found in ./models/facebookresearch_dino_main
[[34m2025-06-14 06:13:49[0m] Already found a `peft_config` attribute in the model. This will lead to having multiple adapters in the model. Make sure to know what you are doing!
[[34m2025-06-14 06:15:55[0m] (step=0240000) Perceptual Loss: 0.2196, Eval Time: 128.56
[[34m2025-06-14 06:16:42[0m] (step=0240100) Train Loss: 0.0951, Train Steps/Sec: 0.48, Samples/Sec: 23.07
[[34m2025-06-14 06:17:29[0m] (step=0240200) Train Loss: 0.0982, Train Steps/Sec: 2.14, Samples/Sec: 102.74
[[34m2025-06-14 06:18:15[0m] (step=0240300) Train Loss: 0.0988, Train Steps/Sec: 2.14, Samples/Sec: 102.66
[[34m2025-06-14 06:19:02[0m] (step=0240400) Train Loss: 0.0937, Train Steps/Sec: 2.14, Samples/Sec: 102.79
[[34m2025-06-14 06:19:49[0m] (step=0240500) Train Loss: 0.0949, Train Steps/Sec: 2.13, Samples/Sec: 102.33
[[34m2025-06-14 06:20:36[0m] (step=0240600) Train Loss: 0.0999, Train Steps/Sec: 2.14, Samples/Sec: 102.88
[[34m2025-06-14 06:21:22[0m] (step=0240700) Train Loss: 0.0956, Train Steps/Sec: 2.15, Samples/Sec: 103.16
[[34m2025-06-14 06:22:09[0m] (step=0240800) Train Loss: 0.0970, Train Steps/Sec: 2.14, Samples/Sec: 102.68
[[34m2025-06-14 06:22:56[0m] (step=0240900) Train Loss: 0.0970, Train Steps/Sec: 2.15, Samples/Sec: 103.04
[[34m2025-06-14 06:23:42[0m] (step=0241000) Train Loss: 0.0930, Train Steps/Sec: 2.14, Samples/Sec: 102.80
[[34m2025-06-14 06:24:29[0m] (step=0241100) Train Loss: 0.0948, Train Steps/Sec: 2.14, Samples/Sec: 102.80
[[34m2025-06-14 06:25:16[0m] (step=0241200) Train Loss: 0.0974, Train Steps/Sec: 2.13, Samples/Sec: 102.46
[[34m2025-06-14 06:26:02[0m] (step=0241300) Train Loss: 0.0945, Train Steps/Sec: 2.14, Samples/Sec: 102.71
[[34m2025-06-14 06:26:49[0m] (step=0241400) Train Loss: 0.0936, Train Steps/Sec: 2.13, Samples/Sec: 102.43
[[34m2025-06-14 06:27:36[0m] (step=0241500) Train Loss: 0.0980, Train Steps/Sec: 2.14, Samples/Sec: 102.50
[[34m2025-06-14 06:28:23[0m] (step=0241600) Train Loss: 0.0921, Train Steps/Sec: 2.14, Samples/Sec: 102.74
[[34m2025-06-14 06:29:10[0m] (step=0241700) Train Loss: 0.0966, Train Steps/Sec: 2.15, Samples/Sec: 102.97
[[34m2025-06-14 06:29:56[0m] (step=0241800) Train Loss: 0.0988, Train Steps/Sec: 2.14, Samples/Sec: 102.71
[[34m2025-06-14 06:30:43[0m] (step=0241900) Train Loss: 0.0980, Train Steps/Sec: 2.14, Samples/Sec: 102.72
[[34m2025-06-14 06:31:30[0m] (step=0242000) Train Loss: 0.0930, Train Steps/Sec: 2.14, Samples/Sec: 102.68
[[34m2025-06-14 06:31:45[0m] Saved checkpoint to logs/nwm_cdit_airvln/checkpoints/latest.pth.tar
[[34m2025-06-14 06:32:32[0m] (step=0242100) Train Loss: 0.0938, Train Steps/Sec: 1.61, Samples/Sec: 77.33
[[34m2025-06-14 06:33:19[0m] (step=0242200) Train Loss: 0.0956, Train Steps/Sec: 2.14, Samples/Sec: 102.66
[[34m2025-06-14 06:34:05[0m] (step=0242300) Train Loss: 0.0977, Train Steps/Sec: 2.14, Samples/Sec: 102.50
[[34m2025-06-14 06:34:52[0m] (step=0242400) Train Loss: 0.0970, Train Steps/Sec: 2.13, Samples/Sec: 102.47
[[34m2025-06-14 06:35:39[0m] (step=0242500) Train Loss: 0.0975, Train Steps/Sec: 2.15, Samples/Sec: 103.00
[[34m2025-06-14 06:36:25[0m] (step=0242600) Train Loss: 0.0948, Train Steps/Sec: 2.14, Samples/Sec: 102.92
[[34m2025-06-14 06:37:12[0m] (step=0242700) Train Loss: 0.0971, Train Steps/Sec: 2.14, Samples/Sec: 102.62
[[34m2025-06-14 06:37:59[0m] (step=0242800) Train Loss: 0.0985, Train Steps/Sec: 2.13, Samples/Sec: 102.18
[[34m2025-06-14 06:38:46[0m] (step=0242900) Train Loss: 0.0973, Train Steps/Sec: 2.14, Samples/Sec: 102.84
[[34m2025-06-14 06:39:33[0m] (step=0243000) Train Loss: 0.0955, Train Steps/Sec: 2.15, Samples/Sec: 102.97
[[34m2025-06-14 06:40:19[0m] (step=0243100) Train Loss: 0.0936, Train Steps/Sec: 2.14, Samples/Sec: 102.66
[[34m2025-06-14 06:41:06[0m] (step=0243200) Train Loss: 0.0948, Train Steps/Sec: 2.14, Samples/Sec: 102.80
[[34m2025-06-14 06:41:53[0m] (step=0243300) Train Loss: 0.0947, Train Steps/Sec: 2.14, Samples/Sec: 102.95
[[34m2025-06-14 06:42:40[0m] (step=0243400) Train Loss: 0.0932, Train Steps/Sec: 2.13, Samples/Sec: 102.04
[[34m2025-06-14 06:43:27[0m] (step=0243500) Train Loss: 0.0964, Train Steps/Sec: 2.13, Samples/Sec: 102.13
[[34m2025-06-14 06:44:14[0m] (step=0243600) Train Loss: 0.0970, Train Steps/Sec: 2.13, Samples/Sec: 102.31
[[34m2025-06-14 06:45:01[0m] (step=0243700) Train Loss: 0.0962, Train Steps/Sec: 2.13, Samples/Sec: 102.20
[[34m2025-06-14 06:45:48[0m] (step=0243800) Train Loss: 0.0920, Train Steps/Sec: 2.13, Samples/Sec: 102.06
[[34m2025-06-14 06:46:35[0m] (step=0243900) Train Loss: 0.0977, Train Steps/Sec: 2.13, Samples/Sec: 102.23
[[34m2025-06-14 06:47:21[0m] (step=0244000) Train Loss: 0.0958, Train Steps/Sec: 2.13, Samples/Sec: 102.34
[[34m2025-06-14 06:47:37[0m] Saved checkpoint to logs/nwm_cdit_airvln/checkpoints/latest.pth.tar
[[34m2025-06-14 06:48:24[0m] (step=0244100) Train Loss: 0.0979, Train Steps/Sec: 1.59, Samples/Sec: 76.43
[[34m2025-06-14 06:49:11[0m] (step=0244200) Train Loss: 0.0960, Train Steps/Sec: 2.13, Samples/Sec: 102.09
[[34m2025-06-14 06:49:58[0m] (step=0244300) Train Loss: 0.0902, Train Steps/Sec: 2.13, Samples/Sec: 102.32
[[34m2025-06-14 06:50:45[0m] (step=0244400) Train Loss: 0.0951, Train Steps/Sec: 2.13, Samples/Sec: 102.06
[[34m2025-06-14 06:51:32[0m] (step=0244500) Train Loss: 0.0948, Train Steps/Sec: 2.13, Samples/Sec: 102.25
[[34m2025-06-14 06:52:19[0m] (step=0244600) Train Loss: 0.0948, Train Steps/Sec: 2.13, Samples/Sec: 102.29
[[34m2025-06-14 06:53:06[0m] (step=0244700) Train Loss: 0.0945, Train Steps/Sec: 2.13, Samples/Sec: 102.22
[[34m2025-06-14 06:53:53[0m] (step=0244800) Train Loss: 0.0963, Train Steps/Sec: 2.12, Samples/Sec: 101.77
[[34m2025-06-14 06:54:40[0m] (step=0244900) Train Loss: 0.0972, Train Steps/Sec: 2.13, Samples/Sec: 102.24
[[34m2025-06-14 06:55:27[0m] (step=0245000) Train Loss: 0.0969, Train Steps/Sec: 2.13, Samples/Sec: 102.30
[[34m2025-06-14 06:56:14[0m] (step=0245100) Train Loss: 0.0965, Train Steps/Sec: 2.13, Samples/Sec: 102.01
[[34m2025-06-14 06:57:01[0m] (step=0245200) Train Loss: 0.0953, Train Steps/Sec: 2.13, Samples/Sec: 102.29
[[34m2025-06-14 06:57:48[0m] (step=0245300) Train Loss: 0.0970, Train Steps/Sec: 2.13, Samples/Sec: 102.25
[[34m2025-06-14 06:58:35[0m] (step=0245400) Train Loss: 0.0967, Train Steps/Sec: 2.13, Samples/Sec: 102.31
[[34m2025-06-14 06:59:22[0m] (step=0245500) Train Loss: 0.0957, Train Steps/Sec: 2.12, Samples/Sec: 101.70
[[34m2025-06-14 07:00:09[0m] (step=0245600) Train Loss: 0.0919, Train Steps/Sec: 2.13, Samples/Sec: 102.27
[[34m2025-06-14 07:00:56[0m] (step=0245700) Train Loss: 0.1025, Train Steps/Sec: 2.13, Samples/Sec: 102.24
[[34m2025-06-14 07:01:43[0m] (step=0245800) Train Loss: 0.0964, Train Steps/Sec: 2.13, Samples/Sec: 102.04
[[34m2025-06-14 07:02:30[0m] (step=0245900) Train Loss: 0.0955, Train Steps/Sec: 2.13, Samples/Sec: 102.34
[[34m2025-06-14 07:03:17[0m] (step=0246000) Train Loss: 0.0947, Train Steps/Sec: 2.13, Samples/Sec: 102.32
[[34m2025-06-14 07:03:32[0m] Saved checkpoint to logs/nwm_cdit_airvln/checkpoints/latest.pth.tar
[[34m2025-06-14 07:04:19[0m] (step=0246100) Train Loss: 0.0940, Train Steps/Sec: 1.61, Samples/Sec: 77.16
[[34m2025-06-14 07:05:06[0m] (step=0246200) Train Loss: 0.0942, Train Steps/Sec: 2.13, Samples/Sec: 102.06
[[34m2025-06-14 07:05:53[0m] (step=0246300) Train Loss: 0.0884, Train Steps/Sec: 2.12, Samples/Sec: 101.99
[[34m2025-06-14 07:06:40[0m] (step=0246400) Train Loss: 0.0959, Train Steps/Sec: 2.13, Samples/Sec: 102.25
[[34m2025-06-14 07:07:27[0m] (step=0246500) Train Loss: 0.0900, Train Steps/Sec: 2.13, Samples/Sec: 102.23
[[34m2025-06-14 07:08:14[0m] (step=0246600) Train Loss: 0.0962, Train Steps/Sec: 2.13, Samples/Sec: 102.24
[[34m2025-06-14 07:09:01[0m] (step=0246700) Train Loss: 0.0953, Train Steps/Sec: 2.13, Samples/Sec: 102.25
[[34m2025-06-14 07:09:48[0m] (step=0246800) Train Loss: 0.0951, Train Steps/Sec: 2.12, Samples/Sec: 101.73
[[34m2025-06-14 07:10:35[0m] (step=0246900) Train Loss: 0.0968, Train Steps/Sec: 2.13, Samples/Sec: 102.32
[[34m2025-06-14 07:11:22[0m] (step=0247000) Train Loss: 0.0927, Train Steps/Sec: 2.13, Samples/Sec: 102.00
[[34m2025-06-14 07:12:09[0m] (step=0247100) Train Loss: 0.1022, Train Steps/Sec: 2.13, Samples/Sec: 102.28
[[34m2025-06-14 07:12:56[0m] (step=0247200) Train Loss: 0.0955, Train Steps/Sec: 2.13, Samples/Sec: 102.21
[[34m2025-06-14 07:13:43[0m] (step=0247300) Train Loss: 0.0960, Train Steps/Sec: 2.13, Samples/Sec: 102.28
[[34m2025-06-14 07:14:30[0m] (step=0247400) Train Loss: 0.0972, Train Steps/Sec: 2.13, Samples/Sec: 102.25
[[34m2025-06-14 07:15:17[0m] (step=0247500) Train Loss: 0.0964, Train Steps/Sec: 2.12, Samples/Sec: 101.85
[[34m2025-06-14 07:16:04[0m] (step=0247600) Train Loss: 0.0918, Train Steps/Sec: 2.13, Samples/Sec: 102.25
[[34m2025-06-14 07:16:51[0m] (step=0247700) Train Loss: 0.0937, Train Steps/Sec: 2.12, Samples/Sec: 101.92
[[34m2025-06-14 07:17:38[0m] (step=0247800) Train Loss: 0.0926, Train Steps/Sec: 2.13, Samples/Sec: 102.29
[[34m2025-06-14 07:18:25[0m] (step=0247900) Train Loss: 0.0958, Train Steps/Sec: 2.13, Samples/Sec: 102.25
[[34m2025-06-14 07:19:12[0m] (step=0248000) Train Loss: 0.0927, Train Steps/Sec: 2.13, Samples/Sec: 102.31
[[34m2025-06-14 07:19:29[0m] Saved checkpoint to logs/nwm_cdit_airvln/checkpoints/latest.pth.tar
[[34m2025-06-14 07:20:16[0m] (step=0248100) Train Loss: 0.0954, Train Steps/Sec: 1.56, Samples/Sec: 74.74
[[34m2025-06-14 07:21:03[0m] (step=0248200) Train Loss: 0.0928, Train Steps/Sec: 2.12, Samples/Sec: 101.99
[[34m2025-06-14 07:21:50[0m] (step=0248300) Train Loss: 0.1000, Train Steps/Sec: 2.12, Samples/Sec: 101.98
[[34m2025-06-14 07:22:37[0m] (step=0248400) Train Loss: 0.0884, Train Steps/Sec: 2.13, Samples/Sec: 102.30
[[34m2025-06-14 07:23:24[0m] (step=0248500) Train Loss: 0.0975, Train Steps/Sec: 2.13, Samples/Sec: 102.23
[[34m2025-06-14 07:24:11[0m] (step=0248600) Train Loss: 0.0938, Train Steps/Sec: 2.13, Samples/Sec: 102.22
[[34m2025-06-14 07:24:58[0m] (step=0248700) Train Loss: 0.0915, Train Steps/Sec: 2.13, Samples/Sec: 102.25
[[34m2025-06-14 07:25:45[0m] (step=0248800) Train Loss: 0.0905, Train Steps/Sec: 2.12, Samples/Sec: 101.78
[[34m2025-06-14 07:26:32[0m] (step=0248900) Train Loss: 0.0926, Train Steps/Sec: 2.13, Samples/Sec: 102.34
[[34m2025-06-14 07:27:19[0m] (step=0249000) Train Loss: 0.0921, Train Steps/Sec: 2.13, Samples/Sec: 102.09
[[34m2025-06-14 07:28:06[0m] (step=0249100) Train Loss: 0.0941, Train Steps/Sec: 2.13, Samples/Sec: 102.30
[[34m2025-06-14 07:28:53[0m] (step=0249200) Train Loss: 0.0938, Train Steps/Sec: 2.13, Samples/Sec: 102.30
[[34m2025-06-14 07:29:40[0m] (step=0249300) Train Loss: 0.0930, Train Steps/Sec: 2.13, Samples/Sec: 102.28
[[34m2025-06-14 07:30:26[0m] (step=0249400) Train Loss: 0.0949, Train Steps/Sec: 2.14, Samples/Sec: 102.92
[[34m2025-06-14 07:31:13[0m] (step=0249500) Train Loss: 0.0961, Train Steps/Sec: 2.13, Samples/Sec: 102.21
[[34m2025-06-14 07:32:00[0m] (step=0249600) Train Loss: 0.0959, Train Steps/Sec: 2.14, Samples/Sec: 102.78
[[34m2025-06-14 07:32:47[0m] (step=0249700) Train Loss: 0.0947, Train Steps/Sec: 2.14, Samples/Sec: 102.65
[[34m2025-06-14 07:33:33[0m] (step=0249800) Train Loss: 0.0967, Train Steps/Sec: 2.15, Samples/Sec: 102.99
[[34m2025-06-14 07:34:20[0m] (step=0249900) Train Loss: 0.0963, Train Steps/Sec: 2.14, Samples/Sec: 102.73
[[34m2025-06-14 07:35:07[0m] (step=0250000) Train Loss: 0.0957, Train Steps/Sec: 2.14, Samples/Sec: 102.70
Using cache found in ./models/facebookresearch_dino_main
Using cache found in ./models/facebookresearch_dino_main
Using cache found in ./models/facebookresearch_dino_main
[[34m2025-06-14 07:35:23[0m] Saved checkpoint to logs/nwm_cdit_airvln/checkpoints/latest.pth.tar
Using cache found in ./models/facebookresearch_dino_main
[[34m2025-06-14 07:35:26[0m] Already found a `peft_config` attribute in the model. This will lead to having multiple adapters in the model. Make sure to know what you are doing!
[[34m2025-06-14 07:37:32[0m] (step=0250000) Perceptual Loss: 0.2549, Eval Time: 128.78
[[34m2025-06-14 07:38:19[0m] (step=0250100) Train Loss: 0.0986, Train Steps/Sec: 0.52, Samples/Sec: 24.98
[[34m2025-06-14 07:39:06[0m] (step=0250200) Train Loss: 0.0944, Train Steps/Sec: 2.14, Samples/Sec: 102.74
[[34m2025-06-14 07:39:53[0m] (step=0250300) Train Loss: 0.0952, Train Steps/Sec: 2.14, Samples/Sec: 102.52
[[34m2025-06-14 07:40:39[0m] (step=0250400) Train Loss: 0.0908, Train Steps/Sec: 2.14, Samples/Sec: 102.86
[[34m2025-06-14 07:41:26[0m] (step=0250500) Train Loss: 0.0961, Train Steps/Sec: 2.14, Samples/Sec: 102.88
[[34m2025-06-14 07:42:13[0m] (step=0250600) Train Loss: 0.0934, Train Steps/Sec: 2.14, Samples/Sec: 102.70
[[34m2025-06-14 07:43:00[0m] (step=0250700) Train Loss: 0.0953, Train Steps/Sec: 2.13, Samples/Sec: 102.20
[[34m2025-06-14 07:43:46[0m] (step=0250800) Train Loss: 0.0945, Train Steps/Sec: 2.14, Samples/Sec: 102.75
[[34m2025-06-14 07:44:33[0m] (step=0250900) Train Loss: 0.1011, Train Steps/Sec: 2.14, Samples/Sec: 102.85
[[34m2025-06-14 07:45:20[0m] (step=0251000) Train Loss: 0.1004, Train Steps/Sec: 2.13, Samples/Sec: 102.14
[[34m2025-06-14 07:46:07[0m] (step=0251100) Train Loss: 0.0959, Train Steps/Sec: 2.14, Samples/Sec: 102.60
[[34m2025-06-14 07:46:54[0m] (step=0251200) Train Loss: 0.0950, Train Steps/Sec: 2.14, Samples/Sec: 102.58
[[34m2025-06-14 07:47:40[0m] (step=0251300) Train Loss: 0.0973, Train Steps/Sec: 2.14, Samples/Sec: 102.67
[[34m2025-06-14 07:48:27[0m] (step=0251400) Train Loss: 0.0916, Train Steps/Sec: 2.13, Samples/Sec: 102.21
[[34m2025-06-14 07:49:14[0m] (step=0251500) Train Loss: 0.0958, Train Steps/Sec: 2.14, Samples/Sec: 102.60
[[34m2025-06-14 07:50:01[0m] (step=0251600) Train Loss: 0.0961, Train Steps/Sec: 2.13, Samples/Sec: 102.41
[[34m2025-06-14 07:50:48[0m] (step=0251700) Train Loss: 0.0962, Train Steps/Sec: 2.13, Samples/Sec: 102.39
[[34m2025-06-14 07:51:35[0m] (step=0251800) Train Loss: 0.0899, Train Steps/Sec: 2.14, Samples/Sec: 102.77
[[34m2025-06-14 07:52:21[0m] (step=0251900) Train Loss: 0.0946, Train Steps/Sec: 2.14, Samples/Sec: 102.73
[[34m2025-06-14 07:53:08[0m] (step=0252000) Train Loss: 0.0990, Train Steps/Sec: 2.14, Samples/Sec: 102.79
[[34m2025-06-14 07:53:26[0m] Saved checkpoint to logs/nwm_cdit_airvln/checkpoints/latest.pth.tar
[[34m2025-06-14 07:54:12[0m] (step=0252100) Train Loss: 0.0990, Train Steps/Sec: 1.55, Samples/Sec: 74.53
[[34m2025-06-14 07:54:59[0m] (step=0252200) Train Loss: 0.0937, Train Steps/Sec: 2.14, Samples/Sec: 102.67
[[34m2025-06-14 07:55:46[0m] (step=0252300) Train Loss: 0.0942, Train Steps/Sec: 2.12, Samples/Sec: 101.97
[[34m2025-06-14 07:56:33[0m] (step=0252400) Train Loss: 0.0997, Train Steps/Sec: 2.13, Samples/Sec: 102.40
[[34m2025-06-14 07:57:20[0m] (step=0252500) Train Loss: 0.0980, Train Steps/Sec: 2.13, Samples/Sec: 102.35
[[34m2025-06-14 07:58:07[0m] (step=0252600) Train Loss: 0.0922, Train Steps/Sec: 2.14, Samples/Sec: 102.59
[[34m2025-06-14 07:58:54[0m] (step=0252700) Train Loss: 0.0966, Train Steps/Sec: 2.13, Samples/Sec: 102.27
[[34m2025-06-14 07:59:41[0m] (step=0252800) Train Loss: 0.0964, Train Steps/Sec: 2.14, Samples/Sec: 102.53
[[34m2025-06-14 08:00:27[0m] (step=0252900) Train Loss: 0.0942, Train Steps/Sec: 2.14, Samples/Sec: 102.53
[[34m2025-06-14 08:01:14[0m] (step=0253000) Train Loss: 0.0979, Train Steps/Sec: 2.14, Samples/Sec: 102.48
[[34m2025-06-14 08:02:01[0m] (step=0253100) Train Loss: 0.0959, Train Steps/Sec: 2.14, Samples/Sec: 102.78
[[34m2025-06-14 08:02:48[0m] (step=0253200) Train Loss: 0.0980, Train Steps/Sec: 2.14, Samples/Sec: 102.67
[[34m2025-06-14 08:03:35[0m] (step=0253300) Train Loss: 0.0947, Train Steps/Sec: 2.14, Samples/Sec: 102.57
[[34m2025-06-14 08:04:22[0m] (step=0253400) Train Loss: 0.0950, Train Steps/Sec: 2.12, Samples/Sec: 101.95
[[34m2025-06-14 08:05:08[0m] (step=0253500) Train Loss: 0.0914, Train Steps/Sec: 2.13, Samples/Sec: 102.46
[[34m2025-06-14 08:05:55[0m] (step=0253600) Train Loss: 0.0937, Train Steps/Sec: 2.13, Samples/Sec: 102.26
[[34m2025-06-14 08:06:42[0m] (step=0253700) Train Loss: 0.0928, Train Steps/Sec: 2.14, Samples/Sec: 102.54
[[34m2025-06-14 08:07:29[0m] (step=0253800) Train Loss: 0.0924, Train Steps/Sec: 2.14, Samples/Sec: 102.62
[[34m2025-06-14 08:08:16[0m] (step=0253900) Train Loss: 0.0956, Train Steps/Sec: 2.14, Samples/Sec: 102.56
[[34m2025-06-14 08:09:03[0m] (step=0254000) Train Loss: 0.0988, Train Steps/Sec: 2.14, Samples/Sec: 102.65
[[34m2025-06-14 08:09:20[0m] Saved checkpoint to logs/nwm_cdit_airvln/checkpoints/latest.pth.tar
[[34m2025-06-14 08:10:07[0m] (step=0254100) Train Loss: 0.0962, Train Steps/Sec: 1.55, Samples/Sec: 74.60
[[34m2025-06-14 08:10:54[0m] (step=0254200) Train Loss: 0.0919, Train Steps/Sec: 2.13, Samples/Sec: 102.46
[[34m2025-06-14 08:11:41[0m] (step=0254300) Train Loss: 0.0978, Train Steps/Sec: 2.14, Samples/Sec: 102.54
[[34m2025-06-14 08:12:27[0m] (step=0254400) Train Loss: 0.0984, Train Steps/Sec: 2.14, Samples/Sec: 102.68
[[34m2025-06-14 08:13:14[0m] (step=0254500) Train Loss: 0.0920, Train Steps/Sec: 2.14, Samples/Sec: 102.60
[[34m2025-06-14 08:14:01[0m] (step=0254600) Train Loss: 0.0941, Train Steps/Sec: 2.14, Samples/Sec: 102.58
[[34m2025-06-14 08:14:48[0m] (step=0254700) Train Loss: 0.0922, Train Steps/Sec: 2.13, Samples/Sec: 102.40
[[34m2025-06-14 08:15:34[0m] (step=0254800) Train Loss: 0.0976, Train Steps/Sec: 2.14, Samples/Sec: 102.79
[[34m2025-06-14 08:16:21[0m] (step=0254900) Train Loss: 0.0993, Train Steps/Sec: 2.13, Samples/Sec: 102.06
[[34m2025-06-14 08:17:08[0m] (step=0255000) Train Loss: 0.0939, Train Steps/Sec: 2.14, Samples/Sec: 102.63
[[34m2025-06-14 08:17:55[0m] (step=0255100) Train Loss: 0.0973, Train Steps/Sec: 2.13, Samples/Sec: 102.45
[[34m2025-06-14 08:18:42[0m] (step=0255200) Train Loss: 0.0921, Train Steps/Sec: 2.14, Samples/Sec: 102.90
[[34m2025-06-14 08:19:28[0m] (step=0255300) Train Loss: 0.0966, Train Steps/Sec: 2.14, Samples/Sec: 102.81
[[34m2025-06-14 08:20:15[0m] (step=0255400) Train Loss: 0.0949, Train Steps/Sec: 2.13, Samples/Sec: 102.08
[[34m2025-06-14 08:21:02[0m] (step=0255500) Train Loss: 0.1003, Train Steps/Sec: 2.14, Samples/Sec: 102.49
[[34m2025-06-14 08:21:49[0m] (step=0255600) Train Loss: 0.0951, Train Steps/Sec: 2.13, Samples/Sec: 102.47
[[34m2025-06-14 08:22:36[0m] (step=0255700) Train Loss: 0.0966, Train Steps/Sec: 2.14, Samples/Sec: 102.88
[[34m2025-06-14 08:23:22[0m] (step=0255800) Train Loss: 0.0986, Train Steps/Sec: 2.14, Samples/Sec: 102.80
[[34m2025-06-14 08:24:09[0m] (step=0255900) Train Loss: 0.0953, Train Steps/Sec: 2.14, Samples/Sec: 102.94
[[34m2025-06-14 08:24:56[0m] (step=0256000) Train Loss: 0.0935, Train Steps/Sec: 2.14, Samples/Sec: 102.65
[[34m2025-06-14 08:25:11[0m] Saved checkpoint to logs/nwm_cdit_airvln/checkpoints/latest.pth.tar
[[34m2025-06-14 08:25:58[0m] (step=0256100) Train Loss: 0.0939, Train Steps/Sec: 1.61, Samples/Sec: 77.21
[[34m2025-06-14 08:26:45[0m] (step=0256200) Train Loss: 0.0937, Train Steps/Sec: 2.13, Samples/Sec: 102.31
[[34m2025-06-14 08:27:32[0m] (step=0256300) Train Loss: 0.1014, Train Steps/Sec: 2.14, Samples/Sec: 102.80
[[34m2025-06-14 08:28:18[0m] (step=0256400) Train Loss: 0.0903, Train Steps/Sec: 2.14, Samples/Sec: 102.88
[[34m2025-06-14 08:29:05[0m] (step=0256500) Train Loss: 0.0941, Train Steps/Sec: 2.14, Samples/Sec: 102.93
[[34m2025-06-14 08:29:52[0m] (step=0256600) Train Loss: 0.0993, Train Steps/Sec: 2.15, Samples/Sec: 103.10
[[34m2025-06-14 08:30:38[0m] (step=0256700) Train Loss: 0.0958, Train Steps/Sec: 2.14, Samples/Sec: 102.73
[[34m2025-06-14 08:31:25[0m] (step=0256800) Train Loss: 0.0873, Train Steps/Sec: 2.13, Samples/Sec: 102.36
[[34m2025-06-14 08:32:12[0m] (step=0256900) Train Loss: 0.0997, Train Steps/Sec: 2.14, Samples/Sec: 102.88
[[34m2025-06-14 08:32:58[0m] (step=0257000) Train Loss: 0.0972, Train Steps/Sec: 2.15, Samples/Sec: 103.05
[[34m2025-06-14 08:33:45[0m] (step=0257100) Train Loss: 0.0904, Train Steps/Sec: 2.14, Samples/Sec: 102.85
[[34m2025-06-14 08:34:32[0m] (step=0257200) Train Loss: 0.0956, Train Steps/Sec: 2.14, Samples/Sec: 102.91
[[34m2025-06-14 08:35:19[0m] (step=0257300) Train Loss: 0.0983, Train Steps/Sec: 2.13, Samples/Sec: 102.43
[[34m2025-06-14 08:36:05[0m] (step=0257400) Train Loss: 0.0970, Train Steps/Sec: 2.13, Samples/Sec: 102.46
[[34m2025-06-14 08:36:52[0m] (step=0257500) Train Loss: 0.0934, Train Steps/Sec: 2.13, Samples/Sec: 102.35
[[34m2025-06-14 08:37:39[0m] (step=0257600) Train Loss: 0.0952, Train Steps/Sec: 2.14, Samples/Sec: 102.66
[[34m2025-06-14 08:38:26[0m] (step=0257700) Train Loss: 0.0915, Train Steps/Sec: 2.14, Samples/Sec: 102.70
[[34m2025-06-14 08:39:12[0m] (step=0257800) Train Loss: 0.0972, Train Steps/Sec: 2.14, Samples/Sec: 102.91
[[34m2025-06-14 08:39:59[0m] (step=0257900) Train Loss: 0.0917, Train Steps/Sec: 2.13, Samples/Sec: 102.47
[[34m2025-06-14 08:40:46[0m] (step=0258000) Train Loss: 0.0946, Train Steps/Sec: 2.14, Samples/Sec: 102.94
[[34m2025-06-14 08:41:01[0m] Saved checkpoint to logs/nwm_cdit_airvln/checkpoints/latest.pth.tar
[[34m2025-06-14 08:41:48[0m] (step=0258100) Train Loss: 0.0986, Train Steps/Sec: 1.60, Samples/Sec: 76.92
[[34m2025-06-14 08:42:35[0m] (step=0258200) Train Loss: 0.0953, Train Steps/Sec: 2.14, Samples/Sec: 102.59
[[34m2025-06-14 08:43:22[0m] (step=0258300) Train Loss: 0.0984, Train Steps/Sec: 2.14, Samples/Sec: 102.54
[[34m2025-06-14 08:44:09[0m] (step=0258400) Train Loss: 0.0965, Train Steps/Sec: 2.14, Samples/Sec: 102.66
[[34m2025-06-14 08:44:55[0m] (step=0258500) Train Loss: 0.0965, Train Steps/Sec: 2.14, Samples/Sec: 102.93
[[34m2025-06-14 08:45:42[0m] (step=0258600) Train Loss: 0.0899, Train Steps/Sec: 2.14, Samples/Sec: 102.74
[[34m2025-06-14 08:46:29[0m] (step=0258700) Train Loss: 0.0915, Train Steps/Sec: 2.13, Samples/Sec: 102.23
[[34m2025-06-14 08:47:16[0m] (step=0258800) Train Loss: 0.0960, Train Steps/Sec: 2.13, Samples/Sec: 102.30
[[34m2025-06-14 08:48:03[0m] (step=0258900) Train Loss: 0.0923, Train Steps/Sec: 2.14, Samples/Sec: 102.89
[[34m2025-06-14 08:48:49[0m] (step=0259000) Train Loss: 0.0933, Train Steps/Sec: 2.14, Samples/Sec: 102.58
[[34m2025-06-14 08:49:36[0m] (step=0259100) Train Loss: 0.0954, Train Steps/Sec: 2.15, Samples/Sec: 102.99
[[34m2025-06-14 08:50:23[0m] (step=0259200) Train Loss: 0.0924, Train Steps/Sec: 2.14, Samples/Sec: 102.68
[[34m2025-06-14 08:51:09[0m] (step=0259300) Train Loss: 0.0978, Train Steps/Sec: 2.14, Samples/Sec: 102.67
[[34m2025-06-14 08:51:56[0m] (step=0259400) Train Loss: 0.0962, Train Steps/Sec: 2.13, Samples/Sec: 102.43
[[34m2025-06-14 08:52:43[0m] (step=0259500) Train Loss: 0.0950, Train Steps/Sec: 2.13, Samples/Sec: 102.37
[[34m2025-06-14 08:53:30[0m] (step=0259600) Train Loss: 0.0967, Train Steps/Sec: 2.14, Samples/Sec: 102.79
[[34m2025-06-14 08:54:17[0m] (step=0259700) Train Loss: 0.0942, Train Steps/Sec: 2.14, Samples/Sec: 102.84
[[34m2025-06-14 08:55:03[0m] (step=0259800) Train Loss: 0.0931, Train Steps/Sec: 2.14, Samples/Sec: 102.70
[[34m2025-06-14 08:55:50[0m] (step=0259900) Train Loss: 0.0931, Train Steps/Sec: 2.14, Samples/Sec: 102.95
[[34m2025-06-14 08:56:37[0m] (step=0260000) Train Loss: 0.0947, Train Steps/Sec: 2.14, Samples/Sec: 102.93
Using cache found in ./models/facebookresearch_dino_main
Using cache found in ./models/facebookresearch_dino_main
Using cache found in ./models/facebookresearch_dino_main
[[34m2025-06-14 08:57:08[0m] Saved checkpoint to logs/nwm_cdit_airvln/checkpoints/0260000.pth.tar
Using cache found in ./models/facebookresearch_dino_main
[[34m2025-06-14 08:57:11[0m] Already found a `peft_config` attribute in the model. This will lead to having multiple adapters in the model. Make sure to know what you are doing!
[[34m2025-06-14 08:59:17[0m] (step=0260000) Perceptual Loss: 0.2675, Eval Time: 128.98
[[34m2025-06-14 09:00:04[0m] (step=0260100) Train Loss: 0.1030, Train Steps/Sec: 0.48, Samples/Sec: 23.15
[[34m2025-06-14 09:00:51[0m] (step=0260200) Train Loss: 0.0950, Train Steps/Sec: 2.14, Samples/Sec: 102.95
[[34m2025-06-14 09:01:37[0m] (step=0260300) Train Loss: 0.0998, Train Steps/Sec: 2.14, Samples/Sec: 102.86
[[34m2025-06-14 09:02:24[0m] (step=0260400) Train Loss: 0.0980, Train Steps/Sec: 2.14, Samples/Sec: 102.85
[[34m2025-06-14 09:03:11[0m] (step=0260500) Train Loss: 0.0986, Train Steps/Sec: 2.14, Samples/Sec: 102.73
[[34m2025-06-14 09:03:57[0m] (step=0260600) Train Loss: 0.0961, Train Steps/Sec: 2.14, Samples/Sec: 102.74
[[34m2025-06-14 09:04:44[0m] (step=0260700) Train Loss: 0.0965, Train Steps/Sec: 2.12, Samples/Sec: 101.85
[[34m2025-06-14 09:05:31[0m] (step=0260800) Train Loss: 0.0925, Train Steps/Sec: 2.14, Samples/Sec: 102.71
[[34m2025-06-14 09:06:18[0m] (step=0260900) Train Loss: 0.0969, Train Steps/Sec: 2.14, Samples/Sec: 102.78
[[34m2025-06-14 09:07:05[0m] (step=0261000) Train Loss: 0.0956, Train Steps/Sec: 2.14, Samples/Sec: 102.69
[[34m2025-06-14 09:07:51[0m] (step=0261100) Train Loss: 0.0969, Train Steps/Sec: 2.14, Samples/Sec: 102.64
[[34m2025-06-14 09:08:38[0m] (step=0261200) Train Loss: 0.0954, Train Steps/Sec: 2.14, Samples/Sec: 102.72
[[34m2025-06-14 09:09:25[0m] (step=0261300) Train Loss: 0.0914, Train Steps/Sec: 2.13, Samples/Sec: 102.43
[[34m2025-06-14 09:10:12[0m] (step=0261400) Train Loss: 0.0920, Train Steps/Sec: 2.13, Samples/Sec: 102.11
[[34m2025-06-14 09:10:16[0m] Beginning epoch 12...
[[34m2025-06-14 09:10:59[0m] (step=0261500) Train Loss: 0.0970, Train Steps/Sec: 2.12, Samples/Sec: 101.97
[[34m2025-06-14 09:11:46[0m] (step=0261600) Train Loss: 0.0983, Train Steps/Sec: 2.15, Samples/Sec: 103.06
[[34m2025-06-14 09:12:32[0m] (step=0261700) Train Loss: 0.0996, Train Steps/Sec: 2.14, Samples/Sec: 102.82
[[34m2025-06-14 09:13:19[0m] (step=0261800) Train Loss: 0.0973, Train Steps/Sec: 2.14, Samples/Sec: 102.73
[[34m2025-06-14 09:14:06[0m] (step=0261900) Train Loss: 0.0962, Train Steps/Sec: 2.15, Samples/Sec: 102.97
[[34m2025-06-14 09:14:53[0m] (step=0262000) Train Loss: 0.0960, Train Steps/Sec: 2.13, Samples/Sec: 102.46
[[34m2025-06-14 09:15:08[0m] Saved checkpoint to logs/nwm_cdit_airvln/checkpoints/latest.pth.tar
[[34m2025-06-14 09:15:55[0m] (step=0262100) Train Loss: 0.0962, Train Steps/Sec: 1.61, Samples/Sec: 77.27
[[34m2025-06-14 09:16:41[0m] (step=0262200) Train Loss: 0.0918, Train Steps/Sec: 2.14, Samples/Sec: 102.67
[[34m2025-06-14 09:17:28[0m] (step=0262300) Train Loss: 0.0984, Train Steps/Sec: 2.14, Samples/Sec: 102.61
[[34m2025-06-14 09:18:15[0m] (step=0262400) Train Loss: 0.0963, Train Steps/Sec: 2.14, Samples/Sec: 102.72
[[34m2025-06-14 09:19:02[0m] (step=0262500) Train Loss: 0.0960, Train Steps/Sec: 2.14, Samples/Sec: 102.71
[[34m2025-06-14 09:19:48[0m] (step=0262600) Train Loss: 0.0951, Train Steps/Sec: 2.14, Samples/Sec: 102.74
[[34m2025-06-14 09:20:35[0m] (step=0262700) Train Loss: 0.0958, Train Steps/Sec: 2.13, Samples/Sec: 102.12
[[34m2025-06-14 09:21:22[0m] (step=0262800) Train Loss: 0.0955, Train Steps/Sec: 2.15, Samples/Sec: 102.98
[[34m2025-06-14 09:22:09[0m] (step=0262900) Train Loss: 0.0952, Train Steps/Sec: 2.15, Samples/Sec: 103.07
[[34m2025-06-14 09:22:55[0m] (step=0263000) Train Loss: 0.0960, Train Steps/Sec: 2.15, Samples/Sec: 102.98
[[34m2025-06-14 09:23:42[0m] (step=0263100) Train Loss: 0.0934, Train Steps/Sec: 2.14, Samples/Sec: 102.67
[[34m2025-06-14 09:24:29[0m] (step=0263200) Train Loss: 0.1000, Train Steps/Sec: 2.14, Samples/Sec: 102.69
[[34m2025-06-14 09:25:16[0m] (step=0263300) Train Loss: 0.0966, Train Steps/Sec: 2.13, Samples/Sec: 102.33
[[34m2025-06-14 09:26:03[0m] (step=0263400) Train Loss: 0.0902, Train Steps/Sec: 2.13, Samples/Sec: 102.12
[[34m2025-06-14 09:26:49[0m] (step=0263500) Train Loss: 0.1010, Train Steps/Sec: 2.14, Samples/Sec: 102.88
[[34m2025-06-14 09:27:36[0m] (step=0263600) Train Loss: 0.0970, Train Steps/Sec: 2.14, Samples/Sec: 102.77
[[34m2025-06-14 09:28:23[0m] (step=0263700) Train Loss: 0.0982, Train Steps/Sec: 2.14, Samples/Sec: 102.72
[[34m2025-06-14 09:29:09[0m] (step=0263800) Train Loss: 0.0954, Train Steps/Sec: 2.14, Samples/Sec: 102.73
[[34m2025-06-14 09:29:56[0m] (step=0263900) Train Loss: 0.0950, Train Steps/Sec: 2.14, Samples/Sec: 102.92
[[34m2025-06-14 09:30:43[0m] (step=0264000) Train Loss: 0.0933, Train Steps/Sec: 2.13, Samples/Sec: 102.31
[[34m2025-06-14 09:30:59[0m] Saved checkpoint to logs/nwm_cdit_airvln/checkpoints/latest.pth.tar
[[34m2025-06-14 09:31:46[0m] (step=0264100) Train Loss: 0.0968, Train Steps/Sec: 1.60, Samples/Sec: 76.62
[[34m2025-06-14 09:32:33[0m] (step=0264200) Train Loss: 0.0891, Train Steps/Sec: 2.13, Samples/Sec: 102.38
[[34m2025-06-14 09:33:19[0m] (step=0264300) Train Loss: 0.0971, Train Steps/Sec: 2.14, Samples/Sec: 102.82
[[34m2025-06-14 09:34:06[0m] (step=0264400) Train Loss: 0.0947, Train Steps/Sec: 2.14, Samples/Sec: 102.91
[[34m2025-06-14 09:34:53[0m] (step=0264500) Train Loss: 0.0971, Train Steps/Sec: 2.14, Samples/Sec: 102.87
[[34m2025-06-14 09:35:39[0m] (step=0264600) Train Loss: 0.0927, Train Steps/Sec: 2.14, Samples/Sec: 102.58
[[34m2025-06-14 09:36:26[0m] (step=0264700) Train Loss: 0.0961, Train Steps/Sec: 2.13, Samples/Sec: 102.28
[[34m2025-06-14 09:37:13[0m] (step=0264800) Train Loss: 0.1024, Train Steps/Sec: 2.14, Samples/Sec: 102.87
[[34m2025-06-14 09:38:00[0m] (step=0264900) Train Loss: 0.0930, Train Steps/Sec: 2.14, Samples/Sec: 102.94
[[34m2025-06-14 09:38:46[0m] (step=0265000) Train Loss: 0.0925, Train Steps/Sec: 2.14, Samples/Sec: 102.89
[[34m2025-06-14 09:39:33[0m] (step=0265100) Train Loss: 0.0920, Train Steps/Sec: 2.14, Samples/Sec: 102.65
[[34m2025-06-14 09:40:20[0m] (step=0265200) Train Loss: 0.0949, Train Steps/Sec: 2.14, Samples/Sec: 102.93
[[34m2025-06-14 09:41:06[0m] (step=0265300) Train Loss: 0.0979, Train Steps/Sec: 2.13, Samples/Sec: 102.44
[[34m2025-06-14 09:41:53[0m] (step=0265400) Train Loss: 0.0957, Train Steps/Sec: 2.14, Samples/Sec: 102.69
[[34m2025-06-14 09:42:40[0m] (step=0265500) Train Loss: 0.0951, Train Steps/Sec: 2.13, Samples/Sec: 102.41
[[34m2025-06-14 09:43:27[0m] (step=0265600) Train Loss: 0.0935, Train Steps/Sec: 2.12, Samples/Sec: 101.72
[[34m2025-06-14 09:44:14[0m] (step=0265700) Train Loss: 0.0977, Train Steps/Sec: 2.13, Samples/Sec: 102.19
[[34m2025-06-14 09:45:01[0m] (step=0265800) Train Loss: 0.0957, Train Steps/Sec: 2.13, Samples/Sec: 102.19
[[34m2025-06-14 09:45:48[0m] (step=0265900) Train Loss: 0.0942, Train Steps/Sec: 2.15, Samples/Sec: 103.00
[[34m2025-06-14 09:46:35[0m] (step=0266000) Train Loss: 0.0992, Train Steps/Sec: 2.13, Samples/Sec: 102.45
[[34m2025-06-14 09:46:51[0m] Saved checkpoint to logs/nwm_cdit_airvln/checkpoints/latest.pth.tar
[[34m2025-06-14 09:47:38[0m] (step=0266100) Train Loss: 0.0922, Train Steps/Sec: 1.58, Samples/Sec: 75.99
[[34m2025-06-14 09:48:25[0m] (step=0266200) Train Loss: 0.0971, Train Steps/Sec: 2.14, Samples/Sec: 102.63
[[34m2025-06-14 09:49:11[0m] (step=0266300) Train Loss: 0.0933, Train Steps/Sec: 2.14, Samples/Sec: 102.58
[[34m2025-06-14 09:49:58[0m] (step=0266400) Train Loss: 0.0897, Train Steps/Sec: 2.14, Samples/Sec: 102.53
[[34m2025-06-14 09:50:45[0m] (step=0266500) Train Loss: 0.0958, Train Steps/Sec: 2.14, Samples/Sec: 102.50
[[34m2025-06-14 09:51:32[0m] (step=0266600) Train Loss: 0.0947, Train Steps/Sec: 2.11, Samples/Sec: 101.27
[[34m2025-06-14 09:52:20[0m] (step=0266700) Train Loss: 0.0948, Train Steps/Sec: 2.10, Samples/Sec: 100.95
[[34m2025-06-14 09:53:07[0m] (step=0266800) Train Loss: 0.0942, Train Steps/Sec: 2.11, Samples/Sec: 101.48
[[34m2025-06-14 09:53:55[0m] (step=0266900) Train Loss: 0.0965, Train Steps/Sec: 2.11, Samples/Sec: 101.49
[[34m2025-06-14 09:54:42[0m] (step=0267000) Train Loss: 0.0932, Train Steps/Sec: 2.12, Samples/Sec: 101.64
[[34m2025-06-14 09:55:29[0m] (step=0267100) Train Loss: 0.0937, Train Steps/Sec: 2.12, Samples/Sec: 101.62
[[34m2025-06-14 09:56:16[0m] (step=0267200) Train Loss: 0.0958, Train Steps/Sec: 2.11, Samples/Sec: 101.49
[[34m2025-06-14 09:57:04[0m] (step=0267300) Train Loss: 0.0950, Train Steps/Sec: 2.11, Samples/Sec: 101.21
[[34m2025-06-14 09:57:51[0m] (step=0267400) Train Loss: 0.0940, Train Steps/Sec: 2.10, Samples/Sec: 100.92
[[34m2025-06-14 09:58:39[0m] (step=0267500) Train Loss: 0.0945, Train Steps/Sec: 2.12, Samples/Sec: 101.52
[[34m2025-06-14 09:59:26[0m] (step=0267600) Train Loss: 0.0964, Train Steps/Sec: 2.11, Samples/Sec: 101.44
[[34m2025-06-14 10:00:13[0m] (step=0267700) Train Loss: 0.0972, Train Steps/Sec: 2.11, Samples/Sec: 101.41
[[34m2025-06-14 10:01:01[0m] (step=0267800) Train Loss: 0.0943, Train Steps/Sec: 2.11, Samples/Sec: 101.45
[[34m2025-06-14 10:01:47[0m] (step=0267900) Train Loss: 0.0976, Train Steps/Sec: 2.14, Samples/Sec: 102.60
[[34m2025-06-14 10:02:34[0m] (step=0268000) Train Loss: 0.0966, Train Steps/Sec: 2.13, Samples/Sec: 102.19
[[34m2025-06-14 10:02:52[0m] Saved checkpoint to logs/nwm_cdit_airvln/checkpoints/latest.pth.tar
[[34m2025-06-14 10:03:39[0m] (step=0268100) Train Loss: 0.0942, Train Steps/Sec: 1.56, Samples/Sec: 74.78
[[34m2025-06-14 10:04:25[0m] (step=0268200) Train Loss: 0.0924, Train Steps/Sec: 2.13, Samples/Sec: 102.35
[[34m2025-06-14 10:05:14[0m] (step=0268300) Train Loss: 0.0913, Train Steps/Sec: 2.06, Samples/Sec: 99.04
[[34m2025-06-14 10:06:01[0m] (step=0268400) Train Loss: 0.0913, Train Steps/Sec: 2.12, Samples/Sec: 101.81
[[34m2025-06-14 10:06:48[0m] (step=0268500) Train Loss: 0.0997, Train Steps/Sec: 2.13, Samples/Sec: 102.14
[[34m2025-06-14 10:07:36[0m] (step=0268600) Train Loss: 0.0965, Train Steps/Sec: 2.11, Samples/Sec: 101.05
[[34m2025-06-14 10:08:23[0m] (step=0268700) Train Loss: 0.0965, Train Steps/Sec: 2.12, Samples/Sec: 101.78
[[34m2025-06-14 10:09:10[0m] (step=0268800) Train Loss: 0.0987, Train Steps/Sec: 2.14, Samples/Sec: 102.54
[[34m2025-06-14 10:09:56[0m] (step=0268900) Train Loss: 0.0958, Train Steps/Sec: 2.13, Samples/Sec: 102.35
[[34m2025-06-14 10:10:43[0m] (step=0269000) Train Loss: 0.0948, Train Steps/Sec: 2.14, Samples/Sec: 102.66
[[34m2025-06-14 10:11:30[0m] (step=0269100) Train Loss: 0.0959, Train Steps/Sec: 2.14, Samples/Sec: 102.79
[[34m2025-06-14 10:12:18[0m] (step=0269200) Train Loss: 0.0916, Train Steps/Sec: 2.10, Samples/Sec: 100.69
[[34m2025-06-14 10:13:05[0m] (step=0269300) Train Loss: 0.0972, Train Steps/Sec: 2.11, Samples/Sec: 101.31
[[34m2025-06-14 10:13:53[0m] (step=0269400) Train Loss: 0.0992, Train Steps/Sec: 2.09, Samples/Sec: 100.09
[[34m2025-06-14 10:14:40[0m] (step=0269500) Train Loss: 0.0952, Train Steps/Sec: 2.10, Samples/Sec: 101.03
[[34m2025-06-14 10:15:28[0m] (step=0269600) Train Loss: 0.0989, Train Steps/Sec: 2.10, Samples/Sec: 101.03
[[34m2025-06-14 10:16:15[0m] (step=0269700) Train Loss: 0.0937, Train Steps/Sec: 2.12, Samples/Sec: 101.55
[[34m2025-06-14 10:17:02[0m] (step=0269800) Train Loss: 0.0946, Train Steps/Sec: 2.12, Samples/Sec: 101.96
[[34m2025-06-14 10:17:49[0m] (step=0269900) Train Loss: 0.0967, Train Steps/Sec: 2.13, Samples/Sec: 102.14
[[34m2025-06-14 10:18:36[0m] (step=0270000) Train Loss: 0.0989, Train Steps/Sec: 2.13, Samples/Sec: 102.00
Using cache found in ./models/facebookresearch_dino_main
Using cache found in ./models/facebookresearch_dino_main
Using cache found in ./models/facebookresearch_dino_main
[[34m2025-06-14 10:18:56[0m] Saved checkpoint to logs/nwm_cdit_airvln/checkpoints/latest.pth.tar
Using cache found in ./models/facebookresearch_dino_main
[[34m2025-06-14 10:18:59[0m] Already found a `peft_config` attribute in the model. This will lead to having multiple adapters in the model. Make sure to know what you are doing!
[[34m2025-06-14 10:21:06[0m] (step=0270000) Perceptual Loss: 0.2803, Eval Time: 130.17
[[34m2025-06-14 10:21:53[0m] (step=0270100) Train Loss: 0.0943, Train Steps/Sec: 0.51, Samples/Sec: 24.36
[[34m2025-06-14 10:22:41[0m] (step=0270200) Train Loss: 0.0995, Train Steps/Sec: 2.11, Samples/Sec: 101.30
[[34m2025-06-14 10:23:28[0m] (step=0270300) Train Loss: 0.0975, Train Steps/Sec: 2.11, Samples/Sec: 101.48
[[34m2025-06-14 10:24:16[0m] (step=0270400) Train Loss: 0.0997, Train Steps/Sec: 2.09, Samples/Sec: 100.31
[[34m2025-06-14 10:25:03[0m] (step=0270500) Train Loss: 0.0932, Train Steps/Sec: 2.11, Samples/Sec: 101.07
[[34m2025-06-14 10:25:51[0m] (step=0270600) Train Loss: 0.0918, Train Steps/Sec: 2.09, Samples/Sec: 100.47
[[34m2025-06-14 10:26:39[0m] (step=0270700) Train Loss: 0.1004, Train Steps/Sec: 2.09, Samples/Sec: 100.08
[[34m2025-06-14 10:27:28[0m] (step=0270800) Train Loss: 0.0963, Train Steps/Sec: 2.04, Samples/Sec: 98.02
[[34m2025-06-14 10:28:16[0m] (step=0270900) Train Loss: 0.0938, Train Steps/Sec: 2.07, Samples/Sec: 99.35
[[34m2025-06-14 10:29:04[0m] (step=0271000) Train Loss: 0.0934, Train Steps/Sec: 2.12, Samples/Sec: 101.55
[[34m2025-06-14 10:29:51[0m] (step=0271100) Train Loss: 0.0942, Train Steps/Sec: 2.11, Samples/Sec: 101.34
[[34m2025-06-14 10:30:38[0m] (step=0271200) Train Loss: 0.0984, Train Steps/Sec: 2.11, Samples/Sec: 101.37
[[34m2025-06-14 10:31:27[0m] (step=0271300) Train Loss: 0.0957, Train Steps/Sec: 2.05, Samples/Sec: 98.33
[[34m2025-06-14 10:32:16[0m] (step=0271400) Train Loss: 0.0951, Train Steps/Sec: 2.03, Samples/Sec: 97.54
[[34m2025-06-14 10:33:05[0m] (step=0271500) Train Loss: 0.0979, Train Steps/Sec: 2.07, Samples/Sec: 99.29
[[34m2025-06-14 10:33:52[0m] (step=0271600) Train Loss: 0.0972, Train Steps/Sec: 2.11, Samples/Sec: 101.10
[[34m2025-06-14 10:34:40[0m] (step=0271700) Train Loss: 0.0907, Train Steps/Sec: 2.11, Samples/Sec: 101.49
[[34m2025-06-14 10:35:27[0m] (step=0271800) Train Loss: 0.0928, Train Steps/Sec: 2.09, Samples/Sec: 100.33
[[34m2025-06-14 10:36:15[0m] (step=0271900) Train Loss: 0.0979, Train Steps/Sec: 2.10, Samples/Sec: 100.91
[[34m2025-06-14 10:37:02[0m] (step=0272000) Train Loss: 0.0944, Train Steps/Sec: 2.12, Samples/Sec: 101.73
[[34m2025-06-14 10:37:19[0m] Saved checkpoint to logs/nwm_cdit_airvln/checkpoints/latest.pth.tar
[[34m2025-06-14 10:38:07[0m] (step=0272100) Train Loss: 0.0966, Train Steps/Sec: 1.55, Samples/Sec: 74.19
[[34m2025-06-14 10:38:54[0m] (step=0272200) Train Loss: 0.0949, Train Steps/Sec: 2.11, Samples/Sec: 101.32
[[34m2025-06-14 10:39:42[0m] (step=0272300) Train Loss: 0.0995, Train Steps/Sec: 2.12, Samples/Sec: 101.58
[[34m2025-06-14 10:40:29[0m] (step=0272400) Train Loss: 0.0927, Train Steps/Sec: 2.11, Samples/Sec: 101.35
[[34m2025-06-14 10:41:16[0m] (step=0272500) Train Loss: 0.0945, Train Steps/Sec: 2.12, Samples/Sec: 101.64
[[34m2025-06-14 10:42:04[0m] (step=0272600) Train Loss: 0.0969, Train Steps/Sec: 2.08, Samples/Sec: 99.88
[[34m2025-06-14 10:42:52[0m] (step=0272700) Train Loss: 0.1001, Train Steps/Sec: 2.09, Samples/Sec: 100.32
[[34m2025-06-14 10:43:39[0m] (step=0272800) Train Loss: 0.0887, Train Steps/Sec: 2.12, Samples/Sec: 101.59
[[34m2025-06-14 10:44:26[0m] (step=0272900) Train Loss: 0.0925, Train Steps/Sec: 2.12, Samples/Sec: 101.75
[[34m2025-06-14 10:45:14[0m] (step=0273000) Train Loss: 0.0943, Train Steps/Sec: 2.12, Samples/Sec: 101.81
[[34m2025-06-14 10:46:02[0m] (step=0273100) Train Loss: 0.0928, Train Steps/Sec: 2.07, Samples/Sec: 99.41
[[34m2025-06-14 10:46:49[0m] (step=0273200) Train Loss: 0.0951, Train Steps/Sec: 2.11, Samples/Sec: 101.21
[[34m2025-06-14 10:47:37[0m] (step=0273300) Train Loss: 0.1013, Train Steps/Sec: 2.12, Samples/Sec: 101.53
[[34m2025-06-14 10:48:24[0m] (step=0273400) Train Loss: 0.0984, Train Steps/Sec: 2.11, Samples/Sec: 101.41
[[34m2025-06-14 10:49:11[0m] (step=0273500) Train Loss: 0.0963, Train Steps/Sec: 2.12, Samples/Sec: 101.70
[[34m2025-06-14 10:49:59[0m] (step=0273600) Train Loss: 0.0950, Train Steps/Sec: 2.10, Samples/Sec: 100.68
[[34m2025-06-14 10:50:46[0m] (step=0273700) Train Loss: 0.0925, Train Steps/Sec: 2.11, Samples/Sec: 101.28
[[34m2025-06-14 10:51:34[0m] (step=0273800) Train Loss: 0.0960, Train Steps/Sec: 2.11, Samples/Sec: 101.07
[[34m2025-06-14 10:52:21[0m] (step=0273900) Train Loss: 0.0990, Train Steps/Sec: 2.10, Samples/Sec: 100.82
[[34m2025-06-14 10:53:09[0m] (step=0274000) Train Loss: 0.0976, Train Steps/Sec: 2.09, Samples/Sec: 100.34
[[34m2025-06-14 10:53:26[0m] Saved checkpoint to logs/nwm_cdit_airvln/checkpoints/latest.pth.tar
[[34m2025-06-14 10:54:13[0m] (step=0274100) Train Loss: 0.0914, Train Steps/Sec: 1.56, Samples/Sec: 74.85
[[34m2025-06-14 10:55:00[0m] (step=0274200) Train Loss: 0.0940, Train Steps/Sec: 2.14, Samples/Sec: 102.85
[[34m2025-06-14 10:55:47[0m] (step=0274300) Train Loss: 0.0945, Train Steps/Sec: 2.14, Samples/Sec: 102.75
[[34m2025-06-14 10:56:33[0m] (step=0274400) Train Loss: 0.0961, Train Steps/Sec: 2.15, Samples/Sec: 102.97
[[34m2025-06-14 10:57:20[0m] (step=0274500) Train Loss: 0.0982, Train Steps/Sec: 2.14, Samples/Sec: 102.55
[[34m2025-06-14 10:58:07[0m] (step=0274600) Train Loss: 0.0960, Train Steps/Sec: 2.14, Samples/Sec: 102.56
[[34m2025-06-14 10:58:54[0m] (step=0274700) Train Loss: 0.0921, Train Steps/Sec: 2.13, Samples/Sec: 102.45
[[34m2025-06-14 10:59:40[0m] (step=0274800) Train Loss: 0.0959, Train Steps/Sec: 2.14, Samples/Sec: 102.86
[[34m2025-06-14 11:00:27[0m] (step=0274900) Train Loss: 0.0932, Train Steps/Sec: 2.14, Samples/Sec: 102.86
[[34m2025-06-14 11:01:14[0m] (step=0275000) Train Loss: 0.0928, Train Steps/Sec: 2.14, Samples/Sec: 102.66
[[34m2025-06-14 11:02:01[0m] (step=0275100) Train Loss: 0.0984, Train Steps/Sec: 2.11, Samples/Sec: 101.45
[[34m2025-06-14 11:02:48[0m] (step=0275200) Train Loss: 0.0976, Train Steps/Sec: 2.12, Samples/Sec: 101.83
[[34m2025-06-14 11:03:36[0m] (step=0275300) Train Loss: 0.0954, Train Steps/Sec: 2.11, Samples/Sec: 101.45
[[34m2025-06-14 11:04:23[0m] (step=0275400) Train Loss: 0.0914, Train Steps/Sec: 2.12, Samples/Sec: 101.65
[[34m2025-06-14 11:05:10[0m] (step=0275500) Train Loss: 0.0923, Train Steps/Sec: 2.13, Samples/Sec: 102.27
[[34m2025-06-14 11:05:56[0m] (step=0275600) Train Loss: 0.0942, Train Steps/Sec: 2.15, Samples/Sec: 102.97
[[34m2025-06-14 11:06:43[0m] (step=0275700) Train Loss: 0.0958, Train Steps/Sec: 2.14, Samples/Sec: 102.93
[[34m2025-06-14 11:07:30[0m] (step=0275800) Train Loss: 0.0920, Train Steps/Sec: 2.14, Samples/Sec: 102.82
[[34m2025-06-14 11:08:16[0m] (step=0275900) Train Loss: 0.0916, Train Steps/Sec: 2.14, Samples/Sec: 102.79
[[34m2025-06-14 11:09:03[0m] (step=0276000) Train Loss: 0.0923, Train Steps/Sec: 2.14, Samples/Sec: 102.92
[[34m2025-06-14 11:09:20[0m] Saved checkpoint to logs/nwm_cdit_airvln/checkpoints/latest.pth.tar
[[34m2025-06-14 11:10:07[0m] (step=0276100) Train Loss: 0.0985, Train Steps/Sec: 1.57, Samples/Sec: 75.22
[[34m2025-06-14 11:10:53[0m] (step=0276200) Train Loss: 0.0996, Train Steps/Sec: 2.14, Samples/Sec: 102.81
[[34m2025-06-14 11:11:40[0m] (step=0276300) Train Loss: 0.0978, Train Steps/Sec: 2.14, Samples/Sec: 102.60
[[34m2025-06-14 11:12:27[0m] (step=0276400) Train Loss: 0.0971, Train Steps/Sec: 2.13, Samples/Sec: 102.29
[[34m2025-06-14 11:13:14[0m] (step=0276500) Train Loss: 0.0911, Train Steps/Sec: 2.14, Samples/Sec: 102.69
[[34m2025-06-14 11:14:01[0m] (step=0276600) Train Loss: 0.0947, Train Steps/Sec: 2.14, Samples/Sec: 102.65
[[34m2025-06-14 11:14:48[0m] (step=0276700) Train Loss: 0.0961, Train Steps/Sec: 2.14, Samples/Sec: 102.53
[[34m2025-06-14 11:15:34[0m] (step=0276800) Train Loss: 0.0975, Train Steps/Sec: 2.14, Samples/Sec: 102.90
[[34m2025-06-14 11:16:21[0m] (step=0276900) Train Loss: 0.0964, Train Steps/Sec: 2.14, Samples/Sec: 102.72
[[34m2025-06-14 11:17:08[0m] (step=0277000) Train Loss: 0.0977, Train Steps/Sec: 2.14, Samples/Sec: 102.51
[[34m2025-06-14 11:17:54[0m] (step=0277100) Train Loss: 0.0960, Train Steps/Sec: 2.14, Samples/Sec: 102.67
[[34m2025-06-14 11:18:41[0m] (step=0277200) Train Loss: 0.0954, Train Steps/Sec: 2.14, Samples/Sec: 102.89
[[34m2025-06-14 11:19:28[0m] (step=0277300) Train Loss: 0.0940, Train Steps/Sec: 2.14, Samples/Sec: 102.59
[[34m2025-06-14 11:20:15[0m] (step=0277400) Train Loss: 0.0961, Train Steps/Sec: 2.14, Samples/Sec: 102.61
[[34m2025-06-14 11:21:01[0m] (step=0277500) Train Loss: 0.0921, Train Steps/Sec: 2.14, Samples/Sec: 102.93
[[34m2025-06-14 11:21:48[0m] (step=0277600) Train Loss: 0.0921, Train Steps/Sec: 2.14, Samples/Sec: 102.86
[[34m2025-06-14 11:22:35[0m] (step=0277700) Train Loss: 0.0916, Train Steps/Sec: 2.14, Samples/Sec: 102.92
[[34m2025-06-14 11:23:21[0m] (step=0277800) Train Loss: 0.1002, Train Steps/Sec: 2.14, Samples/Sec: 102.86
[[34m2025-06-14 11:24:08[0m] (step=0277900) Train Loss: 0.0972, Train Steps/Sec: 2.15, Samples/Sec: 102.98
[[34m2025-06-14 11:24:55[0m] (step=0278000) Train Loss: 0.0959, Train Steps/Sec: 2.13, Samples/Sec: 102.41
[[34m2025-06-14 11:25:12[0m] Saved checkpoint to logs/nwm_cdit_airvln/checkpoints/latest.pth.tar
[[34m2025-06-14 11:25:58[0m] (step=0278100) Train Loss: 0.0976, Train Steps/Sec: 1.57, Samples/Sec: 75.42
[[34m2025-06-14 11:26:46[0m] (step=0278200) Train Loss: 0.0940, Train Steps/Sec: 2.12, Samples/Sec: 101.66
[[34m2025-06-14 11:27:33[0m] (step=0278300) Train Loss: 0.0936, Train Steps/Sec: 2.12, Samples/Sec: 101.63
[[34m2025-06-14 11:28:20[0m] (step=0278400) Train Loss: 0.0979, Train Steps/Sec: 2.12, Samples/Sec: 101.76
[[34m2025-06-14 11:29:07[0m] (step=0278500) Train Loss: 0.0937, Train Steps/Sec: 2.13, Samples/Sec: 102.39
[[34m2025-06-14 11:29:54[0m] (step=0278600) Train Loss: 0.0912, Train Steps/Sec: 2.13, Samples/Sec: 102.18
[[34m2025-06-14 11:30:41[0m] (step=0278700) Train Loss: 0.0938, Train Steps/Sec: 2.13, Samples/Sec: 102.29
[[34m2025-06-14 11:31:28[0m] (step=0278800) Train Loss: 0.0937, Train Steps/Sec: 2.13, Samples/Sec: 102.05
[[34m2025-06-14 11:32:15[0m] (step=0278900) Train Loss: 0.1032, Train Steps/Sec: 2.13, Samples/Sec: 102.30
[[34m2025-06-14 11:33:02[0m] (step=0279000) Train Loss: 0.1010, Train Steps/Sec: 2.13, Samples/Sec: 102.22
[[34m2025-06-14 11:33:49[0m] (step=0279100) Train Loss: 0.0941, Train Steps/Sec: 2.12, Samples/Sec: 101.58
[[34m2025-06-14 11:34:36[0m] (step=0279200) Train Loss: 0.0913, Train Steps/Sec: 2.13, Samples/Sec: 102.34
[[34m2025-06-14 11:35:23[0m] (step=0279300) Train Loss: 0.0957, Train Steps/Sec: 2.13, Samples/Sec: 102.11
[[34m2025-06-14 11:36:10[0m] (step=0279400) Train Loss: 0.0906, Train Steps/Sec: 2.13, Samples/Sec: 102.38
[[34m2025-06-14 11:36:57[0m] (step=0279500) Train Loss: 0.0951, Train Steps/Sec: 2.14, Samples/Sec: 102.72
[[34m2025-06-14 11:37:43[0m] (step=0279600) Train Loss: 0.0932, Train Steps/Sec: 2.14, Samples/Sec: 102.93
[[34m2025-06-14 11:38:30[0m] (step=0279700) Train Loss: 0.0967, Train Steps/Sec: 2.14, Samples/Sec: 102.73
[[34m2025-06-14 11:39:17[0m] (step=0279800) Train Loss: 0.0922, Train Steps/Sec: 2.14, Samples/Sec: 102.67
[[34m2025-06-14 11:40:04[0m] (step=0279900) Train Loss: 0.0969, Train Steps/Sec: 2.14, Samples/Sec: 102.73
[[34m2025-06-14 11:40:50[0m] (step=0280000) Train Loss: 0.0943, Train Steps/Sec: 2.15, Samples/Sec: 103.06
Using cache found in ./models/facebookresearch_dino_main
Using cache found in ./models/facebookresearch_dino_main
Using cache found in ./models/facebookresearch_dino_main
[[34m2025-06-14 11:41:21[0m] Saved checkpoint to logs/nwm_cdit_airvln/checkpoints/0280000.pth.tar
Using cache found in ./models/facebookresearch_dino_main
[[34m2025-06-14 11:41:24[0m] Already found a `peft_config` attribute in the model. This will lead to having multiple adapters in the model. Make sure to know what you are doing!
[[34m2025-06-14 11:43:30[0m] (step=0280000) Perceptual Loss: 0.2807, Eval Time: 128.93
[[34m2025-06-14 11:44:17[0m] (step=0280100) Train Loss: 0.0913, Train Steps/Sec: 0.48, Samples/Sec: 23.20
[[34m2025-06-14 11:45:04[0m] (step=0280200) Train Loss: 0.0925, Train Steps/Sec: 2.12, Samples/Sec: 101.63
[[34m2025-06-14 11:45:51[0m] (step=0280300) Train Loss: 0.0950, Train Steps/Sec: 2.13, Samples/Sec: 102.35
[[34m2025-06-14 11:46:38[0m] (step=0280400) Train Loss: 0.0945, Train Steps/Sec: 2.14, Samples/Sec: 102.63
[[34m2025-06-14 11:47:25[0m] (step=0280500) Train Loss: 0.1000, Train Steps/Sec: 2.13, Samples/Sec: 102.38
[[34m2025-06-14 11:48:12[0m] (step=0280600) Train Loss: 0.0925, Train Steps/Sec: 2.13, Samples/Sec: 102.43
[[34m2025-06-14 11:48:58[0m] (step=0280700) Train Loss: 0.0975, Train Steps/Sec: 2.14, Samples/Sec: 102.74
[[34m2025-06-14 11:49:45[0m] (step=0280800) Train Loss: 0.0965, Train Steps/Sec: 2.14, Samples/Sec: 102.75
[[34m2025-06-14 11:50:32[0m] (step=0280900) Train Loss: 0.0920, Train Steps/Sec: 2.14, Samples/Sec: 102.61
[[34m2025-06-14 11:51:19[0m] (step=0281000) Train Loss: 0.0978, Train Steps/Sec: 2.13, Samples/Sec: 102.39
[[34m2025-06-14 11:52:06[0m] (step=0281100) Train Loss: 0.0917, Train Steps/Sec: 2.14, Samples/Sec: 102.57
[[34m2025-06-14 11:52:52[0m] (step=0281200) Train Loss: 0.0917, Train Steps/Sec: 2.13, Samples/Sec: 102.45
[[34m2025-06-14 11:53:39[0m] (step=0281300) Train Loss: 0.0949, Train Steps/Sec: 2.13, Samples/Sec: 102.33
[[34m2025-06-14 11:54:26[0m] (step=0281400) Train Loss: 0.0950, Train Steps/Sec: 2.14, Samples/Sec: 102.93
[[34m2025-06-14 11:55:13[0m] (step=0281500) Train Loss: 0.0951, Train Steps/Sec: 2.14, Samples/Sec: 102.61
[[34m2025-06-14 11:56:00[0m] (step=0281600) Train Loss: 0.0979, Train Steps/Sec: 2.13, Samples/Sec: 102.15
[[34m2025-06-14 11:56:46[0m] (step=0281700) Train Loss: 0.0934, Train Steps/Sec: 2.14, Samples/Sec: 102.54
[[34m2025-06-14 11:57:33[0m] (step=0281800) Train Loss: 0.0909, Train Steps/Sec: 2.13, Samples/Sec: 102.44
[[34m2025-06-14 11:58:20[0m] (step=0281900) Train Loss: 0.0952, Train Steps/Sec: 2.14, Samples/Sec: 102.73
[[34m2025-06-14 11:59:07[0m] (step=0282000) Train Loss: 0.0931, Train Steps/Sec: 2.14, Samples/Sec: 102.48
[[34m2025-06-14 11:59:22[0m] Saved checkpoint to logs/nwm_cdit_airvln/checkpoints/latest.pth.tar
[[34m2025-06-14 12:00:08[0m] (step=0282100) Train Loss: 0.0928, Train Steps/Sec: 1.63, Samples/Sec: 78.11
[[34m2025-06-14 12:00:55[0m] (step=0282200) Train Loss: 0.0947, Train Steps/Sec: 2.13, Samples/Sec: 102.42
[[34m2025-06-14 12:01:42[0m] (step=0282300) Train Loss: 0.0915, Train Steps/Sec: 2.14, Samples/Sec: 102.69
[[34m2025-06-14 12:02:29[0m] (step=0282400) Train Loss: 0.0986, Train Steps/Sec: 2.15, Samples/Sec: 103.02
[[34m2025-06-14 12:03:16[0m] (step=0282500) Train Loss: 0.0955, Train Steps/Sec: 2.13, Samples/Sec: 102.23
[[34m2025-06-14 12:04:02[0m] (step=0282600) Train Loss: 0.0969, Train Steps/Sec: 2.14, Samples/Sec: 102.61
[[34m2025-06-14 12:04:49[0m] (step=0282700) Train Loss: 0.0955, Train Steps/Sec: 2.14, Samples/Sec: 102.52
[[34m2025-06-14 12:05:36[0m] (step=0282800) Train Loss: 0.0979, Train Steps/Sec: 2.14, Samples/Sec: 102.75
[[34m2025-06-14 12:06:23[0m] (step=0282900) Train Loss: 0.0975, Train Steps/Sec: 2.14, Samples/Sec: 102.54
[[34m2025-06-14 12:07:09[0m] (step=0283000) Train Loss: 0.0947, Train Steps/Sec: 2.14, Samples/Sec: 102.61
[[34m2025-06-14 12:07:56[0m] (step=0283100) Train Loss: 0.0987, Train Steps/Sec: 2.14, Samples/Sec: 102.85
[[34m2025-06-14 12:08:39[0m] Beginning epoch 13...
[[34m2025-06-14 12:08:43[0m] (step=0283200) Train Loss: 0.0924, Train Steps/Sec: 2.12, Samples/Sec: 101.86
[[34m2025-06-14 12:09:30[0m] (step=0283300) Train Loss: 0.0932, Train Steps/Sec: 2.14, Samples/Sec: 102.54
[[34m2025-06-14 12:10:17[0m] (step=0283400) Train Loss: 0.0958, Train Steps/Sec: 2.15, Samples/Sec: 102.97
[[34m2025-06-14 12:11:03[0m] (step=0283500) Train Loss: 0.0940, Train Steps/Sec: 2.15, Samples/Sec: 103.01
[[34m2025-06-14 12:11:50[0m] (step=0283600) Train Loss: 0.0947, Train Steps/Sec: 2.14, Samples/Sec: 102.88
[[34m2025-06-14 12:12:36[0m] (step=0283700) Train Loss: 0.0996, Train Steps/Sec: 2.15, Samples/Sec: 103.14
[[34m2025-06-14 12:13:23[0m] (step=0283800) Train Loss: 0.0964, Train Steps/Sec: 2.15, Samples/Sec: 103.02
[[34m2025-06-14 12:14:10[0m] (step=0283900) Train Loss: 0.0968, Train Steps/Sec: 2.14, Samples/Sec: 102.76
[[34m2025-06-14 12:14:57[0m] (step=0284000) Train Loss: 0.0963, Train Steps/Sec: 2.13, Samples/Sec: 102.23
[[34m2025-06-14 12:15:13[0m] Saved checkpoint to logs/nwm_cdit_airvln/checkpoints/latest.pth.tar
[[34m2025-06-14 12:16:00[0m] (step=0284100) Train Loss: 0.0952, Train Steps/Sec: 1.59, Samples/Sec: 76.44
[[34m2025-06-14 12:16:47[0m] (step=0284200) Train Loss: 0.0930, Train Steps/Sec: 2.13, Samples/Sec: 102.08
[[34m2025-06-14 12:17:33[0m] (step=0284300) Train Loss: 0.0927, Train Steps/Sec: 2.13, Samples/Sec: 102.35
[[34m2025-06-14 12:18:20[0m] (step=0284400) Train Loss: 0.0988, Train Steps/Sec: 2.13, Samples/Sec: 102.42
[[34m2025-06-14 12:19:07[0m] (step=0284500) Train Loss: 0.0895, Train Steps/Sec: 2.13, Samples/Sec: 102.45
[[34m2025-06-14 12:19:54[0m] (step=0284600) Train Loss: 0.0978, Train Steps/Sec: 2.14, Samples/Sec: 102.79
[[34m2025-06-14 12:20:41[0m] (step=0284700) Train Loss: 0.0958, Train Steps/Sec: 2.14, Samples/Sec: 102.60
[[34m2025-06-14 12:21:27[0m] (step=0284800) Train Loss: 0.0987, Train Steps/Sec: 2.14, Samples/Sec: 102.86
[[34m2025-06-14 12:22:14[0m] (step=0284900) Train Loss: 0.0973, Train Steps/Sec: 2.14, Samples/Sec: 102.67
[[34m2025-06-14 12:23:01[0m] (step=0285000) Train Loss: 0.0973, Train Steps/Sec: 2.15, Samples/Sec: 103.00
[[34m2025-06-14 12:23:47[0m] (step=0285100) Train Loss: 0.0941, Train Steps/Sec: 2.14, Samples/Sec: 102.84
[[34m2025-06-14 12:24:34[0m] (step=0285200) Train Loss: 0.0942, Train Steps/Sec: 2.14, Samples/Sec: 102.68
[[34m2025-06-14 12:25:21[0m] (step=0285300) Train Loss: 0.1014, Train Steps/Sec: 2.13, Samples/Sec: 102.47
[[34m2025-06-14 12:26:08[0m] (step=0285400) Train Loss: 0.0932, Train Steps/Sec: 2.14, Samples/Sec: 102.78
[[34m2025-06-14 12:26:54[0m] (step=0285500) Train Loss: 0.0992, Train Steps/Sec: 2.14, Samples/Sec: 102.66
[[34m2025-06-14 12:27:41[0m] (step=0285600) Train Loss: 0.0941, Train Steps/Sec: 2.14, Samples/Sec: 102.84
[[34m2025-06-14 12:28:28[0m] (step=0285700) Train Loss: 0.0963, Train Steps/Sec: 2.14, Samples/Sec: 102.86
[[34m2025-06-14 12:29:14[0m] (step=0285800) Train Loss: 0.0927, Train Steps/Sec: 2.14, Samples/Sec: 102.81
[[34m2025-06-14 12:30:01[0m] (step=0285900) Train Loss: 0.0982, Train Steps/Sec: 2.14, Samples/Sec: 102.57
[[34m2025-06-14 12:30:48[0m] (step=0286000) Train Loss: 0.0947, Train Steps/Sec: 2.14, Samples/Sec: 102.55
[[34m2025-06-14 12:31:03[0m] Saved checkpoint to logs/nwm_cdit_airvln/checkpoints/latest.pth.tar
[[34m2025-06-14 12:31:50[0m] (step=0286100) Train Loss: 0.0965, Train Steps/Sec: 1.61, Samples/Sec: 77.47
[[34m2025-06-14 12:32:38[0m] (step=0286200) Train Loss: 0.0953, Train Steps/Sec: 2.09, Samples/Sec: 100.26
[[34m2025-06-14 12:33:26[0m] (step=0286300) Train Loss: 0.0973, Train Steps/Sec: 2.06, Samples/Sec: 99.02
[[34m2025-06-14 12:34:14[0m] (step=0286400) Train Loss: 0.0936, Train Steps/Sec: 2.12, Samples/Sec: 101.53
[[34m2025-06-14 12:35:01[0m] (step=0286500) Train Loss: 0.0971, Train Steps/Sec: 2.11, Samples/Sec: 101.41
[[34m2025-06-14 12:35:48[0m] (step=0286600) Train Loss: 0.0967, Train Steps/Sec: 2.12, Samples/Sec: 101.77
[[34m2025-06-14 12:36:36[0m] (step=0286700) Train Loss: 0.0971, Train Steps/Sec: 2.10, Samples/Sec: 100.63
[[34m2025-06-14 12:37:24[0m] (step=0286800) Train Loss: 0.0991, Train Steps/Sec: 2.09, Samples/Sec: 100.43
[[34m2025-06-14 12:38:11[0m] (step=0286900) Train Loss: 0.1010, Train Steps/Sec: 2.12, Samples/Sec: 101.62
[[34m2025-06-14 12:38:58[0m] (step=0287000) Train Loss: 0.0961, Train Steps/Sec: 2.12, Samples/Sec: 101.53
[[34m2025-06-14 12:39:46[0m] (step=0287100) Train Loss: 0.0934, Train Steps/Sec: 2.10, Samples/Sec: 100.92
[[34m2025-06-14 12:40:34[0m] (step=0287200) Train Loss: 0.0942, Train Steps/Sec: 2.08, Samples/Sec: 99.95
[[34m2025-06-14 12:41:21[0m] (step=0287300) Train Loss: 0.0931, Train Steps/Sec: 2.10, Samples/Sec: 100.77
[[34m2025-06-14 12:42:09[0m] (step=0287400) Train Loss: 0.1005, Train Steps/Sec: 2.11, Samples/Sec: 101.10
[[34m2025-06-14 12:42:56[0m] (step=0287500) Train Loss: 0.1035, Train Steps/Sec: 2.10, Samples/Sec: 100.82
[[34m2025-06-14 12:43:44[0m] (step=0287600) Train Loss: 0.0928, Train Steps/Sec: 2.09, Samples/Sec: 100.42
[[34m2025-06-14 12:44:32[0m] (step=0287700) Train Loss: 0.0986, Train Steps/Sec: 2.10, Samples/Sec: 100.70
[[34m2025-06-14 12:45:19[0m] (step=0287800) Train Loss: 0.0952, Train Steps/Sec: 2.11, Samples/Sec: 101.33
[[34m2025-06-14 12:46:07[0m] (step=0287900) Train Loss: 0.0887, Train Steps/Sec: 2.09, Samples/Sec: 100.53
[[34m2025-06-14 12:46:55[0m] (step=0288000) Train Loss: 0.0968, Train Steps/Sec: 2.08, Samples/Sec: 99.86
[[34m2025-06-14 12:47:12[0m] Saved checkpoint to logs/nwm_cdit_airvln/checkpoints/latest.pth.tar
[[34m2025-06-14 12:48:00[0m] (step=0288100) Train Loss: 0.0957, Train Steps/Sec: 1.55, Samples/Sec: 74.21
[[34m2025-06-14 12:48:49[0m] (step=0288200) Train Loss: 0.0971, Train Steps/Sec: 2.05, Samples/Sec: 98.43
[[34m2025-06-14 12:49:38[0m] (step=0288300) Train Loss: 0.0971, Train Steps/Sec: 2.02, Samples/Sec: 97.06
[[34m2025-06-14 12:50:27[0m] (step=0288400) Train Loss: 0.0888, Train Steps/Sec: 2.04, Samples/Sec: 97.98
[[34m2025-06-14 12:51:16[0m] (step=0288500) Train Loss: 0.0899, Train Steps/Sec: 2.06, Samples/Sec: 98.77
[[34m2025-06-14 12:52:04[0m] (step=0288600) Train Loss: 0.0946, Train Steps/Sec: 2.05, Samples/Sec: 98.44
[[34m2025-06-14 12:52:54[0m] (step=0288700) Train Loss: 0.0984, Train Steps/Sec: 2.00, Samples/Sec: 95.93
[[34m2025-06-14 12:53:43[0m] (step=0288800) Train Loss: 0.0983, Train Steps/Sec: 2.05, Samples/Sec: 98.25
[[34m2025-06-14 12:54:33[0m] (step=0288900) Train Loss: 0.0882, Train Steps/Sec: 2.03, Samples/Sec: 97.42
[[34m2025-06-14 12:55:21[0m] (step=0289000) Train Loss: 0.0946, Train Steps/Sec: 2.05, Samples/Sec: 98.61
[[34m2025-06-14 12:56:09[0m] (step=0289100) Train Loss: 0.0998, Train Steps/Sec: 2.08, Samples/Sec: 99.66
[[34m2025-06-14 12:56:59[0m] (step=0289200) Train Loss: 0.0965, Train Steps/Sec: 2.02, Samples/Sec: 96.81
[[34m2025-06-14 12:57:47[0m] (step=0289300) Train Loss: 0.0962, Train Steps/Sec: 2.08, Samples/Sec: 99.67
[[34m2025-06-14 12:58:35[0m] (step=0289400) Train Loss: 0.0971, Train Steps/Sec: 2.07, Samples/Sec: 99.41
[[34m2025-06-14 12:59:24[0m] (step=0289500) Train Loss: 0.1008, Train Steps/Sec: 2.06, Samples/Sec: 99.10
[[34m2025-06-14 13:00:13[0m] (step=0289600) Train Loss: 0.1003, Train Steps/Sec: 2.03, Samples/Sec: 97.59
[[34m2025-06-14 13:01:01[0m] (step=0289700) Train Loss: 0.0987, Train Steps/Sec: 2.08, Samples/Sec: 99.79
[[34m2025-06-14 13:01:49[0m] (step=0289800) Train Loss: 0.0967, Train Steps/Sec: 2.07, Samples/Sec: 99.44
[[34m2025-06-14 13:02:38[0m] (step=0289900) Train Loss: 0.0971, Train Steps/Sec: 2.07, Samples/Sec: 99.35
[[34m2025-06-14 13:03:27[0m] (step=0290000) Train Loss: 0.0936, Train Steps/Sec: 2.03, Samples/Sec: 97.58
Using cache found in ./models/facebookresearch_dino_main
Using cache found in ./models/facebookresearch_dino_main
Using cache found in ./models/facebookresearch_dino_main
[[34m2025-06-14 13:03:44[0m] Saved checkpoint to logs/nwm_cdit_airvln/checkpoints/latest.pth.tar
Using cache found in ./models/facebookresearch_dino_main
[[34m2025-06-14 13:03:47[0m] Already found a `peft_config` attribute in the model. This will lead to having multiple adapters in the model. Make sure to know what you are doing!
[[34m2025-06-14 13:05:53[0m] (step=0290000) Perceptual Loss: 0.2399, Eval Time: 128.79
[[34m2025-06-14 13:06:41[0m] (step=0290100) Train Loss: 0.0986, Train Steps/Sec: 0.52, Samples/Sec: 24.74
[[34m2025-06-14 13:07:29[0m] (step=0290200) Train Loss: 0.0921, Train Steps/Sec: 2.09, Samples/Sec: 100.34
[[34m2025-06-14 13:08:18[0m] (step=0290300) Train Loss: 0.0919, Train Steps/Sec: 2.05, Samples/Sec: 98.50
[[34m2025-06-14 13:09:05[0m] (step=0290400) Train Loss: 0.0959, Train Steps/Sec: 2.09, Samples/Sec: 100.19
[[34m2025-06-14 13:09:53[0m] (step=0290500) Train Loss: 0.0975, Train Steps/Sec: 2.09, Samples/Sec: 100.43
[[34m2025-06-14 13:10:41[0m] (step=0290600) Train Loss: 0.1006, Train Steps/Sec: 2.08, Samples/Sec: 99.70
[[34m2025-06-14 13:11:30[0m] (step=0290700) Train Loss: 0.0974, Train Steps/Sec: 2.05, Samples/Sec: 98.40
[[34m2025-06-14 13:12:18[0m] (step=0290800) Train Loss: 0.0985, Train Steps/Sec: 2.08, Samples/Sec: 99.95
[[34m2025-06-14 13:13:06[0m] (step=0290900) Train Loss: 0.0964, Train Steps/Sec: 2.09, Samples/Sec: 100.26
[[34m2025-06-14 13:13:54[0m] (step=0291000) Train Loss: 0.0927, Train Steps/Sec: 2.09, Samples/Sec: 100.18
[[34m2025-06-14 13:14:42[0m] (step=0291100) Train Loss: 0.0971, Train Steps/Sec: 2.08, Samples/Sec: 99.75
[[34m2025-06-14 13:15:31[0m] (step=0291200) Train Loss: 0.0939, Train Steps/Sec: 2.05, Samples/Sec: 98.25
[[34m2025-06-14 13:16:19[0m] (step=0291300) Train Loss: 0.0955, Train Steps/Sec: 2.09, Samples/Sec: 100.28
[[34m2025-06-14 13:17:07[0m] (step=0291400) Train Loss: 0.0956, Train Steps/Sec: 2.08, Samples/Sec: 99.88
[[34m2025-06-14 13:17:55[0m] (step=0291500) Train Loss: 0.0971, Train Steps/Sec: 2.09, Samples/Sec: 100.23
[[34m2025-06-14 13:18:44[0m] (step=0291600) Train Loss: 0.0948, Train Steps/Sec: 2.05, Samples/Sec: 98.26
[[34m2025-06-14 13:19:32[0m] (step=0291700) Train Loss: 0.0935, Train Steps/Sec: 2.09, Samples/Sec: 100.45
[[34m2025-06-14 13:20:19[0m] (step=0291800) Train Loss: 0.0950, Train Steps/Sec: 2.09, Samples/Sec: 100.26
[[34m2025-06-14 13:21:08[0m] (step=0291900) Train Loss: 0.1016, Train Steps/Sec: 2.07, Samples/Sec: 99.53
[[34m2025-06-14 13:21:57[0m] (step=0292000) Train Loss: 0.0959, Train Steps/Sec: 2.04, Samples/Sec: 97.84
[[34m2025-06-14 13:22:11[0m] Saved checkpoint to logs/nwm_cdit_airvln/checkpoints/latest.pth.tar
[[34m2025-06-14 13:22:59[0m] (step=0292100) Train Loss: 0.0970, Train Steps/Sec: 1.60, Samples/Sec: 76.72
[[34m2025-06-14 13:23:48[0m] (step=0292200) Train Loss: 0.0954, Train Steps/Sec: 2.07, Samples/Sec: 99.21
[[34m2025-06-14 13:24:36[0m] (step=0292300) Train Loss: 0.0971, Train Steps/Sec: 2.06, Samples/Sec: 98.67
[[34m2025-06-14 13:25:24[0m] (step=0292400) Train Loss: 0.0964, Train Steps/Sec: 2.08, Samples/Sec: 100.02
[[34m2025-06-14 13:26:12[0m] (step=0292500) Train Loss: 0.0936, Train Steps/Sec: 2.08, Samples/Sec: 99.94
[[34m2025-06-14 13:27:00[0m] (step=0292600) Train Loss: 0.0984, Train Steps/Sec: 2.09, Samples/Sec: 100.23
[[34m2025-06-14 13:27:49[0m] (step=0292700) Train Loss: 0.0999, Train Steps/Sec: 2.03, Samples/Sec: 97.56
[[34m2025-06-14 13:28:37[0m] (step=0292800) Train Loss: 0.0930, Train Steps/Sec: 2.09, Samples/Sec: 100.12
[[34m2025-06-14 13:29:25[0m] (step=0292900) Train Loss: 0.0940, Train Steps/Sec: 2.08, Samples/Sec: 99.74
[[34m2025-06-14 13:30:13[0m] (step=0293000) Train Loss: 0.0987, Train Steps/Sec: 2.09, Samples/Sec: 100.26
[[34m2025-06-14 13:31:03[0m] (step=0293100) Train Loss: 0.0940, Train Steps/Sec: 2.03, Samples/Sec: 97.55
[[34m2025-06-14 13:31:51[0m] (step=0293200) Train Loss: 0.0998, Train Steps/Sec: 2.08, Samples/Sec: 99.91
[[34m2025-06-14 13:32:38[0m] (step=0293300) Train Loss: 0.1007, Train Steps/Sec: 2.11, Samples/Sec: 101.22
[[34m2025-06-14 13:33:26[0m] (step=0293400) Train Loss: 0.0989, Train Steps/Sec: 2.10, Samples/Sec: 100.88
[[34m2025-06-14 13:34:14[0m] (step=0293500) Train Loss: 0.0960, Train Steps/Sec: 2.09, Samples/Sec: 100.10
[[34m2025-06-14 13:35:01[0m] (step=0293600) Train Loss: 0.0939, Train Steps/Sec: 2.11, Samples/Sec: 101.30
[[34m2025-06-14 13:35:48[0m] (step=0293700) Train Loss: 0.0926, Train Steps/Sec: 2.11, Samples/Sec: 101.51
[[34m2025-06-14 13:36:36[0m] (step=0293800) Train Loss: 0.0985, Train Steps/Sec: 2.11, Samples/Sec: 101.50
[[34m2025-06-14 13:37:23[0m] (step=0293900) Train Loss: 0.0980, Train Steps/Sec: 2.12, Samples/Sec: 101.55
[[34m2025-06-14 13:38:11[0m] (step=0294000) Train Loss: 0.0939, Train Steps/Sec: 2.09, Samples/Sec: 100.23
[[34m2025-06-14 13:38:25[0m] Saved checkpoint to logs/nwm_cdit_airvln/checkpoints/latest.pth.tar
[[34m2025-06-14 13:39:13[0m] (step=0294100) Train Loss: 0.0948, Train Steps/Sec: 1.62, Samples/Sec: 77.58
[[34m2025-06-14 13:40:00[0m] (step=0294200) Train Loss: 0.0905, Train Steps/Sec: 2.11, Samples/Sec: 101.34
[[34m2025-06-14 13:40:48[0m] (step=0294300) Train Loss: 0.0960, Train Steps/Sec: 2.09, Samples/Sec: 100.39
[[34m2025-06-14 13:41:35[0m] (step=0294400) Train Loss: 0.0948, Train Steps/Sec: 2.11, Samples/Sec: 101.34
[[34m2025-06-14 13:42:22[0m] (step=0294500) Train Loss: 0.0947, Train Steps/Sec: 2.12, Samples/Sec: 101.91
[[34m2025-06-14 13:43:09[0m] (step=0294600) Train Loss: 0.0903, Train Steps/Sec: 2.12, Samples/Sec: 101.63
[[34m2025-06-14 13:43:57[0m] (step=0294700) Train Loss: 0.0962, Train Steps/Sec: 2.09, Samples/Sec: 100.44
[[34m2025-06-14 13:44:45[0m] (step=0294800) Train Loss: 0.1024, Train Steps/Sec: 2.11, Samples/Sec: 101.25
[[34m2025-06-14 13:45:32[0m] (step=0294900) Train Loss: 0.0943, Train Steps/Sec: 2.11, Samples/Sec: 101.40
[[34m2025-06-14 13:46:19[0m] (step=0295000) Train Loss: 0.0913, Train Steps/Sec: 2.12, Samples/Sec: 101.55
[[34m2025-06-14 13:47:06[0m] (step=0295100) Train Loss: 0.0976, Train Steps/Sec: 2.12, Samples/Sec: 101.68
[[34m2025-06-14 13:47:54[0m] (step=0295200) Train Loss: 0.0980, Train Steps/Sec: 2.10, Samples/Sec: 100.68
[[34m2025-06-14 13:48:41[0m] (step=0295300) Train Loss: 0.0953, Train Steps/Sec: 2.12, Samples/Sec: 101.79
[[34m2025-06-14 13:49:29[0m] (step=0295400) Train Loss: 0.0948, Train Steps/Sec: 2.11, Samples/Sec: 101.29
[[34m2025-06-14 13:50:16[0m] (step=0295500) Train Loss: 0.0987, Train Steps/Sec: 2.12, Samples/Sec: 101.81
[[34m2025-06-14 13:51:03[0m] (step=0295600) Train Loss: 0.0898, Train Steps/Sec: 2.11, Samples/Sec: 101.23
[[34m2025-06-14 13:51:50[0m] (step=0295700) Train Loss: 0.0958, Train Steps/Sec: 2.12, Samples/Sec: 101.74
[[34m2025-06-14 13:52:38[0m] (step=0295800) Train Loss: 0.0923, Train Steps/Sec: 2.12, Samples/Sec: 101.61
[[34m2025-06-14 13:53:25[0m] (step=0295900) Train Loss: 0.0991, Train Steps/Sec: 2.10, Samples/Sec: 100.92
[[34m2025-06-14 13:54:12[0m] (step=0296000) Train Loss: 0.0936, Train Steps/Sec: 2.12, Samples/Sec: 101.59
[[34m2025-06-14 13:54:27[0m] Saved checkpoint to logs/nwm_cdit_airvln/checkpoints/latest.pth.tar
[[34m2025-06-14 13:55:14[0m] (step=0296100) Train Loss: 0.0934, Train Steps/Sec: 1.61, Samples/Sec: 77.48
[[34m2025-06-14 13:56:01[0m] (step=0296200) Train Loss: 0.0906, Train Steps/Sec: 2.13, Samples/Sec: 102.04
[[34m2025-06-14 13:56:49[0m] (step=0296300) Train Loss: 0.0966, Train Steps/Sec: 2.12, Samples/Sec: 101.84
[[34m2025-06-14 13:57:36[0m] (step=0296400) Train Loss: 0.1006, Train Steps/Sec: 2.12, Samples/Sec: 101.75
[[34m2025-06-14 13:58:23[0m] (step=0296500) Train Loss: 0.1001, Train Steps/Sec: 2.12, Samples/Sec: 101.59
[[34m2025-06-14 13:59:10[0m] (step=0296600) Train Loss: 0.0954, Train Steps/Sec: 2.12, Samples/Sec: 101.71
[[34m2025-06-14 13:59:57[0m] (step=0296700) Train Loss: 0.0984, Train Steps/Sec: 2.13, Samples/Sec: 102.23
[[34m2025-06-14 14:00:44[0m] (step=0296800) Train Loss: 0.0927, Train Steps/Sec: 2.12, Samples/Sec: 101.59
[[34m2025-06-14 14:01:32[0m] (step=0296900) Train Loss: 0.0928, Train Steps/Sec: 2.11, Samples/Sec: 101.32
[[34m2025-06-14 14:02:19[0m] (step=0297000) Train Loss: 0.0935, Train Steps/Sec: 2.12, Samples/Sec: 101.63
[[34m2025-06-14 14:03:06[0m] (step=0297100) Train Loss: 0.0978, Train Steps/Sec: 2.12, Samples/Sec: 101.96
[[34m2025-06-14 14:03:53[0m] (step=0297200) Train Loss: 0.0983, Train Steps/Sec: 2.13, Samples/Sec: 102.38
[[34m2025-06-14 14:04:40[0m] (step=0297300) Train Loss: 0.0970, Train Steps/Sec: 2.13, Samples/Sec: 102.18
[[34m2025-06-14 14:05:27[0m] (step=0297400) Train Loss: 0.0929, Train Steps/Sec: 2.13, Samples/Sec: 102.38
[[34m2025-06-14 14:06:14[0m] (step=0297500) Train Loss: 0.0906, Train Steps/Sec: 2.14, Samples/Sec: 102.72
[[34m2025-06-14 14:07:01[0m] (step=0297600) Train Loss: 0.0943, Train Steps/Sec: 2.13, Samples/Sec: 102.25
[[34m2025-06-14 14:07:47[0m] (step=0297700) Train Loss: 0.0933, Train Steps/Sec: 2.13, Samples/Sec: 102.26
[[34m2025-06-14 14:08:34[0m] (step=0297800) Train Loss: 0.0935, Train Steps/Sec: 2.13, Samples/Sec: 102.22
[[34m2025-06-14 14:09:21[0m] (step=0297900) Train Loss: 0.0950, Train Steps/Sec: 2.13, Samples/Sec: 102.17
[[34m2025-06-14 14:10:09[0m] (step=0298000) Train Loss: 0.0985, Train Steps/Sec: 2.12, Samples/Sec: 101.97
[[34m2025-06-14 14:10:23[0m] Saved checkpoint to logs/nwm_cdit_airvln/checkpoints/latest.pth.tar
[[34m2025-06-14 14:11:10[0m] (step=0298100) Train Loss: 0.0970, Train Steps/Sec: 1.63, Samples/Sec: 78.18
[[34m2025-06-14 14:11:57[0m] (step=0298200) Train Loss: 0.0941, Train Steps/Sec: 2.13, Samples/Sec: 102.39
[[34m2025-06-14 14:12:44[0m] (step=0298300) Train Loss: 0.0926, Train Steps/Sec: 2.13, Samples/Sec: 102.46
[[34m2025-06-14 14:13:31[0m] (step=0298400) Train Loss: 0.0923, Train Steps/Sec: 2.12, Samples/Sec: 101.96
[[34m2025-06-14 14:14:18[0m] (step=0298500) Train Loss: 0.0989, Train Steps/Sec: 2.13, Samples/Sec: 102.13
[[34m2025-06-14 14:15:07[0m] (step=0298600) Train Loss: 0.1004, Train Steps/Sec: 2.05, Samples/Sec: 98.22
[[34m2025-06-14 14:15:55[0m] (step=0298700) Train Loss: 0.0969, Train Steps/Sec: 2.06, Samples/Sec: 98.76
[[34m2025-06-14 14:16:44[0m] (step=0298800) Train Loss: 0.0997, Train Steps/Sec: 2.05, Samples/Sec: 98.50
[[34m2025-06-14 14:17:33[0m] (step=0298900) Train Loss: 0.0935, Train Steps/Sec: 2.05, Samples/Sec: 98.17
[[34m2025-06-14 14:18:23[0m] (step=0299000) Train Loss: 0.0964, Train Steps/Sec: 1.99, Samples/Sec: 95.30
[[34m2025-06-14 14:19:14[0m] (step=0299100) Train Loss: 0.1011, Train Steps/Sec: 1.98, Samples/Sec: 95.08
[[34m2025-06-14 14:20:01[0m] (step=0299200) Train Loss: 0.0977, Train Steps/Sec: 2.11, Samples/Sec: 101.36
[[34m2025-06-14 14:20:49[0m] (step=0299300) Train Loss: 0.0978, Train Steps/Sec: 2.08, Samples/Sec: 99.83
[[34m2025-06-14 14:21:36[0m] (step=0299400) Train Loss: 0.0893, Train Steps/Sec: 2.12, Samples/Sec: 101.71
[[34m2025-06-14 14:22:24[0m] (step=0299500) Train Loss: 0.0972, Train Steps/Sec: 2.12, Samples/Sec: 101.70
[[34m2025-06-14 14:23:11[0m] (step=0299600) Train Loss: 0.0966, Train Steps/Sec: 2.12, Samples/Sec: 101.58
[[34m2025-06-14 14:23:58[0m] (step=0299700) Train Loss: 0.0906, Train Steps/Sec: 2.12, Samples/Sec: 101.75
[[34m2025-06-14 14:24:45[0m] (step=0299800) Train Loss: 0.0895, Train Steps/Sec: 2.11, Samples/Sec: 101.51
[[34m2025-06-14 14:25:32[0m] (step=0299900) Train Loss: 0.0988, Train Steps/Sec: 2.13, Samples/Sec: 102.23
[[34m2025-06-14 14:26:19[0m] (step=0300000) Train Loss: 0.1002, Train Steps/Sec: 2.13, Samples/Sec: 102.40
Using cache found in ./models/facebookresearch_dino_main
Using cache found in ./models/facebookresearch_dino_main
Using cache found in ./models/facebookresearch_dino_main
[[34m2025-06-14 14:26:47[0m] Saved checkpoint to logs/nwm_cdit_airvln/checkpoints/0300000.pth.tar
Using cache found in ./models/facebookresearch_dino_main
[[34m2025-06-14 14:26:50[0m] Already found a `peft_config` attribute in the model. This will lead to having multiple adapters in the model. Make sure to know what you are doing!
[[34m2025-06-14 14:28:56[0m] (step=0300000) Perceptual Loss: 0.2499, Eval Time: 128.61
[[34m2025-06-14 14:29:43[0m] (step=0300100) Train Loss: 0.0936, Train Steps/Sec: 0.49, Samples/Sec: 23.50
[[34m2025-06-14 14:30:31[0m] (step=0300200) Train Loss: 0.0978, Train Steps/Sec: 2.12, Samples/Sec: 101.63
[[34m2025-06-14 14:31:18[0m] (step=0300300) Train Loss: 0.1023, Train Steps/Sec: 2.11, Samples/Sec: 101.05
[[34m2025-06-14 14:32:05[0m] (step=0300400) Train Loss: 0.0953, Train Steps/Sec: 2.12, Samples/Sec: 101.71
[[34m2025-06-14 14:32:53[0m] (step=0300500) Train Loss: 0.0965, Train Steps/Sec: 2.11, Samples/Sec: 101.04
[[34m2025-06-14 14:33:40[0m] (step=0300600) Train Loss: 0.0952, Train Steps/Sec: 2.11, Samples/Sec: 101.49
[[34m2025-06-14 14:34:27[0m] (step=0300700) Train Loss: 0.0940, Train Steps/Sec: 2.12, Samples/Sec: 101.67
[[34m2025-06-14 14:35:14[0m] (step=0300800) Train Loss: 0.0969, Train Steps/Sec: 2.12, Samples/Sec: 101.77
[[34m2025-06-14 14:36:05[0m] (step=0300900) Train Loss: 0.0964, Train Steps/Sec: 1.98, Samples/Sec: 95.13
[[34m2025-06-14 14:36:54[0m] (step=0301000) Train Loss: 0.0930, Train Steps/Sec: 2.03, Samples/Sec: 97.32
[[34m2025-06-14 14:37:43[0m] (step=0301100) Train Loss: 0.0963, Train Steps/Sec: 2.06, Samples/Sec: 98.88
[[34m2025-06-14 14:38:31[0m] (step=0301200) Train Loss: 0.0926, Train Steps/Sec: 2.07, Samples/Sec: 99.29
[[34m2025-06-14 14:39:20[0m] (step=0301300) Train Loss: 0.0995, Train Steps/Sec: 2.04, Samples/Sec: 98.07
[[34m2025-06-14 14:40:10[0m] (step=0301400) Train Loss: 0.0947, Train Steps/Sec: 2.02, Samples/Sec: 96.89
[[34m2025-06-14 14:40:58[0m] (step=0301500) Train Loss: 0.0975, Train Steps/Sec: 2.06, Samples/Sec: 98.75
[[34m2025-06-14 14:41:47[0m] (step=0301600) Train Loss: 0.0976, Train Steps/Sec: 2.06, Samples/Sec: 98.81
[[34m2025-06-14 14:42:36[0m] (step=0301700) Train Loss: 0.0941, Train Steps/Sec: 2.02, Samples/Sec: 97.11
[[34m2025-06-14 14:43:25[0m] (step=0301800) Train Loss: 0.1023, Train Steps/Sec: 2.04, Samples/Sec: 98.08
[[34m2025-06-14 14:44:14[0m] (step=0301900) Train Loss: 0.0971, Train Steps/Sec: 2.06, Samples/Sec: 98.92
[[34m2025-06-14 14:45:02[0m] (step=0302000) Train Loss: 0.0888, Train Steps/Sec: 2.06, Samples/Sec: 98.88
[[34m2025-06-14 14:45:19[0m] Saved checkpoint to logs/nwm_cdit_airvln/checkpoints/latest.pth.tar
[[34m2025-06-14 14:46:07[0m] (step=0302100) Train Loss: 0.0951, Train Steps/Sec: 1.54, Samples/Sec: 73.95
[[34m2025-06-14 14:46:56[0m] (step=0302200) Train Loss: 0.0962, Train Steps/Sec: 2.07, Samples/Sec: 99.19
[[34m2025-06-14 14:47:45[0m] (step=0302300) Train Loss: 0.1008, Train Steps/Sec: 2.00, Samples/Sec: 96.12
[[34m2025-06-14 14:48:33[0m] (step=0302400) Train Loss: 0.0945, Train Steps/Sec: 2.11, Samples/Sec: 101.19
[[34m2025-06-14 14:49:21[0m] (step=0302500) Train Loss: 0.0964, Train Steps/Sec: 2.08, Samples/Sec: 99.67
[[34m2025-06-14 14:50:09[0m] (step=0302600) Train Loss: 0.0964, Train Steps/Sec: 2.08, Samples/Sec: 99.82
[[34m2025-06-14 14:50:57[0m] (step=0302700) Train Loss: 0.0926, Train Steps/Sec: 2.08, Samples/Sec: 100.00
[[34m2025-06-14 14:51:45[0m] (step=0302800) Train Loss: 0.0954, Train Steps/Sec: 2.11, Samples/Sec: 101.08
[[34m2025-06-14 14:52:33[0m] (step=0302900) Train Loss: 0.0950, Train Steps/Sec: 2.09, Samples/Sec: 100.18
[[34m2025-06-14 14:53:20[0m] (step=0303000) Train Loss: 0.1025, Train Steps/Sec: 2.09, Samples/Sec: 100.52
[[34m2025-06-14 14:54:08[0m] (step=0303100) Train Loss: 0.0987, Train Steps/Sec: 2.09, Samples/Sec: 100.50
[[34m2025-06-14 14:54:56[0m] (step=0303200) Train Loss: 0.0943, Train Steps/Sec: 2.09, Samples/Sec: 100.12
[[34m2025-06-14 14:55:44[0m] (step=0303300) Train Loss: 0.0937, Train Steps/Sec: 2.09, Samples/Sec: 100.43
[[34m2025-06-14 14:56:32[0m] (step=0303400) Train Loss: 0.0935, Train Steps/Sec: 2.08, Samples/Sec: 99.82
[[34m2025-06-14 14:57:20[0m] (step=0303500) Train Loss: 0.0891, Train Steps/Sec: 2.09, Samples/Sec: 100.44
[[34m2025-06-14 14:58:07[0m] (step=0303600) Train Loss: 0.0951, Train Steps/Sec: 2.10, Samples/Sec: 100.59
[[34m2025-06-14 14:58:55[0m] (step=0303700) Train Loss: 0.0991, Train Steps/Sec: 2.09, Samples/Sec: 100.42
[[34m2025-06-14 14:59:44[0m] (step=0303800) Train Loss: 0.0962, Train Steps/Sec: 2.06, Samples/Sec: 99.00
[[34m2025-06-14 15:00:32[0m] (step=0303900) Train Loss: 0.0946, Train Steps/Sec: 2.09, Samples/Sec: 100.14
[[34m2025-06-14 15:01:20[0m] (step=0304000) Train Loss: 0.0924, Train Steps/Sec: 2.08, Samples/Sec: 99.67
[[34m2025-06-14 15:01:35[0m] Saved checkpoint to logs/nwm_cdit_airvln/checkpoints/latest.pth.tar
[[34m2025-06-14 15:02:23[0m] (step=0304100) Train Loss: 0.0968, Train Steps/Sec: 1.58, Samples/Sec: 75.84
[[34m2025-06-14 15:03:11[0m] (step=0304200) Train Loss: 0.0913, Train Steps/Sec: 2.07, Samples/Sec: 99.52
[[34m2025-06-14 15:04:00[0m] (step=0304300) Train Loss: 0.0944, Train Steps/Sec: 2.07, Samples/Sec: 99.59
[[34m2025-06-14 15:04:48[0m] (step=0304400) Train Loss: 0.0947, Train Steps/Sec: 2.08, Samples/Sec: 99.72
[[34m2025-06-14 15:05:36[0m] (step=0304500) Train Loss: 0.0987, Train Steps/Sec: 2.05, Samples/Sec: 98.54
[[34m2025-06-14 15:06:25[0m] (step=0304600) Train Loss: 0.0963, Train Steps/Sec: 2.08, Samples/Sec: 99.74
[[34m2025-06-14 15:07:13[0m] (step=0304700) Train Loss: 0.0972, Train Steps/Sec: 2.08, Samples/Sec: 99.96
[[34m2025-06-14 15:08:01[0m] (step=0304800) Train Loss: 0.0982, Train Steps/Sec: 2.08, Samples/Sec: 99.99
[[34m2025-06-14 15:08:49[0m] (step=0304900) Train Loss: 0.0939, Train Steps/Sec: 2.08, Samples/Sec: 99.69
[[34m2025-06-14 15:09:25[0m] Beginning epoch 14...
[[34m2025-06-14 15:09:37[0m] (step=0305000) Train Loss: 0.0915, Train Steps/Sec: 2.08, Samples/Sec: 99.79
[[34m2025-06-14 15:10:25[0m] (step=0305100) Train Loss: 0.0938, Train Steps/Sec: 2.07, Samples/Sec: 99.34
[[34m2025-06-14 15:11:14[0m] (step=0305200) Train Loss: 0.1065, Train Steps/Sec: 2.05, Samples/Sec: 98.41
[[34m2025-06-14 15:12:01[0m] (step=0305300) Train Loss: 0.1013, Train Steps/Sec: 2.11, Samples/Sec: 101.08
[[34m2025-06-14 15:12:49[0m] (step=0305400) Train Loss: 0.0932, Train Steps/Sec: 2.10, Samples/Sec: 101.02
[[34m2025-06-14 15:13:37[0m] (step=0305500) Train Loss: 0.0952, Train Steps/Sec: 2.10, Samples/Sec: 100.78
[[34m2025-06-14 15:14:24[0m] (step=0305600) Train Loss: 0.0977, Train Steps/Sec: 2.09, Samples/Sec: 100.38
[[34m2025-06-14 15:15:12[0m] (step=0305700) Train Loss: 0.0940, Train Steps/Sec: 2.09, Samples/Sec: 100.45
[[34m2025-06-14 15:16:00[0m] (step=0305800) Train Loss: 0.0950, Train Steps/Sec: 2.07, Samples/Sec: 99.57
[[34m2025-06-14 15:16:49[0m] (step=0305900) Train Loss: 0.0953, Train Steps/Sec: 2.08, Samples/Sec: 99.76
[[34m2025-06-14 15:17:37[0m] (step=0306000) Train Loss: 0.0950, Train Steps/Sec: 2.09, Samples/Sec: 100.23
[[34m2025-06-14 15:17:51[0m] Saved checkpoint to logs/nwm_cdit_airvln/checkpoints/latest.pth.tar
[[34m2025-06-14 15:18:39[0m] (step=0306100) Train Loss: 0.0967, Train Steps/Sec: 1.60, Samples/Sec: 76.59
[[34m2025-06-14 15:19:27[0m] (step=0306200) Train Loss: 0.0991, Train Steps/Sec: 2.09, Samples/Sec: 100.37
[[34m2025-06-14 15:20:15[0m] (step=0306300) Train Loss: 0.0987, Train Steps/Sec: 2.09, Samples/Sec: 100.33
[[34m2025-06-14 15:21:03[0m] (step=0306400) Train Loss: 0.0953, Train Steps/Sec: 2.08, Samples/Sec: 100.02
[[34m2025-06-14 15:21:51[0m] (step=0306500) Train Loss: 0.0955, Train Steps/Sec: 2.08, Samples/Sec: 100.00
[[34m2025-06-14 15:22:39[0m] (step=0306600) Train Loss: 0.0978, Train Steps/Sec: 2.09, Samples/Sec: 100.22
[[34m2025-06-14 15:23:27[0m] (step=0306700) Train Loss: 0.0946, Train Steps/Sec: 2.09, Samples/Sec: 100.43
[[34m2025-06-14 15:24:14[0m] (step=0306800) Train Loss: 0.0918, Train Steps/Sec: 2.09, Samples/Sec: 100.30
[[34m2025-06-14 15:25:02[0m] (step=0306900) Train Loss: 0.0965, Train Steps/Sec: 2.10, Samples/Sec: 100.94
[[34m2025-06-14 15:25:50[0m] (step=0307000) Train Loss: 0.0912, Train Steps/Sec: 2.09, Samples/Sec: 100.27
[[34m2025-06-14 15:26:38[0m] (step=0307100) Train Loss: 0.0944, Train Steps/Sec: 2.10, Samples/Sec: 100.69
[[34m2025-06-14 15:27:25[0m] (step=0307200) Train Loss: 0.0909, Train Steps/Sec: 2.10, Samples/Sec: 100.64
[[34m2025-06-14 15:28:14[0m] (step=0307300) Train Loss: 0.0974, Train Steps/Sec: 2.06, Samples/Sec: 99.10
[[34m2025-06-14 15:29:01[0m] (step=0307400) Train Loss: 0.0965, Train Steps/Sec: 2.10, Samples/Sec: 100.84
[[34m2025-06-14 15:29:49[0m] (step=0307500) Train Loss: 0.0903, Train Steps/Sec: 2.10, Samples/Sec: 100.73
[[34m2025-06-14 15:30:36[0m] (step=0307600) Train Loss: 0.0960, Train Steps/Sec: 2.10, Samples/Sec: 100.98
[[34m2025-06-14 15:31:25[0m] (step=0307700) Train Loss: 0.0978, Train Steps/Sec: 2.07, Samples/Sec: 99.48
[[34m2025-06-14 15:32:13[0m] (step=0307800) Train Loss: 0.0949, Train Steps/Sec: 2.09, Samples/Sec: 100.32
[[34m2025-06-14 15:33:00[0m] (step=0307900) Train Loss: 0.0932, Train Steps/Sec: 2.10, Samples/Sec: 100.81
[[34m2025-06-14 15:33:48[0m] (step=0308000) Train Loss: 0.1004, Train Steps/Sec: 2.09, Samples/Sec: 100.15
[[34m2025-06-14 15:34:05[0m] Saved checkpoint to logs/nwm_cdit_airvln/checkpoints/latest.pth.tar
[[34m2025-06-14 15:34:52[0m] (step=0308100) Train Loss: 0.0901, Train Steps/Sec: 1.56, Samples/Sec: 74.72
[[34m2025-06-14 15:35:40[0m] (step=0308200) Train Loss: 0.0941, Train Steps/Sec: 2.10, Samples/Sec: 100.66
[[34m2025-06-14 15:36:28[0m] (step=0308300) Train Loss: 0.0973, Train Steps/Sec: 2.09, Samples/Sec: 100.44
[[34m2025-06-14 15:37:16[0m] (step=0308400) Train Loss: 0.0963, Train Steps/Sec: 2.08, Samples/Sec: 99.72
[[34m2025-06-14 15:38:04[0m] (step=0308500) Train Loss: 0.0929, Train Steps/Sec: 2.09, Samples/Sec: 100.15
[[34m2025-06-14 15:38:52[0m] (step=0308600) Train Loss: 0.0950, Train Steps/Sec: 2.07, Samples/Sec: 99.21
[[34m2025-06-14 15:39:40[0m] (step=0308700) Train Loss: 0.0911, Train Steps/Sec: 2.09, Samples/Sec: 100.27
[[34m2025-06-14 15:40:28[0m] (step=0308800) Train Loss: 0.0946, Train Steps/Sec: 2.09, Samples/Sec: 100.48
[[34m2025-06-14 15:41:15[0m] (step=0308900) Train Loss: 0.0952, Train Steps/Sec: 2.12, Samples/Sec: 101.66
[[34m2025-06-14 15:42:03[0m] (step=0309000) Train Loss: 0.0951, Train Steps/Sec: 2.10, Samples/Sec: 100.95
[[34m2025-06-14 15:42:50[0m] (step=0309100) Train Loss: 0.0947, Train Steps/Sec: 2.11, Samples/Sec: 101.50
[[34m2025-06-14 15:43:38[0m] (step=0309200) Train Loss: 0.0947, Train Steps/Sec: 2.11, Samples/Sec: 101.06
[[34m2025-06-14 15:44:26[0m] (step=0309300) Train Loss: 0.0934, Train Steps/Sec: 2.08, Samples/Sec: 100.05
[[34m2025-06-14 15:45:13[0m] (step=0309400) Train Loss: 0.0901, Train Steps/Sec: 2.11, Samples/Sec: 101.33
[[34m2025-06-14 15:46:00[0m] (step=0309500) Train Loss: 0.0933, Train Steps/Sec: 2.12, Samples/Sec: 101.65
[[34m2025-06-14 15:46:47[0m] (step=0309600) Train Loss: 0.0981, Train Steps/Sec: 2.12, Samples/Sec: 101.52
[[34m2025-06-14 15:47:35[0m] (step=0309700) Train Loss: 0.0930, Train Steps/Sec: 2.08, Samples/Sec: 99.85
[[34m2025-06-14 15:48:24[0m] (step=0309800) Train Loss: 0.0922, Train Steps/Sec: 2.06, Samples/Sec: 98.73
[[34m2025-06-14 15:49:13[0m] (step=0309900) Train Loss: 0.0898, Train Steps/Sec: 2.05, Samples/Sec: 98.39
[[34m2025-06-14 15:50:01[0m] (step=0310000) Train Loss: 0.0962, Train Steps/Sec: 2.10, Samples/Sec: 100.66
Using cache found in ./models/facebookresearch_dino_main
Using cache found in ./models/facebookresearch_dino_main
Using cache found in ./models/facebookresearch_dino_main
[[34m2025-06-14 15:50:17[0m] Saved checkpoint to logs/nwm_cdit_airvln/checkpoints/latest.pth.tar
Using cache found in ./models/facebookresearch_dino_main
[[34m2025-06-14 15:50:20[0m] Already found a `peft_config` attribute in the model. This will lead to having multiple adapters in the model. Make sure to know what you are doing!
[[34m2025-06-14 15:52:30[0m] (step=0310000) Perceptual Loss: 0.2227, Eval Time: 132.98
[[34m2025-06-14 15:53:19[0m] (step=0310100) Train Loss: 0.0953, Train Steps/Sec: 0.51, Samples/Sec: 24.25
[[34m2025-06-14 15:54:07[0m] (step=0310200) Train Loss: 0.0927, Train Steps/Sec: 2.05, Samples/Sec: 98.55
[[34m2025-06-14 15:54:55[0m] (step=0310300) Train Loss: 0.0951, Train Steps/Sec: 2.08, Samples/Sec: 99.61
[[34m2025-06-14 15:55:44[0m] (step=0310400) Train Loss: 0.0976, Train Steps/Sec: 2.07, Samples/Sec: 99.23
[[34m2025-06-14 15:56:32[0m] (step=0310500) Train Loss: 0.0942, Train Steps/Sec: 2.09, Samples/Sec: 100.28
[[34m2025-06-14 15:57:21[0m] (step=0310600) Train Loss: 0.0995, Train Steps/Sec: 2.05, Samples/Sec: 98.22
[[34m2025-06-14 15:58:09[0m] (step=0310700) Train Loss: 0.0970, Train Steps/Sec: 2.06, Samples/Sec: 98.66
[[34m2025-06-14 15:58:59[0m] (step=0310800) Train Loss: 0.0948, Train Steps/Sec: 2.02, Samples/Sec: 96.96
[[34m2025-06-14 15:59:47[0m] (step=0310900) Train Loss: 0.0994, Train Steps/Sec: 2.05, Samples/Sec: 98.52
[[34m2025-06-14 16:00:36[0m] (step=0311000) Train Loss: 0.0907, Train Steps/Sec: 2.08, Samples/Sec: 99.61
[[34m2025-06-14 16:01:24[0m] (step=0311100) Train Loss: 0.0985, Train Steps/Sec: 2.07, Samples/Sec: 99.14
[[34m2025-06-14 16:02:14[0m] (step=0311200) Train Loss: 0.0986, Train Steps/Sec: 2.00, Samples/Sec: 96.17
[[34m2025-06-14 16:03:02[0m] (step=0311300) Train Loss: 0.0945, Train Steps/Sec: 2.06, Samples/Sec: 99.00
[[34m2025-06-14 16:03:50[0m] (step=0311400) Train Loss: 0.0939, Train Steps/Sec: 2.09, Samples/Sec: 100.21
[[34m2025-06-14 16:04:39[0m] (step=0311500) Train Loss: 0.0996, Train Steps/Sec: 2.08, Samples/Sec: 99.61
[[34m2025-06-14 16:05:28[0m] (step=0311600) Train Loss: 0.0935, Train Steps/Sec: 2.03, Samples/Sec: 97.34
[[34m2025-06-14 16:06:16[0m] (step=0311700) Train Loss: 0.0958, Train Steps/Sec: 2.07, Samples/Sec: 99.60
[[34m2025-06-14 16:07:04[0m] (step=0311800) Train Loss: 0.0911, Train Steps/Sec: 2.09, Samples/Sec: 100.20
[[34m2025-06-14 16:07:52[0m] (step=0311900) Train Loss: 0.0956, Train Steps/Sec: 2.08, Samples/Sec: 99.67
[[34m2025-06-14 16:08:41[0m] (step=0312000) Train Loss: 0.0945, Train Steps/Sec: 2.04, Samples/Sec: 98.01
[[34m2025-06-14 16:08:56[0m] Saved checkpoint to logs/nwm_cdit_airvln/checkpoints/latest.pth.tar
[[34m2025-06-14 16:09:44[0m] (step=0312100) Train Loss: 0.0925, Train Steps/Sec: 1.60, Samples/Sec: 76.73
[[34m2025-06-14 16:10:31[0m] (step=0312200) Train Loss: 0.0919, Train Steps/Sec: 2.11, Samples/Sec: 101.19
[[34m2025-06-14 16:11:21[0m] (step=0312300) Train Loss: 0.0945, Train Steps/Sec: 2.01, Samples/Sec: 96.62
[[34m2025-06-14 16:12:08[0m] (step=0312400) Train Loss: 0.0964, Train Steps/Sec: 2.10, Samples/Sec: 100.64
[[34m2025-06-14 16:12:56[0m] (step=0312500) Train Loss: 0.0962, Train Steps/Sec: 2.11, Samples/Sec: 101.23
[[34m2025-06-14 16:13:43[0m] (step=0312600) Train Loss: 0.0952, Train Steps/Sec: 2.10, Samples/Sec: 100.94
[[34m2025-06-14 16:14:32[0m] (step=0312700) Train Loss: 0.0932, Train Steps/Sec: 2.08, Samples/Sec: 99.60
[[34m2025-06-14 16:15:19[0m] (step=0312800) Train Loss: 0.0933, Train Steps/Sec: 2.11, Samples/Sec: 101.45
[[34m2025-06-14 16:16:06[0m] (step=0312900) Train Loss: 0.0966, Train Steps/Sec: 2.10, Samples/Sec: 101.01
[[34m2025-06-14 16:16:54[0m] (step=0313000) Train Loss: 0.0970, Train Steps/Sec: 2.11, Samples/Sec: 101.50
[[34m2025-06-14 16:17:42[0m] (step=0313100) Train Loss: 0.0895, Train Steps/Sec: 2.09, Samples/Sec: 100.37
[[34m2025-06-14 16:18:30[0m] (step=0313200) Train Loss: 0.0931, Train Steps/Sec: 2.08, Samples/Sec: 99.83
[[34m2025-06-14 16:19:17[0m] (step=0313300) Train Loss: 0.0923, Train Steps/Sec: 2.10, Samples/Sec: 100.61
[[34m2025-06-14 16:20:06[0m] (step=0313400) Train Loss: 0.0927, Train Steps/Sec: 2.08, Samples/Sec: 99.66
[[34m2025-06-14 16:20:54[0m] (step=0313500) Train Loss: 0.0933, Train Steps/Sec: 2.07, Samples/Sec: 99.45
[[34m2025-06-14 16:21:42[0m] (step=0313600) Train Loss: 0.0941, Train Steps/Sec: 2.10, Samples/Sec: 100.61
[[34m2025-06-14 16:22:30[0m] (step=0313700) Train Loss: 0.0943, Train Steps/Sec: 2.05, Samples/Sec: 98.51
[[34m2025-06-14 16:23:18[0m] (step=0313800) Train Loss: 0.0919, Train Steps/Sec: 2.09, Samples/Sec: 100.40
[[34m2025-06-14 16:24:06[0m] (step=0313900) Train Loss: 0.0954, Train Steps/Sec: 2.11, Samples/Sec: 101.06
[[34m2025-06-14 16:24:53[0m] (step=0314000) Train Loss: 0.0952, Train Steps/Sec: 2.10, Samples/Sec: 100.86
[[34m2025-06-14 16:25:10[0m] Saved checkpoint to logs/nwm_cdit_airvln/checkpoints/latest.pth.tar
[[34m2025-06-14 16:25:58[0m] (step=0314100) Train Loss: 0.0928, Train Steps/Sec: 1.54, Samples/Sec: 74.03
[[34m2025-06-14 16:26:46[0m] (step=0314200) Train Loss: 0.0977, Train Steps/Sec: 2.09, Samples/Sec: 100.50
[[34m2025-06-14 16:27:35[0m] (step=0314300) Train Loss: 0.0934, Train Steps/Sec: 2.05, Samples/Sec: 98.27
[[34m2025-06-14 16:28:23[0m] (step=0314400) Train Loss: 0.0967, Train Steps/Sec: 2.08, Samples/Sec: 100.03
[[34m2025-06-14 16:29:10[0m] (step=0314500) Train Loss: 0.0952, Train Steps/Sec: 2.10, Samples/Sec: 100.84
[[34m2025-06-14 16:29:58[0m] (step=0314600) Train Loss: 0.0943, Train Steps/Sec: 2.08, Samples/Sec: 99.95
[[34m2025-06-14 16:30:46[0m] (step=0314700) Train Loss: 0.0998, Train Steps/Sec: 2.10, Samples/Sec: 100.94
[[34m2025-06-14 16:31:34[0m] (step=0314800) Train Loss: 0.0926, Train Steps/Sec: 2.07, Samples/Sec: 99.28
[[34m2025-06-14 16:32:22[0m] (step=0314900) Train Loss: 0.0938, Train Steps/Sec: 2.09, Samples/Sec: 100.15
[[34m2025-06-14 16:33:10[0m] (step=0315000) Train Loss: 0.0987, Train Steps/Sec: 2.10, Samples/Sec: 100.73
[[34m2025-06-14 16:33:58[0m] (step=0315100) Train Loss: 0.0950, Train Steps/Sec: 2.06, Samples/Sec: 98.78
[[34m2025-06-14 16:34:48[0m] (step=0315200) Train Loss: 0.0966, Train Steps/Sec: 2.02, Samples/Sec: 97.03
[[34m2025-06-14 16:35:36[0m] (step=0315300) Train Loss: 0.0915, Train Steps/Sec: 2.06, Samples/Sec: 98.97
[[34m2025-06-14 16:36:24[0m] (step=0315400) Train Loss: 0.0954, Train Steps/Sec: 2.08, Samples/Sec: 99.80
[[34m2025-06-14 16:37:13[0m] (step=0315500) Train Loss: 0.0937, Train Steps/Sec: 2.08, Samples/Sec: 99.66
[[34m2025-06-14 16:38:02[0m] (step=0315600) Train Loss: 0.0945, Train Steps/Sec: 2.03, Samples/Sec: 97.26
[[34m2025-06-14 16:38:50[0m] (step=0315700) Train Loss: 0.0969, Train Steps/Sec: 2.07, Samples/Sec: 99.52
[[34m2025-06-14 16:39:38[0m] (step=0315800) Train Loss: 0.0969, Train Steps/Sec: 2.07, Samples/Sec: 99.46
[[34m2025-06-14 16:40:26[0m] (step=0315900) Train Loss: 0.0952, Train Steps/Sec: 2.09, Samples/Sec: 100.22
[[34m2025-06-14 16:41:15[0m] (step=0316000) Train Loss: 0.0970, Train Steps/Sec: 2.07, Samples/Sec: 99.54
[[34m2025-06-14 16:41:30[0m] Saved checkpoint to logs/nwm_cdit_airvln/checkpoints/latest.pth.tar
[[34m2025-06-14 16:42:18[0m] (step=0316100) Train Loss: 0.0881, Train Steps/Sec: 1.58, Samples/Sec: 75.72
[[34m2025-06-14 16:43:06[0m] (step=0316200) Train Loss: 0.0961, Train Steps/Sec: 2.09, Samples/Sec: 100.38
[[34m2025-06-14 16:43:54[0m] (step=0316300) Train Loss: 0.1020, Train Steps/Sec: 2.07, Samples/Sec: 99.55
[[34m2025-06-14 16:44:41[0m] (step=0316400) Train Loss: 0.0916, Train Steps/Sec: 2.11, Samples/Sec: 101.27
[[34m2025-06-14 16:45:29[0m] (step=0316500) Train Loss: 0.0957, Train Steps/Sec: 2.08, Samples/Sec: 99.84
[[34m2025-06-14 16:46:17[0m] (step=0316600) Train Loss: 0.0994, Train Steps/Sec: 2.10, Samples/Sec: 101.02
[[34m2025-06-14 16:47:05[0m] (step=0316700) Train Loss: 0.0952, Train Steps/Sec: 2.08, Samples/Sec: 99.94
[[34m2025-06-14 16:47:53[0m] (step=0316800) Train Loss: 0.0989, Train Steps/Sec: 2.09, Samples/Sec: 100.17
[[34m2025-06-14 16:48:41[0m] (step=0316900) Train Loss: 0.0971, Train Steps/Sec: 2.09, Samples/Sec: 100.40
[[34m2025-06-14 16:49:28[0m] (step=0317000) Train Loss: 0.0938, Train Steps/Sec: 2.10, Samples/Sec: 101.01
[[34m2025-06-14 16:50:16[0m] (step=0317100) Train Loss: 0.0972, Train Steps/Sec: 2.11, Samples/Sec: 101.04
[[34m2025-06-14 16:51:04[0m] (step=0317200) Train Loss: 0.0981, Train Steps/Sec: 2.08, Samples/Sec: 99.75
[[34m2025-06-14 16:51:51[0m] (step=0317300) Train Loss: 0.0964, Train Steps/Sec: 2.11, Samples/Sec: 101.17
[[34m2025-06-14 16:52:39[0m] (step=0317400) Train Loss: 0.0915, Train Steps/Sec: 2.10, Samples/Sec: 100.79
[[34m2025-06-14 16:53:27[0m] (step=0317500) Train Loss: 0.0950, Train Steps/Sec: 2.08, Samples/Sec: 99.85
[[34m2025-06-14 16:54:15[0m] (step=0317600) Train Loss: 0.0925, Train Steps/Sec: 2.08, Samples/Sec: 99.67
[[34m2025-06-14 16:55:03[0m] (step=0317700) Train Loss: 0.0966, Train Steps/Sec: 2.09, Samples/Sec: 100.39
[[34m2025-06-14 16:55:51[0m] (step=0317800) Train Loss: 0.0973, Train Steps/Sec: 2.08, Samples/Sec: 100.03
[[34m2025-06-14 16:56:39[0m] (step=0317900) Train Loss: 0.0926, Train Steps/Sec: 2.09, Samples/Sec: 100.53
[[34m2025-06-14 16:57:27[0m] (step=0318000) Train Loss: 0.0958, Train Steps/Sec: 2.09, Samples/Sec: 100.29
[[34m2025-06-14 16:57:42[0m] Saved checkpoint to logs/nwm_cdit_airvln/checkpoints/latest.pth.tar
[[34m2025-06-14 16:58:30[0m] (step=0318100) Train Loss: 0.0997, Train Steps/Sec: 1.57, Samples/Sec: 75.44
[[34m2025-06-14 16:59:18[0m] (step=0318200) Train Loss: 0.0992, Train Steps/Sec: 2.10, Samples/Sec: 100.72
[[34m2025-06-14 17:00:06[0m] (step=0318300) Train Loss: 0.0948, Train Steps/Sec: 2.07, Samples/Sec: 99.13
[[34m2025-06-14 17:00:54[0m] (step=0318400) Train Loss: 0.0980, Train Steps/Sec: 2.09, Samples/Sec: 100.54
[[34m2025-06-14 17:01:42[0m] (step=0318500) Train Loss: 0.0956, Train Steps/Sec: 2.11, Samples/Sec: 101.11
[[34m2025-06-14 17:02:29[0m] (step=0318600) Train Loss: 0.0946, Train Steps/Sec: 2.11, Samples/Sec: 101.08
[[34m2025-06-14 17:03:17[0m] (step=0318700) Train Loss: 0.0877, Train Steps/Sec: 2.07, Samples/Sec: 99.57
[[34m2025-06-14 17:04:06[0m] (step=0318800) Train Loss: 0.0931, Train Steps/Sec: 2.07, Samples/Sec: 99.20
[[34m2025-06-14 17:04:53[0m] (step=0318900) Train Loss: 0.1025, Train Steps/Sec: 2.10, Samples/Sec: 100.67
[[34m2025-06-14 17:05:41[0m] (step=0319000) Train Loss: 0.0946, Train Steps/Sec: 2.08, Samples/Sec: 99.88
[[34m2025-06-14 17:06:29[0m] (step=0319100) Train Loss: 0.0920, Train Steps/Sec: 2.08, Samples/Sec: 99.87
[[34m2025-06-14 17:07:18[0m] (step=0319200) Train Loss: 0.0953, Train Steps/Sec: 2.08, Samples/Sec: 99.69
[[34m2025-06-14 17:08:05[0m] (step=0319300) Train Loss: 0.0925, Train Steps/Sec: 2.10, Samples/Sec: 100.70
[[34m2025-06-14 17:08:53[0m] (step=0319400) Train Loss: 0.1007, Train Steps/Sec: 2.09, Samples/Sec: 100.30
[[34m2025-06-14 17:09:41[0m] (step=0319500) Train Loss: 0.0924, Train Steps/Sec: 2.09, Samples/Sec: 100.46
[[34m2025-06-14 17:10:30[0m] (step=0319600) Train Loss: 0.0959, Train Steps/Sec: 2.06, Samples/Sec: 98.65
[[34m2025-06-14 17:11:18[0m] (step=0319700) Train Loss: 0.0913, Train Steps/Sec: 2.06, Samples/Sec: 98.79
[[34m2025-06-14 17:12:06[0m] (step=0319800) Train Loss: 0.0973, Train Steps/Sec: 2.08, Samples/Sec: 99.77
[[34m2025-06-14 17:12:54[0m] (step=0319900) Train Loss: 0.0919, Train Steps/Sec: 2.11, Samples/Sec: 101.36
[[34m2025-06-14 17:13:41[0m] (step=0320000) Train Loss: 0.0937, Train Steps/Sec: 2.10, Samples/Sec: 100.79
Using cache found in ./models/facebookresearch_dino_main
Using cache found in ./models/facebookresearch_dino_main
Using cache found in ./models/facebookresearch_dino_main
Traceback (most recent call last):
  File "/data1/zwc/miniconda3/envs/nwm2/lib/python3.8/site-packages/torch/serialization.py", line 619, in save
    _save(obj, opened_zipfile, pickle_module, pickle_protocol, _disable_byteorder_record)
  File "/data1/zwc/miniconda3/envs/nwm2/lib/python3.8/site-packages/torch/serialization.py", line 853, in _save
    zip_file.write_record(name, storage.data_ptr(), num_bytes)
RuntimeError: [enforce fail at inline_container.cc:588] . PytorchStreamWriter failed writing file data/564: file write failed

During handling of the above exception, another exception occurred:

Traceback (most recent call last):
  File "train_airvln.py", line 439, in <module>
    main(args)
  File "train_airvln.py", line 346, in main
    torch.save(checkpoint, checkpoint_path)
  File "/data1/zwc/miniconda3/envs/nwm2/lib/python3.8/site-packages/torch/serialization.py", line 620, in save
    return
  File "/data1/zwc/miniconda3/envs/nwm2/lib/python3.8/site-packages/torch/serialization.py", line 466, in __exit__
    self.file_like.write_end_of_file()
RuntimeError: [enforce fail at inline_container.cc:424] . unexpected pos 12392528576 vs 12392528472
[2025-06-14 17:15:58,142] torch.distributed.elastic.multiprocessing.api: [WARNING] Sending process 2673787 closing signal SIGTERM
[2025-06-14 17:15:58,143] torch.distributed.elastic.multiprocessing.api: [WARNING] Sending process 2673788 closing signal SIGTERM
[2025-06-14 17:15:58,143] torch.distributed.elastic.multiprocessing.api: [WARNING] Sending process 2673789 closing signal SIGTERM
[2025-06-14 17:15:58,560] torch.distributed.elastic.multiprocessing.api: [ERROR] failed (exitcode: 1) local_rank: 0 (pid: 2673786) of binary: /data1/zwc/miniconda3/envs/nwm2/bin/python
Traceback (most recent call last):
  File "/data1/tpz/anaconda3/envs/nwm2/bin/torchrun", line 8, in <module>
    sys.exit(main())
  File "/data1/zwc/miniconda3/envs/nwm2/lib/python3.8/site-packages/torch/distributed/elastic/multiprocessing/errors/__init__.py", line 346, in wrapper
    return f(*args, **kwargs)
  File "/data1/zwc/miniconda3/envs/nwm2/lib/python3.8/site-packages/torch/distributed/run.py", line 806, in main
    run(args)
  File "/data1/zwc/miniconda3/envs/nwm2/lib/python3.8/site-packages/torch/distributed/run.py", line 797, in run
    elastic_launch(
  File "/data1/zwc/miniconda3/envs/nwm2/lib/python3.8/site-packages/torch/distributed/launcher/api.py", line 134, in __call__
    return launch_agent(self._config, self._entrypoint, list(args))
  File "/data1/zwc/miniconda3/envs/nwm2/lib/python3.8/site-packages/torch/distributed/launcher/api.py", line 264, in launch_agent
    raise ChildFailedError(
torch.distributed.elastic.multiprocessing.errors.ChildFailedError: 
============================================================
train_airvln.py FAILED
------------------------------------------------------------
Failures:
  <NO_OTHER_FAILURES>
------------------------------------------------------------
Root Cause (first observed failure):
[0]:
  time      : 2025-06-14_17:15:58
  host      : localhost
  rank      : 0 (local_rank: 0)
  exitcode  : 1 (pid: 2673786)
  error_file: <N/A>
  traceback : To enable traceback see: https://pytorch.org/docs/stable/elastic/errors.html
============================================================
