[2025-07-06 02:45:41,356] torch.distributed.run: [WARNING] 
[2025-07-06 02:45:41,356] torch.distributed.run: [WARNING] *****************************************
[2025-07-06 02:45:41,356] torch.distributed.run: [WARNING] Setting OMP_NUM_THREADS environment variable for each process to be 1 in default, to avoid your system being overloaded, please further tune the variable for optimal performance in your application as needed. 
[2025-07-06 02:45:41,356] torch.distributed.run: [WARNING] *****************************************
[[34m2025-07-06 02:45:44[0m] Experiment directory created at logs/nwm_cdit_airvln_v5
[[34m2025-07-06 02:46:01[0m] CDiT Parameters: 1,131,501,344
[[34m2025-07-06 02:53:29[0m] Dataset contains 261,415 images
[[34m2025-07-06 02:53:29[0m] Training for 300 epochs...
[[34m2025-07-06 02:53:29[0m] Beginning epoch 0...
[[34m2025-07-06 02:54:25[0m] (step=0000100) Train Loss: 0.3446, Train Steps/Sec: 1.77, Samples/Sec: 14.14
[[34m2025-07-06 02:55:08[0m] (step=0000200) Train Loss: 0.2157, Train Steps/Sec: 2.36, Samples/Sec: 18.89
[[34m2025-07-06 02:55:52[0m] (step=0000300) Train Loss: 0.2091, Train Steps/Sec: 2.27, Samples/Sec: 18.18
[[34m2025-07-06 02:56:34[0m] (step=0000400) Train Loss: 0.1988, Train Steps/Sec: 2.35, Samples/Sec: 18.81
[[34m2025-07-06 02:57:16[0m] (step=0000500) Train Loss: 0.2095, Train Steps/Sec: 2.37, Samples/Sec: 18.97
[[34m2025-07-06 02:57:58[0m] (step=0000600) Train Loss: 0.2110, Train Steps/Sec: 2.38, Samples/Sec: 19.01
[[34m2025-07-06 02:58:40[0m] (step=0000700) Train Loss: 0.2025, Train Steps/Sec: 2.42, Samples/Sec: 19.34
[[34m2025-07-06 02:59:20[0m] (step=0000800) Train Loss: 0.1982, Train Steps/Sec: 2.50, Samples/Sec: 20.03
[[34m2025-07-06 03:00:00[0m] (step=0000900) Train Loss: 0.2067, Train Steps/Sec: 2.51, Samples/Sec: 20.09
[[34m2025-07-06 03:00:39[0m] (step=0001000) Train Loss: 0.2126, Train Steps/Sec: 2.56, Samples/Sec: 20.49
[[34m2025-07-06 03:01:18[0m] (step=0001100) Train Loss: 0.2111, Train Steps/Sec: 2.52, Samples/Sec: 20.17
[[34m2025-07-06 03:02:00[0m] (step=0001200) Train Loss: 0.1898, Train Steps/Sec: 2.39, Samples/Sec: 19.13
[[34m2025-07-06 03:02:40[0m] (step=0001300) Train Loss: 0.1957, Train Steps/Sec: 2.48, Samples/Sec: 19.82
[[34m2025-07-06 03:03:19[0m] (step=0001400) Train Loss: 0.1936, Train Steps/Sec: 2.59, Samples/Sec: 20.76
[[34m2025-07-06 03:03:58[0m] (step=0001500) Train Loss: 0.1903, Train Steps/Sec: 2.55, Samples/Sec: 20.43
[[34m2025-07-06 03:04:38[0m] (step=0001600) Train Loss: 0.1849, Train Steps/Sec: 2.52, Samples/Sec: 20.17
[[34m2025-07-06 03:05:16[0m] (step=0001700) Train Loss: 0.2096, Train Steps/Sec: 2.60, Samples/Sec: 20.81
[[34m2025-07-06 03:05:55[0m] (step=0001800) Train Loss: 0.2086, Train Steps/Sec: 2.61, Samples/Sec: 20.88
[[34m2025-07-06 03:06:34[0m] (step=0001900) Train Loss: 0.2119, Train Steps/Sec: 2.57, Samples/Sec: 20.56
[[34m2025-07-06 03:07:12[0m] (step=0002000) Train Loss: 0.1972, Train Steps/Sec: 2.58, Samples/Sec: 20.65
[[34m2025-07-06 03:07:51[0m] (step=0002100) Train Loss: 0.1849, Train Steps/Sec: 2.58, Samples/Sec: 20.61
[[34m2025-07-06 03:08:32[0m] (step=0002200) Train Loss: 0.1840, Train Steps/Sec: 2.42, Samples/Sec: 19.39
[[34m2025-07-06 03:09:14[0m] (step=0002300) Train Loss: 0.2132, Train Steps/Sec: 2.42, Samples/Sec: 19.39
[[34m2025-07-06 03:09:51[0m] (step=0002400) Train Loss: 0.1919, Train Steps/Sec: 2.64, Samples/Sec: 21.12
[[34m2025-07-06 03:10:30[0m] (step=0002500) Train Loss: 0.1778, Train Steps/Sec: 2.57, Samples/Sec: 20.57
[[34m2025-07-06 03:11:09[0m] (step=0002600) Train Loss: 0.1983, Train Steps/Sec: 2.60, Samples/Sec: 20.80
[[34m2025-07-06 03:11:47[0m] (step=0002700) Train Loss: 0.2073, Train Steps/Sec: 2.59, Samples/Sec: 20.70
[[34m2025-07-06 03:12:26[0m] (step=0002800) Train Loss: 0.1879, Train Steps/Sec: 2.61, Samples/Sec: 20.92
[[34m2025-07-06 03:13:04[0m] (step=0002900) Train Loss: 0.1803, Train Steps/Sec: 2.59, Samples/Sec: 20.69
[[34m2025-07-06 03:13:43[0m] (step=0003000) Train Loss: 0.1825, Train Steps/Sec: 2.58, Samples/Sec: 20.63
[[34m2025-07-06 03:14:21[0m] (step=0003100) Train Loss: 0.1965, Train Steps/Sec: 2.62, Samples/Sec: 20.97
[[34m2025-07-06 03:14:59[0m] (step=0003200) Train Loss: 0.1778, Train Steps/Sec: 2.62, Samples/Sec: 20.96
[[34m2025-07-06 03:15:38[0m] (step=0003300) Train Loss: 0.1713, Train Steps/Sec: 2.59, Samples/Sec: 20.71
[[34m2025-07-06 03:16:17[0m] (step=0003400) Train Loss: 0.1806, Train Steps/Sec: 2.58, Samples/Sec: 20.64
[[34m2025-07-06 03:16:55[0m] (step=0003500) Train Loss: 0.1843, Train Steps/Sec: 2.61, Samples/Sec: 20.85
[[34m2025-07-06 03:17:33[0m] (step=0003600) Train Loss: 0.1802, Train Steps/Sec: 2.62, Samples/Sec: 20.95
[[34m2025-07-06 03:18:12[0m] (step=0003700) Train Loss: 0.1680, Train Steps/Sec: 2.61, Samples/Sec: 20.90
[[34m2025-07-06 03:18:50[0m] (step=0003800) Train Loss: 0.1912, Train Steps/Sec: 2.62, Samples/Sec: 20.95
[[34m2025-07-06 03:19:28[0m] (step=0003900) Train Loss: 0.1878, Train Steps/Sec: 2.60, Samples/Sec: 20.82
[[34m2025-07-06 03:20:07[0m] (step=0004000) Train Loss: 0.1823, Train Steps/Sec: 2.61, Samples/Sec: 20.85
[[34m2025-07-06 03:20:45[0m] (step=0004100) Train Loss: 0.1841, Train Steps/Sec: 2.61, Samples/Sec: 20.85
[[34m2025-07-06 03:21:24[0m] (step=0004200) Train Loss: 0.1991, Train Steps/Sec: 2.60, Samples/Sec: 20.81
[[34m2025-07-06 03:22:02[0m] (step=0004300) Train Loss: 0.2126, Train Steps/Sec: 2.59, Samples/Sec: 20.73
[[34m2025-07-06 03:22:40[0m] (step=0004400) Train Loss: 0.1883, Train Steps/Sec: 2.64, Samples/Sec: 21.12
[[34m2025-07-06 03:23:18[0m] (step=0004500) Train Loss: 0.1879, Train Steps/Sec: 2.61, Samples/Sec: 20.89
[[34m2025-07-06 03:23:57[0m] (step=0004600) Train Loss: 0.1914, Train Steps/Sec: 2.60, Samples/Sec: 20.81
[[34m2025-07-06 03:24:35[0m] (step=0004700) Train Loss: 0.1503, Train Steps/Sec: 2.61, Samples/Sec: 20.90
[[34m2025-07-06 03:25:13[0m] (step=0004800) Train Loss: 0.1622, Train Steps/Sec: 2.63, Samples/Sec: 21.04
[[34m2025-07-06 03:25:51[0m] (step=0004900) Train Loss: 0.1757, Train Steps/Sec: 2.64, Samples/Sec: 21.15
[[34m2025-07-06 03:26:30[0m] (step=0005000) Train Loss: 0.1597, Train Steps/Sec: 2.55, Samples/Sec: 20.39
[[34m2025-07-06 03:27:10[0m] (step=0005100) Train Loss: 0.1750, Train Steps/Sec: 2.49, Samples/Sec: 19.96
[[34m2025-07-06 03:27:50[0m] (step=0005200) Train Loss: 0.1933, Train Steps/Sec: 2.52, Samples/Sec: 20.20
[[34m2025-07-06 03:28:29[0m] (step=0005300) Train Loss: 0.1826, Train Steps/Sec: 2.54, Samples/Sec: 20.31
[[34m2025-07-06 03:29:07[0m] (step=0005400) Train Loss: 0.1825, Train Steps/Sec: 2.63, Samples/Sec: 21.07
[[34m2025-07-06 03:29:45[0m] (step=0005500) Train Loss: 0.1746, Train Steps/Sec: 2.61, Samples/Sec: 20.89
[[34m2025-07-06 03:30:24[0m] (step=0005600) Train Loss: 0.1816, Train Steps/Sec: 2.58, Samples/Sec: 20.66
[[34m2025-07-06 03:31:02[0m] (step=0005700) Train Loss: 0.1846, Train Steps/Sec: 2.62, Samples/Sec: 21.00
[[34m2025-07-06 03:31:41[0m] (step=0005800) Train Loss: 0.1948, Train Steps/Sec: 2.62, Samples/Sec: 20.93
[[34m2025-07-06 03:32:19[0m] (step=0005900) Train Loss: 0.1868, Train Steps/Sec: 2.60, Samples/Sec: 20.83
[[34m2025-07-06 03:32:58[0m] (step=0006000) Train Loss: 0.1916, Train Steps/Sec: 2.59, Samples/Sec: 20.73
[[34m2025-07-06 03:33:36[0m] (step=0006100) Train Loss: 0.1646, Train Steps/Sec: 2.59, Samples/Sec: 20.70
[[34m2025-07-06 03:34:14[0m] (step=0006200) Train Loss: 0.1636, Train Steps/Sec: 2.62, Samples/Sec: 20.99
[[34m2025-07-06 03:34:53[0m] (step=0006300) Train Loss: 0.1699, Train Steps/Sec: 2.59, Samples/Sec: 20.76
[[34m2025-07-06 03:35:48[0m] (step=0006400) Train Loss: 0.1882, Train Steps/Sec: 1.81, Samples/Sec: 14.46
[[34m2025-07-06 03:36:26[0m] (step=0006500) Train Loss: 0.1712, Train Steps/Sec: 2.61, Samples/Sec: 20.91
[[34m2025-07-06 03:37:04[0m] (step=0006600) Train Loss: 0.1795, Train Steps/Sec: 2.64, Samples/Sec: 21.10
[[34m2025-07-06 03:37:44[0m] (step=0006700) Train Loss: 0.1730, Train Steps/Sec: 2.52, Samples/Sec: 20.15
[[34m2025-07-06 03:38:23[0m] (step=0006800) Train Loss: 0.1632, Train Steps/Sec: 2.57, Samples/Sec: 20.60
[[34m2025-07-06 03:39:01[0m] (step=0006900) Train Loss: 0.1590, Train Steps/Sec: 2.63, Samples/Sec: 21.04
[[34m2025-07-06 03:39:41[0m] (step=0007000) Train Loss: 0.1625, Train Steps/Sec: 2.49, Samples/Sec: 19.91
[[34m2025-07-06 03:40:20[0m] (step=0007100) Train Loss: 0.1781, Train Steps/Sec: 2.55, Samples/Sec: 20.44
[[34m2025-07-06 03:41:08[0m] (step=0007200) Train Loss: 0.1905, Train Steps/Sec: 2.10, Samples/Sec: 16.82
[[34m2025-07-06 03:41:52[0m] (step=0007300) Train Loss: 0.1778, Train Steps/Sec: 2.28, Samples/Sec: 18.25
[[34m2025-07-06 03:42:34[0m] (step=0007400) Train Loss: 0.1714, Train Steps/Sec: 2.35, Samples/Sec: 18.80
[[34m2025-07-06 03:43:15[0m] (step=0007500) Train Loss: 0.1735, Train Steps/Sec: 2.47, Samples/Sec: 19.76
[[34m2025-07-06 03:43:56[0m] (step=0007600) Train Loss: 0.1768, Train Steps/Sec: 2.44, Samples/Sec: 19.54
[[34m2025-07-06 03:44:35[0m] (step=0007700) Train Loss: 0.1826, Train Steps/Sec: 2.56, Samples/Sec: 20.52
[[34m2025-07-06 03:45:13[0m] (step=0007800) Train Loss: 0.1704, Train Steps/Sec: 2.61, Samples/Sec: 20.85
[[34m2025-07-06 03:45:53[0m] (step=0007900) Train Loss: 0.1792, Train Steps/Sec: 2.50, Samples/Sec: 20.02
[[34m2025-07-06 03:46:31[0m] (step=0008000) Train Loss: 0.1771, Train Steps/Sec: 2.62, Samples/Sec: 20.95
[[34m2025-07-06 03:47:10[0m] (step=0008100) Train Loss: 0.1687, Train Steps/Sec: 2.60, Samples/Sec: 20.80
[[34m2025-07-06 03:47:48[0m] (step=0008200) Train Loss: 0.1496, Train Steps/Sec: 2.59, Samples/Sec: 20.74
[[34m2025-07-06 03:48:26[0m] (step=0008300) Train Loss: 0.1587, Train Steps/Sec: 2.62, Samples/Sec: 20.97
[[34m2025-07-06 03:49:05[0m] (step=0008400) Train Loss: 0.1678, Train Steps/Sec: 2.60, Samples/Sec: 20.83
[[34m2025-07-06 03:49:44[0m] (step=0008500) Train Loss: 0.1854, Train Steps/Sec: 2.54, Samples/Sec: 20.31
[[34m2025-07-06 03:50:23[0m] (step=0008600) Train Loss: 0.1800, Train Steps/Sec: 2.59, Samples/Sec: 20.70
[[34m2025-07-06 03:51:01[0m] (step=0008700) Train Loss: 0.1718, Train Steps/Sec: 2.61, Samples/Sec: 20.86
[[34m2025-07-06 03:51:39[0m] (step=0008800) Train Loss: 0.1651, Train Steps/Sec: 2.64, Samples/Sec: 21.08
[[34m2025-07-06 03:52:17[0m] (step=0008900) Train Loss: 0.1775, Train Steps/Sec: 2.62, Samples/Sec: 20.99
[[34m2025-07-06 03:52:55[0m] (step=0009000) Train Loss: 0.1900, Train Steps/Sec: 2.62, Samples/Sec: 20.94
[[34m2025-07-06 03:53:34[0m] (step=0009100) Train Loss: 0.1766, Train Steps/Sec: 2.58, Samples/Sec: 20.63
[[34m2025-07-06 03:54:12[0m] (step=0009200) Train Loss: 0.1689, Train Steps/Sec: 2.62, Samples/Sec: 20.94
[[34m2025-07-06 03:54:50[0m] (step=0009300) Train Loss: 0.1695, Train Steps/Sec: 2.65, Samples/Sec: 21.21
[[34m2025-07-06 03:55:28[0m] (step=0009400) Train Loss: 0.1842, Train Steps/Sec: 2.65, Samples/Sec: 21.23
[[34m2025-07-06 03:56:08[0m] (step=0009500) Train Loss: 0.1814, Train Steps/Sec: 2.49, Samples/Sec: 19.90
[[34m2025-07-06 03:56:56[0m] (step=0009600) Train Loss: 0.1676, Train Steps/Sec: 2.10, Samples/Sec: 16.81
[[34m2025-07-06 03:57:36[0m] (step=0009700) Train Loss: 0.1752, Train Steps/Sec: 2.50, Samples/Sec: 20.04
[[34m2025-07-06 03:58:16[0m] (step=0009800) Train Loss: 0.1567, Train Steps/Sec: 2.49, Samples/Sec: 19.94
[[34m2025-07-06 03:58:56[0m] (step=0009900) Train Loss: 0.1632, Train Steps/Sec: 2.50, Samples/Sec: 20.02
[[34m2025-07-06 03:59:36[0m] (step=0010000) Train Loss: 0.1730, Train Steps/Sec: 2.50, Samples/Sec: 19.99
Using cache found in ./models/facebookresearch_dino_main
/data1/zwc/miniconda3/envs/nwm2/lib/python3.8/site-packages/torch/_utils.py:831: UserWarning: TypedStorage is deprecated. It will be removed in the future and UntypedStorage will be the only storage class. This should only matter to you if you are using storages directly.  To access UntypedStorage directly, use tensor.untyped_storage() instead of tensor.storage()
  return self.fget.__get__(instance, owner)()
/data1/zwc/miniconda3/envs/nwm2/lib/python3.8/site-packages/torch/nn/utils/weight_norm.py:30: UserWarning: torch.nn.utils.weight_norm is deprecated in favor of torch.nn.utils.parametrizations.weight_norm.
  warnings.warn("torch.nn.utils.weight_norm is deprecated in favor of torch.nn.utils.parametrizations.weight_norm.")
[[34m2025-07-06 03:59:56[0m] Saved checkpoint to logs/nwm_cdit_airvln_v5/checkpoints/latest.pth.tar
Using cache found in ./models/facebookresearch_dino_main
/data1/zwc/miniconda3/envs/nwm2/lib/python3.8/site-packages/torch/_utils.py:831: UserWarning: TypedStorage is deprecated. It will be removed in the future and UntypedStorage will be the only storage class. This should only matter to you if you are using storages directly.  To access UntypedStorage directly, use tensor.untyped_storage() instead of tensor.storage()
  return self.fget.__get__(instance, owner)()
/data1/zwc/miniconda3/envs/nwm2/lib/python3.8/site-packages/torch/nn/utils/weight_norm.py:30: UserWarning: torch.nn.utils.weight_norm is deprecated in favor of torch.nn.utils.parametrizations.weight_norm.
  warnings.warn("torch.nn.utils.weight_norm is deprecated in favor of torch.nn.utils.parametrizations.weight_norm.")
[[34m2025-07-06 03:59:59[0m] Already found a `peft_config` attribute in the model. This will lead to having multiple adapters in the model. Make sure to know what you are doing!
[[34m2025-07-06 04:01:43[0m] (step=0010000) Perceptual Loss: 0.8445, Eval Time: 107.28
[[34m2025-07-06 04:02:23[0m] (step=0010100) Train Loss: 0.1690, Train Steps/Sec: 0.60, Samples/Sec: 4.78
[[34m2025-07-06 04:03:03[0m] (step=0010200) Train Loss: 0.1650, Train Steps/Sec: 2.52, Samples/Sec: 20.14
[[34m2025-07-06 04:03:41[0m] (step=0010300) Train Loss: 0.1538, Train Steps/Sec: 2.61, Samples/Sec: 20.85
[[34m2025-07-06 04:04:21[0m] (step=0010400) Train Loss: 0.1634, Train Steps/Sec: 2.52, Samples/Sec: 20.20
[[34m2025-07-06 04:05:00[0m] (step=0010500) Train Loss: 0.1716, Train Steps/Sec: 2.52, Samples/Sec: 20.17
[[34m2025-07-06 04:05:39[0m] (step=0010600) Train Loss: 0.1784, Train Steps/Sec: 2.58, Samples/Sec: 20.67
[[34m2025-07-06 04:06:19[0m] (step=0010700) Train Loss: 0.1808, Train Steps/Sec: 2.49, Samples/Sec: 19.93
[[34m2025-07-06 04:07:00[0m] (step=0010800) Train Loss: 0.1740, Train Steps/Sec: 2.48, Samples/Sec: 19.80
[[34m2025-07-06 04:07:39[0m] (step=0010900) Train Loss: 0.1743, Train Steps/Sec: 2.51, Samples/Sec: 20.10
[[34m2025-07-06 04:08:19[0m] (step=0011000) Train Loss: 0.1734, Train Steps/Sec: 2.56, Samples/Sec: 20.45
[[34m2025-07-06 04:08:58[0m] (step=0011100) Train Loss: 0.1599, Train Steps/Sec: 2.52, Samples/Sec: 20.18
[[34m2025-07-06 04:09:37[0m] (step=0011200) Train Loss: 0.1644, Train Steps/Sec: 2.59, Samples/Sec: 20.69
[[34m2025-07-06 04:10:16[0m] (step=0011300) Train Loss: 0.1662, Train Steps/Sec: 2.59, Samples/Sec: 20.72
[[34m2025-07-06 04:10:54[0m] (step=0011400) Train Loss: 0.1641, Train Steps/Sec: 2.60, Samples/Sec: 20.77
[[34m2025-07-06 04:11:33[0m] (step=0011500) Train Loss: 0.1425, Train Steps/Sec: 2.58, Samples/Sec: 20.63
[[34m2025-07-06 04:12:11[0m] (step=0011600) Train Loss: 0.1653, Train Steps/Sec: 2.59, Samples/Sec: 20.74
[[34m2025-07-06 04:12:50[0m] (step=0011700) Train Loss: 0.1670, Train Steps/Sec: 2.57, Samples/Sec: 20.56
[[34m2025-07-06 04:13:29[0m] (step=0011800) Train Loss: 0.1719, Train Steps/Sec: 2.58, Samples/Sec: 20.62
[[34m2025-07-06 04:14:08[0m] (step=0011900) Train Loss: 0.1545, Train Steps/Sec: 2.55, Samples/Sec: 20.41
[[34m2025-07-06 04:14:47[0m] (step=0012000) Train Loss: 0.1787, Train Steps/Sec: 2.58, Samples/Sec: 20.63
[[34m2025-07-06 04:15:26[0m] (step=0012100) Train Loss: 0.1542, Train Steps/Sec: 2.57, Samples/Sec: 20.59
[[34m2025-07-06 04:16:05[0m] (step=0012200) Train Loss: 0.1769, Train Steps/Sec: 2.59, Samples/Sec: 20.71
[[34m2025-07-06 04:16:43[0m] (step=0012300) Train Loss: 0.1732, Train Steps/Sec: 2.60, Samples/Sec: 20.79
[[34m2025-07-06 04:17:21[0m] (step=0012400) Train Loss: 0.1830, Train Steps/Sec: 2.60, Samples/Sec: 20.84
[[34m2025-07-06 04:18:01[0m] (step=0012500) Train Loss: 0.1670, Train Steps/Sec: 2.56, Samples/Sec: 20.46
[[34m2025-07-06 04:18:39[0m] (step=0012600) Train Loss: 0.1625, Train Steps/Sec: 2.59, Samples/Sec: 20.70
[[34m2025-07-06 04:19:18[0m] (step=0012700) Train Loss: 0.1769, Train Steps/Sec: 2.57, Samples/Sec: 20.59
[[34m2025-07-06 04:19:57[0m] (step=0012800) Train Loss: 0.1759, Train Steps/Sec: 2.58, Samples/Sec: 20.62
[[34m2025-07-06 04:20:36[0m] (step=0012900) Train Loss: 0.1488, Train Steps/Sec: 2.58, Samples/Sec: 20.62
[[34m2025-07-06 04:21:14[0m] (step=0013000) Train Loss: 0.1697, Train Steps/Sec: 2.58, Samples/Sec: 20.64
[[34m2025-07-06 04:21:53[0m] (step=0013100) Train Loss: 0.1548, Train Steps/Sec: 2.57, Samples/Sec: 20.60
[[34m2025-07-06 04:22:32[0m] (step=0013200) Train Loss: 0.1682, Train Steps/Sec: 2.56, Samples/Sec: 20.44
[[34m2025-07-06 04:23:11[0m] (step=0013300) Train Loss: 0.1592, Train Steps/Sec: 2.57, Samples/Sec: 20.57
[[34m2025-07-06 04:23:50[0m] (step=0013400) Train Loss: 0.1751, Train Steps/Sec: 2.60, Samples/Sec: 20.80
[[34m2025-07-06 04:24:28[0m] (step=0013500) Train Loss: 0.1793, Train Steps/Sec: 2.58, Samples/Sec: 20.67
[[34m2025-07-06 04:25:07[0m] (step=0013600) Train Loss: 0.1608, Train Steps/Sec: 2.61, Samples/Sec: 20.88
[[34m2025-07-06 04:25:45[0m] (step=0013700) Train Loss: 0.1607, Train Steps/Sec: 2.60, Samples/Sec: 20.83
[[34m2025-07-06 04:26:24[0m] (step=0013800) Train Loss: 0.1634, Train Steps/Sec: 2.55, Samples/Sec: 20.41
[[34m2025-07-06 04:27:03[0m] (step=0013900) Train Loss: 0.1537, Train Steps/Sec: 2.57, Samples/Sec: 20.57
[[34m2025-07-06 04:27:42[0m] (step=0014000) Train Loss: 0.1769, Train Steps/Sec: 2.57, Samples/Sec: 20.60
[[34m2025-07-06 04:28:21[0m] (step=0014100) Train Loss: 0.1708, Train Steps/Sec: 2.57, Samples/Sec: 20.53
[[34m2025-07-06 04:29:00[0m] (step=0014200) Train Loss: 0.1448, Train Steps/Sec: 2.56, Samples/Sec: 20.44
[[34m2025-07-06 04:29:39[0m] (step=0014300) Train Loss: 0.1485, Train Steps/Sec: 2.56, Samples/Sec: 20.49
[[34m2025-07-06 04:30:18[0m] (step=0014400) Train Loss: 0.1499, Train Steps/Sec: 2.59, Samples/Sec: 20.75
[[34m2025-07-06 04:30:57[0m] (step=0014500) Train Loss: 0.1437, Train Steps/Sec: 2.58, Samples/Sec: 20.61
[[34m2025-07-06 04:31:36[0m] (step=0014600) Train Loss: 0.1790, Train Steps/Sec: 2.57, Samples/Sec: 20.56
[[34m2025-07-06 04:32:14[0m] (step=0014700) Train Loss: 0.1770, Train Steps/Sec: 2.58, Samples/Sec: 20.67
[[34m2025-07-06 04:32:53[0m] (step=0014800) Train Loss: 0.1567, Train Steps/Sec: 2.61, Samples/Sec: 20.90
[[34m2025-07-06 04:33:31[0m] (step=0014900) Train Loss: 0.1532, Train Steps/Sec: 2.58, Samples/Sec: 20.61
[[34m2025-07-06 04:34:10[0m] (step=0015000) Train Loss: 0.1725, Train Steps/Sec: 2.59, Samples/Sec: 20.70
[[34m2025-07-06 04:34:49[0m] (step=0015100) Train Loss: 0.1723, Train Steps/Sec: 2.58, Samples/Sec: 20.61
[[34m2025-07-06 04:35:27[0m] (step=0015200) Train Loss: 0.1619, Train Steps/Sec: 2.59, Samples/Sec: 20.71
[[34m2025-07-06 04:36:07[0m] (step=0015300) Train Loss: 0.1602, Train Steps/Sec: 2.52, Samples/Sec: 20.19
[[34m2025-07-06 04:36:48[0m] (step=0015400) Train Loss: 0.1564, Train Steps/Sec: 2.45, Samples/Sec: 19.59
[[34m2025-07-06 04:37:27[0m] (step=0015500) Train Loss: 0.1528, Train Steps/Sec: 2.55, Samples/Sec: 20.38
[[34m2025-07-06 04:38:07[0m] (step=0015600) Train Loss: 0.1615, Train Steps/Sec: 2.54, Samples/Sec: 20.29
[[34m2025-07-06 04:38:45[0m] (step=0015700) Train Loss: 0.1863, Train Steps/Sec: 2.57, Samples/Sec: 20.60
[[34m2025-07-06 04:39:25[0m] (step=0015800) Train Loss: 0.1646, Train Steps/Sec: 2.55, Samples/Sec: 20.37
[[34m2025-07-06 04:40:04[0m] (step=0015900) Train Loss: 0.1625, Train Steps/Sec: 2.55, Samples/Sec: 20.44
[[34m2025-07-06 04:40:44[0m] (step=0016000) Train Loss: 0.1607, Train Steps/Sec: 2.47, Samples/Sec: 19.73
[[34m2025-07-06 04:41:23[0m] (step=0016100) Train Loss: 0.1611, Train Steps/Sec: 2.59, Samples/Sec: 20.72
[[34m2025-07-06 04:42:02[0m] (step=0016200) Train Loss: 0.1675, Train Steps/Sec: 2.55, Samples/Sec: 20.42
[[34m2025-07-06 04:42:41[0m] (step=0016300) Train Loss: 0.1631, Train Steps/Sec: 2.60, Samples/Sec: 20.76
[[34m2025-07-06 04:43:19[0m] (step=0016400) Train Loss: 0.1463, Train Steps/Sec: 2.59, Samples/Sec: 20.68
[[34m2025-07-06 04:43:59[0m] (step=0016500) Train Loss: 0.1578, Train Steps/Sec: 2.54, Samples/Sec: 20.35
[[34m2025-07-06 04:44:37[0m] (step=0016600) Train Loss: 0.1749, Train Steps/Sec: 2.63, Samples/Sec: 21.02
[[34m2025-07-06 04:45:15[0m] (step=0016700) Train Loss: 0.1720, Train Steps/Sec: 2.61, Samples/Sec: 20.86
[[34m2025-07-06 04:45:53[0m] (step=0016800) Train Loss: 0.1490, Train Steps/Sec: 2.61, Samples/Sec: 20.87
[[34m2025-07-06 04:46:32[0m] (step=0016900) Train Loss: 0.1447, Train Steps/Sec: 2.63, Samples/Sec: 21.02
[[34m2025-07-06 04:47:09[0m] (step=0017000) Train Loss: 0.1505, Train Steps/Sec: 2.65, Samples/Sec: 21.22
[[34m2025-07-06 04:47:47[0m] (step=0017100) Train Loss: 0.1647, Train Steps/Sec: 2.64, Samples/Sec: 21.14
[[34m2025-07-06 04:48:25[0m] (step=0017200) Train Loss: 0.1597, Train Steps/Sec: 2.66, Samples/Sec: 21.27
[[34m2025-07-06 04:49:03[0m] (step=0017300) Train Loss: 0.1629, Train Steps/Sec: 2.59, Samples/Sec: 20.74
[[34m2025-07-06 04:49:42[0m] (step=0017400) Train Loss: 0.1600, Train Steps/Sec: 2.61, Samples/Sec: 20.90
[[34m2025-07-06 04:50:20[0m] (step=0017500) Train Loss: 0.1483, Train Steps/Sec: 2.63, Samples/Sec: 21.04
[[34m2025-07-06 04:50:58[0m] (step=0017600) Train Loss: 0.1540, Train Steps/Sec: 2.64, Samples/Sec: 21.10
[[34m2025-07-06 04:51:36[0m] (step=0017700) Train Loss: 0.1547, Train Steps/Sec: 2.60, Samples/Sec: 20.80
[[34m2025-07-06 04:52:14[0m] (step=0017800) Train Loss: 0.1457, Train Steps/Sec: 2.63, Samples/Sec: 21.06
[[34m2025-07-06 04:52:52[0m] (step=0017900) Train Loss: 0.1557, Train Steps/Sec: 2.61, Samples/Sec: 20.89
[[34m2025-07-06 04:53:31[0m] (step=0018000) Train Loss: 0.1555, Train Steps/Sec: 2.59, Samples/Sec: 20.73
[[34m2025-07-06 04:54:10[0m] (step=0018100) Train Loss: 0.1523, Train Steps/Sec: 2.58, Samples/Sec: 20.64
[[34m2025-07-06 04:54:48[0m] (step=0018200) Train Loss: 0.1613, Train Steps/Sec: 2.61, Samples/Sec: 20.86
[[34m2025-07-06 04:55:26[0m] (step=0018300) Train Loss: 0.1544, Train Steps/Sec: 2.61, Samples/Sec: 20.91
[[34m2025-07-06 04:56:05[0m] (step=0018400) Train Loss: 0.1634, Train Steps/Sec: 2.58, Samples/Sec: 20.63
[[34m2025-07-06 04:56:44[0m] (step=0018500) Train Loss: 0.1558, Train Steps/Sec: 2.58, Samples/Sec: 20.67
[[34m2025-07-06 04:57:23[0m] (step=0018600) Train Loss: 0.1544, Train Steps/Sec: 2.58, Samples/Sec: 20.64
[[34m2025-07-06 04:58:01[0m] (step=0018700) Train Loss: 0.1659, Train Steps/Sec: 2.60, Samples/Sec: 20.83
[[34m2025-07-06 04:58:39[0m] (step=0018800) Train Loss: 0.1656, Train Steps/Sec: 2.59, Samples/Sec: 20.75
[[34m2025-07-06 04:59:19[0m] (step=0018900) Train Loss: 0.1541, Train Steps/Sec: 2.56, Samples/Sec: 20.47
[[34m2025-07-06 04:59:57[0m] (step=0019000) Train Loss: 0.1570, Train Steps/Sec: 2.62, Samples/Sec: 20.99
[[34m2025-07-06 05:00:36[0m] (step=0019100) Train Loss: 0.1395, Train Steps/Sec: 2.57, Samples/Sec: 20.58
[[34m2025-07-06 05:01:15[0m] (step=0019200) Train Loss: 0.1602, Train Steps/Sec: 2.55, Samples/Sec: 20.40
[[34m2025-07-06 05:01:54[0m] (step=0019300) Train Loss: 0.1568, Train Steps/Sec: 2.56, Samples/Sec: 20.48
[[34m2025-07-06 05:02:33[0m] (step=0019400) Train Loss: 0.1518, Train Steps/Sec: 2.55, Samples/Sec: 20.42
[[34m2025-07-06 05:03:12[0m] (step=0019500) Train Loss: 0.1657, Train Steps/Sec: 2.59, Samples/Sec: 20.73
[[34m2025-07-06 05:03:50[0m] (step=0019600) Train Loss: 0.1588, Train Steps/Sec: 2.58, Samples/Sec: 20.63
[[34m2025-07-06 05:04:29[0m] (step=0019700) Train Loss: 0.1734, Train Steps/Sec: 2.58, Samples/Sec: 20.64
[[34m2025-07-06 05:05:08[0m] (step=0019800) Train Loss: 0.1630, Train Steps/Sec: 2.58, Samples/Sec: 20.65
[[34m2025-07-06 05:05:46[0m] (step=0019900) Train Loss: 0.1616, Train Steps/Sec: 2.60, Samples/Sec: 20.79
[[34m2025-07-06 05:06:25[0m] (step=0020000) Train Loss: 0.1604, Train Steps/Sec: 2.61, Samples/Sec: 20.84
Using cache found in ./models/facebookresearch_dino_main
[[34m2025-07-06 05:06:42[0m] Saved checkpoint to logs/nwm_cdit_airvln_v5/checkpoints/latest.pth.tar
Using cache found in ./models/facebookresearch_dino_main
[[34m2025-07-06 05:06:44[0m] Already found a `peft_config` attribute in the model. This will lead to having multiple adapters in the model. Make sure to know what you are doing!
[[34m2025-07-06 05:08:26[0m] (step=0020000) Perceptual Loss: 0.7508, Eval Time: 104.65
[[34m2025-07-06 05:09:05[0m] (step=0020100) Train Loss: 0.1453, Train Steps/Sec: 0.62, Samples/Sec: 4.98
[[34m2025-07-06 05:09:44[0m] (step=0020200) Train Loss: 0.1508, Train Steps/Sec: 2.56, Samples/Sec: 20.51
[[34m2025-07-06 05:10:23[0m] (step=0020300) Train Loss: 0.1515, Train Steps/Sec: 2.59, Samples/Sec: 20.73
[[34m2025-07-06 05:11:02[0m] (step=0020400) Train Loss: 0.1575, Train Steps/Sec: 2.58, Samples/Sec: 20.67
[[34m2025-07-06 05:11:41[0m] (step=0020500) Train Loss: 0.1598, Train Steps/Sec: 2.57, Samples/Sec: 20.59
[[34m2025-07-06 05:12:20[0m] (step=0020600) Train Loss: 0.1532, Train Steps/Sec: 2.56, Samples/Sec: 20.48
[[34m2025-07-06 05:12:58[0m] (step=0020700) Train Loss: 0.1404, Train Steps/Sec: 2.57, Samples/Sec: 20.59
[[34m2025-07-06 05:13:37[0m] (step=0020800) Train Loss: 0.1666, Train Steps/Sec: 2.57, Samples/Sec: 20.53
[[34m2025-07-06 05:14:16[0m] (step=0020900) Train Loss: 0.1589, Train Steps/Sec: 2.57, Samples/Sec: 20.59
[[34m2025-07-06 05:14:55[0m] (step=0021000) Train Loss: 0.1564, Train Steps/Sec: 2.56, Samples/Sec: 20.45
[[34m2025-07-06 05:15:35[0m] (step=0021100) Train Loss: 0.1635, Train Steps/Sec: 2.56, Samples/Sec: 20.44
[[34m2025-07-06 05:16:14[0m] (step=0021200) Train Loss: 0.1602, Train Steps/Sec: 2.56, Samples/Sec: 20.49
[[34m2025-07-06 05:16:52[0m] (step=0021300) Train Loss: 0.1464, Train Steps/Sec: 2.59, Samples/Sec: 20.68
[[34m2025-07-06 05:17:31[0m] (step=0021400) Train Loss: 0.1500, Train Steps/Sec: 2.59, Samples/Sec: 20.73
[[34m2025-07-06 05:18:10[0m] (step=0021500) Train Loss: 0.1645, Train Steps/Sec: 2.57, Samples/Sec: 20.57
[[34m2025-07-06 05:18:49[0m] (step=0021600) Train Loss: 0.1604, Train Steps/Sec: 2.58, Samples/Sec: 20.66
[[34m2025-07-06 05:19:27[0m] (step=0021700) Train Loss: 0.1567, Train Steps/Sec: 2.58, Samples/Sec: 20.63
[[34m2025-07-06 05:20:06[0m] (step=0021800) Train Loss: 0.1574, Train Steps/Sec: 2.58, Samples/Sec: 20.61
[[34m2025-07-06 05:20:45[0m] (step=0021900) Train Loss: 0.1527, Train Steps/Sec: 2.58, Samples/Sec: 20.64
[[34m2025-07-06 05:21:24[0m] (step=0022000) Train Loss: 0.1470, Train Steps/Sec: 2.59, Samples/Sec: 20.68
[[34m2025-07-06 05:22:03[0m] (step=0022100) Train Loss: 0.1431, Train Steps/Sec: 2.53, Samples/Sec: 20.21
[[34m2025-07-06 05:22:45[0m] (step=0022200) Train Loss: 0.1521, Train Steps/Sec: 2.38, Samples/Sec: 19.07
[[34m2025-07-06 05:23:24[0m] (step=0022300) Train Loss: 0.1505, Train Steps/Sec: 2.54, Samples/Sec: 20.33
[[34m2025-07-06 05:24:06[0m] (step=0022400) Train Loss: 0.1610, Train Steps/Sec: 2.41, Samples/Sec: 19.28
[[34m2025-07-06 05:24:45[0m] (step=0022500) Train Loss: 0.1618, Train Steps/Sec: 2.54, Samples/Sec: 20.32
[[34m2025-07-06 05:25:44[0m] (step=0022600) Train Loss: 0.1419, Train Steps/Sec: 1.72, Samples/Sec: 13.73
[[34m2025-07-06 05:26:27[0m] (step=0022700) Train Loss: 0.1359, Train Steps/Sec: 2.32, Samples/Sec: 18.58
[[34m2025-07-06 05:27:09[0m] (step=0022800) Train Loss: 0.1524, Train Steps/Sec: 2.36, Samples/Sec: 18.84
[[34m2025-07-06 05:27:51[0m] (step=0022900) Train Loss: 0.1448, Train Steps/Sec: 2.36, Samples/Sec: 18.90
[[34m2025-07-06 05:28:34[0m] (step=0023000) Train Loss: 0.1426, Train Steps/Sec: 2.35, Samples/Sec: 18.82
[[34m2025-07-06 05:29:24[0m] (step=0023100) Train Loss: 0.1483, Train Steps/Sec: 2.02, Samples/Sec: 16.14
[[34m2025-07-06 05:30:07[0m] (step=0023200) Train Loss: 0.1375, Train Steps/Sec: 2.29, Samples/Sec: 18.35
[[34m2025-07-06 05:30:47[0m] (step=0023300) Train Loss: 0.1521, Train Steps/Sec: 2.54, Samples/Sec: 20.28
[[34m2025-07-06 05:31:25[0m] (step=0023400) Train Loss: 0.1568, Train Steps/Sec: 2.58, Samples/Sec: 20.68
[[34m2025-07-06 05:32:03[0m] (step=0023500) Train Loss: 0.1529, Train Steps/Sec: 2.62, Samples/Sec: 20.99
[[34m2025-07-06 05:32:42[0m] (step=0023600) Train Loss: 0.1597, Train Steps/Sec: 2.56, Samples/Sec: 20.47
[[34m2025-07-06 05:33:23[0m] (step=0023700) Train Loss: 0.1614, Train Steps/Sec: 2.49, Samples/Sec: 19.95
[[34m2025-07-06 05:34:02[0m] (step=0023800) Train Loss: 0.1624, Train Steps/Sec: 2.55, Samples/Sec: 20.37
[[34m2025-07-06 05:34:43[0m] (step=0023900) Train Loss: 0.1439, Train Steps/Sec: 2.45, Samples/Sec: 19.63
[[34m2025-07-06 05:35:24[0m] (step=0024000) Train Loss: 0.1640, Train Steps/Sec: 2.39, Samples/Sec: 19.14
[[34m2025-07-06 05:36:05[0m] (step=0024100) Train Loss: 0.1478, Train Steps/Sec: 2.45, Samples/Sec: 19.57
[[34m2025-07-06 05:36:47[0m] (step=0024200) Train Loss: 0.1541, Train Steps/Sec: 2.41, Samples/Sec: 19.31
[[34m2025-07-06 05:37:37[0m] (step=0024300) Train Loss: 0.1470, Train Steps/Sec: 1.99, Samples/Sec: 15.95
[[34m2025-07-06 05:38:17[0m] (step=0024400) Train Loss: 0.1430, Train Steps/Sec: 2.46, Samples/Sec: 19.72
[[34m2025-07-06 05:38:58[0m] (step=0024500) Train Loss: 0.1725, Train Steps/Sec: 2.49, Samples/Sec: 19.93
[[34m2025-07-06 05:39:36[0m] (step=0024600) Train Loss: 0.1654, Train Steps/Sec: 2.59, Samples/Sec: 20.74
[[34m2025-07-06 05:40:15[0m] (step=0024700) Train Loss: 0.1558, Train Steps/Sec: 2.58, Samples/Sec: 20.63
[[34m2025-07-06 05:40:54[0m] (step=0024800) Train Loss: 0.1701, Train Steps/Sec: 2.58, Samples/Sec: 20.61
[[34m2025-07-06 05:41:32[0m] (step=0024900) Train Loss: 0.1486, Train Steps/Sec: 2.65, Samples/Sec: 21.17
[[34m2025-07-06 05:42:10[0m] (step=0025000) Train Loss: 0.1568, Train Steps/Sec: 2.57, Samples/Sec: 20.59
[[34m2025-07-06 05:42:49[0m] (step=0025100) Train Loss: 0.1566, Train Steps/Sec: 2.59, Samples/Sec: 20.71
[[34m2025-07-06 05:43:38[0m] (step=0025200) Train Loss: 0.1675, Train Steps/Sec: 2.04, Samples/Sec: 16.30
[[34m2025-07-06 05:44:19[0m] (step=0025300) Train Loss: 0.1535, Train Steps/Sec: 2.42, Samples/Sec: 19.37
[[34m2025-07-06 05:44:58[0m] (step=0025400) Train Loss: 0.1417, Train Steps/Sec: 2.56, Samples/Sec: 20.50
[[34m2025-07-06 05:45:38[0m] (step=0025500) Train Loss: 0.1484, Train Steps/Sec: 2.53, Samples/Sec: 20.26
[[34m2025-07-06 05:46:17[0m] (step=0025600) Train Loss: 0.1472, Train Steps/Sec: 2.57, Samples/Sec: 20.53
[[34m2025-07-06 05:46:56[0m] (step=0025700) Train Loss: 0.1631, Train Steps/Sec: 2.54, Samples/Sec: 20.31
[[34m2025-07-06 05:47:38[0m] (step=0025800) Train Loss: 0.1373, Train Steps/Sec: 2.39, Samples/Sec: 19.10
[[34m2025-07-06 05:48:17[0m] (step=0025900) Train Loss: 0.1446, Train Steps/Sec: 2.55, Samples/Sec: 20.42
[[34m2025-07-06 05:48:56[0m] (step=0026000) Train Loss: 0.1562, Train Steps/Sec: 2.55, Samples/Sec: 20.43
[[34m2025-07-06 05:49:38[0m] (step=0026100) Train Loss: 0.1447, Train Steps/Sec: 2.38, Samples/Sec: 19.04
[[34m2025-07-06 05:50:20[0m] (step=0026200) Train Loss: 0.1452, Train Steps/Sec: 2.43, Samples/Sec: 19.48
[[34m2025-07-06 05:51:11[0m] (step=0026300) Train Loss: 0.1613, Train Steps/Sec: 1.94, Samples/Sec: 15.51
[[34m2025-07-06 05:51:54[0m] (step=0026400) Train Loss: 0.1634, Train Steps/Sec: 2.31, Samples/Sec: 18.49
[[34m2025-07-06 05:52:33[0m] (step=0026500) Train Loss: 0.1511, Train Steps/Sec: 2.56, Samples/Sec: 20.47
[[34m2025-07-06 05:53:12[0m] (step=0026600) Train Loss: 0.1526, Train Steps/Sec: 2.61, Samples/Sec: 20.86
[[34m2025-07-06 05:53:50[0m] (step=0026700) Train Loss: 0.1373, Train Steps/Sec: 2.64, Samples/Sec: 21.08
[[34m2025-07-06 05:54:28[0m] (step=0026800) Train Loss: 0.1454, Train Steps/Sec: 2.60, Samples/Sec: 20.79
[[34m2025-07-06 05:55:07[0m] (step=0026900) Train Loss: 0.1448, Train Steps/Sec: 2.60, Samples/Sec: 20.81
[[34m2025-07-06 05:55:46[0m] (step=0027000) Train Loss: 0.1435, Train Steps/Sec: 2.55, Samples/Sec: 20.39
[[34m2025-07-06 05:56:25[0m] (step=0027100) Train Loss: 0.1386, Train Steps/Sec: 2.54, Samples/Sec: 20.31
[[34m2025-07-06 05:57:05[0m] (step=0027200) Train Loss: 0.1520, Train Steps/Sec: 2.51, Samples/Sec: 20.05
[[34m2025-07-06 05:57:45[0m] (step=0027300) Train Loss: 0.1509, Train Steps/Sec: 2.48, Samples/Sec: 19.87
[[34m2025-07-06 05:58:26[0m] (step=0027400) Train Loss: 0.1491, Train Steps/Sec: 2.49, Samples/Sec: 19.93
[[34m2025-07-06 05:59:06[0m] (step=0027500) Train Loss: 0.1410, Train Steps/Sec: 2.45, Samples/Sec: 19.59
[[34m2025-07-06 05:59:47[0m] (step=0027600) Train Loss: 0.1476, Train Steps/Sec: 2.50, Samples/Sec: 19.97
[[34m2025-07-06 06:00:27[0m] (step=0027700) Train Loss: 0.1508, Train Steps/Sec: 2.46, Samples/Sec: 19.66
[[34m2025-07-06 06:01:07[0m] (step=0027800) Train Loss: 0.1565, Train Steps/Sec: 2.50, Samples/Sec: 19.98
[[34m2025-07-06 06:01:48[0m] (step=0027900) Train Loss: 0.1546, Train Steps/Sec: 2.43, Samples/Sec: 19.46
[[34m2025-07-06 06:02:30[0m] (step=0028000) Train Loss: 0.1537, Train Steps/Sec: 2.42, Samples/Sec: 19.33
[[34m2025-07-06 06:03:11[0m] (step=0028100) Train Loss: 0.1480, Train Steps/Sec: 2.46, Samples/Sec: 19.65
[[34m2025-07-06 06:03:51[0m] (step=0028200) Train Loss: 0.1469, Train Steps/Sec: 2.45, Samples/Sec: 19.64
[[34m2025-07-06 06:04:31[0m] (step=0028300) Train Loss: 0.1468, Train Steps/Sec: 2.50, Samples/Sec: 20.03
[[34m2025-07-06 06:05:12[0m] (step=0028400) Train Loss: 0.1642, Train Steps/Sec: 2.48, Samples/Sec: 19.83
[[34m2025-07-06 06:05:52[0m] (step=0028500) Train Loss: 0.1467, Train Steps/Sec: 2.49, Samples/Sec: 19.92
[[34m2025-07-06 06:06:32[0m] (step=0028600) Train Loss: 0.1558, Train Steps/Sec: 2.49, Samples/Sec: 19.95
[[34m2025-07-06 06:07:12[0m] (step=0028700) Train Loss: 0.1523, Train Steps/Sec: 2.47, Samples/Sec: 19.74
[[34m2025-07-06 06:07:53[0m] (step=0028800) Train Loss: 0.1473, Train Steps/Sec: 2.47, Samples/Sec: 19.77
[[34m2025-07-06 06:08:34[0m] (step=0028900) Train Loss: 0.1199, Train Steps/Sec: 2.43, Samples/Sec: 19.44
[[34m2025-07-06 06:09:15[0m] (step=0029000) Train Loss: 0.1609, Train Steps/Sec: 2.45, Samples/Sec: 19.60
[[34m2025-07-06 06:09:55[0m] (step=0029100) Train Loss: 0.1413, Train Steps/Sec: 2.47, Samples/Sec: 19.72
[[34m2025-07-06 06:10:37[0m] (step=0029200) Train Loss: 0.1398, Train Steps/Sec: 2.39, Samples/Sec: 19.11
[[34m2025-07-06 06:11:18[0m] (step=0029300) Train Loss: 0.1511, Train Steps/Sec: 2.45, Samples/Sec: 19.62
[[34m2025-07-06 06:11:59[0m] (step=0029400) Train Loss: 0.1337, Train Steps/Sec: 2.43, Samples/Sec: 19.48
[[34m2025-07-06 06:13:09[0m] (step=0029500) Train Loss: 0.1449, Train Steps/Sec: 1.43, Samples/Sec: 11.48
[[34m2025-07-06 06:13:51[0m] (step=0029600) Train Loss: 0.1515, Train Steps/Sec: 2.36, Samples/Sec: 18.86
[[34m2025-07-06 06:14:33[0m] (step=0029700) Train Loss: 0.1365, Train Steps/Sec: 2.37, Samples/Sec: 18.98
[[34m2025-07-06 06:15:15[0m] (step=0029800) Train Loss: 0.1431, Train Steps/Sec: 2.38, Samples/Sec: 19.08
[[34m2025-07-06 06:15:54[0m] (step=0029900) Train Loss: 0.1491, Train Steps/Sec: 2.57, Samples/Sec: 20.53
[[34m2025-07-06 06:16:33[0m] (step=0030000) Train Loss: 0.1575, Train Steps/Sec: 2.57, Samples/Sec: 20.59
Using cache found in ./models/facebookresearch_dino_main
[[34m2025-07-06 06:16:50[0m] Saved checkpoint to logs/nwm_cdit_airvln_v5/checkpoints/latest.pth.tar
Using cache found in ./models/facebookresearch_dino_main
[[34m2025-07-06 06:16:53[0m] Already found a `peft_config` attribute in the model. This will lead to having multiple adapters in the model. Make sure to know what you are doing!
[[34m2025-07-06 06:18:34[0m] (step=0030000) Perceptual Loss: 0.6399, Eval Time: 104.54
[[34m2025-07-06 06:19:15[0m] (step=0030100) Train Loss: 0.1536, Train Steps/Sec: 0.62, Samples/Sec: 4.94
[[34m2025-07-06 06:19:55[0m] (step=0030200) Train Loss: 0.1537, Train Steps/Sec: 2.50, Samples/Sec: 20.00
[[34m2025-07-06 06:20:35[0m] (step=0030300) Train Loss: 0.1317, Train Steps/Sec: 2.51, Samples/Sec: 20.12
[[34m2025-07-06 06:21:15[0m] (step=0030400) Train Loss: 0.1450, Train Steps/Sec: 2.49, Samples/Sec: 19.90
[[34m2025-07-06 06:21:55[0m] (step=0030500) Train Loss: 0.1447, Train Steps/Sec: 2.50, Samples/Sec: 19.98
[[34m2025-07-06 06:22:35[0m] (step=0030600) Train Loss: 0.1475, Train Steps/Sec: 2.49, Samples/Sec: 19.96
[[34m2025-07-06 06:23:15[0m] (step=0030700) Train Loss: 0.1472, Train Steps/Sec: 2.50, Samples/Sec: 20.02
[[34m2025-07-06 06:23:55[0m] (step=0030800) Train Loss: 0.1445, Train Steps/Sec: 2.51, Samples/Sec: 20.10
[[34m2025-07-06 06:24:35[0m] (step=0030900) Train Loss: 0.1440, Train Steps/Sec: 2.50, Samples/Sec: 19.98
[[34m2025-07-06 06:25:15[0m] (step=0031000) Train Loss: 0.1473, Train Steps/Sec: 2.51, Samples/Sec: 20.04
[[34m2025-07-06 06:25:55[0m] (step=0031100) Train Loss: 0.1365, Train Steps/Sec: 2.51, Samples/Sec: 20.05
[[34m2025-07-06 06:26:35[0m] (step=0031200) Train Loss: 0.1522, Train Steps/Sec: 2.50, Samples/Sec: 20.02
[[34m2025-07-06 06:27:15[0m] (step=0031300) Train Loss: 0.1461, Train Steps/Sec: 2.51, Samples/Sec: 20.11
[[34m2025-07-06 06:27:54[0m] (step=0031400) Train Loss: 0.1577, Train Steps/Sec: 2.52, Samples/Sec: 20.16
[[34m2025-07-06 06:28:34[0m] (step=0031500) Train Loss: 0.1370, Train Steps/Sec: 2.52, Samples/Sec: 20.15
[[34m2025-07-06 06:29:14[0m] (step=0031600) Train Loss: 0.1605, Train Steps/Sec: 2.49, Samples/Sec: 19.91
[[34m2025-07-06 06:29:54[0m] (step=0031700) Train Loss: 0.1388, Train Steps/Sec: 2.50, Samples/Sec: 19.98
[[34m2025-07-06 06:30:34[0m] (step=0031800) Train Loss: 0.1330, Train Steps/Sec: 2.50, Samples/Sec: 20.00
[[34m2025-07-06 06:31:14[0m] (step=0031900) Train Loss: 0.1406, Train Steps/Sec: 2.50, Samples/Sec: 20.03
[[34m2025-07-06 06:31:54[0m] (step=0032000) Train Loss: 0.1513, Train Steps/Sec: 2.50, Samples/Sec: 20.03
[[34m2025-07-06 06:32:34[0m] (step=0032100) Train Loss: 0.1534, Train Steps/Sec: 2.50, Samples/Sec: 20.03
[[34m2025-07-06 06:33:14[0m] (step=0032200) Train Loss: 0.1536, Train Steps/Sec: 2.50, Samples/Sec: 20.04
[[34m2025-07-06 06:33:54[0m] (step=0032300) Train Loss: 0.1482, Train Steps/Sec: 2.48, Samples/Sec: 19.86
[[34m2025-07-06 06:34:34[0m] (step=0032400) Train Loss: 0.1513, Train Steps/Sec: 2.50, Samples/Sec: 19.99
[[34m2025-07-06 06:35:16[0m] (step=0032500) Train Loss: 0.1429, Train Steps/Sec: 2.41, Samples/Sec: 19.25
[[34m2025-07-06 06:35:56[0m] (step=0032600) Train Loss: 0.1513, Train Steps/Sec: 2.49, Samples/Sec: 19.92
[[34m2025-07-06 06:36:36[0m] (step=0032700) Train Loss: 0.1555, Train Steps/Sec: 2.50, Samples/Sec: 20.01
[[34m2025-07-06 06:37:16[0m] (step=0032800) Train Loss: 0.1244, Train Steps/Sec: 2.50, Samples/Sec: 20.02
[[34m2025-07-06 06:37:56[0m] (step=0032900) Train Loss: 0.1463, Train Steps/Sec: 2.49, Samples/Sec: 19.92
[[34m2025-07-06 06:38:36[0m] (step=0033000) Train Loss: 0.1440, Train Steps/Sec: 2.50, Samples/Sec: 20.03
[[34m2025-07-06 06:39:17[0m] (step=0033100) Train Loss: 0.1452, Train Steps/Sec: 2.48, Samples/Sec: 19.83
[[34m2025-07-06 06:39:57[0m] (step=0033200) Train Loss: 0.1494, Train Steps/Sec: 2.48, Samples/Sec: 19.84
[[34m2025-07-06 06:40:37[0m] (step=0033300) Train Loss: 0.1380, Train Steps/Sec: 2.53, Samples/Sec: 20.23
[[34m2025-07-06 06:41:19[0m] (step=0033400) Train Loss: 0.1535, Train Steps/Sec: 2.35, Samples/Sec: 18.79
[[34m2025-07-06 06:42:25[0m] (step=0033500) Train Loss: 0.1568, Train Steps/Sec: 1.52, Samples/Sec: 12.18
[[34m2025-07-06 06:43:07[0m] (step=0033600) Train Loss: 0.1434, Train Steps/Sec: 2.39, Samples/Sec: 19.09
[[34m2025-07-06 06:43:47[0m] (step=0033700) Train Loss: 0.1473, Train Steps/Sec: 2.48, Samples/Sec: 19.82
[[34m2025-07-06 06:44:50[0m] (step=0033800) Train Loss: 0.1444, Train Steps/Sec: 1.58, Samples/Sec: 12.63
[[34m2025-07-06 06:45:35[0m] (step=0033900) Train Loss: 0.1471, Train Steps/Sec: 2.24, Samples/Sec: 17.93
[[34m2025-07-06 06:46:17[0m] (step=0034000) Train Loss: 0.1385, Train Steps/Sec: 2.38, Samples/Sec: 19.02
[[34m2025-07-06 06:47:00[0m] (step=0034100) Train Loss: 0.1292, Train Steps/Sec: 2.35, Samples/Sec: 18.78
[[34m2025-07-06 06:47:47[0m] (step=0034200) Train Loss: 0.1572, Train Steps/Sec: 2.11, Samples/Sec: 16.90
[[34m2025-07-06 06:48:28[0m] (step=0034300) Train Loss: 0.1342, Train Steps/Sec: 2.43, Samples/Sec: 19.44
[[34m2025-07-06 06:49:16[0m] (step=0034400) Train Loss: 0.1436, Train Steps/Sec: 2.11, Samples/Sec: 16.88
[[34m2025-07-06 06:49:56[0m] (step=0034500) Train Loss: 0.1383, Train Steps/Sec: 2.47, Samples/Sec: 19.72
[[34m2025-07-06 06:50:37[0m] (step=0034600) Train Loss: 0.1309, Train Steps/Sec: 2.48, Samples/Sec: 19.80
[[34m2025-07-06 06:51:17[0m] (step=0034700) Train Loss: 0.1448, Train Steps/Sec: 2.51, Samples/Sec: 20.04
[[34m2025-07-06 06:51:56[0m] (step=0034800) Train Loss: 0.1548, Train Steps/Sec: 2.51, Samples/Sec: 20.05
[[34m2025-07-06 06:52:36[0m] (step=0034900) Train Loss: 0.1402, Train Steps/Sec: 2.50, Samples/Sec: 20.03
[[34m2025-07-06 06:53:16[0m] (step=0035000) Train Loss: 0.1356, Train Steps/Sec: 2.49, Samples/Sec: 19.96
[[34m2025-07-06 06:53:57[0m] (step=0035100) Train Loss: 0.1333, Train Steps/Sec: 2.46, Samples/Sec: 19.71
[[34m2025-07-06 06:54:37[0m] (step=0035200) Train Loss: 0.1294, Train Steps/Sec: 2.48, Samples/Sec: 19.82
[[34m2025-07-06 06:55:18[0m] (step=0035300) Train Loss: 0.1504, Train Steps/Sec: 2.47, Samples/Sec: 19.75
[[34m2025-07-06 06:55:58[0m] (step=0035400) Train Loss: 0.1453, Train Steps/Sec: 2.48, Samples/Sec: 19.84
[[34m2025-07-06 06:56:39[0m] (step=0035500) Train Loss: 0.1528, Train Steps/Sec: 2.48, Samples/Sec: 19.82
[[34m2025-07-06 06:57:19[0m] (step=0035600) Train Loss: 0.1436, Train Steps/Sec: 2.49, Samples/Sec: 19.96
[[34m2025-07-06 06:57:58[0m] (step=0035700) Train Loss: 0.1190, Train Steps/Sec: 2.53, Samples/Sec: 20.22
[[34m2025-07-06 06:58:38[0m] (step=0035800) Train Loss: 0.1466, Train Steps/Sec: 2.52, Samples/Sec: 20.13
[[34m2025-07-06 06:59:18[0m] (step=0035900) Train Loss: 0.1206, Train Steps/Sec: 2.52, Samples/Sec: 20.13
[[34m2025-07-06 06:59:58[0m] (step=0036000) Train Loss: 0.1552, Train Steps/Sec: 2.52, Samples/Sec: 20.17
[[34m2025-07-06 07:00:38[0m] (step=0036100) Train Loss: 0.1491, Train Steps/Sec: 2.47, Samples/Sec: 19.80
[[34m2025-07-06 07:01:18[0m] (step=0036200) Train Loss: 0.1411, Train Steps/Sec: 2.53, Samples/Sec: 20.20
[[34m2025-07-06 07:01:57[0m] (step=0036300) Train Loss: 0.1489, Train Steps/Sec: 2.51, Samples/Sec: 20.04
[[34m2025-07-06 07:02:37[0m] (step=0036400) Train Loss: 0.1442, Train Steps/Sec: 2.51, Samples/Sec: 20.10
[[34m2025-07-06 07:03:17[0m] (step=0036500) Train Loss: 0.1454, Train Steps/Sec: 2.52, Samples/Sec: 20.19
[[34m2025-07-06 07:03:56[0m] (step=0036600) Train Loss: 0.1636, Train Steps/Sec: 2.53, Samples/Sec: 20.21
[[34m2025-07-06 07:04:36[0m] (step=0036700) Train Loss: 0.1387, Train Steps/Sec: 2.52, Samples/Sec: 20.16
[[34m2025-07-06 07:05:16[0m] (step=0036800) Train Loss: 0.1518, Train Steps/Sec: 2.51, Samples/Sec: 20.09
[[34m2025-07-06 07:05:56[0m] (step=0036900) Train Loss: 0.1456, Train Steps/Sec: 2.52, Samples/Sec: 20.16
[[34m2025-07-06 07:06:34[0m] (step=0037000) Train Loss: 0.1422, Train Steps/Sec: 2.60, Samples/Sec: 20.83
[[34m2025-07-06 07:07:13[0m] (step=0037100) Train Loss: 0.1510, Train Steps/Sec: 2.59, Samples/Sec: 20.74
[[34m2025-07-06 07:07:57[0m] (step=0037200) Train Loss: 0.1376, Train Steps/Sec: 2.25, Samples/Sec: 17.97
[[34m2025-07-06 07:08:39[0m] (step=0037300) Train Loss: 0.1329, Train Steps/Sec: 2.40, Samples/Sec: 19.16
[[34m2025-07-06 07:09:21[0m] (step=0037400) Train Loss: 0.1448, Train Steps/Sec: 2.38, Samples/Sec: 19.06
[[34m2025-07-06 07:10:03[0m] (step=0037500) Train Loss: 0.1500, Train Steps/Sec: 2.38, Samples/Sec: 19.01
[[34m2025-07-06 07:10:45[0m] (step=0037600) Train Loss: 0.1560, Train Steps/Sec: 2.38, Samples/Sec: 19.02
[[34m2025-07-06 07:11:27[0m] (step=0037700) Train Loss: 0.1379, Train Steps/Sec: 2.38, Samples/Sec: 19.02
[[34m2025-07-06 07:12:09[0m] (step=0037800) Train Loss: 0.1491, Train Steps/Sec: 2.37, Samples/Sec: 18.98
[[34m2025-07-06 07:12:50[0m] (step=0037900) Train Loss: 0.1461, Train Steps/Sec: 2.45, Samples/Sec: 19.60
[[34m2025-07-06 07:13:29[0m] (step=0038000) Train Loss: 0.1372, Train Steps/Sec: 2.57, Samples/Sec: 20.58
[[34m2025-07-06 07:14:08[0m] (step=0038100) Train Loss: 0.1345, Train Steps/Sec: 2.60, Samples/Sec: 20.76
[[34m2025-07-06 07:14:46[0m] (step=0038200) Train Loss: 0.1510, Train Steps/Sec: 2.63, Samples/Sec: 21.06
[[34m2025-07-06 07:15:24[0m] (step=0038300) Train Loss: 0.1520, Train Steps/Sec: 2.59, Samples/Sec: 20.73
[[34m2025-07-06 07:16:03[0m] (step=0038400) Train Loss: 0.1346, Train Steps/Sec: 2.58, Samples/Sec: 20.66
[[34m2025-07-06 07:16:41[0m] (step=0038500) Train Loss: 0.1346, Train Steps/Sec: 2.60, Samples/Sec: 20.83
[[34m2025-07-06 07:17:19[0m] (step=0038600) Train Loss: 0.1440, Train Steps/Sec: 2.65, Samples/Sec: 21.20
[[34m2025-07-06 07:17:57[0m] (step=0038700) Train Loss: 0.1374, Train Steps/Sec: 2.62, Samples/Sec: 20.98
[[34m2025-07-06 07:18:36[0m] (step=0038800) Train Loss: 0.1374, Train Steps/Sec: 2.59, Samples/Sec: 20.69
[[34m2025-07-06 07:19:15[0m] (step=0038900) Train Loss: 0.1275, Train Steps/Sec: 2.57, Samples/Sec: 20.59
[[34m2025-07-06 07:20:04[0m] (step=0039000) Train Loss: 0.1406, Train Steps/Sec: 2.04, Samples/Sec: 16.35
[[34m2025-07-06 07:20:45[0m] (step=0039100) Train Loss: 0.1282, Train Steps/Sec: 2.42, Samples/Sec: 19.36
[[34m2025-07-06 07:21:24[0m] (step=0039200) Train Loss: 0.1556, Train Steps/Sec: 2.54, Samples/Sec: 20.32
[[34m2025-07-06 07:22:03[0m] (step=0039300) Train Loss: 0.1521, Train Steps/Sec: 2.60, Samples/Sec: 20.80
[[34m2025-07-06 07:22:41[0m] (step=0039400) Train Loss: 0.1410, Train Steps/Sec: 2.61, Samples/Sec: 20.86
[[34m2025-07-06 07:23:19[0m] (step=0039500) Train Loss: 0.1509, Train Steps/Sec: 2.63, Samples/Sec: 21.02
[[34m2025-07-06 07:23:57[0m] (step=0039600) Train Loss: 0.1411, Train Steps/Sec: 2.61, Samples/Sec: 20.89
[[34m2025-07-06 07:24:36[0m] (step=0039700) Train Loss: 0.1507, Train Steps/Sec: 2.61, Samples/Sec: 20.91
[[34m2025-07-06 07:25:24[0m] (step=0039800) Train Loss: 0.1234, Train Steps/Sec: 2.06, Samples/Sec: 16.49
[[34m2025-07-06 07:26:03[0m] (step=0039900) Train Loss: 0.1525, Train Steps/Sec: 2.59, Samples/Sec: 20.76
[[34m2025-07-06 07:26:42[0m] (step=0040000) Train Loss: 0.1466, Train Steps/Sec: 2.54, Samples/Sec: 20.34
Using cache found in ./models/facebookresearch_dino_main
[[34m2025-07-06 07:27:02[0m] Saved checkpoint to logs/nwm_cdit_airvln_v5/checkpoints/latest.pth.tar
Using cache found in ./models/facebookresearch_dino_main
[[34m2025-07-06 07:27:05[0m] Already found a `peft_config` attribute in the model. This will lead to having multiple adapters in the model. Make sure to know what you are doing!
[[34m2025-07-06 07:28:54[0m] (step=0040000) Perceptual Loss: 0.4761, Eval Time: 111.79
[[34m2025-07-06 07:29:33[0m] (step=0040100) Train Loss: 0.1550, Train Steps/Sec: 0.58, Samples/Sec: 4.68
[[34m2025-07-06 07:30:11[0m] (step=0040200) Train Loss: 0.1381, Train Steps/Sec: 2.63, Samples/Sec: 21.06
[[34m2025-07-06 07:30:50[0m] (step=0040300) Train Loss: 0.1442, Train Steps/Sec: 2.58, Samples/Sec: 20.67
[[34m2025-07-06 07:31:28[0m] (step=0040400) Train Loss: 0.1262, Train Steps/Sec: 2.60, Samples/Sec: 20.78
[[34m2025-07-06 07:32:08[0m] (step=0040500) Train Loss: 0.1513, Train Steps/Sec: 2.50, Samples/Sec: 20.03
[[34m2025-07-06 07:32:46[0m] (step=0040600) Train Loss: 0.1616, Train Steps/Sec: 2.63, Samples/Sec: 21.04
[[34m2025-07-06 07:33:25[0m] (step=0040700) Train Loss: 0.1352, Train Steps/Sec: 2.60, Samples/Sec: 20.82
[[34m2025-07-06 07:34:16[0m] (step=0040800) Train Loss: 0.1531, Train Steps/Sec: 1.97, Samples/Sec: 15.74
[[34m2025-07-06 07:34:55[0m] (step=0040900) Train Loss: 0.1272, Train Steps/Sec: 2.54, Samples/Sec: 20.34
[[34m2025-07-06 07:35:33[0m] (step=0041000) Train Loss: 0.1442, Train Steps/Sec: 2.62, Samples/Sec: 20.95
[[34m2025-07-06 07:36:11[0m] (step=0041100) Train Loss: 0.1355, Train Steps/Sec: 2.62, Samples/Sec: 20.95
[[34m2025-07-06 07:36:49[0m] (step=0041200) Train Loss: 0.1473, Train Steps/Sec: 2.63, Samples/Sec: 21.06
[[34m2025-07-06 07:37:28[0m] (step=0041300) Train Loss: 0.1328, Train Steps/Sec: 2.58, Samples/Sec: 20.67
[[34m2025-07-06 07:38:07[0m] (step=0041400) Train Loss: 0.1382, Train Steps/Sec: 2.59, Samples/Sec: 20.70
[[34m2025-07-06 07:38:45[0m] (step=0041500) Train Loss: 0.1343, Train Steps/Sec: 2.59, Samples/Sec: 20.72
[[34m2025-07-06 07:39:24[0m] (step=0041600) Train Loss: 0.1421, Train Steps/Sec: 2.59, Samples/Sec: 20.73
[[34m2025-07-06 07:40:04[0m] (step=0041700) Train Loss: 0.1521, Train Steps/Sec: 2.48, Samples/Sec: 19.85
[[34m2025-07-06 07:40:45[0m] (step=0041800) Train Loss: 0.1355, Train Steps/Sec: 2.47, Samples/Sec: 19.75
[[34m2025-07-06 07:41:24[0m] (step=0041900) Train Loss: 0.1355, Train Steps/Sec: 2.54, Samples/Sec: 20.30
[[34m2025-07-06 07:42:02[0m] (step=0042000) Train Loss: 0.1304, Train Steps/Sec: 2.64, Samples/Sec: 21.13
[[34m2025-07-06 07:42:41[0m] (step=0042100) Train Loss: 0.1381, Train Steps/Sec: 2.54, Samples/Sec: 20.33
[[34m2025-07-06 07:43:20[0m] (step=0042200) Train Loss: 0.1346, Train Steps/Sec: 2.58, Samples/Sec: 20.63
[[34m2025-07-06 07:44:01[0m] (step=0042300) Train Loss: 0.1574, Train Steps/Sec: 2.45, Samples/Sec: 19.63
[[34m2025-07-06 07:44:43[0m] (step=0042400) Train Loss: 0.1521, Train Steps/Sec: 2.39, Samples/Sec: 19.14
[[34m2025-07-06 07:45:24[0m] (step=0042500) Train Loss: 0.1458, Train Steps/Sec: 2.42, Samples/Sec: 19.35
[[34m2025-07-06 07:46:04[0m] (step=0042600) Train Loss: 0.1341, Train Steps/Sec: 2.52, Samples/Sec: 20.16
[[34m2025-07-06 07:46:42[0m] (step=0042700) Train Loss: 0.1448, Train Steps/Sec: 2.60, Samples/Sec: 20.80
[[34m2025-07-06 07:47:21[0m] (step=0042800) Train Loss: 0.1397, Train Steps/Sec: 2.58, Samples/Sec: 20.61
[[34m2025-07-06 07:48:07[0m] (step=0042900) Train Loss: 0.1346, Train Steps/Sec: 2.18, Samples/Sec: 17.46
[[34m2025-07-06 07:48:45[0m] (step=0043000) Train Loss: 0.1363, Train Steps/Sec: 2.61, Samples/Sec: 20.90
[[34m2025-07-06 07:49:24[0m] (step=0043100) Train Loss: 0.1355, Train Steps/Sec: 2.59, Samples/Sec: 20.69
[[34m2025-07-06 07:50:02[0m] (step=0043200) Train Loss: 0.1393, Train Steps/Sec: 2.61, Samples/Sec: 20.91
[[34m2025-07-06 07:50:44[0m] (step=0043300) Train Loss: 0.1506, Train Steps/Sec: 2.35, Samples/Sec: 18.83
[[34m2025-07-06 07:51:24[0m] (step=0043400) Train Loss: 0.1343, Train Steps/Sec: 2.54, Samples/Sec: 20.34
[[34m2025-07-06 07:52:03[0m] (step=0043500) Train Loss: 0.1361, Train Steps/Sec: 2.56, Samples/Sec: 20.46
[[34m2025-07-06 07:52:46[0m] (step=0043600) Train Loss: 0.1335, Train Steps/Sec: 2.33, Samples/Sec: 18.68
[[34m2025-07-06 07:53:26[0m] (step=0043700) Train Loss: 0.1424, Train Steps/Sec: 2.50, Samples/Sec: 19.99
[[34m2025-07-06 07:54:04[0m] (step=0043800) Train Loss: 0.1372, Train Steps/Sec: 2.60, Samples/Sec: 20.78
[[34m2025-07-06 07:54:43[0m] (step=0043900) Train Loss: 0.1403, Train Steps/Sec: 2.60, Samples/Sec: 20.78
[[34m2025-07-06 07:55:28[0m] (step=0044000) Train Loss: 0.1253, Train Steps/Sec: 2.20, Samples/Sec: 17.62
[[34m2025-07-06 07:56:07[0m] (step=0044100) Train Loss: 0.1351, Train Steps/Sec: 2.59, Samples/Sec: 20.69
[[34m2025-07-06 07:56:45[0m] (step=0044200) Train Loss: 0.1349, Train Steps/Sec: 2.59, Samples/Sec: 20.71
[[34m2025-07-06 07:57:24[0m] (step=0044300) Train Loss: 0.1316, Train Steps/Sec: 2.61, Samples/Sec: 20.92
[[34m2025-07-06 07:58:10[0m] (step=0044400) Train Loss: 0.1492, Train Steps/Sec: 2.15, Samples/Sec: 17.22
[[34m2025-07-06 07:58:48[0m] (step=0044500) Train Loss: 0.1274, Train Steps/Sec: 2.65, Samples/Sec: 21.17
[[34m2025-07-06 07:59:27[0m] (step=0044600) Train Loss: 0.1430, Train Steps/Sec: 2.57, Samples/Sec: 20.58
[[34m2025-07-06 08:00:05[0m] (step=0044700) Train Loss: 0.1501, Train Steps/Sec: 2.59, Samples/Sec: 20.73
[[34m2025-07-06 08:00:52[0m] (step=0044800) Train Loss: 0.1543, Train Steps/Sec: 2.16, Samples/Sec: 17.26
[[34m2025-07-06 08:01:32[0m] (step=0044900) Train Loss: 0.1378, Train Steps/Sec: 2.49, Samples/Sec: 19.91
[[34m2025-07-06 08:02:11[0m] (step=0045000) Train Loss: 0.1471, Train Steps/Sec: 2.58, Samples/Sec: 20.65
[[34m2025-07-06 08:02:49[0m] (step=0045100) Train Loss: 0.1632, Train Steps/Sec: 2.62, Samples/Sec: 20.96
[[34m2025-07-06 08:03:27[0m] (step=0045200) Train Loss: 0.1359, Train Steps/Sec: 2.64, Samples/Sec: 21.15
[[34m2025-07-06 08:04:05[0m] (step=0045300) Train Loss: 0.1459, Train Steps/Sec: 2.60, Samples/Sec: 20.79
[[34m2025-07-06 08:04:45[0m] (step=0045400) Train Loss: 0.1329, Train Steps/Sec: 2.50, Samples/Sec: 20.03
[[34m2025-07-06 08:05:24[0m] (step=0045500) Train Loss: 0.1269, Train Steps/Sec: 2.59, Samples/Sec: 20.69
[[34m2025-07-06 08:06:02[0m] (step=0045600) Train Loss: 0.1389, Train Steps/Sec: 2.58, Samples/Sec: 20.66
[[34m2025-07-06 08:06:48[0m] (step=0045700) Train Loss: 0.1323, Train Steps/Sec: 2.17, Samples/Sec: 17.36
[[34m2025-07-06 08:07:27[0m] (step=0045800) Train Loss: 0.1387, Train Steps/Sec: 2.59, Samples/Sec: 20.71
[[34m2025-07-06 08:08:05[0m] (step=0045900) Train Loss: 0.1300, Train Steps/Sec: 2.61, Samples/Sec: 20.91
[[34m2025-07-06 08:08:43[0m] (step=0046000) Train Loss: 0.1376, Train Steps/Sec: 2.64, Samples/Sec: 21.10
[[34m2025-07-06 08:09:21[0m] (step=0046100) Train Loss: 0.1481, Train Steps/Sec: 2.63, Samples/Sec: 21.02
[[34m2025-07-06 08:10:13[0m] (step=0046200) Train Loss: 0.1430, Train Steps/Sec: 1.93, Samples/Sec: 15.46
[[34m2025-07-06 08:10:56[0m] (step=0046300) Train Loss: 0.1477, Train Steps/Sec: 2.34, Samples/Sec: 18.75
[[34m2025-07-06 08:11:37[0m] (step=0046400) Train Loss: 0.1468, Train Steps/Sec: 2.43, Samples/Sec: 19.47
[[34m2025-07-06 08:12:20[0m] (step=0046500) Train Loss: 0.1588, Train Steps/Sec: 2.33, Samples/Sec: 18.66
[[34m2025-07-06 08:13:02[0m] (step=0046600) Train Loss: 0.1381, Train Steps/Sec: 2.37, Samples/Sec: 18.97
[[34m2025-07-06 08:13:45[0m] (step=0046700) Train Loss: 0.1353, Train Steps/Sec: 2.34, Samples/Sec: 18.73
[[34m2025-07-06 08:14:23[0m] (step=0046800) Train Loss: 0.1493, Train Steps/Sec: 2.58, Samples/Sec: 20.66
[[34m2025-07-06 08:15:02[0m] (step=0046900) Train Loss: 0.1351, Train Steps/Sec: 2.60, Samples/Sec: 20.79
[[34m2025-07-06 08:15:40[0m] (step=0047000) Train Loss: 0.1453, Train Steps/Sec: 2.60, Samples/Sec: 20.77
[[34m2025-07-06 08:16:19[0m] (step=0047100) Train Loss: 0.1412, Train Steps/Sec: 2.60, Samples/Sec: 20.77
[[34m2025-07-06 08:16:58[0m] (step=0047200) Train Loss: 0.1393, Train Steps/Sec: 2.56, Samples/Sec: 20.50
[[34m2025-07-06 08:17:41[0m] (step=0047300) Train Loss: 0.1478, Train Steps/Sec: 2.32, Samples/Sec: 18.54
[[34m2025-07-06 08:18:20[0m] (step=0047400) Train Loss: 0.1289, Train Steps/Sec: 2.59, Samples/Sec: 20.74
[[34m2025-07-06 08:18:58[0m] (step=0047500) Train Loss: 0.1444, Train Steps/Sec: 2.59, Samples/Sec: 20.71
[[34m2025-07-06 08:19:36[0m] (step=0047600) Train Loss: 0.1341, Train Steps/Sec: 2.64, Samples/Sec: 21.10
[[34m2025-07-06 08:20:15[0m] (step=0047700) Train Loss: 0.1367, Train Steps/Sec: 2.57, Samples/Sec: 20.56
[[34m2025-07-06 08:20:54[0m] (step=0047800) Train Loss: 0.1249, Train Steps/Sec: 2.57, Samples/Sec: 20.57
[[34m2025-07-06 08:21:33[0m] (step=0047900) Train Loss: 0.1364, Train Steps/Sec: 2.58, Samples/Sec: 20.65
[[34m2025-07-06 08:22:28[0m] (step=0048000) Train Loss: 0.1487, Train Steps/Sec: 1.82, Samples/Sec: 14.54
[[34m2025-07-06 08:23:12[0m] (step=0048100) Train Loss: 0.1400, Train Steps/Sec: 2.25, Samples/Sec: 17.99
[[34m2025-07-06 08:23:56[0m] (step=0048200) Train Loss: 0.1444, Train Steps/Sec: 2.26, Samples/Sec: 18.11
[[34m2025-07-06 08:24:39[0m] (step=0048300) Train Loss: 0.1424, Train Steps/Sec: 2.33, Samples/Sec: 18.61
[[34m2025-07-06 08:25:22[0m] (step=0048400) Train Loss: 0.1472, Train Steps/Sec: 2.38, Samples/Sec: 19.03
[[34m2025-07-06 08:26:03[0m] (step=0048500) Train Loss: 0.1382, Train Steps/Sec: 2.40, Samples/Sec: 19.18
[[34m2025-07-06 08:26:45[0m] (step=0048600) Train Loss: 0.1431, Train Steps/Sec: 2.40, Samples/Sec: 19.20
[[34m2025-07-06 08:27:26[0m] (step=0048700) Train Loss: 0.1284, Train Steps/Sec: 2.41, Samples/Sec: 19.26
[[34m2025-07-06 08:28:12[0m] (step=0048800) Train Loss: 0.1379, Train Steps/Sec: 2.18, Samples/Sec: 17.41
[[34m2025-07-06 08:28:55[0m] (step=0048900) Train Loss: 0.1415, Train Steps/Sec: 2.37, Samples/Sec: 18.98
[[34m2025-07-06 08:29:48[0m] (step=0049000) Train Loss: 0.1416, Train Steps/Sec: 1.88, Samples/Sec: 15.02
[[34m2025-07-06 08:30:30[0m] (step=0049100) Train Loss: 0.1400, Train Steps/Sec: 2.39, Samples/Sec: 19.11
[[34m2025-07-06 08:31:11[0m] (step=0049200) Train Loss: 0.1390, Train Steps/Sec: 2.39, Samples/Sec: 19.16
[[34m2025-07-06 08:31:57[0m] (step=0049300) Train Loss: 0.1267, Train Steps/Sec: 2.21, Samples/Sec: 17.68
[[34m2025-07-06 08:32:50[0m] (step=0049400) Train Loss: 0.1437, Train Steps/Sec: 1.87, Samples/Sec: 14.95
[[34m2025-07-06 08:33:35[0m] (step=0049500) Train Loss: 0.1436, Train Steps/Sec: 2.24, Samples/Sec: 17.92
[[34m2025-07-06 08:34:13[0m] (step=0049600) Train Loss: 0.1495, Train Steps/Sec: 2.60, Samples/Sec: 20.77
[[34m2025-07-06 08:34:52[0m] (step=0049700) Train Loss: 0.1324, Train Steps/Sec: 2.59, Samples/Sec: 20.70
[[34m2025-07-06 08:35:31[0m] (step=0049800) Train Loss: 0.1414, Train Steps/Sec: 2.60, Samples/Sec: 20.82
[[34m2025-07-06 08:36:09[0m] (step=0049900) Train Loss: 0.1268, Train Steps/Sec: 2.61, Samples/Sec: 20.92
[[34m2025-07-06 08:36:47[0m] (step=0050000) Train Loss: 0.1374, Train Steps/Sec: 2.61, Samples/Sec: 20.90
Using cache found in ./models/facebookresearch_dino_main
[[34m2025-07-06 08:37:05[0m] Saved checkpoint to logs/nwm_cdit_airvln_v5/checkpoints/latest.pth.tar
Using cache found in ./models/facebookresearch_dino_main
[[34m2025-07-06 08:37:08[0m] Already found a `peft_config` attribute in the model. This will lead to having multiple adapters in the model. Make sure to know what you are doing!
[[34m2025-07-06 08:38:49[0m] (step=0050000) Perceptual Loss: 0.4482, Eval Time: 104.35
[[34m2025-07-06 08:39:28[0m] (step=0050100) Train Loss: 0.1472, Train Steps/Sec: 0.62, Samples/Sec: 4.98
[[34m2025-07-06 08:40:12[0m] (step=0050200) Train Loss: 0.1480, Train Steps/Sec: 2.26, Samples/Sec: 18.05
[[34m2025-07-06 08:41:01[0m] (step=0050300) Train Loss: 0.1328, Train Steps/Sec: 2.04, Samples/Sec: 16.32
[[34m2025-07-06 08:41:40[0m] (step=0050400) Train Loss: 0.1385, Train Steps/Sec: 2.55, Samples/Sec: 20.36
[[34m2025-07-06 08:42:19[0m] (step=0050500) Train Loss: 0.1482, Train Steps/Sec: 2.56, Samples/Sec: 20.51
[[34m2025-07-06 08:43:00[0m] (step=0050600) Train Loss: 0.1246, Train Steps/Sec: 2.49, Samples/Sec: 19.93
[[34m2025-07-06 08:43:41[0m] (step=0050700) Train Loss: 0.1474, Train Steps/Sec: 2.44, Samples/Sec: 19.49
[[34m2025-07-06 08:44:23[0m] (step=0050800) Train Loss: 0.1413, Train Steps/Sec: 2.33, Samples/Sec: 18.67
[[34m2025-07-06 08:45:02[0m] (step=0050900) Train Loss: 0.1359, Train Steps/Sec: 2.63, Samples/Sec: 21.03
[[34m2025-07-06 08:45:40[0m] (step=0051000) Train Loss: 0.1429, Train Steps/Sec: 2.60, Samples/Sec: 20.79
[[34m2025-07-06 08:46:32[0m] (step=0051100) Train Loss: 0.1271, Train Steps/Sec: 1.93, Samples/Sec: 15.46
[[34m2025-07-06 08:47:15[0m] (step=0051200) Train Loss: 0.1446, Train Steps/Sec: 2.30, Samples/Sec: 18.40
[[34m2025-07-06 08:47:58[0m] (step=0051300) Train Loss: 0.1407, Train Steps/Sec: 2.34, Samples/Sec: 18.75
[[34m2025-07-06 08:48:40[0m] (step=0051400) Train Loss: 0.1441, Train Steps/Sec: 2.36, Samples/Sec: 18.88
[[34m2025-07-06 08:49:23[0m] (step=0051500) Train Loss: 0.1462, Train Steps/Sec: 2.36, Samples/Sec: 18.88
[[34m2025-07-06 08:50:05[0m] (step=0051600) Train Loss: 0.1337, Train Steps/Sec: 2.36, Samples/Sec: 18.87
[[34m2025-07-06 08:50:48[0m] (step=0051700) Train Loss: 0.1405, Train Steps/Sec: 2.35, Samples/Sec: 18.77
[[34m2025-07-06 08:51:26[0m] (step=0051800) Train Loss: 0.1354, Train Steps/Sec: 2.63, Samples/Sec: 21.05
[[34m2025-07-06 08:52:04[0m] (step=0051900) Train Loss: 0.1532, Train Steps/Sec: 2.59, Samples/Sec: 20.74
[[34m2025-07-06 08:52:43[0m] (step=0052000) Train Loss: 0.1264, Train Steps/Sec: 2.58, Samples/Sec: 20.66
[[34m2025-07-06 08:53:22[0m] (step=0052100) Train Loss: 0.1342, Train Steps/Sec: 2.56, Samples/Sec: 20.44
[[34m2025-07-06 08:54:00[0m] (step=0052200) Train Loss: 0.1441, Train Steps/Sec: 2.63, Samples/Sec: 21.07
[[34m2025-07-06 08:54:38[0m] (step=0052300) Train Loss: 0.1510, Train Steps/Sec: 2.62, Samples/Sec: 20.98
[[34m2025-07-06 08:55:27[0m] (step=0052400) Train Loss: 0.1314, Train Steps/Sec: 2.06, Samples/Sec: 16.48
[[34m2025-07-06 08:56:07[0m] (step=0052500) Train Loss: 0.1207, Train Steps/Sec: 2.46, Samples/Sec: 19.65
[[34m2025-07-06 08:56:48[0m] (step=0052600) Train Loss: 0.1440, Train Steps/Sec: 2.46, Samples/Sec: 19.71
[[34m2025-07-06 08:57:30[0m] (step=0052700) Train Loss: 0.1472, Train Steps/Sec: 2.38, Samples/Sec: 19.08
[[34m2025-07-06 08:58:21[0m] (step=0052800) Train Loss: 0.1217, Train Steps/Sec: 1.98, Samples/Sec: 15.82
[[34m2025-07-06 08:59:05[0m] (step=0052900) Train Loss: 0.1516, Train Steps/Sec: 2.27, Samples/Sec: 18.14
[[34m2025-07-06 08:59:45[0m] (step=0053000) Train Loss: 0.1346, Train Steps/Sec: 2.48, Samples/Sec: 19.84
[[34m2025-07-06 09:00:26[0m] (step=0053100) Train Loss: 0.1262, Train Steps/Sec: 2.47, Samples/Sec: 19.75
[[34m2025-07-06 09:01:06[0m] (step=0053200) Train Loss: 0.1491, Train Steps/Sec: 2.48, Samples/Sec: 19.83
[[34m2025-07-06 09:01:46[0m] (step=0053300) Train Loss: 0.1260, Train Steps/Sec: 2.49, Samples/Sec: 19.92
[[34m2025-07-06 09:02:27[0m] (step=0053400) Train Loss: 0.1285, Train Steps/Sec: 2.43, Samples/Sec: 19.43
[[34m2025-07-06 09:03:08[0m] (step=0053500) Train Loss: 0.1372, Train Steps/Sec: 2.46, Samples/Sec: 19.64
[[34m2025-07-06 09:03:50[0m] (step=0053600) Train Loss: 0.1333, Train Steps/Sec: 2.39, Samples/Sec: 19.14
[[34m2025-07-06 09:04:33[0m] (step=0053700) Train Loss: 0.1242, Train Steps/Sec: 2.30, Samples/Sec: 18.42
[[34m2025-07-06 09:05:17[0m] (step=0053800) Train Loss: 0.1514, Train Steps/Sec: 2.27, Samples/Sec: 18.12
[[34m2025-07-06 09:06:02[0m] (step=0053900) Train Loss: 0.1455, Train Steps/Sec: 2.26, Samples/Sec: 18.04
[[34m2025-07-06 09:06:46[0m] (step=0054000) Train Loss: 0.1278, Train Steps/Sec: 2.27, Samples/Sec: 18.19
[[34m2025-07-06 09:07:29[0m] (step=0054100) Train Loss: 0.1274, Train Steps/Sec: 2.32, Samples/Sec: 18.58
[[34m2025-07-06 09:08:11[0m] (step=0054200) Train Loss: 0.1335, Train Steps/Sec: 2.36, Samples/Sec: 18.88
[[34m2025-07-06 09:08:54[0m] (step=0054300) Train Loss: 0.1237, Train Steps/Sec: 2.33, Samples/Sec: 18.64
[[34m2025-07-06 09:09:37[0m] (step=0054400) Train Loss: 0.1155, Train Steps/Sec: 2.33, Samples/Sec: 18.63
[[34m2025-07-06 09:10:20[0m] (step=0054500) Train Loss: 0.1302, Train Steps/Sec: 2.32, Samples/Sec: 18.53
[[34m2025-07-06 09:11:03[0m] (step=0054600) Train Loss: 0.1341, Train Steps/Sec: 2.35, Samples/Sec: 18.82
[[34m2025-07-06 09:11:44[0m] (step=0054700) Train Loss: 0.1355, Train Steps/Sec: 2.43, Samples/Sec: 19.48
[[34m2025-07-06 09:12:25[0m] (step=0054800) Train Loss: 0.1263, Train Steps/Sec: 2.43, Samples/Sec: 19.46
[[34m2025-07-06 09:13:05[0m] (step=0054900) Train Loss: 0.1453, Train Steps/Sec: 2.50, Samples/Sec: 20.03
[[34m2025-07-06 09:13:45[0m] (step=0055000) Train Loss: 0.1451, Train Steps/Sec: 2.49, Samples/Sec: 19.93
[[34m2025-07-06 09:14:25[0m] (step=0055100) Train Loss: 0.1305, Train Steps/Sec: 2.51, Samples/Sec: 20.08
[[34m2025-07-06 09:15:04[0m] (step=0055200) Train Loss: 0.1230, Train Steps/Sec: 2.52, Samples/Sec: 20.18
[[34m2025-07-06 09:15:45[0m] (step=0055300) Train Loss: 0.1380, Train Steps/Sec: 2.48, Samples/Sec: 19.82
[[34m2025-07-06 09:16:25[0m] (step=0055400) Train Loss: 0.1361, Train Steps/Sec: 2.49, Samples/Sec: 19.91
[[34m2025-07-06 09:17:05[0m] (step=0055500) Train Loss: 0.1337, Train Steps/Sec: 2.49, Samples/Sec: 19.92
[[34m2025-07-06 09:17:45[0m] (step=0055600) Train Loss: 0.1318, Train Steps/Sec: 2.49, Samples/Sec: 19.93
[[34m2025-07-06 09:18:25[0m] (step=0055700) Train Loss: 0.1311, Train Steps/Sec: 2.49, Samples/Sec: 19.93
[[34m2025-07-06 09:19:06[0m] (step=0055800) Train Loss: 0.1273, Train Steps/Sec: 2.47, Samples/Sec: 19.79
[[34m2025-07-06 09:19:46[0m] (step=0055900) Train Loss: 0.1354, Train Steps/Sec: 2.49, Samples/Sec: 19.96
[[34m2025-07-06 09:20:26[0m] (step=0056000) Train Loss: 0.1364, Train Steps/Sec: 2.49, Samples/Sec: 19.93
[[34m2025-07-06 09:21:06[0m] (step=0056100) Train Loss: 0.1342, Train Steps/Sec: 2.50, Samples/Sec: 20.02
[[34m2025-07-06 09:21:46[0m] (step=0056200) Train Loss: 0.1457, Train Steps/Sec: 2.48, Samples/Sec: 19.83
[[34m2025-07-06 09:22:27[0m] (step=0056300) Train Loss: 0.1421, Train Steps/Sec: 2.48, Samples/Sec: 19.85
[[34m2025-07-06 09:23:07[0m] (step=0056400) Train Loss: 0.1384, Train Steps/Sec: 2.48, Samples/Sec: 19.85
[[34m2025-07-06 09:23:47[0m] (step=0056500) Train Loss: 0.1361, Train Steps/Sec: 2.49, Samples/Sec: 19.90
[[34m2025-07-06 09:24:27[0m] (step=0056600) Train Loss: 0.1222, Train Steps/Sec: 2.49, Samples/Sec: 19.96
[[34m2025-07-06 09:25:08[0m] (step=0056700) Train Loss: 0.1287, Train Steps/Sec: 2.47, Samples/Sec: 19.79
[[34m2025-07-06 09:25:48[0m] (step=0056800) Train Loss: 0.1261, Train Steps/Sec: 2.47, Samples/Sec: 19.77
[[34m2025-07-06 09:26:28[0m] (step=0056900) Train Loss: 0.1239, Train Steps/Sec: 2.50, Samples/Sec: 20.01
[[34m2025-07-06 09:27:08[0m] (step=0057000) Train Loss: 0.1335, Train Steps/Sec: 2.49, Samples/Sec: 19.93
[[34m2025-07-06 09:27:49[0m] (step=0057100) Train Loss: 0.1423, Train Steps/Sec: 2.47, Samples/Sec: 19.72
[[34m2025-07-06 09:28:29[0m] (step=0057200) Train Loss: 0.1335, Train Steps/Sec: 2.48, Samples/Sec: 19.82
[[34m2025-07-06 09:29:09[0m] (step=0057300) Train Loss: 0.1212, Train Steps/Sec: 2.49, Samples/Sec: 19.92
[[34m2025-07-06 09:29:50[0m] (step=0057400) Train Loss: 0.1385, Train Steps/Sec: 2.47, Samples/Sec: 19.75
[[34m2025-07-06 09:30:30[0m] (step=0057500) Train Loss: 0.1306, Train Steps/Sec: 2.48, Samples/Sec: 19.82
[[34m2025-07-06 09:31:11[0m] (step=0057600) Train Loss: 0.1328, Train Steps/Sec: 2.49, Samples/Sec: 19.90
[[34m2025-07-06 09:31:51[0m] (step=0057700) Train Loss: 0.1258, Train Steps/Sec: 2.44, Samples/Sec: 19.55
[[34m2025-07-06 09:32:32[0m] (step=0057800) Train Loss: 0.1467, Train Steps/Sec: 2.45, Samples/Sec: 19.62
[[34m2025-07-06 09:33:12[0m] (step=0057900) Train Loss: 0.1328, Train Steps/Sec: 2.50, Samples/Sec: 20.00
[[34m2025-07-06 09:33:53[0m] (step=0058000) Train Loss: 0.1502, Train Steps/Sec: 2.48, Samples/Sec: 19.84
[[34m2025-07-06 09:34:33[0m] (step=0058100) Train Loss: 0.1309, Train Steps/Sec: 2.48, Samples/Sec: 19.80
[[34m2025-07-06 09:35:13[0m] (step=0058200) Train Loss: 0.1418, Train Steps/Sec: 2.50, Samples/Sec: 20.00
[[34m2025-07-06 09:35:54[0m] (step=0058300) Train Loss: 0.1542, Train Steps/Sec: 2.45, Samples/Sec: 19.64
[[34m2025-07-06 09:36:34[0m] (step=0058400) Train Loss: 0.1192, Train Steps/Sec: 2.45, Samples/Sec: 19.60
[[34m2025-07-06 09:37:15[0m] (step=0058500) Train Loss: 0.1170, Train Steps/Sec: 2.44, Samples/Sec: 19.55
[[34m2025-07-06 09:37:55[0m] (step=0058600) Train Loss: 0.1239, Train Steps/Sec: 2.51, Samples/Sec: 20.12
[[34m2025-07-06 09:38:36[0m] (step=0058700) Train Loss: 0.1371, Train Steps/Sec: 2.48, Samples/Sec: 19.82
[[34m2025-07-06 09:39:16[0m] (step=0058800) Train Loss: 0.1279, Train Steps/Sec: 2.49, Samples/Sec: 19.91
[[34m2025-07-06 09:39:56[0m] (step=0058900) Train Loss: 0.1388, Train Steps/Sec: 2.45, Samples/Sec: 19.63
[[34m2025-07-06 09:40:37[0m] (step=0059000) Train Loss: 0.1369, Train Steps/Sec: 2.47, Samples/Sec: 19.74
[[34m2025-07-06 09:41:18[0m] (step=0059100) Train Loss: 0.1399, Train Steps/Sec: 2.47, Samples/Sec: 19.73
[[34m2025-07-06 09:41:58[0m] (step=0059200) Train Loss: 0.1342, Train Steps/Sec: 2.48, Samples/Sec: 19.83
[[34m2025-07-06 09:42:38[0m] (step=0059300) Train Loss: 0.1370, Train Steps/Sec: 2.50, Samples/Sec: 20.01
[[34m2025-07-06 09:43:18[0m] (step=0059400) Train Loss: 0.1375, Train Steps/Sec: 2.48, Samples/Sec: 19.80
[[34m2025-07-06 09:43:58[0m] (step=0059500) Train Loss: 0.1278, Train Steps/Sec: 2.50, Samples/Sec: 19.98
[[34m2025-07-06 09:44:39[0m] (step=0059600) Train Loss: 0.1376, Train Steps/Sec: 2.48, Samples/Sec: 19.84
[[34m2025-07-06 09:45:19[0m] (step=0059700) Train Loss: 0.1300, Train Steps/Sec: 2.48, Samples/Sec: 19.83
[[34m2025-07-06 09:46:00[0m] (step=0059800) Train Loss: 0.1327, Train Steps/Sec: 2.47, Samples/Sec: 19.73
[[34m2025-07-06 09:46:40[0m] (step=0059900) Train Loss: 0.1436, Train Steps/Sec: 2.48, Samples/Sec: 19.88
[[34m2025-07-06 09:47:20[0m] (step=0060000) Train Loss: 0.1339, Train Steps/Sec: 2.49, Samples/Sec: 19.88
Using cache found in ./models/facebookresearch_dino_main
[[34m2025-07-06 09:47:37[0m] Saved checkpoint to logs/nwm_cdit_airvln_v5/checkpoints/latest.pth.tar
Using cache found in ./models/facebookresearch_dino_main
[[34m2025-07-06 09:47:40[0m] Already found a `peft_config` attribute in the model. This will lead to having multiple adapters in the model. Make sure to know what you are doing!
[[34m2025-07-06 09:49:25[0m] (step=0060000) Perceptual Loss: 0.4196, Eval Time: 107.96
[[34m2025-07-06 09:50:06[0m] (step=0060100) Train Loss: 0.1322, Train Steps/Sec: 0.60, Samples/Sec: 4.82
[[34m2025-07-06 09:50:46[0m] (step=0060200) Train Loss: 0.1326, Train Steps/Sec: 2.47, Samples/Sec: 19.79
[[34m2025-07-06 09:51:27[0m] (step=0060300) Train Loss: 0.1318, Train Steps/Sec: 2.47, Samples/Sec: 19.76
[[34m2025-07-06 09:52:07[0m] (step=0060400) Train Loss: 0.1335, Train Steps/Sec: 2.48, Samples/Sec: 19.82
[[34m2025-07-06 09:52:48[0m] (step=0060500) Train Loss: 0.1501, Train Steps/Sec: 2.46, Samples/Sec: 19.72
[[34m2025-07-06 09:53:29[0m] (step=0060600) Train Loss: 0.1350, Train Steps/Sec: 2.44, Samples/Sec: 19.53
[[34m2025-07-06 09:54:09[0m] (step=0060700) Train Loss: 0.1318, Train Steps/Sec: 2.46, Samples/Sec: 19.71
[[34m2025-07-06 09:54:50[0m] (step=0060800) Train Loss: 0.1390, Train Steps/Sec: 2.43, Samples/Sec: 19.47
[[34m2025-07-06 09:55:34[0m] (step=0060900) Train Loss: 0.1201, Train Steps/Sec: 2.31, Samples/Sec: 18.44
[[34m2025-07-06 09:56:15[0m] (step=0061000) Train Loss: 0.1424, Train Steps/Sec: 2.45, Samples/Sec: 19.56
[[34m2025-07-06 09:56:54[0m] (step=0061100) Train Loss: 0.1282, Train Steps/Sec: 2.56, Samples/Sec: 20.47
[[34m2025-07-06 09:57:33[0m] (step=0061200) Train Loss: 0.1450, Train Steps/Sec: 2.57, Samples/Sec: 20.55
[[34m2025-07-06 09:58:12[0m] (step=0061300) Train Loss: 0.1219, Train Steps/Sec: 2.53, Samples/Sec: 20.21
[[34m2025-07-06 09:58:52[0m] (step=0061400) Train Loss: 0.1286, Train Steps/Sec: 2.49, Samples/Sec: 19.95
[[34m2025-07-06 09:59:33[0m] (step=0061500) Train Loss: 0.1481, Train Steps/Sec: 2.48, Samples/Sec: 19.82
[[34m2025-07-06 10:00:13[0m] (step=0061600) Train Loss: 0.1349, Train Steps/Sec: 2.48, Samples/Sec: 19.87
[[34m2025-07-06 10:00:53[0m] (step=0061700) Train Loss: 0.1353, Train Steps/Sec: 2.53, Samples/Sec: 20.21
[[34m2025-07-06 10:01:34[0m] (step=0061800) Train Loss: 0.1249, Train Steps/Sec: 2.43, Samples/Sec: 19.40
[[34m2025-07-06 10:02:15[0m] (step=0061900) Train Loss: 0.1262, Train Steps/Sec: 2.45, Samples/Sec: 19.59
[[34m2025-07-06 10:02:55[0m] (step=0062000) Train Loss: 0.1697, Train Steps/Sec: 2.47, Samples/Sec: 19.78
[[34m2025-07-06 10:03:35[0m] (step=0062100) Train Loss: 0.1326, Train Steps/Sec: 2.49, Samples/Sec: 19.92
[[34m2025-07-06 10:04:15[0m] (step=0062200) Train Loss: 0.1235, Train Steps/Sec: 2.50, Samples/Sec: 20.04
[[34m2025-07-06 10:04:56[0m] (step=0062300) Train Loss: 0.1434, Train Steps/Sec: 2.49, Samples/Sec: 19.89
[[34m2025-07-06 10:05:36[0m] (step=0062400) Train Loss: 0.1299, Train Steps/Sec: 2.48, Samples/Sec: 19.86
[[34m2025-07-06 10:06:17[0m] (step=0062500) Train Loss: 0.1239, Train Steps/Sec: 2.44, Samples/Sec: 19.53
[[34m2025-07-06 10:06:57[0m] (step=0062600) Train Loss: 0.1473, Train Steps/Sec: 2.46, Samples/Sec: 19.65
[[34m2025-07-06 10:07:38[0m] (step=0062700) Train Loss: 0.1461, Train Steps/Sec: 2.47, Samples/Sec: 19.73
[[34m2025-07-06 10:08:18[0m] (step=0062800) Train Loss: 0.1372, Train Steps/Sec: 2.49, Samples/Sec: 19.92
[[34m2025-07-06 10:08:59[0m] (step=0062900) Train Loss: 0.1230, Train Steps/Sec: 2.48, Samples/Sec: 19.83
[[34m2025-07-06 10:09:39[0m] (step=0063000) Train Loss: 0.1287, Train Steps/Sec: 2.47, Samples/Sec: 19.77
[[34m2025-07-06 10:10:19[0m] (step=0063100) Train Loss: 0.1370, Train Steps/Sec: 2.47, Samples/Sec: 19.76
[[34m2025-07-06 10:11:00[0m] (step=0063200) Train Loss: 0.1373, Train Steps/Sec: 2.49, Samples/Sec: 19.89
[[34m2025-07-06 10:11:40[0m] (step=0063300) Train Loss: 0.1335, Train Steps/Sec: 2.49, Samples/Sec: 19.92
[[34m2025-07-06 10:12:20[0m] (step=0063400) Train Loss: 0.1369, Train Steps/Sec: 2.48, Samples/Sec: 19.81
[[34m2025-07-06 10:13:00[0m] (step=0063500) Train Loss: 0.1353, Train Steps/Sec: 2.50, Samples/Sec: 20.01
[[34m2025-07-06 10:13:41[0m] (step=0063600) Train Loss: 0.1326, Train Steps/Sec: 2.46, Samples/Sec: 19.65
[[34m2025-07-06 10:14:22[0m] (step=0063700) Train Loss: 0.1404, Train Steps/Sec: 2.45, Samples/Sec: 19.62
[[34m2025-07-06 10:15:03[0m] (step=0063800) Train Loss: 0.1329, Train Steps/Sec: 2.45, Samples/Sec: 19.57
[[34m2025-07-06 10:15:43[0m] (step=0063900) Train Loss: 0.1208, Train Steps/Sec: 2.46, Samples/Sec: 19.65
[[34m2025-07-06 10:16:24[0m] (step=0064000) Train Loss: 0.1151, Train Steps/Sec: 2.48, Samples/Sec: 19.84
[[34m2025-07-06 10:17:04[0m] (step=0064100) Train Loss: 0.1425, Train Steps/Sec: 2.48, Samples/Sec: 19.82
[[34m2025-07-06 10:17:44[0m] (step=0064200) Train Loss: 0.1415, Train Steps/Sec: 2.47, Samples/Sec: 19.78
[[34m2025-07-06 10:18:25[0m] (step=0064300) Train Loss: 0.1307, Train Steps/Sec: 2.49, Samples/Sec: 19.93
[[34m2025-07-06 10:19:05[0m] (step=0064400) Train Loss: 0.1245, Train Steps/Sec: 2.46, Samples/Sec: 19.67
[[34m2025-07-06 10:19:46[0m] (step=0064500) Train Loss: 0.1245, Train Steps/Sec: 2.48, Samples/Sec: 19.86
[[34m2025-07-06 10:20:26[0m] (step=0064600) Train Loss: 0.1302, Train Steps/Sec: 2.49, Samples/Sec: 19.89
[[34m2025-07-06 10:21:06[0m] (step=0064700) Train Loss: 0.1371, Train Steps/Sec: 2.49, Samples/Sec: 19.90
[[34m2025-07-06 10:21:46[0m] (step=0064800) Train Loss: 0.1257, Train Steps/Sec: 2.48, Samples/Sec: 19.86
[[34m2025-07-06 10:22:27[0m] (step=0064900) Train Loss: 0.1265, Train Steps/Sec: 2.48, Samples/Sec: 19.86
[[34m2025-07-06 10:23:07[0m] (step=0065000) Train Loss: 0.1270, Train Steps/Sec: 2.47, Samples/Sec: 19.73
[[34m2025-07-06 10:23:47[0m] (step=0065100) Train Loss: 0.1359, Train Steps/Sec: 2.48, Samples/Sec: 19.85
[[34m2025-07-06 10:24:28[0m] (step=0065200) Train Loss: 0.1362, Train Steps/Sec: 2.47, Samples/Sec: 19.73
[[34m2025-07-06 10:25:08[0m] (step=0065300) Train Loss: 0.1268, Train Steps/Sec: 2.48, Samples/Sec: 19.86
[[34m2025-07-06 10:25:49[0m] (step=0065400) Train Loss: 0.1185, Train Steps/Sec: 2.45, Samples/Sec: 19.58
[[34m2025-07-06 10:26:30[0m] (step=0065500) Train Loss: 0.1322, Train Steps/Sec: 2.43, Samples/Sec: 19.48
[[34m2025-07-06 10:27:13[0m] (step=0065600) Train Loss: 0.1238, Train Steps/Sec: 2.33, Samples/Sec: 18.61
[[34m2025-07-06 10:27:56[0m] (step=0065700) Train Loss: 0.1317, Train Steps/Sec: 2.35, Samples/Sec: 18.82
[[34m2025-07-06 10:28:38[0m] (step=0065800) Train Loss: 0.1312, Train Steps/Sec: 2.36, Samples/Sec: 18.85
[[34m2025-07-06 10:29:20[0m] (step=0065900) Train Loss: 0.1279, Train Steps/Sec: 2.39, Samples/Sec: 19.08
[[34m2025-07-06 10:30:00[0m] (step=0066000) Train Loss: 0.1246, Train Steps/Sec: 2.48, Samples/Sec: 19.83
[[34m2025-07-06 10:30:42[0m] (step=0066100) Train Loss: 0.1354, Train Steps/Sec: 2.38, Samples/Sec: 19.03
[[34m2025-07-06 10:31:22[0m] (step=0066200) Train Loss: 0.1356, Train Steps/Sec: 2.51, Samples/Sec: 20.11
[[34m2025-07-06 10:32:03[0m] (step=0066300) Train Loss: 0.1401, Train Steps/Sec: 2.47, Samples/Sec: 19.78
[[34m2025-07-06 10:32:44[0m] (step=0066400) Train Loss: 0.1101, Train Steps/Sec: 2.41, Samples/Sec: 19.27
[[34m2025-07-06 10:33:25[0m] (step=0066500) Train Loss: 0.1247, Train Steps/Sec: 2.45, Samples/Sec: 19.58
[[34m2025-07-06 10:34:05[0m] (step=0066600) Train Loss: 0.1312, Train Steps/Sec: 2.50, Samples/Sec: 19.97
[[34m2025-07-06 10:34:45[0m] (step=0066700) Train Loss: 0.1396, Train Steps/Sec: 2.51, Samples/Sec: 20.10
[[34m2025-07-06 10:35:25[0m] (step=0066800) Train Loss: 0.1375, Train Steps/Sec: 2.47, Samples/Sec: 19.77
[[34m2025-07-06 10:36:06[0m] (step=0066900) Train Loss: 0.1298, Train Steps/Sec: 2.45, Samples/Sec: 19.62
[[34m2025-07-06 10:36:47[0m] (step=0067000) Train Loss: 0.1239, Train Steps/Sec: 2.46, Samples/Sec: 19.71
[[34m2025-07-06 10:37:27[0m] (step=0067100) Train Loss: 0.1335, Train Steps/Sec: 2.50, Samples/Sec: 20.01
[[34m2025-07-06 10:38:07[0m] (step=0067200) Train Loss: 0.1217, Train Steps/Sec: 2.49, Samples/Sec: 19.91
[[34m2025-07-06 10:38:47[0m] (step=0067300) Train Loss: 0.1257, Train Steps/Sec: 2.52, Samples/Sec: 20.16
[[34m2025-07-06 10:39:27[0m] (step=0067400) Train Loss: 0.1394, Train Steps/Sec: 2.50, Samples/Sec: 20.02
[[34m2025-07-06 10:40:07[0m] (step=0067500) Train Loss: 0.1168, Train Steps/Sec: 2.47, Samples/Sec: 19.76
[[34m2025-07-06 10:40:48[0m] (step=0067600) Train Loss: 0.1397, Train Steps/Sec: 2.45, Samples/Sec: 19.61
[[34m2025-07-06 10:41:29[0m] (step=0067700) Train Loss: 0.1455, Train Steps/Sec: 2.41, Samples/Sec: 19.29
[[34m2025-07-06 10:42:11[0m] (step=0067800) Train Loss: 0.1288, Train Steps/Sec: 2.40, Samples/Sec: 19.17
[[34m2025-07-06 10:42:52[0m] (step=0067900) Train Loss: 0.1318, Train Steps/Sec: 2.43, Samples/Sec: 19.44
[[34m2025-07-06 10:43:33[0m] (step=0068000) Train Loss: 0.1247, Train Steps/Sec: 2.43, Samples/Sec: 19.44
[[34m2025-07-06 10:44:14[0m] (step=0068100) Train Loss: 0.1306, Train Steps/Sec: 2.44, Samples/Sec: 19.53
[[34m2025-07-06 10:44:55[0m] (step=0068200) Train Loss: 0.1339, Train Steps/Sec: 2.46, Samples/Sec: 19.68
[[34m2025-07-06 10:45:35[0m] (step=0068300) Train Loss: 0.1295, Train Steps/Sec: 2.47, Samples/Sec: 19.77
[[34m2025-07-06 10:46:16[0m] (step=0068400) Train Loss: 0.1278, Train Steps/Sec: 2.45, Samples/Sec: 19.57
[[34m2025-07-06 10:46:57[0m] (step=0068500) Train Loss: 0.1347, Train Steps/Sec: 2.43, Samples/Sec: 19.47
[[34m2025-07-06 10:47:38[0m] (step=0068600) Train Loss: 0.1290, Train Steps/Sec: 2.47, Samples/Sec: 19.79
[[34m2025-07-06 10:48:19[0m] (step=0068700) Train Loss: 0.1387, Train Steps/Sec: 2.44, Samples/Sec: 19.53
[[34m2025-07-06 10:49:00[0m] (step=0068800) Train Loss: 0.1298, Train Steps/Sec: 2.44, Samples/Sec: 19.54
[[34m2025-07-06 10:49:41[0m] (step=0068900) Train Loss: 0.1304, Train Steps/Sec: 2.45, Samples/Sec: 19.58
[[34m2025-07-06 10:50:22[0m] (step=0069000) Train Loss: 0.1341, Train Steps/Sec: 2.42, Samples/Sec: 19.40
[[34m2025-07-06 10:51:03[0m] (step=0069100) Train Loss: 0.1317, Train Steps/Sec: 2.43, Samples/Sec: 19.46
[[34m2025-07-06 10:51:44[0m] (step=0069200) Train Loss: 0.1275, Train Steps/Sec: 2.46, Samples/Sec: 19.67
[[34m2025-07-06 10:52:25[0m] (step=0069300) Train Loss: 0.1357, Train Steps/Sec: 2.44, Samples/Sec: 19.52
[[34m2025-07-06 10:53:05[0m] (step=0069400) Train Loss: 0.1425, Train Steps/Sec: 2.47, Samples/Sec: 19.77
[[34m2025-07-06 10:53:48[0m] (step=0069500) Train Loss: 0.1269, Train Steps/Sec: 2.36, Samples/Sec: 18.87
[[34m2025-07-06 10:54:30[0m] (step=0069600) Train Loss: 0.1314, Train Steps/Sec: 2.35, Samples/Sec: 18.79
[[34m2025-07-06 10:55:13[0m] (step=0069700) Train Loss: 0.1322, Train Steps/Sec: 2.32, Samples/Sec: 18.54
[[34m2025-07-06 10:55:55[0m] (step=0069800) Train Loss: 0.1169, Train Steps/Sec: 2.39, Samples/Sec: 19.13
[[34m2025-07-06 10:56:36[0m] (step=0069900) Train Loss: 0.1347, Train Steps/Sec: 2.47, Samples/Sec: 19.75
[[34m2025-07-06 10:57:16[0m] (step=0070000) Train Loss: 0.1224, Train Steps/Sec: 2.48, Samples/Sec: 19.86
Using cache found in ./models/facebookresearch_dino_main
[[34m2025-07-06 10:57:33[0m] Saved checkpoint to logs/nwm_cdit_airvln_v5/checkpoints/latest.pth.tar
Using cache found in ./models/facebookresearch_dino_main
[[34m2025-07-06 10:57:36[0m] Already found a `peft_config` attribute in the model. This will lead to having multiple adapters in the model. Make sure to know what you are doing!
[[34m2025-07-06 10:59:18[0m] (step=0070000) Perceptual Loss: 0.3966, Eval Time: 104.50
[[34m2025-07-06 10:59:58[0m] (step=0070100) Train Loss: 0.1267, Train Steps/Sec: 0.62, Samples/Sec: 4.93
[[34m2025-07-06 11:00:39[0m] (step=0070200) Train Loss: 0.1175, Train Steps/Sec: 2.46, Samples/Sec: 19.69
[[34m2025-07-06 11:01:20[0m] (step=0070300) Train Loss: 0.1236, Train Steps/Sec: 2.44, Samples/Sec: 19.50
[[34m2025-07-06 11:02:00[0m] (step=0070400) Train Loss: 0.1379, Train Steps/Sec: 2.46, Samples/Sec: 19.69
[[34m2025-07-06 11:02:41[0m] (step=0070500) Train Loss: 0.1309, Train Steps/Sec: 2.46, Samples/Sec: 19.70
[[34m2025-07-06 11:03:22[0m] (step=0070600) Train Loss: 0.1338, Train Steps/Sec: 2.44, Samples/Sec: 19.55
[[34m2025-07-06 11:04:03[0m] (step=0070700) Train Loss: 0.1243, Train Steps/Sec: 2.47, Samples/Sec: 19.72
[[34m2025-07-06 11:04:43[0m] (step=0070800) Train Loss: 0.1241, Train Steps/Sec: 2.46, Samples/Sec: 19.69
[[34m2025-07-06 11:05:24[0m] (step=0070900) Train Loss: 0.1325, Train Steps/Sec: 2.44, Samples/Sec: 19.54
[[34m2025-07-06 11:06:05[0m] (step=0071000) Train Loss: 0.1414, Train Steps/Sec: 2.45, Samples/Sec: 19.61
[[34m2025-07-06 11:06:46[0m] (step=0071100) Train Loss: 0.1359, Train Steps/Sec: 2.44, Samples/Sec: 19.51
[[34m2025-07-06 11:07:27[0m] (step=0071200) Train Loss: 0.1308, Train Steps/Sec: 2.45, Samples/Sec: 19.58
[[34m2025-07-06 11:08:08[0m] (step=0071300) Train Loss: 0.1341, Train Steps/Sec: 2.45, Samples/Sec: 19.58
[[34m2025-07-06 11:08:48[0m] (step=0071400) Train Loss: 0.1205, Train Steps/Sec: 2.45, Samples/Sec: 19.57
[[34m2025-07-06 11:09:29[0m] (step=0071500) Train Loss: 0.1360, Train Steps/Sec: 2.44, Samples/Sec: 19.55
[[34m2025-07-06 11:10:10[0m] (step=0071600) Train Loss: 0.1309, Train Steps/Sec: 2.46, Samples/Sec: 19.64
[[34m2025-07-06 11:10:51[0m] (step=0071700) Train Loss: 0.1261, Train Steps/Sec: 2.43, Samples/Sec: 19.46
[[34m2025-07-06 11:11:32[0m] (step=0071800) Train Loss: 0.1247, Train Steps/Sec: 2.46, Samples/Sec: 19.64
[[34m2025-07-06 11:12:13[0m] (step=0071900) Train Loss: 0.1463, Train Steps/Sec: 2.47, Samples/Sec: 19.76
[[34m2025-07-06 11:12:54[0m] (step=0072000) Train Loss: 0.1601, Train Steps/Sec: 2.43, Samples/Sec: 19.45
[[34m2025-07-06 11:13:34[0m] (step=0072100) Train Loss: 0.1258, Train Steps/Sec: 2.46, Samples/Sec: 19.67
[[34m2025-07-06 11:14:15[0m] (step=0072200) Train Loss: 0.1308, Train Steps/Sec: 2.49, Samples/Sec: 19.90
[[34m2025-07-06 11:14:55[0m] (step=0072300) Train Loss: 0.1241, Train Steps/Sec: 2.49, Samples/Sec: 19.94
[[34m2025-07-06 11:15:35[0m] (step=0072400) Train Loss: 0.1319, Train Steps/Sec: 2.49, Samples/Sec: 19.89
[[34m2025-07-06 11:16:16[0m] (step=0072500) Train Loss: 0.1204, Train Steps/Sec: 2.46, Samples/Sec: 19.65
[[34m2025-07-06 11:16:56[0m] (step=0072600) Train Loss: 0.1223, Train Steps/Sec: 2.45, Samples/Sec: 19.61
[[34m2025-07-06 11:17:37[0m] (step=0072700) Train Loss: 0.1342, Train Steps/Sec: 2.46, Samples/Sec: 19.66
[[34m2025-07-06 11:18:17[0m] (step=0072800) Train Loss: 0.1343, Train Steps/Sec: 2.48, Samples/Sec: 19.82
[[34m2025-07-06 11:18:58[0m] (step=0072900) Train Loss: 0.1309, Train Steps/Sec: 2.45, Samples/Sec: 19.58
[[34m2025-07-06 11:19:39[0m] (step=0073000) Train Loss: 0.1338, Train Steps/Sec: 2.46, Samples/Sec: 19.71
[[34m2025-07-06 11:20:19[0m] (step=0073100) Train Loss: 0.1234, Train Steps/Sec: 2.51, Samples/Sec: 20.11
[[34m2025-07-06 11:21:00[0m] (step=0073200) Train Loss: 0.1376, Train Steps/Sec: 2.44, Samples/Sec: 19.50
[[34m2025-07-06 11:21:41[0m] (step=0073300) Train Loss: 0.1180, Train Steps/Sec: 2.43, Samples/Sec: 19.47
[[34m2025-07-06 11:22:21[0m] (step=0073400) Train Loss: 0.1323, Train Steps/Sec: 2.49, Samples/Sec: 19.89
[[34m2025-07-06 11:23:02[0m] (step=0073500) Train Loss: 0.1334, Train Steps/Sec: 2.46, Samples/Sec: 19.67
[[34m2025-07-06 11:23:42[0m] (step=0073600) Train Loss: 0.1310, Train Steps/Sec: 2.46, Samples/Sec: 19.67
[[34m2025-07-06 11:24:23[0m] (step=0073700) Train Loss: 0.1430, Train Steps/Sec: 2.46, Samples/Sec: 19.72
[[34m2025-07-06 11:25:04[0m] (step=0073800) Train Loss: 0.1269, Train Steps/Sec: 2.45, Samples/Sec: 19.57
[[34m2025-07-06 11:25:44[0m] (step=0073900) Train Loss: 0.1316, Train Steps/Sec: 2.47, Samples/Sec: 19.79
[[34m2025-07-06 11:26:25[0m] (step=0074000) Train Loss: 0.1401, Train Steps/Sec: 2.49, Samples/Sec: 19.88
[[34m2025-07-06 11:27:05[0m] (step=0074100) Train Loss: 0.1297, Train Steps/Sec: 2.49, Samples/Sec: 19.92
[[34m2025-07-06 11:27:45[0m] (step=0074200) Train Loss: 0.1186, Train Steps/Sec: 2.46, Samples/Sec: 19.65
[[34m2025-07-06 11:28:27[0m] (step=0074300) Train Loss: 0.1332, Train Steps/Sec: 2.43, Samples/Sec: 19.43
[[34m2025-07-06 11:29:07[0m] (step=0074400) Train Loss: 0.1351, Train Steps/Sec: 2.50, Samples/Sec: 19.99
[[34m2025-07-06 11:29:47[0m] (step=0074500) Train Loss: 0.1302, Train Steps/Sec: 2.46, Samples/Sec: 19.71
[[34m2025-07-06 11:30:28[0m] (step=0074600) Train Loss: 0.1169, Train Steps/Sec: 2.45, Samples/Sec: 19.63
[[34m2025-07-06 11:31:09[0m] (step=0074700) Train Loss: 0.1270, Train Steps/Sec: 2.46, Samples/Sec: 19.65
[[34m2025-07-06 11:31:49[0m] (step=0074800) Train Loss: 0.1340, Train Steps/Sec: 2.50, Samples/Sec: 19.96
[[34m2025-07-06 11:32:30[0m] (step=0074900) Train Loss: 0.1312, Train Steps/Sec: 2.45, Samples/Sec: 19.59
[[34m2025-07-06 11:33:10[0m] (step=0075000) Train Loss: 0.1285, Train Steps/Sec: 2.48, Samples/Sec: 19.81
[[34m2025-07-06 11:33:51[0m] (step=0075100) Train Loss: 0.1391, Train Steps/Sec: 2.45, Samples/Sec: 19.58
[[34m2025-07-06 11:34:31[0m] (step=0075200) Train Loss: 0.1350, Train Steps/Sec: 2.46, Samples/Sec: 19.68
[[34m2025-07-06 11:35:11[0m] (step=0075300) Train Loss: 0.1230, Train Steps/Sec: 2.51, Samples/Sec: 20.11
[[34m2025-07-06 11:35:52[0m] (step=0075400) Train Loss: 0.1231, Train Steps/Sec: 2.49, Samples/Sec: 19.89
[[34m2025-07-06 11:36:31[0m] (step=0075500) Train Loss: 0.1298, Train Steps/Sec: 2.55, Samples/Sec: 20.41
[[34m2025-07-06 11:37:09[0m] (step=0075600) Train Loss: 0.1356, Train Steps/Sec: 2.63, Samples/Sec: 21.00
[[34m2025-07-06 11:37:47[0m] (step=0075700) Train Loss: 0.1289, Train Steps/Sec: 2.63, Samples/Sec: 21.08
[[34m2025-07-06 11:38:24[0m] (step=0075800) Train Loss: 0.1375, Train Steps/Sec: 2.65, Samples/Sec: 21.21
[[34m2025-07-06 11:39:02[0m] (step=0075900) Train Loss: 0.1416, Train Steps/Sec: 2.64, Samples/Sec: 21.13
[[34m2025-07-06 11:39:40[0m] (step=0076000) Train Loss: 0.1357, Train Steps/Sec: 2.67, Samples/Sec: 21.33
[[34m2025-07-06 11:40:18[0m] (step=0076100) Train Loss: 0.1367, Train Steps/Sec: 2.65, Samples/Sec: 21.16
[[34m2025-07-06 11:40:56[0m] (step=0076200) Train Loss: 0.1233, Train Steps/Sec: 2.64, Samples/Sec: 21.10
[[34m2025-07-06 11:41:33[0m] (step=0076300) Train Loss: 0.1218, Train Steps/Sec: 2.65, Samples/Sec: 21.21
[[34m2025-07-06 11:42:11[0m] (step=0076400) Train Loss: 0.1397, Train Steps/Sec: 2.67, Samples/Sec: 21.35
[[34m2025-07-06 11:42:49[0m] (step=0076500) Train Loss: 0.1288, Train Steps/Sec: 2.63, Samples/Sec: 21.06
[[34m2025-07-06 11:43:26[0m] (step=0076600) Train Loss: 0.1541, Train Steps/Sec: 2.65, Samples/Sec: 21.23
[[34m2025-07-06 11:44:05[0m] (step=0076700) Train Loss: 0.1324, Train Steps/Sec: 2.62, Samples/Sec: 20.96
[[34m2025-07-06 11:44:42[0m] (step=0076800) Train Loss: 0.1217, Train Steps/Sec: 2.65, Samples/Sec: 21.18
[[34m2025-07-06 11:45:20[0m] (step=0076900) Train Loss: 0.1318, Train Steps/Sec: 2.65, Samples/Sec: 21.17
[[34m2025-07-06 11:45:58[0m] (step=0077000) Train Loss: 0.1335, Train Steps/Sec: 2.64, Samples/Sec: 21.13
[[34m2025-07-06 11:46:36[0m] (step=0077100) Train Loss: 0.1303, Train Steps/Sec: 2.62, Samples/Sec: 20.92
[[34m2025-07-06 11:47:15[0m] (step=0077200) Train Loss: 0.1230, Train Steps/Sec: 2.60, Samples/Sec: 20.82
[[34m2025-07-06 11:47:52[0m] (step=0077300) Train Loss: 0.1318, Train Steps/Sec: 2.68, Samples/Sec: 21.45
[[34m2025-07-06 11:48:30[0m] (step=0077400) Train Loss: 0.1320, Train Steps/Sec: 2.61, Samples/Sec: 20.89
[[34m2025-07-06 11:49:08[0m] (step=0077500) Train Loss: 0.1332, Train Steps/Sec: 2.63, Samples/Sec: 21.02
[[34m2025-07-06 11:49:46[0m] (step=0077600) Train Loss: 0.1299, Train Steps/Sec: 2.64, Samples/Sec: 21.10
[[34m2025-07-06 11:50:24[0m] (step=0077700) Train Loss: 0.1242, Train Steps/Sec: 2.62, Samples/Sec: 20.93
[[34m2025-07-06 11:51:03[0m] (step=0077800) Train Loss: 0.1373, Train Steps/Sec: 2.63, Samples/Sec: 21.03
[[34m2025-07-06 11:51:40[0m] (step=0077900) Train Loss: 0.1398, Train Steps/Sec: 2.66, Samples/Sec: 21.29
[[34m2025-07-06 11:52:18[0m] (step=0078000) Train Loss: 0.1238, Train Steps/Sec: 2.62, Samples/Sec: 20.98
[[34m2025-07-06 11:52:56[0m] (step=0078100) Train Loss: 0.1324, Train Steps/Sec: 2.62, Samples/Sec: 20.97
[[34m2025-07-06 11:53:34[0m] (step=0078200) Train Loss: 0.1334, Train Steps/Sec: 2.63, Samples/Sec: 21.05
[[34m2025-07-06 11:54:12[0m] (step=0078300) Train Loss: 0.1306, Train Steps/Sec: 2.67, Samples/Sec: 21.37
[[34m2025-07-06 11:54:49[0m] (step=0078400) Train Loss: 0.1185, Train Steps/Sec: 2.67, Samples/Sec: 21.36
[[34m2025-07-06 11:55:27[0m] (step=0078500) Train Loss: 0.1213, Train Steps/Sec: 2.64, Samples/Sec: 21.12
[[34m2025-07-06 11:56:05[0m] (step=0078600) Train Loss: 0.1373, Train Steps/Sec: 2.62, Samples/Sec: 20.94
[[34m2025-07-06 11:56:43[0m] (step=0078700) Train Loss: 0.1282, Train Steps/Sec: 2.63, Samples/Sec: 21.07
[[34m2025-07-06 11:57:21[0m] (step=0078800) Train Loss: 0.1393, Train Steps/Sec: 2.65, Samples/Sec: 21.18
[[34m2025-07-06 11:57:59[0m] (step=0078900) Train Loss: 0.1312, Train Steps/Sec: 2.66, Samples/Sec: 21.30
[[34m2025-07-06 11:58:37[0m] (step=0079000) Train Loss: 0.1268, Train Steps/Sec: 2.62, Samples/Sec: 20.98
[[34m2025-07-06 11:59:15[0m] (step=0079100) Train Loss: 0.1216, Train Steps/Sec: 2.63, Samples/Sec: 21.05
[[34m2025-07-06 11:59:53[0m] (step=0079200) Train Loss: 0.1285, Train Steps/Sec: 2.65, Samples/Sec: 21.18
[[34m2025-07-06 12:00:31[0m] (step=0079300) Train Loss: 0.1379, Train Steps/Sec: 2.63, Samples/Sec: 21.07
[[34m2025-07-06 12:01:09[0m] (step=0079400) Train Loss: 0.1311, Train Steps/Sec: 2.57, Samples/Sec: 20.56
[[34m2025-07-06 12:01:47[0m] (step=0079500) Train Loss: 0.1434, Train Steps/Sec: 2.66, Samples/Sec: 21.32
[[34m2025-07-06 12:02:25[0m] (step=0079600) Train Loss: 0.1408, Train Steps/Sec: 2.62, Samples/Sec: 20.94
[[34m2025-07-06 12:03:03[0m] (step=0079700) Train Loss: 0.1309, Train Steps/Sec: 2.64, Samples/Sec: 21.16
[[34m2025-07-06 12:03:41[0m] (step=0079800) Train Loss: 0.1190, Train Steps/Sec: 2.64, Samples/Sec: 21.14
[[34m2025-07-06 12:04:19[0m] (step=0079900) Train Loss: 0.1422, Train Steps/Sec: 2.61, Samples/Sec: 20.90
[[34m2025-07-06 12:05:04[0m] (step=0080000) Train Loss: 0.1221, Train Steps/Sec: 2.25, Samples/Sec: 17.99
Using cache found in ./models/facebookresearch_dino_main
[[34m2025-07-06 12:05:21[0m] Saved checkpoint to logs/nwm_cdit_airvln_v5/checkpoints/latest.pth.tar
Using cache found in ./models/facebookresearch_dino_main
[[34m2025-07-06 12:05:24[0m] Already found a `peft_config` attribute in the model. This will lead to having multiple adapters in the model. Make sure to know what you are doing!
[[34m2025-07-06 12:07:21[0m] (step=0080000) Perceptual Loss: 0.4022, Eval Time: 119.45
[[34m2025-07-06 12:07:59[0m] (step=0080100) Train Loss: 0.1173, Train Steps/Sec: 0.57, Samples/Sec: 4.57
[[34m2025-07-06 12:08:37[0m] (step=0080200) Train Loss: 0.1154, Train Steps/Sec: 2.60, Samples/Sec: 20.77
[[34m2025-07-06 12:09:16[0m] (step=0080300) Train Loss: 0.1245, Train Steps/Sec: 2.60, Samples/Sec: 20.77
[[34m2025-07-06 12:09:54[0m] (step=0080400) Train Loss: 0.1392, Train Steps/Sec: 2.62, Samples/Sec: 21.00
[[34m2025-07-06 12:10:33[0m] (step=0080500) Train Loss: 0.1388, Train Steps/Sec: 2.59, Samples/Sec: 20.73
[[34m2025-07-06 12:11:11[0m] (step=0080600) Train Loss: 0.1268, Train Steps/Sec: 2.61, Samples/Sec: 20.90
[[34m2025-07-06 12:11:49[0m] (step=0080700) Train Loss: 0.1307, Train Steps/Sec: 2.61, Samples/Sec: 20.89
[[34m2025-07-06 12:12:28[0m] (step=0080800) Train Loss: 0.1180, Train Steps/Sec: 2.60, Samples/Sec: 20.83
[[34m2025-07-06 12:13:06[0m] (step=0080900) Train Loss: 0.1282, Train Steps/Sec: 2.62, Samples/Sec: 20.93
[[34m2025-07-06 12:13:44[0m] (step=0081000) Train Loss: 0.1289, Train Steps/Sec: 2.63, Samples/Sec: 21.08
[[34m2025-07-06 12:14:22[0m] (step=0081100) Train Loss: 0.1237, Train Steps/Sec: 2.61, Samples/Sec: 20.90
[[34m2025-07-06 12:15:00[0m] (step=0081200) Train Loss: 0.1365, Train Steps/Sec: 2.61, Samples/Sec: 20.87
[[34m2025-07-06 12:15:39[0m] (step=0081300) Train Loss: 0.1434, Train Steps/Sec: 2.60, Samples/Sec: 20.81
[[34m2025-07-06 12:16:17[0m] (step=0081400) Train Loss: 0.1356, Train Steps/Sec: 2.62, Samples/Sec: 20.98
[[34m2025-07-06 12:16:55[0m] (step=0081500) Train Loss: 0.1323, Train Steps/Sec: 2.60, Samples/Sec: 20.81
[[34m2025-07-06 12:17:33[0m] (step=0081600) Train Loss: 0.1270, Train Steps/Sec: 2.63, Samples/Sec: 21.07
[[34m2025-07-06 12:18:11[0m] (step=0081700) Train Loss: 0.1190, Train Steps/Sec: 2.63, Samples/Sec: 21.05
[[34m2025-07-06 12:18:49[0m] (step=0081800) Train Loss: 0.1242, Train Steps/Sec: 2.63, Samples/Sec: 21.01
[[34m2025-07-06 12:19:28[0m] (step=0081900) Train Loss: 0.1355, Train Steps/Sec: 2.60, Samples/Sec: 20.80
[[34m2025-07-06 12:20:06[0m] (step=0082000) Train Loss: 0.1437, Train Steps/Sec: 2.64, Samples/Sec: 21.14
[[34m2025-07-06 12:20:44[0m] (step=0082100) Train Loss: 0.1411, Train Steps/Sec: 2.65, Samples/Sec: 21.17
[[34m2025-07-06 12:21:22[0m] (step=0082200) Train Loss: 0.1331, Train Steps/Sec: 2.62, Samples/Sec: 20.99
[[34m2025-07-06 12:21:59[0m] (step=0082300) Train Loss: 0.1353, Train Steps/Sec: 2.65, Samples/Sec: 21.18
[[34m2025-07-06 12:22:37[0m] (step=0082400) Train Loss: 0.1326, Train Steps/Sec: 2.64, Samples/Sec: 21.15
[[34m2025-07-06 12:23:15[0m] (step=0082500) Train Loss: 0.1179, Train Steps/Sec: 2.66, Samples/Sec: 21.28
[[34m2025-07-06 12:23:52[0m] (step=0082600) Train Loss: 0.1329, Train Steps/Sec: 2.67, Samples/Sec: 21.39
[[34m2025-07-06 12:24:30[0m] (step=0082700) Train Loss: 0.1328, Train Steps/Sec: 2.66, Samples/Sec: 21.26
[[34m2025-07-06 12:25:08[0m] (step=0082800) Train Loss: 0.1405, Train Steps/Sec: 2.65, Samples/Sec: 21.17
[[34m2025-07-06 12:25:50[0m] (step=0082900) Train Loss: 0.1176, Train Steps/Sec: 2.35, Samples/Sec: 18.83
[[34m2025-07-06 12:26:33[0m] (step=0083000) Train Loss: 0.1455, Train Steps/Sec: 2.35, Samples/Sec: 18.79
[[34m2025-07-06 12:27:15[0m] (step=0083100) Train Loss: 0.1128, Train Steps/Sec: 2.36, Samples/Sec: 18.86
[[34m2025-07-06 12:27:58[0m] (step=0083200) Train Loss: 0.1315, Train Steps/Sec: 2.35, Samples/Sec: 18.81
[[34m2025-07-06 12:28:40[0m] (step=0083300) Train Loss: 0.1313, Train Steps/Sec: 2.36, Samples/Sec: 18.89
[[34m2025-07-06 12:29:21[0m] (step=0083400) Train Loss: 0.1294, Train Steps/Sec: 2.43, Samples/Sec: 19.42
[[34m2025-07-06 12:29:59[0m] (step=0083500) Train Loss: 0.1366, Train Steps/Sec: 2.62, Samples/Sec: 20.96
[[34m2025-07-06 12:30:38[0m] (step=0083600) Train Loss: 0.1315, Train Steps/Sec: 2.62, Samples/Sec: 20.99
[[34m2025-07-06 12:31:16[0m] (step=0083700) Train Loss: 0.1295, Train Steps/Sec: 2.62, Samples/Sec: 20.96
[[34m2025-07-06 12:31:54[0m] (step=0083800) Train Loss: 0.1250, Train Steps/Sec: 2.63, Samples/Sec: 21.01
[[34m2025-07-06 12:32:32[0m] (step=0083900) Train Loss: 0.1260, Train Steps/Sec: 2.62, Samples/Sec: 20.99
[[34m2025-07-06 12:33:10[0m] (step=0084000) Train Loss: 0.1337, Train Steps/Sec: 2.62, Samples/Sec: 20.98
[[34m2025-07-06 12:33:48[0m] (step=0084100) Train Loss: 0.1125, Train Steps/Sec: 2.63, Samples/Sec: 21.01
[[34m2025-07-06 12:34:29[0m] (step=0084200) Train Loss: 0.1320, Train Steps/Sec: 2.48, Samples/Sec: 19.81
[[34m2025-07-06 12:35:09[0m] (step=0084300) Train Loss: 0.1282, Train Steps/Sec: 2.46, Samples/Sec: 19.67
[[34m2025-07-06 12:35:50[0m] (step=0084400) Train Loss: 0.1419, Train Steps/Sec: 2.47, Samples/Sec: 19.79
[[34m2025-07-06 12:36:30[0m] (step=0084500) Train Loss: 0.1326, Train Steps/Sec: 2.50, Samples/Sec: 20.00
[[34m2025-07-06 12:37:08[0m] (step=0084600) Train Loss: 0.1273, Train Steps/Sec: 2.64, Samples/Sec: 21.09
[[34m2025-07-06 12:37:45[0m] (step=0084700) Train Loss: 0.1262, Train Steps/Sec: 2.67, Samples/Sec: 21.35
[[34m2025-07-06 12:38:24[0m] (step=0084800) Train Loss: 0.1432, Train Steps/Sec: 2.56, Samples/Sec: 20.48
[[34m2025-07-06 12:39:06[0m] (step=0084900) Train Loss: 0.1411, Train Steps/Sec: 2.37, Samples/Sec: 18.95
[[34m2025-07-06 12:39:49[0m] (step=0085000) Train Loss: 0.1204, Train Steps/Sec: 2.36, Samples/Sec: 18.91
[[34m2025-07-06 12:40:28[0m] (step=0085100) Train Loss: 0.1269, Train Steps/Sec: 2.57, Samples/Sec: 20.58
[[34m2025-07-06 12:41:06[0m] (step=0085200) Train Loss: 0.1302, Train Steps/Sec: 2.62, Samples/Sec: 20.96
[[34m2025-07-06 12:41:44[0m] (step=0085300) Train Loss: 0.1376, Train Steps/Sec: 2.62, Samples/Sec: 20.98
[[34m2025-07-06 12:42:22[0m] (step=0085400) Train Loss: 0.1269, Train Steps/Sec: 2.60, Samples/Sec: 20.79
[[34m2025-07-06 12:43:01[0m] (step=0085500) Train Loss: 0.1295, Train Steps/Sec: 2.61, Samples/Sec: 20.92
[[34m2025-07-06 12:43:39[0m] (step=0085600) Train Loss: 0.1265, Train Steps/Sec: 2.62, Samples/Sec: 20.93
[[34m2025-07-06 12:44:17[0m] (step=0085700) Train Loss: 0.1263, Train Steps/Sec: 2.62, Samples/Sec: 20.97
[[34m2025-07-06 12:44:55[0m] (step=0085800) Train Loss: 0.1240, Train Steps/Sec: 2.61, Samples/Sec: 20.92
[[34m2025-07-06 12:45:33[0m] (step=0085900) Train Loss: 0.1343, Train Steps/Sec: 2.62, Samples/Sec: 20.92
[[34m2025-07-06 12:46:11[0m] (step=0086000) Train Loss: 0.1183, Train Steps/Sec: 2.63, Samples/Sec: 21.08
[[34m2025-07-06 12:46:50[0m] (step=0086100) Train Loss: 0.1332, Train Steps/Sec: 2.59, Samples/Sec: 20.74
[[34m2025-07-06 12:47:29[0m] (step=0086200) Train Loss: 0.1417, Train Steps/Sec: 2.59, Samples/Sec: 20.75
[[34m2025-07-06 12:48:07[0m] (step=0086300) Train Loss: 0.1159, Train Steps/Sec: 2.62, Samples/Sec: 21.00
[[34m2025-07-06 12:48:45[0m] (step=0086400) Train Loss: 0.1184, Train Steps/Sec: 2.62, Samples/Sec: 20.98
[[34m2025-07-06 12:49:23[0m] (step=0086500) Train Loss: 0.1260, Train Steps/Sec: 2.64, Samples/Sec: 21.10
[[34m2025-07-06 12:50:00[0m] (step=0086600) Train Loss: 0.1245, Train Steps/Sec: 2.65, Samples/Sec: 21.20
[[34m2025-07-06 12:50:38[0m] (step=0086700) Train Loss: 0.1233, Train Steps/Sec: 2.63, Samples/Sec: 21.05
[[34m2025-07-06 12:51:16[0m] (step=0086800) Train Loss: 0.1155, Train Steps/Sec: 2.67, Samples/Sec: 21.36
[[34m2025-07-06 12:51:54[0m] (step=0086900) Train Loss: 0.1149, Train Steps/Sec: 2.64, Samples/Sec: 21.11
[[34m2025-07-06 12:52:32[0m] (step=0087000) Train Loss: 0.1182, Train Steps/Sec: 2.64, Samples/Sec: 21.15
[[34m2025-07-06 12:53:10[0m] (step=0087100) Train Loss: 0.1328, Train Steps/Sec: 2.61, Samples/Sec: 20.86
[[34m2025-07-06 12:53:48[0m] (step=0087200) Train Loss: 0.1161, Train Steps/Sec: 2.62, Samples/Sec: 20.98
[[34m2025-07-06 12:54:27[0m] (step=0087300) Train Loss: 0.1284, Train Steps/Sec: 2.60, Samples/Sec: 20.77
[[34m2025-07-06 12:55:05[0m] (step=0087400) Train Loss: 0.1288, Train Steps/Sec: 2.62, Samples/Sec: 20.97
[[34m2025-07-06 12:55:43[0m] (step=0087500) Train Loss: 0.1297, Train Steps/Sec: 2.60, Samples/Sec: 20.81
[[34m2025-07-06 12:56:22[0m] (step=0087600) Train Loss: 0.1183, Train Steps/Sec: 2.60, Samples/Sec: 20.84
[[34m2025-07-06 12:57:00[0m] (step=0087700) Train Loss: 0.1349, Train Steps/Sec: 2.62, Samples/Sec: 20.97
[[34m2025-07-06 12:57:38[0m] (step=0087800) Train Loss: 0.1340, Train Steps/Sec: 2.64, Samples/Sec: 21.08
[[34m2025-07-06 12:58:16[0m] (step=0087900) Train Loss: 0.1131, Train Steps/Sec: 2.61, Samples/Sec: 20.89
[[34m2025-07-06 12:58:54[0m] (step=0088000) Train Loss: 0.1273, Train Steps/Sec: 2.65, Samples/Sec: 21.19
[[34m2025-07-06 12:59:32[0m] (step=0088100) Train Loss: 0.1369, Train Steps/Sec: 2.63, Samples/Sec: 21.06
[[34m2025-07-06 13:00:10[0m] (step=0088200) Train Loss: 0.1401, Train Steps/Sec: 2.62, Samples/Sec: 20.95
[[34m2025-07-06 13:00:48[0m] (step=0088300) Train Loss: 0.1387, Train Steps/Sec: 2.62, Samples/Sec: 20.98
[[34m2025-07-06 13:01:26[0m] (step=0088400) Train Loss: 0.1399, Train Steps/Sec: 2.63, Samples/Sec: 21.08
[[34m2025-07-06 13:02:04[0m] (step=0088500) Train Loss: 0.1218, Train Steps/Sec: 2.65, Samples/Sec: 21.21
[[34m2025-07-06 13:02:42[0m] (step=0088600) Train Loss: 0.1337, Train Steps/Sec: 2.62, Samples/Sec: 21.00
[[34m2025-07-06 13:03:20[0m] (step=0088700) Train Loss: 0.1321, Train Steps/Sec: 2.64, Samples/Sec: 21.10
[[34m2025-07-06 13:03:58[0m] (step=0088800) Train Loss: 0.1222, Train Steps/Sec: 2.65, Samples/Sec: 21.21
[[34m2025-07-06 13:04:36[0m] (step=0088900) Train Loss: 0.1397, Train Steps/Sec: 2.57, Samples/Sec: 20.58
[[34m2025-07-06 13:05:14[0m] (step=0089000) Train Loss: 0.1375, Train Steps/Sec: 2.64, Samples/Sec: 21.13
[[34m2025-07-06 13:05:53[0m] (step=0089100) Train Loss: 0.1176, Train Steps/Sec: 2.61, Samples/Sec: 20.89
[[34m2025-07-06 13:06:31[0m] (step=0089200) Train Loss: 0.1314, Train Steps/Sec: 2.61, Samples/Sec: 20.89
[[34m2025-07-06 13:07:09[0m] (step=0089300) Train Loss: 0.1297, Train Steps/Sec: 2.61, Samples/Sec: 20.86
[[34m2025-07-06 13:07:48[0m] (step=0089400) Train Loss: 0.1451, Train Steps/Sec: 2.61, Samples/Sec: 20.89
[[34m2025-07-06 13:08:25[0m] (step=0089500) Train Loss: 0.1201, Train Steps/Sec: 2.65, Samples/Sec: 21.19
[[34m2025-07-06 13:09:03[0m] (step=0089600) Train Loss: 0.1279, Train Steps/Sec: 2.62, Samples/Sec: 20.93
[[34m2025-07-06 13:09:42[0m] (step=0089700) Train Loss: 0.1534, Train Steps/Sec: 2.62, Samples/Sec: 20.96
[[34m2025-07-06 13:10:20[0m] (step=0089800) Train Loss: 0.1304, Train Steps/Sec: 2.62, Samples/Sec: 20.95
[[34m2025-07-06 13:10:58[0m] (step=0089900) Train Loss: 0.1251, Train Steps/Sec: 2.62, Samples/Sec: 20.96
[[34m2025-07-06 13:11:36[0m] (step=0090000) Train Loss: 0.1367, Train Steps/Sec: 2.63, Samples/Sec: 21.01
Using cache found in ./models/facebookresearch_dino_main
[[34m2025-07-06 13:11:52[0m] Saved checkpoint to logs/nwm_cdit_airvln_v5/checkpoints/latest.pth.tar
Using cache found in ./models/facebookresearch_dino_main
[[34m2025-07-06 13:11:55[0m] Already found a `peft_config` attribute in the model. This will lead to having multiple adapters in the model. Make sure to know what you are doing!
[[34m2025-07-06 13:13:36[0m] (step=0090000) Perceptual Loss: 0.3807, Eval Time: 103.69
[[34m2025-07-06 13:14:14[0m] (step=0090100) Train Loss: 0.1179, Train Steps/Sec: 0.63, Samples/Sec: 5.06
[[34m2025-07-06 13:14:53[0m] (step=0090200) Train Loss: 0.1273, Train Steps/Sec: 2.61, Samples/Sec: 20.87
[[34m2025-07-06 13:15:30[0m] (step=0090300) Train Loss: 0.1227, Train Steps/Sec: 2.64, Samples/Sec: 21.15
[[34m2025-07-06 13:16:08[0m] (step=0090400) Train Loss: 0.1471, Train Steps/Sec: 2.64, Samples/Sec: 21.10
[[34m2025-07-06 13:16:47[0m] (step=0090500) Train Loss: 0.1294, Train Steps/Sec: 2.56, Samples/Sec: 20.50
[[34m2025-07-06 13:17:27[0m] (step=0090600) Train Loss: 0.1187, Train Steps/Sec: 2.52, Samples/Sec: 20.16
[[34m2025-07-06 13:18:06[0m] (step=0090700) Train Loss: 0.1298, Train Steps/Sec: 2.59, Samples/Sec: 20.69
[[34m2025-07-06 13:19:01[0m] (step=0090800) Train Loss: 0.1243, Train Steps/Sec: 1.79, Samples/Sec: 14.34
[[34m2025-07-06 13:19:50[0m] (step=0090900) Train Loss: 0.1290, Train Steps/Sec: 2.06, Samples/Sec: 16.49
[[34m2025-07-06 13:20:27[0m] (step=0091000) Train Loss: 0.1366, Train Steps/Sec: 2.67, Samples/Sec: 21.40
[[34m2025-07-06 13:21:17[0m] (step=0091100) Train Loss: 0.1118, Train Steps/Sec: 2.03, Samples/Sec: 16.23
[[34m2025-07-06 13:22:01[0m] (step=0091200) Train Loss: 0.1325, Train Steps/Sec: 2.26, Samples/Sec: 18.07
[[34m2025-07-06 13:22:40[0m] (step=0091300) Train Loss: 0.1212, Train Steps/Sec: 2.59, Samples/Sec: 20.74
[[34m2025-07-06 13:23:33[0m] (step=0091400) Train Loss: 0.1330, Train Steps/Sec: 1.87, Samples/Sec: 14.92
[[34m2025-07-06 13:24:14[0m] (step=0091500) Train Loss: 0.1271, Train Steps/Sec: 2.45, Samples/Sec: 19.63
[[34m2025-07-06 13:25:13[0m] (step=0091600) Train Loss: 0.1212, Train Steps/Sec: 1.69, Samples/Sec: 13.55
[[34m2025-07-06 13:25:59[0m] (step=0091700) Train Loss: 0.1415, Train Steps/Sec: 2.20, Samples/Sec: 17.57
[[34m2025-07-06 13:26:44[0m] (step=0091800) Train Loss: 0.1317, Train Steps/Sec: 2.20, Samples/Sec: 17.61
[[34m2025-07-06 13:27:30[0m] (step=0091900) Train Loss: 0.1290, Train Steps/Sec: 2.19, Samples/Sec: 17.52
[[34m2025-07-06 13:28:15[0m] (step=0092000) Train Loss: 0.1263, Train Steps/Sec: 2.20, Samples/Sec: 17.58
[[34m2025-07-06 13:29:01[0m] (step=0092100) Train Loss: 0.1263, Train Steps/Sec: 2.19, Samples/Sec: 17.49
[[34m2025-07-06 13:29:42[0m] (step=0092200) Train Loss: 0.1173, Train Steps/Sec: 2.45, Samples/Sec: 19.63
[[34m2025-07-06 13:30:22[0m] (step=0092300) Train Loss: 0.1374, Train Steps/Sec: 2.48, Samples/Sec: 19.88
[[34m2025-07-06 13:31:02[0m] (step=0092400) Train Loss: 0.1155, Train Steps/Sec: 2.49, Samples/Sec: 19.90
[[34m2025-07-06 13:31:42[0m] (step=0092500) Train Loss: 0.1391, Train Steps/Sec: 2.50, Samples/Sec: 19.97
[[34m2025-07-06 13:32:22[0m] (step=0092600) Train Loss: 0.1270, Train Steps/Sec: 2.50, Samples/Sec: 20.03
[[34m2025-07-06 13:33:03[0m] (step=0092700) Train Loss: 0.1302, Train Steps/Sec: 2.48, Samples/Sec: 19.84
[[34m2025-07-06 13:33:43[0m] (step=0092800) Train Loss: 0.1292, Train Steps/Sec: 2.46, Samples/Sec: 19.72
[[34m2025-07-06 13:34:23[0m] (step=0092900) Train Loss: 0.1149, Train Steps/Sec: 2.48, Samples/Sec: 19.86
[[34m2025-07-06 13:35:04[0m] (step=0093000) Train Loss: 0.1226, Train Steps/Sec: 2.49, Samples/Sec: 19.91
[[34m2025-07-06 13:35:44[0m] (step=0093100) Train Loss: 0.1310, Train Steps/Sec: 2.49, Samples/Sec: 19.96
[[34m2025-07-06 13:36:24[0m] (step=0093200) Train Loss: 0.1323, Train Steps/Sec: 2.49, Samples/Sec: 19.90
[[34m2025-07-06 13:37:04[0m] (step=0093300) Train Loss: 0.1141, Train Steps/Sec: 2.48, Samples/Sec: 19.86
[[34m2025-07-06 13:37:44[0m] (step=0093400) Train Loss: 0.1240, Train Steps/Sec: 2.51, Samples/Sec: 20.05
[[34m2025-07-06 13:38:24[0m] (step=0093500) Train Loss: 0.1372, Train Steps/Sec: 2.49, Samples/Sec: 19.93
[[34m2025-07-06 13:39:05[0m] (step=0093600) Train Loss: 0.1405, Train Steps/Sec: 2.48, Samples/Sec: 19.85
[[34m2025-07-06 13:39:44[0m] (step=0093700) Train Loss: 0.1352, Train Steps/Sec: 2.51, Samples/Sec: 20.05
[[34m2025-07-06 13:40:25[0m] (step=0093800) Train Loss: 0.1284, Train Steps/Sec: 2.50, Samples/Sec: 19.97
[[34m2025-07-06 13:41:05[0m] (step=0093900) Train Loss: 0.1230, Train Steps/Sec: 2.50, Samples/Sec: 20.01
[[34m2025-07-06 13:41:45[0m] (step=0094000) Train Loss: 0.1244, Train Steps/Sec: 2.49, Samples/Sec: 19.96
[[34m2025-07-06 13:42:25[0m] (step=0094100) Train Loss: 0.1414, Train Steps/Sec: 2.49, Samples/Sec: 19.91
[[34m2025-07-06 13:43:05[0m] (step=0094200) Train Loss: 0.1329, Train Steps/Sec: 2.48, Samples/Sec: 19.85
[[34m2025-07-06 13:43:45[0m] (step=0094300) Train Loss: 0.1325, Train Steps/Sec: 2.49, Samples/Sec: 19.90
[[34m2025-07-06 13:44:25[0m] (step=0094400) Train Loss: 0.1281, Train Steps/Sec: 2.50, Samples/Sec: 19.99
[[34m2025-07-06 13:45:06[0m] (step=0094500) Train Loss: 0.1338, Train Steps/Sec: 2.49, Samples/Sec: 19.93
[[34m2025-07-06 13:45:46[0m] (step=0094600) Train Loss: 0.1370, Train Steps/Sec: 2.49, Samples/Sec: 19.93
[[34m2025-07-06 13:46:26[0m] (step=0094700) Train Loss: 0.1290, Train Steps/Sec: 2.51, Samples/Sec: 20.06
[[34m2025-07-06 13:47:03[0m] (step=0094800) Train Loss: 0.1233, Train Steps/Sec: 2.64, Samples/Sec: 21.10
[[34m2025-07-06 13:47:41[0m] (step=0094900) Train Loss: 0.1305, Train Steps/Sec: 2.69, Samples/Sec: 21.48
[[34m2025-07-06 13:48:18[0m] (step=0095000) Train Loss: 0.1151, Train Steps/Sec: 2.68, Samples/Sec: 21.45
[[34m2025-07-06 13:48:55[0m] (step=0095100) Train Loss: 0.1342, Train Steps/Sec: 2.69, Samples/Sec: 21.53
[[34m2025-07-06 13:49:32[0m] (step=0095200) Train Loss: 0.1216, Train Steps/Sec: 2.69, Samples/Sec: 21.55
[[34m2025-07-06 13:50:10[0m] (step=0095300) Train Loss: 0.1248, Train Steps/Sec: 2.67, Samples/Sec: 21.35
[[34m2025-07-06 13:50:47[0m] (step=0095400) Train Loss: 0.1339, Train Steps/Sec: 2.66, Samples/Sec: 21.25
[[34m2025-07-06 13:51:25[0m] (step=0095500) Train Loss: 0.1310, Train Steps/Sec: 2.64, Samples/Sec: 21.09
[[34m2025-07-06 13:52:03[0m] (step=0095600) Train Loss: 0.1245, Train Steps/Sec: 2.63, Samples/Sec: 21.07
[[34m2025-07-06 13:52:41[0m] (step=0095700) Train Loss: 0.1241, Train Steps/Sec: 2.64, Samples/Sec: 21.10
[[34m2025-07-06 13:53:19[0m] (step=0095800) Train Loss: 0.1282, Train Steps/Sec: 2.63, Samples/Sec: 21.03
[[34m2025-07-06 13:53:57[0m] (step=0095900) Train Loss: 0.1277, Train Steps/Sec: 2.63, Samples/Sec: 21.02
Traceback (most recent call last):
  File "train_v5.py", line 446, in <module>
Traceback (most recent call last):
  File "train_v5.py", line 446, in <module>
[2025-07-06 13:54:22,980] torch.distributed.elastic.agent.server.api: [WARNING] Received Signals.SIGINT death signal, shutting down workers
[2025-07-06 13:54:22,982] torch.distributed.elastic.multiprocessing.api: [WARNING] Sending process 2896277 closing signal SIGINT
[2025-07-06 13:54:22,982] torch.distributed.elastic.multiprocessing.api: [WARNING] Sending process 2896278 closing signal SIGINT
  File "train_v5.py", line 299, in main
  File "train_v5.py", line 299, in main
    loss_dict = diffusion.training_losses(model, x_start, t, model_kwargs)
  File "/data1/tpz/nwm-main/diffusion/respace.py", line 103, in training_losses
    loss_dict = diffusion.training_losses(model, x_start, t, model_kwargs)
  File "/data1/tpz/nwm-main/diffusion/respace.py", line 103, in training_losses
    return super().training_losses(self._wrap_model(model), *args, **kwargs)
  File "/data1/tpz/nwm-main/diffusion/gaussian_diffusion.py", line 753, in training_losses
    model_output = model(x_t, t, **model_kwargs)
  File "/data1/tpz/nwm-main/diffusion/respace.py", line 135, in __call__
    return self.model(x, new_ts, **kwargs)
  File "/data1/zwc/miniconda3/envs/nwm2/lib/python3.8/site-packages/torch/nn/modules/module.py", line 1518, in _wrapped_call_impl
    return self._call_impl(*args, **kwargs)
  File "/data1/zwc/miniconda3/envs/nwm2/lib/python3.8/site-packages/torch/nn/modules/module.py", line 1527, in _call_impl
    return forward_call(*args, **kwargs)
  File "/data1/zwc/miniconda3/envs/nwm2/lib/python3.8/site-packages/torch/nn/parallel/distributed.py", line 1519, in forward
    else self._run_ddp_forward(*inputs, **kwargs)
  File "/data1/zwc/miniconda3/envs/nwm2/lib/python3.8/site-packages/torch/nn/parallel/distributed.py", line 1355, in _run_ddp_forward
        return self.module(*inputs, **kwargs)  # type: ignore[index]return super().training_losses(self._wrap_model(model), *args, **kwargs)

  File "/data1/tpz/nwm-main/diffusion/gaussian_diffusion.py", line 753, in training_losses
  File "/data1/zwc/miniconda3/envs/nwm2/lib/python3.8/site-packages/torch/nn/modules/module.py", line 1518, in _wrapped_call_impl
    model_output = model(x_t, t, **model_kwargs)
  File "/data1/tpz/nwm-main/diffusion/respace.py", line 135, in __call__
    return self.model(x, new_ts, **kwargs)
  File "/data1/zwc/miniconda3/envs/nwm2/lib/python3.8/site-packages/torch/nn/modules/module.py", line 1518, in _wrapped_call_impl
    return self._call_impl(*args, **kwargs)
  File "/data1/zwc/miniconda3/envs/nwm2/lib/python3.8/site-packages/torch/nn/modules/module.py", line 1527, in _call_impl
    return forward_call(*args, **kwargs)
  File "/data1/zwc/miniconda3/envs/nwm2/lib/python3.8/site-packages/torch/nn/parallel/distributed.py", line 1519, in forward
    else self._run_ddp_forward(*inputs, **kwargs)
  File "/data1/zwc/miniconda3/envs/nwm2/lib/python3.8/site-packages/torch/nn/parallel/distributed.py", line 1355, in _run_ddp_forward
    return self.module(*inputs, **kwargs)  # type: ignore[index]
  File "/data1/zwc/miniconda3/envs/nwm2/lib/python3.8/site-packages/torch/nn/modules/module.py", line 1518, in _wrapped_call_impl
    return self._call_impl(*args, **kwargs)
  File "/data1/zwc/miniconda3/envs/nwm2/lib/python3.8/site-packages/torch/nn/modules/module.py", line 1527, in _call_impl
    return self._call_impl(*args, **kwargs)
  File "/data1/zwc/miniconda3/envs/nwm2/lib/python3.8/site-packages/torch/nn/modules/module.py", line 1527, in _call_impl
    return forward_call(*args, **kwargs)
  File "/data1/tpz/nwm-main/models_tpz_v5.py", line 280, in forward
    for block in self.blocks:
  File "/data1/zwc/miniconda3/envs/nwm2/lib/python3.8/site-packages/torch/nn/modules/module.py", line 1518, in _wrapped_call_impl
    return forward_call(*args, **kwargs)
  File "/data1/tpz/nwm-main/models_tpz_v5.py", line 280, in forward
    return self._call_impl(*args, **kwargs)
  File "/data1/zwc/miniconda3/envs/nwm2/lib/python3.8/site-packages/torch/nn/modules/module.py", line 1527, in _call_impl
    for block in self.blocks:
  File "/data1/zwc/miniconda3/envs/nwm2/lib/python3.8/site-packages/torch/nn/modules/module.py", line 1518, in _wrapped_call_impl
    return forward_call(*args, **kwargs)    return self._call_impl(*args, **kwargs)
  File "/data1/zwc/miniconda3/envs/nwm2/lib/python3.8/site-packages/torch/nn/modules/module.py", line 1527, in _call_impl
    return forward_call(*args, **kwargs)
  File "/data1/tpz/nwm-main/models_tpz_v5.py", line 104, in forward
    x_cond_norm = modulate(self.norm_cond(x_cond), shift_ca_xcond, scale_ca_xcond)
  File "/data1/zwc/miniconda3/envs/nwm2/lib/python3.8/site-packages/torch/nn/modules/module.py", line 1518, in _wrapped_call_impl
    return self._call_impl(*args, **kwargs)
  File "/data1/zwc/miniconda3/envs/nwm2/lib/python3.8/site-packages/torch/nn/modules/module.py", line 1527, in _call_impl

  File "/data1/tpz/nwm-main/models_tpz_v5.py", line 99, in forward
    shift_msa, scale_msa, gate_msa, shift_xsup, scale_xsup, gate_ca_xsup, shift_ca_xcond, scale_ca_xcond, shift_ca_x, scale_ca_x, gate_ca_x, shift_mlp, scale_mlp, gate_mlp = self.adaLN_modulation(c).chunk(14, dim=1)
  File "/data1/zwc/miniconda3/envs/nwm2/lib/python3.8/site-packages/torch/nn/modules/module.py", line 1518, in _wrapped_call_impl
    return forward_call(*args, **kwargs)
  File "/data1/zwc/miniconda3/envs/nwm2/lib/python3.8/site-packages/torch/nn/modules/activation.py", line 1241, in forward
    return self._call_impl(*args, **kwargs)
  File "/data1/zwc/miniconda3/envs/nwm2/lib/python3.8/site-packages/torch/nn/modules/module.py", line 1527, in _call_impl
    return forward_call(*args, **kwargs)
  File "/data1/zwc/miniconda3/envs/nwm2/lib/python3.8/site-packages/timm/models/vision_transformer.py", line 88, in forward
    attn_output, attn_output_weights = F.multi_head_attention_forward(
  File "/data1/zwc/miniconda3/envs/nwm2/lib/python3.8/site-packages/torch/nn/functional.py", line 5331, in multi_head_attention_forward
    qkv = self.qkv(x).reshape(B, N, 3, self.num_heads, self.head_dim).permute(2, 0, 3, 1, 4)
KeyboardInterrupt
    k = torch.cat([k, bias_k.repeat(1, bsz, 1)])
KeyboardInterrupt
Traceback (most recent call last):
  File "/data1/tpz/anaconda3/envs/nwm2/bin/torchrun", line 8, in <module>
    sys.exit(main())
  File "/data1/zwc/miniconda3/envs/nwm2/lib/python3.8/site-packages/torch/distributed/elastic/multiprocessing/errors/__init__.py", line 346, in wrapper
    return f(*args, **kwargs)
  File "/data1/zwc/miniconda3/envs/nwm2/lib/python3.8/site-packages/torch/distributed/run.py", line 806, in main
    run(args)
  File "/data1/zwc/miniconda3/envs/nwm2/lib/python3.8/site-packages/torch/distributed/run.py", line 797, in run
    elastic_launch(
  File "/data1/zwc/miniconda3/envs/nwm2/lib/python3.8/site-packages/torch/distributed/launcher/api.py", line 134, in __call__
    return launch_agent(self._config, self._entrypoint, list(args))
  File "/data1/zwc/miniconda3/envs/nwm2/lib/python3.8/site-packages/torch/distributed/launcher/api.py", line 255, in launch_agent
    result = agent.run()
  File "/data1/zwc/miniconda3/envs/nwm2/lib/python3.8/site-packages/torch/distributed/elastic/metrics/api.py", line 124, in wrapper
    result = f(*args, **kwargs)
  File "/data1/zwc/miniconda3/envs/nwm2/lib/python3.8/site-packages/torch/distributed/elastic/agent/server/api.py", line 736, in run
    result = self._invoke_run(role)
  File "/data1/zwc/miniconda3/envs/nwm2/lib/python3.8/site-packages/torch/distributed/elastic/agent/server/api.py", line 877, in _invoke_run
    time.sleep(monitor_interval)
  File "/data1/zwc/miniconda3/envs/nwm2/lib/python3.8/site-packages/torch/distributed/elastic/multiprocessing/api.py", line 62, in _terminate_process_handler
    raise SignalException(f"Process {os.getpid()} got signal: {sigval}", sigval=sigval)
torch.distributed.elastic.multiprocessing.api.SignalException: Process 2896207 got signal: 2
