[2025-06-05 03:15:02,773] torch.distributed.run: [WARNING] 
[2025-06-05 03:15:02,773] torch.distributed.run: [WARNING] *****************************************
[2025-06-05 03:15:02,773] torch.distributed.run: [WARNING] Setting OMP_NUM_THREADS environment variable for each process to be 1 in default, to avoid your system being overloaded, please further tune the variable for optimal performance in your application as needed. 
[2025-06-05 03:15:02,773] torch.distributed.run: [WARNING] *****************************************
[[34m2025-06-05 03:15:05[0m] Experiment directory created at logs/nwm_cdit_wuhan_union
[[34m2025-06-05 03:15:19[0m] CDiT Parameters: 1,014,614,816
[[34m2025-06-05 03:15:38[0m] Dataset contains 36,358 images
[[34m2025-06-05 03:15:38[0m] Training for 300 epochs...
[[34m2025-06-05 03:15:38[0m] Beginning epoch 0...
[[34m2025-06-05 03:16:31[0m] (step=0000100) Train Loss: 0.3163, Train Steps/Sec: 1.87, Samples/Sec: 89.57
[[34m2025-06-05 03:17:22[0m] (step=0000200) Train Loss: 0.2018, Train Steps/Sec: 1.97, Samples/Sec: 94.33
[[34m2025-06-05 03:18:12[0m] (step=0000300) Train Loss: 0.2021, Train Steps/Sec: 1.98, Samples/Sec: 95.26
[[34m2025-06-05 03:19:03[0m] (step=0000400) Train Loss: 0.1855, Train Steps/Sec: 1.98, Samples/Sec: 95.25
[[34m2025-06-05 03:19:53[0m] (step=0000500) Train Loss: 0.1883, Train Steps/Sec: 1.98, Samples/Sec: 95.26
[[34m2025-06-05 03:20:44[0m] (step=0000600) Train Loss: 0.1805, Train Steps/Sec: 1.98, Samples/Sec: 95.25
[[34m2025-06-05 03:21:34[0m] (step=0000700) Train Loss: 0.1780, Train Steps/Sec: 1.98, Samples/Sec: 95.22
[[34m2025-06-05 03:22:25[0m] (step=0000800) Train Loss: 0.1785, Train Steps/Sec: 1.98, Samples/Sec: 94.90
[[34m2025-06-05 03:23:15[0m] (step=0000900) Train Loss: 0.1752, Train Steps/Sec: 1.98, Samples/Sec: 95.25
[[34m2025-06-05 03:24:05[0m] (step=0001000) Train Loss: 0.1730, Train Steps/Sec: 1.98, Samples/Sec: 95.24
[[34m2025-06-05 03:24:56[0m] (step=0001100) Train Loss: 0.1791, Train Steps/Sec: 1.98, Samples/Sec: 95.27
[[34m2025-06-05 03:25:46[0m] (step=0001200) Train Loss: 0.1637, Train Steps/Sec: 1.98, Samples/Sec: 95.21
[[34m2025-06-05 03:26:37[0m] (step=0001300) Train Loss: 0.1642, Train Steps/Sec: 1.98, Samples/Sec: 95.28
[[34m2025-06-05 03:27:27[0m] (step=0001400) Train Loss: 0.1563, Train Steps/Sec: 1.98, Samples/Sec: 95.26
[[34m2025-06-05 03:28:18[0m] (step=0001500) Train Loss: 0.1592, Train Steps/Sec: 1.98, Samples/Sec: 94.88
[[34m2025-06-05 03:29:08[0m] (step=0001600) Train Loss: 0.1613, Train Steps/Sec: 1.98, Samples/Sec: 95.23
[[34m2025-06-05 03:29:58[0m] (step=0001700) Train Loss: 0.1631, Train Steps/Sec: 1.98, Samples/Sec: 95.21
[[34m2025-06-05 03:30:49[0m] (step=0001800) Train Loss: 0.1600, Train Steps/Sec: 1.98, Samples/Sec: 95.14
[[34m2025-06-05 03:31:39[0m] (step=0001900) Train Loss: 0.1572, Train Steps/Sec: 1.98, Samples/Sec: 95.13
[[34m2025-06-05 03:32:30[0m] (step=0002000) Train Loss: 0.1501, Train Steps/Sec: 1.98, Samples/Sec: 95.09
[[34m2025-06-05 03:32:44[0m] Saved checkpoint to logs/nwm_cdit_wuhan_union/checkpoints/latest.pth.tar
[[34m2025-06-05 03:33:35[0m] (step=0002100) Train Loss: 0.1534, Train Steps/Sec: 1.54, Samples/Sec: 74.11
[[34m2025-06-05 03:34:25[0m] (step=0002200) Train Loss: 0.1533, Train Steps/Sec: 1.98, Samples/Sec: 95.22
[[34m2025-06-05 03:35:15[0m] (step=0002300) Train Loss: 0.1604, Train Steps/Sec: 1.98, Samples/Sec: 95.20
[[34m2025-06-05 03:36:06[0m] (step=0002400) Train Loss: 0.1466, Train Steps/Sec: 1.98, Samples/Sec: 95.22
[[34m2025-06-05 03:36:56[0m] (step=0002500) Train Loss: 0.1445, Train Steps/Sec: 1.98, Samples/Sec: 95.23
[[34m2025-06-05 03:37:47[0m] (step=0002600) Train Loss: 0.1472, Train Steps/Sec: 1.98, Samples/Sec: 95.22
[[34m2025-06-05 03:38:37[0m] (step=0002700) Train Loss: 0.1496, Train Steps/Sec: 1.98, Samples/Sec: 95.09
[[34m2025-06-05 03:39:28[0m] (step=0002800) Train Loss: 0.1544, Train Steps/Sec: 1.98, Samples/Sec: 95.07
[[34m2025-06-05 03:40:18[0m] (step=0002900) Train Loss: 0.1429, Train Steps/Sec: 1.98, Samples/Sec: 95.13
[[34m2025-06-05 03:41:08[0m] (step=0003000) Train Loss: 0.1450, Train Steps/Sec: 1.98, Samples/Sec: 95.25
[[34m2025-06-05 03:41:23[0m] Beginning epoch 1...
[[34m2025-06-05 03:42:00[0m] (step=0003100) Train Loss: 0.1438, Train Steps/Sec: 1.94, Samples/Sec: 93.20
[[34m2025-06-05 03:42:50[0m] (step=0003200) Train Loss: 0.1436, Train Steps/Sec: 1.98, Samples/Sec: 95.08
[[34m2025-06-05 03:43:41[0m] (step=0003300) Train Loss: 0.1468, Train Steps/Sec: 1.98, Samples/Sec: 95.18
[[34m2025-06-05 03:44:31[0m] (step=0003400) Train Loss: 0.1406, Train Steps/Sec: 1.97, Samples/Sec: 94.77
[[34m2025-06-05 03:45:22[0m] (step=0003500) Train Loss: 0.1401, Train Steps/Sec: 1.98, Samples/Sec: 95.20
[[34m2025-06-05 03:46:12[0m] (step=0003600) Train Loss: 0.1416, Train Steps/Sec: 1.98, Samples/Sec: 95.16
[[34m2025-06-05 03:47:03[0m] (step=0003700) Train Loss: 0.1385, Train Steps/Sec: 1.98, Samples/Sec: 95.11
[[34m2025-06-05 03:47:53[0m] (step=0003800) Train Loss: 0.1396, Train Steps/Sec: 1.98, Samples/Sec: 95.18
[[34m2025-06-05 03:48:44[0m] (step=0003900) Train Loss: 0.1443, Train Steps/Sec: 1.98, Samples/Sec: 95.17
[[34m2025-06-05 03:49:34[0m] (step=0004000) Train Loss: 0.1335, Train Steps/Sec: 1.98, Samples/Sec: 95.01
[[34m2025-06-05 03:49:49[0m] Saved checkpoint to logs/nwm_cdit_wuhan_union/checkpoints/latest.pth.tar
[[34m2025-06-05 03:50:40[0m] (step=0004100) Train Loss: 0.1377, Train Steps/Sec: 1.53, Samples/Sec: 73.45
[[34m2025-06-05 03:51:30[0m] (step=0004200) Train Loss: 0.1408, Train Steps/Sec: 1.98, Samples/Sec: 95.27
[[34m2025-06-05 03:52:20[0m] (step=0004300) Train Loss: 0.1508, Train Steps/Sec: 1.99, Samples/Sec: 95.29
[[34m2025-06-05 03:53:11[0m] (step=0004400) Train Loss: 0.1382, Train Steps/Sec: 1.98, Samples/Sec: 95.28
[[34m2025-06-05 03:54:01[0m] (step=0004500) Train Loss: 0.1382, Train Steps/Sec: 1.98, Samples/Sec: 95.26
[[34m2025-06-05 03:54:52[0m] (step=0004600) Train Loss: 0.1375, Train Steps/Sec: 1.98, Samples/Sec: 95.10
[[34m2025-06-05 03:55:42[0m] (step=0004700) Train Loss: 0.1296, Train Steps/Sec: 1.98, Samples/Sec: 95.20
[[34m2025-06-05 03:56:33[0m] (step=0004800) Train Loss: 0.1347, Train Steps/Sec: 1.98, Samples/Sec: 94.93
[[34m2025-06-05 03:57:23[0m] (step=0004900) Train Loss: 0.1335, Train Steps/Sec: 1.98, Samples/Sec: 95.26
[[34m2025-06-05 03:58:13[0m] (step=0005000) Train Loss: 0.1301, Train Steps/Sec: 1.98, Samples/Sec: 95.21
[[34m2025-06-05 03:59:04[0m] (step=0005100) Train Loss: 0.1367, Train Steps/Sec: 1.98, Samples/Sec: 95.10
[[34m2025-06-05 03:59:54[0m] (step=0005200) Train Loss: 0.1477, Train Steps/Sec: 1.98, Samples/Sec: 95.25
[[34m2025-06-05 04:00:45[0m] (step=0005300) Train Loss: 0.1337, Train Steps/Sec: 1.98, Samples/Sec: 95.12
[[34m2025-06-05 04:01:35[0m] (step=0005400) Train Loss: 0.1385, Train Steps/Sec: 1.98, Samples/Sec: 94.96
[[34m2025-06-05 04:02:26[0m] (step=0005500) Train Loss: 0.1328, Train Steps/Sec: 1.98, Samples/Sec: 95.27
[[34m2025-06-05 04:03:20[0m] (step=0005600) Train Loss: 0.1322, Train Steps/Sec: 1.82, Samples/Sec: 87.46
[[34m2025-06-05 04:04:11[0m] (step=0005700) Train Loss: 0.1293, Train Steps/Sec: 1.98, Samples/Sec: 95.18
[[34m2025-06-05 04:05:01[0m] (step=0005800) Train Loss: 0.1318, Train Steps/Sec: 1.98, Samples/Sec: 95.24
[[34m2025-06-05 04:05:52[0m] (step=0005900) Train Loss: 0.1357, Train Steps/Sec: 1.98, Samples/Sec: 95.04
[[34m2025-06-05 04:06:42[0m] (step=0006000) Train Loss: 0.1319, Train Steps/Sec: 1.98, Samples/Sec: 95.22
[[34m2025-06-05 04:06:57[0m] Saved checkpoint to logs/nwm_cdit_wuhan_union/checkpoints/latest.pth.tar
[[34m2025-06-05 04:07:28[0m] Beginning epoch 2...
[[34m2025-06-05 04:07:49[0m] (step=0006100) Train Loss: 0.1290, Train Steps/Sec: 1.49, Samples/Sec: 71.55
[[34m2025-06-05 04:08:40[0m] (step=0006200) Train Loss: 0.1264, Train Steps/Sec: 1.98, Samples/Sec: 95.20
[[34m2025-06-05 04:09:30[0m] (step=0006300) Train Loss: 0.1314, Train Steps/Sec: 1.98, Samples/Sec: 95.18
[[34m2025-06-05 04:10:21[0m] (step=0006400) Train Loss: 0.1344, Train Steps/Sec: 1.98, Samples/Sec: 95.20
[[34m2025-06-05 04:11:11[0m] (step=0006500) Train Loss: 0.1349, Train Steps/Sec: 1.98, Samples/Sec: 95.06
[[34m2025-06-05 04:12:02[0m] (step=0006600) Train Loss: 0.1341, Train Steps/Sec: 1.98, Samples/Sec: 95.18
[[34m2025-06-05 04:12:52[0m] (step=0006700) Train Loss: 0.1280, Train Steps/Sec: 1.98, Samples/Sec: 94.93
[[34m2025-06-05 04:13:43[0m] (step=0006800) Train Loss: 0.1293, Train Steps/Sec: 1.98, Samples/Sec: 95.17
[[34m2025-06-05 04:14:33[0m] (step=0006900) Train Loss: 0.1306, Train Steps/Sec: 1.98, Samples/Sec: 95.25
[[34m2025-06-05 04:15:23[0m] (step=0007000) Train Loss: 0.1219, Train Steps/Sec: 1.98, Samples/Sec: 95.17
[[34m2025-06-05 04:16:14[0m] (step=0007100) Train Loss: 0.1301, Train Steps/Sec: 1.98, Samples/Sec: 95.01
[[34m2025-06-05 04:17:04[0m] (step=0007200) Train Loss: 0.1302, Train Steps/Sec: 1.98, Samples/Sec: 95.25
[[34m2025-06-05 04:17:55[0m] (step=0007300) Train Loss: 0.1325, Train Steps/Sec: 1.98, Samples/Sec: 95.23
[[34m2025-06-05 04:18:45[0m] (step=0007400) Train Loss: 0.1292, Train Steps/Sec: 1.97, Samples/Sec: 94.77
[[34m2025-06-05 04:19:36[0m] (step=0007500) Train Loss: 0.1237, Train Steps/Sec: 1.98, Samples/Sec: 95.18
[[34m2025-06-05 04:20:26[0m] (step=0007600) Train Loss: 0.1267, Train Steps/Sec: 1.98, Samples/Sec: 95.23
[[34m2025-06-05 04:21:17[0m] (step=0007700) Train Loss: 0.1294, Train Steps/Sec: 1.98, Samples/Sec: 95.22
[[34m2025-06-05 04:22:07[0m] (step=0007800) Train Loss: 0.1299, Train Steps/Sec: 1.98, Samples/Sec: 95.05
[[34m2025-06-05 04:22:57[0m] (step=0007900) Train Loss: 0.1283, Train Steps/Sec: 1.98, Samples/Sec: 95.24
[[34m2025-06-05 04:23:48[0m] (step=0008000) Train Loss: 0.1210, Train Steps/Sec: 1.98, Samples/Sec: 94.85
[[34m2025-06-05 04:24:04[0m] Saved checkpoint to logs/nwm_cdit_wuhan_union/checkpoints/latest.pth.tar
[[34m2025-06-05 04:24:54[0m] (step=0008100) Train Loss: 0.1292, Train Steps/Sec: 1.51, Samples/Sec: 72.42
[[34m2025-06-05 04:25:45[0m] (step=0008200) Train Loss: 0.1242, Train Steps/Sec: 1.98, Samples/Sec: 95.19
[[34m2025-06-05 04:26:35[0m] (step=0008300) Train Loss: 0.1290, Train Steps/Sec: 1.98, Samples/Sec: 95.22
[[34m2025-06-05 04:27:26[0m] (step=0008400) Train Loss: 0.1280, Train Steps/Sec: 1.98, Samples/Sec: 95.04
[[34m2025-06-05 04:28:16[0m] (step=0008500) Train Loss: 0.1305, Train Steps/Sec: 1.98, Samples/Sec: 95.24
[[34m2025-06-05 04:29:07[0m] (step=0008600) Train Loss: 0.1273, Train Steps/Sec: 1.98, Samples/Sec: 95.17
[[34m2025-06-05 04:29:57[0m] (step=0008700) Train Loss: 0.1270, Train Steps/Sec: 1.98, Samples/Sec: 94.88
[[34m2025-06-05 04:30:48[0m] (step=0008800) Train Loss: 0.1233, Train Steps/Sec: 1.98, Samples/Sec: 95.19
[[34m2025-06-05 04:31:38[0m] (step=0008900) Train Loss: 0.1261, Train Steps/Sec: 1.98, Samples/Sec: 95.23
[[34m2025-06-05 04:32:28[0m] (step=0009000) Train Loss: 0.1337, Train Steps/Sec: 1.98, Samples/Sec: 95.01
[[34m2025-06-05 04:33:14[0m] Beginning epoch 3...
[[34m2025-06-05 04:33:20[0m] (step=0009100) Train Loss: 0.1249, Train Steps/Sec: 1.94, Samples/Sec: 93.17
[[34m2025-06-05 04:34:10[0m] (step=0009200) Train Loss: 0.1218, Train Steps/Sec: 1.98, Samples/Sec: 95.17
[[34m2025-06-05 04:35:01[0m] (step=0009300) Train Loss: 0.1250, Train Steps/Sec: 1.98, Samples/Sec: 95.24
[[34m2025-06-05 04:35:51[0m] (step=0009400) Train Loss: 0.1292, Train Steps/Sec: 1.98, Samples/Sec: 94.86
[[34m2025-06-05 04:36:42[0m] (step=0009500) Train Loss: 0.1249, Train Steps/Sec: 1.98, Samples/Sec: 95.22
[[34m2025-06-05 04:37:32[0m] (step=0009600) Train Loss: 0.1232, Train Steps/Sec: 1.98, Samples/Sec: 95.22
[[34m2025-06-05 04:38:23[0m] (step=0009700) Train Loss: 0.1213, Train Steps/Sec: 1.98, Samples/Sec: 95.11
[[34m2025-06-05 04:39:13[0m] (step=0009800) Train Loss: 0.1244, Train Steps/Sec: 1.98, Samples/Sec: 95.12
[[34m2025-06-05 04:40:04[0m] (step=0009900) Train Loss: 0.1231, Train Steps/Sec: 1.98, Samples/Sec: 95.11
[[34m2025-06-05 04:40:54[0m] (step=0010000) Train Loss: 0.1234, Train Steps/Sec: 1.98, Samples/Sec: 94.89
Using cache found in ./models/facebookresearch_dino_main
Using cache found in ./models/facebookresearch_dino_main
Using cache found in ./models/facebookresearch_dino_main
/data1/zwc/miniconda3/envs/nwm2/lib/python3.8/site-packages/torch/_utils.py:831: UserWarning: TypedStorage is deprecated. It will be removed in the future and UntypedStorage will be the only storage class. This should only matter to you if you are using storages directly.  To access UntypedStorage directly, use tensor.untyped_storage() instead of tensor.storage()
  return self.fget.__get__(instance, owner)()
/data1/zwc/miniconda3/envs/nwm2/lib/python3.8/site-packages/torch/_utils.py:831: UserWarning: TypedStorage is deprecated. It will be removed in the future and UntypedStorage will be the only storage class. This should only matter to you if you are using storages directly.  To access UntypedStorage directly, use tensor.untyped_storage() instead of tensor.storage()
  return self.fget.__get__(instance, owner)()
/data1/zwc/miniconda3/envs/nwm2/lib/python3.8/site-packages/torch/_utils.py:831: UserWarning: TypedStorage is deprecated. It will be removed in the future and UntypedStorage will be the only storage class. This should only matter to you if you are using storages directly.  To access UntypedStorage directly, use tensor.untyped_storage() instead of tensor.storage()
  return self.fget.__get__(instance, owner)()
/data1/zwc/miniconda3/envs/nwm2/lib/python3.8/site-packages/torch/nn/utils/weight_norm.py:30: UserWarning: torch.nn.utils.weight_norm is deprecated in favor of torch.nn.utils.parametrizations.weight_norm.
  warnings.warn("torch.nn.utils.weight_norm is deprecated in favor of torch.nn.utils.parametrizations.weight_norm.")
/data1/zwc/miniconda3/envs/nwm2/lib/python3.8/site-packages/torch/nn/utils/weight_norm.py:30: UserWarning: torch.nn.utils.weight_norm is deprecated in favor of torch.nn.utils.parametrizations.weight_norm.
  warnings.warn("torch.nn.utils.weight_norm is deprecated in favor of torch.nn.utils.parametrizations.weight_norm.")
/data1/zwc/miniconda3/envs/nwm2/lib/python3.8/site-packages/torch/nn/utils/weight_norm.py:30: UserWarning: torch.nn.utils.weight_norm is deprecated in favor of torch.nn.utils.parametrizations.weight_norm.
  warnings.warn("torch.nn.utils.weight_norm is deprecated in favor of torch.nn.utils.parametrizations.weight_norm.")
[[34m2025-06-05 04:41:11[0m] Saved checkpoint to logs/nwm_cdit_wuhan_union/checkpoints/latest.pth.tar
Using cache found in ./models/facebookresearch_dino_main
/data1/zwc/miniconda3/envs/nwm2/lib/python3.8/site-packages/torch/_utils.py:831: UserWarning: TypedStorage is deprecated. It will be removed in the future and UntypedStorage will be the only storage class. This should only matter to you if you are using storages directly.  To access UntypedStorage directly, use tensor.untyped_storage() instead of tensor.storage()
  return self.fget.__get__(instance, owner)()
/data1/zwc/miniconda3/envs/nwm2/lib/python3.8/site-packages/torch/nn/utils/weight_norm.py:30: UserWarning: torch.nn.utils.weight_norm is deprecated in favor of torch.nn.utils.parametrizations.weight_norm.
  warnings.warn("torch.nn.utils.weight_norm is deprecated in favor of torch.nn.utils.parametrizations.weight_norm.")
[[34m2025-06-05 04:41:14[0m] Already found a `peft_config` attribute in the model. This will lead to having multiple adapters in the model. Make sure to know what you are doing!
[[34m2025-06-05 04:43:15[0m] (step=0010000) Perceptual Loss: 0.8780, Eval Time: 123.66
[[34m2025-06-05 04:44:05[0m] (step=0010100) Train Loss: 0.1252, Train Steps/Sec: 0.52, Samples/Sec: 25.16
[[34m2025-06-05 04:44:56[0m] (step=0010200) Train Loss: 0.1210, Train Steps/Sec: 1.97, Samples/Sec: 94.76
[[34m2025-06-05 04:45:46[0m] (step=0010300) Train Loss: 0.1229, Train Steps/Sec: 1.98, Samples/Sec: 95.10
[[34m2025-06-05 04:46:37[0m] (step=0010400) Train Loss: 0.1197, Train Steps/Sec: 1.98, Samples/Sec: 95.09
[[34m2025-06-05 04:47:27[0m] (step=0010500) Train Loss: 0.1223, Train Steps/Sec: 1.97, Samples/Sec: 94.51
[[34m2025-06-05 04:48:18[0m] (step=0010600) Train Loss: 0.1240, Train Steps/Sec: 1.98, Samples/Sec: 95.03
[[34m2025-06-05 04:49:09[0m] (step=0010700) Train Loss: 0.1216, Train Steps/Sec: 1.98, Samples/Sec: 94.87
[[34m2025-06-05 04:49:59[0m] (step=0010800) Train Loss: 0.1226, Train Steps/Sec: 1.98, Samples/Sec: 94.91
[[34m2025-06-05 04:50:50[0m] (step=0010900) Train Loss: 0.1213, Train Steps/Sec: 1.98, Samples/Sec: 95.01
[[34m2025-06-05 04:51:40[0m] (step=0011000) Train Loss: 0.1201, Train Steps/Sec: 1.98, Samples/Sec: 95.05
[[34m2025-06-05 04:52:31[0m] (step=0011100) Train Loss: 0.1163, Train Steps/Sec: 1.98, Samples/Sec: 94.93
[[34m2025-06-05 04:53:21[0m] (step=0011200) Train Loss: 0.1192, Train Steps/Sec: 1.97, Samples/Sec: 94.57
[[34m2025-06-05 04:54:12[0m] (step=0011300) Train Loss: 0.1213, Train Steps/Sec: 1.98, Samples/Sec: 94.81
[[34m2025-06-05 04:55:03[0m] (step=0011400) Train Loss: 0.1252, Train Steps/Sec: 1.98, Samples/Sec: 95.02
[[34m2025-06-05 04:55:53[0m] (step=0011500) Train Loss: 0.1166, Train Steps/Sec: 1.98, Samples/Sec: 94.91
[[34m2025-06-05 04:56:44[0m] (step=0011600) Train Loss: 0.1157, Train Steps/Sec: 1.98, Samples/Sec: 95.07
[[34m2025-06-05 04:57:34[0m] (step=0011700) Train Loss: 0.1160, Train Steps/Sec: 1.98, Samples/Sec: 94.84
[[34m2025-06-05 04:58:25[0m] (step=0011800) Train Loss: 0.1216, Train Steps/Sec: 1.97, Samples/Sec: 94.58
[[34m2025-06-05 04:59:16[0m] (step=0011900) Train Loss: 0.1161, Train Steps/Sec: 1.98, Samples/Sec: 94.94
[[34m2025-06-05 05:00:06[0m] (step=0012000) Train Loss: 0.1197, Train Steps/Sec: 1.98, Samples/Sec: 95.06
[[34m2025-06-05 05:00:19[0m] Saved checkpoint to logs/nwm_cdit_wuhan_union/checkpoints/latest.pth.tar
[[34m2025-06-05 05:01:09[0m] (step=0012100) Train Loss: 0.1206, Train Steps/Sec: 1.58, Samples/Sec: 75.70
[[34m2025-06-05 05:01:20[0m] Beginning epoch 4...
[[34m2025-06-05 05:02:02[0m] (step=0012200) Train Loss: 0.1164, Train Steps/Sec: 1.92, Samples/Sec: 92.28
[[34m2025-06-05 05:02:52[0m] (step=0012300) Train Loss: 0.1198, Train Steps/Sec: 1.98, Samples/Sec: 95.09
[[34m2025-06-05 05:03:43[0m] (step=0012400) Train Loss: 0.1205, Train Steps/Sec: 1.98, Samples/Sec: 94.89
[[34m2025-06-05 05:04:33[0m] (step=0012500) Train Loss: 0.1195, Train Steps/Sec: 1.97, Samples/Sec: 94.53
[[34m2025-06-05 05:05:24[0m] (step=0012600) Train Loss: 0.1198, Train Steps/Sec: 1.98, Samples/Sec: 95.13
[[34m2025-06-05 05:06:14[0m] (step=0012700) Train Loss: 0.1151, Train Steps/Sec: 1.98, Samples/Sec: 95.07
[[34m2025-06-05 05:07:05[0m] (step=0012800) Train Loss: 0.1221, Train Steps/Sec: 1.98, Samples/Sec: 94.89
[[34m2025-06-05 05:07:55[0m] (step=0012900) Train Loss: 0.1132, Train Steps/Sec: 1.98, Samples/Sec: 95.06
[[34m2025-06-05 05:08:46[0m] (step=0013000) Train Loss: 0.1199, Train Steps/Sec: 1.98, Samples/Sec: 95.07
[[34m2025-06-05 05:09:37[0m] (step=0013100) Train Loss: 0.1178, Train Steps/Sec: 1.97, Samples/Sec: 94.79
[[34m2025-06-05 05:10:27[0m] (step=0013200) Train Loss: 0.1222, Train Steps/Sec: 1.97, Samples/Sec: 94.66
[[34m2025-06-05 05:11:18[0m] (step=0013300) Train Loss: 0.1190, Train Steps/Sec: 1.98, Samples/Sec: 94.99
[[34m2025-06-05 05:12:08[0m] (step=0013400) Train Loss: 0.1170, Train Steps/Sec: 1.98, Samples/Sec: 94.93
[[34m2025-06-05 05:12:59[0m] (step=0013500) Train Loss: 0.1196, Train Steps/Sec: 1.98, Samples/Sec: 94.88
[[34m2025-06-05 05:13:49[0m] (step=0013600) Train Loss: 0.1123, Train Steps/Sec: 1.98, Samples/Sec: 94.99
[[34m2025-06-05 05:14:40[0m] (step=0013700) Train Loss: 0.1163, Train Steps/Sec: 1.98, Samples/Sec: 95.00
[[34m2025-06-05 05:15:30[0m] (step=0013800) Train Loss: 0.1172, Train Steps/Sec: 1.98, Samples/Sec: 95.01
[[34m2025-06-05 05:16:21[0m] (step=0013900) Train Loss: 0.1173, Train Steps/Sec: 1.97, Samples/Sec: 94.56
[[34m2025-06-05 05:17:12[0m] (step=0014000) Train Loss: 0.1160, Train Steps/Sec: 1.98, Samples/Sec: 94.97
[[34m2025-06-05 05:17:26[0m] Saved checkpoint to logs/nwm_cdit_wuhan_union/checkpoints/latest.pth.tar
[[34m2025-06-05 05:18:17[0m] (step=0014100) Train Loss: 0.1199, Train Steps/Sec: 1.54, Samples/Sec: 74.07
[[34m2025-06-05 05:19:07[0m] (step=0014200) Train Loss: 0.1146, Train Steps/Sec: 1.98, Samples/Sec: 94.90
[[34m2025-06-05 05:19:58[0m] (step=0014300) Train Loss: 0.1165, Train Steps/Sec: 1.98, Samples/Sec: 95.07
[[34m2025-06-05 05:20:48[0m] (step=0014400) Train Loss: 0.1182, Train Steps/Sec: 1.98, Samples/Sec: 94.94
[[34m2025-06-05 05:21:39[0m] (step=0014500) Train Loss: 0.1152, Train Steps/Sec: 1.97, Samples/Sec: 94.53
[[34m2025-06-05 05:22:29[0m] (step=0014600) Train Loss: 0.1190, Train Steps/Sec: 1.98, Samples/Sec: 95.08
[[34m2025-06-05 05:23:20[0m] (step=0014700) Train Loss: 0.1151, Train Steps/Sec: 1.98, Samples/Sec: 94.89
[[34m2025-06-05 05:24:11[0m] (step=0014800) Train Loss: 0.1148, Train Steps/Sec: 1.98, Samples/Sec: 95.06
[[34m2025-06-05 05:25:01[0m] (step=0014900) Train Loss: 0.1168, Train Steps/Sec: 1.98, Samples/Sec: 95.03
[[34m2025-06-05 05:25:52[0m] (step=0015000) Train Loss: 0.1208, Train Steps/Sec: 1.98, Samples/Sec: 95.04
[[34m2025-06-05 05:26:42[0m] (step=0015100) Train Loss: 0.1186, Train Steps/Sec: 1.98, Samples/Sec: 95.04
[[34m2025-06-05 05:27:07[0m] Beginning epoch 5...
[[34m2025-06-05 05:27:34[0m] (step=0015200) Train Loss: 0.1162, Train Steps/Sec: 1.92, Samples/Sec: 92.19
[[34m2025-06-05 05:28:25[0m] (step=0015300) Train Loss: 0.1152, Train Steps/Sec: 1.97, Samples/Sec: 94.77
[[34m2025-06-05 05:29:15[0m] (step=0015400) Train Loss: 0.1162, Train Steps/Sec: 1.98, Samples/Sec: 94.85
[[34m2025-06-05 05:30:06[0m] (step=0015500) Train Loss: 0.1118, Train Steps/Sec: 1.98, Samples/Sec: 95.00
[[34m2025-06-05 05:30:56[0m] (step=0015600) Train Loss: 0.1076, Train Steps/Sec: 1.98, Samples/Sec: 95.05
[[34m2025-06-05 05:31:47[0m] (step=0015700) Train Loss: 0.1223, Train Steps/Sec: 1.98, Samples/Sec: 95.05
[[34m2025-06-05 05:32:38[0m] (step=0015800) Train Loss: 0.1122, Train Steps/Sec: 1.98, Samples/Sec: 94.94
[[34m2025-06-05 05:33:28[0m] (step=0015900) Train Loss: 0.1090, Train Steps/Sec: 1.97, Samples/Sec: 94.62
[[34m2025-06-05 05:34:19[0m] (step=0016000) Train Loss: 0.1157, Train Steps/Sec: 1.98, Samples/Sec: 95.07
[[34m2025-06-05 05:34:31[0m] Saved checkpoint to logs/nwm_cdit_wuhan_union/checkpoints/latest.pth.tar
[[34m2025-06-05 05:35:22[0m] (step=0016100) Train Loss: 0.1168, Train Steps/Sec: 1.58, Samples/Sec: 75.94
[[34m2025-06-05 05:36:13[0m] (step=0016200) Train Loss: 0.1106, Train Steps/Sec: 1.98, Samples/Sec: 94.90
[[34m2025-06-05 05:37:03[0m] (step=0016300) Train Loss: 0.1154, Train Steps/Sec: 1.98, Samples/Sec: 95.02
[[34m2025-06-05 05:37:54[0m] (step=0016400) Train Loss: 0.1098, Train Steps/Sec: 1.98, Samples/Sec: 94.85
[[34m2025-06-05 05:38:44[0m] (step=0016500) Train Loss: 0.1147, Train Steps/Sec: 1.98, Samples/Sec: 95.06
[[34m2025-06-05 05:39:35[0m] (step=0016600) Train Loss: 0.1143, Train Steps/Sec: 1.97, Samples/Sec: 94.76
[[34m2025-06-05 05:40:25[0m] (step=0016700) Train Loss: 0.1134, Train Steps/Sec: 1.98, Samples/Sec: 94.89
[[34m2025-06-05 05:41:16[0m] (step=0016800) Train Loss: 0.1093, Train Steps/Sec: 1.97, Samples/Sec: 94.77
[[34m2025-06-05 05:42:07[0m] (step=0016900) Train Loss: 0.1073, Train Steps/Sec: 1.98, Samples/Sec: 95.00
[[34m2025-06-05 05:42:57[0m] (step=0017000) Train Loss: 0.1166, Train Steps/Sec: 1.98, Samples/Sec: 95.04
[[34m2025-06-05 05:43:48[0m] (step=0017100) Train Loss: 0.1108, Train Steps/Sec: 1.98, Samples/Sec: 95.05
[[34m2025-06-05 05:44:38[0m] (step=0017200) Train Loss: 0.1108, Train Steps/Sec: 1.97, Samples/Sec: 94.71
[[34m2025-06-05 05:45:29[0m] (step=0017300) Train Loss: 0.1118, Train Steps/Sec: 1.98, Samples/Sec: 94.95
[[34m2025-06-05 05:46:19[0m] (step=0017400) Train Loss: 0.1108, Train Steps/Sec: 1.98, Samples/Sec: 94.94
[[34m2025-06-05 05:47:10[0m] (step=0017500) Train Loss: 0.1049, Train Steps/Sec: 1.98, Samples/Sec: 95.10
[[34m2025-06-05 05:48:00[0m] (step=0017600) Train Loss: 0.1110, Train Steps/Sec: 1.98, Samples/Sec: 94.99
[[34m2025-06-05 05:48:51[0m] (step=0017700) Train Loss: 0.1101, Train Steps/Sec: 1.98, Samples/Sec: 95.08
[[34m2025-06-05 05:49:41[0m] (step=0017800) Train Loss: 0.1118, Train Steps/Sec: 1.98, Samples/Sec: 95.06
[[34m2025-06-05 05:50:32[0m] (step=0017900) Train Loss: 0.1096, Train Steps/Sec: 1.98, Samples/Sec: 94.80
[[34m2025-06-05 05:51:22[0m] (step=0018000) Train Loss: 0.1100, Train Steps/Sec: 1.98, Samples/Sec: 95.10
[[34m2025-06-05 05:51:37[0m] Saved checkpoint to logs/nwm_cdit_wuhan_union/checkpoints/latest.pth.tar
[[34m2025-06-05 05:52:27[0m] (step=0018100) Train Loss: 0.1062, Train Steps/Sec: 1.54, Samples/Sec: 74.04
[[34m2025-06-05 05:53:08[0m] Beginning epoch 6...
[[34m2025-06-05 05:53:19[0m] (step=0018200) Train Loss: 0.1100, Train Steps/Sec: 1.93, Samples/Sec: 92.55
[[34m2025-06-05 05:54:10[0m] (step=0018300) Train Loss: 0.1125, Train Steps/Sec: 1.98, Samples/Sec: 95.04
[[34m2025-06-05 05:55:00[0m] (step=0018400) Train Loss: 0.1071, Train Steps/Sec: 1.98, Samples/Sec: 95.07
[[34m2025-06-05 05:55:51[0m] (step=0018500) Train Loss: 0.1098, Train Steps/Sec: 1.98, Samples/Sec: 95.04
[[34m2025-06-05 05:56:41[0m] (step=0018600) Train Loss: 0.1106, Train Steps/Sec: 1.97, Samples/Sec: 94.67
[[34m2025-06-05 05:57:32[0m] (step=0018700) Train Loss: 0.1102, Train Steps/Sec: 1.98, Samples/Sec: 94.84
[[34m2025-06-05 05:58:22[0m] (step=0018800) Train Loss: 0.1123, Train Steps/Sec: 1.98, Samples/Sec: 95.09
[[34m2025-06-05 05:59:13[0m] (step=0018900) Train Loss: 0.1109, Train Steps/Sec: 1.98, Samples/Sec: 95.08
[[34m2025-06-05 06:00:03[0m] (step=0019000) Train Loss: 0.1158, Train Steps/Sec: 1.98, Samples/Sec: 95.07
[[34m2025-06-05 06:00:54[0m] (step=0019100) Train Loss: 0.1069, Train Steps/Sec: 1.98, Samples/Sec: 95.07
[[34m2025-06-05 06:01:44[0m] (step=0019200) Train Loss: 0.1103, Train Steps/Sec: 1.98, Samples/Sec: 95.07
[[34m2025-06-05 06:02:35[0m] (step=0019300) Train Loss: 0.1126, Train Steps/Sec: 1.97, Samples/Sec: 94.59
[[34m2025-06-05 06:03:26[0m] (step=0019400) Train Loss: 0.1121, Train Steps/Sec: 1.98, Samples/Sec: 94.93
[[34m2025-06-05 06:04:16[0m] (step=0019500) Train Loss: 0.1137, Train Steps/Sec: 1.98, Samples/Sec: 95.10
[[34m2025-06-05 06:05:07[0m] (step=0019600) Train Loss: 0.1082, Train Steps/Sec: 1.98, Samples/Sec: 95.08
[[34m2025-06-05 06:05:57[0m] (step=0019700) Train Loss: 0.1059, Train Steps/Sec: 1.98, Samples/Sec: 95.07
[[34m2025-06-05 06:06:48[0m] (step=0019800) Train Loss: 0.1080, Train Steps/Sec: 1.98, Samples/Sec: 95.00
[[34m2025-06-05 06:07:38[0m] (step=0019900) Train Loss: 0.1163, Train Steps/Sec: 1.97, Samples/Sec: 94.55
[[34m2025-06-05 06:08:29[0m] (step=0020000) Train Loss: 0.1089, Train Steps/Sec: 1.98, Samples/Sec: 94.93
Using cache found in ./models/facebookresearch_dino_main
Using cache found in ./models/facebookresearch_dino_main
Using cache found in ./models/facebookresearch_dino_main
[[34m2025-06-05 06:08:55[0m] Saved checkpoint to logs/nwm_cdit_wuhan_union/checkpoints/0020000.pth.tar
Using cache found in ./models/facebookresearch_dino_main
[[34m2025-06-05 06:08:58[0m] Already found a `peft_config` attribute in the model. This will lead to having multiple adapters in the model. Make sure to know what you are doing!
[[34m2025-06-05 06:11:04[0m] (step=0020000) Perceptual Loss: 0.7637, Eval Time: 128.48
[[34m2025-06-05 06:11:54[0m] (step=0020100) Train Loss: 0.1110, Train Steps/Sec: 0.49, Samples/Sec: 23.37
[[34m2025-06-05 06:12:45[0m] (step=0020200) Train Loss: 0.1083, Train Steps/Sec: 1.98, Samples/Sec: 94.85
[[34m2025-06-05 06:13:36[0m] (step=0020300) Train Loss: 0.1038, Train Steps/Sec: 1.98, Samples/Sec: 95.08
[[34m2025-06-05 06:14:26[0m] (step=0020400) Train Loss: 0.1102, Train Steps/Sec: 1.98, Samples/Sec: 95.02
[[34m2025-06-05 06:15:17[0m] (step=0020500) Train Loss: 0.1120, Train Steps/Sec: 1.96, Samples/Sec: 94.27
[[34m2025-06-05 06:16:08[0m] (step=0020600) Train Loss: 0.1152, Train Steps/Sec: 1.97, Samples/Sec: 94.74
[[34m2025-06-05 06:16:58[0m] (step=0020700) Train Loss: 0.1043, Train Steps/Sec: 1.98, Samples/Sec: 95.00
[[34m2025-06-05 06:17:49[0m] (step=0020800) Train Loss: 0.1066, Train Steps/Sec: 1.98, Samples/Sec: 94.87
[[34m2025-06-05 06:18:39[0m] (step=0020900) Train Loss: 0.1139, Train Steps/Sec: 1.98, Samples/Sec: 94.91
[[34m2025-06-05 06:19:30[0m] (step=0021000) Train Loss: 0.1132, Train Steps/Sec: 1.98, Samples/Sec: 94.83
[[34m2025-06-05 06:20:21[0m] (step=0021100) Train Loss: 0.1054, Train Steps/Sec: 1.97, Samples/Sec: 94.66
[[34m2025-06-05 06:21:11[0m] (step=0021200) Train Loss: 0.1115, Train Steps/Sec: 1.97, Samples/Sec: 94.49
[[34m2025-06-05 06:21:17[0m] Beginning epoch 7...
[[34m2025-06-05 06:22:07[0m] (step=0021300) Train Loss: 0.1096, Train Steps/Sec: 1.82, Samples/Sec: 87.21
[[34m2025-06-05 06:22:57[0m] (step=0021400) Train Loss: 0.1078, Train Steps/Sec: 1.98, Samples/Sec: 95.13
[[34m2025-06-05 06:23:47[0m] (step=0021500) Train Loss: 0.1102, Train Steps/Sec: 1.98, Samples/Sec: 95.04
[[34m2025-06-05 06:24:38[0m] (step=0021600) Train Loss: 0.1103, Train Steps/Sec: 1.98, Samples/Sec: 94.88
[[34m2025-06-05 06:25:29[0m] (step=0021700) Train Loss: 0.1099, Train Steps/Sec: 1.98, Samples/Sec: 95.03
[[34m2025-06-05 06:26:19[0m] (step=0021800) Train Loss: 0.1063, Train Steps/Sec: 1.97, Samples/Sec: 94.48
[[34m2025-06-05 06:27:10[0m] (step=0021900) Train Loss: 0.1071, Train Steps/Sec: 1.98, Samples/Sec: 94.81
[[34m2025-06-05 06:28:00[0m] (step=0022000) Train Loss: 0.1055, Train Steps/Sec: 1.98, Samples/Sec: 95.12
[[34m2025-06-05 06:28:13[0m] Saved checkpoint to logs/nwm_cdit_wuhan_union/checkpoints/latest.pth.tar
[[34m2025-06-05 06:29:04[0m] (step=0022100) Train Loss: 0.1052, Train Steps/Sec: 1.58, Samples/Sec: 75.87
[[34m2025-06-05 06:29:54[0m] (step=0022200) Train Loss: 0.1095, Train Steps/Sec: 1.98, Samples/Sec: 94.98
[[34m2025-06-05 06:30:45[0m] (step=0022300) Train Loss: 0.1070, Train Steps/Sec: 1.98, Samples/Sec: 95.13
[[34m2025-06-05 06:31:35[0m] (step=0022400) Train Loss: 0.1086, Train Steps/Sec: 1.98, Samples/Sec: 95.12
[[34m2025-06-05 06:32:26[0m] (step=0022500) Train Loss: 0.1094, Train Steps/Sec: 1.96, Samples/Sec: 94.23
[[34m2025-06-05 06:33:17[0m] (step=0022600) Train Loss: 0.1105, Train Steps/Sec: 1.98, Samples/Sec: 94.82
[[34m2025-06-05 06:34:07[0m] (step=0022700) Train Loss: 0.1036, Train Steps/Sec: 1.98, Samples/Sec: 95.11
[[34m2025-06-05 06:34:58[0m] (step=0022800) Train Loss: 0.1072, Train Steps/Sec: 1.98, Samples/Sec: 94.81
[[34m2025-06-05 06:35:48[0m] (step=0022900) Train Loss: 0.1066, Train Steps/Sec: 1.98, Samples/Sec: 94.94
[[34m2025-06-05 06:36:39[0m] (step=0023000) Train Loss: 0.1058, Train Steps/Sec: 1.98, Samples/Sec: 94.95
[[34m2025-06-05 06:37:29[0m] (step=0023100) Train Loss: 0.1043, Train Steps/Sec: 1.98, Samples/Sec: 95.09
[[34m2025-06-05 06:38:20[0m] (step=0023200) Train Loss: 0.1118, Train Steps/Sec: 1.97, Samples/Sec: 94.40
[[34m2025-06-05 06:39:11[0m] (step=0023300) Train Loss: 0.1091, Train Steps/Sec: 1.98, Samples/Sec: 95.11
[[34m2025-06-05 06:40:01[0m] (step=0023400) Train Loss: 0.1122, Train Steps/Sec: 1.98, Samples/Sec: 95.04
[[34m2025-06-05 06:40:52[0m] (step=0023500) Train Loss: 0.1050, Train Steps/Sec: 1.98, Samples/Sec: 95.07
[[34m2025-06-05 06:41:42[0m] (step=0023600) Train Loss: 0.1106, Train Steps/Sec: 1.98, Samples/Sec: 94.96
[[34m2025-06-05 06:42:33[0m] (step=0023700) Train Loss: 0.1055, Train Steps/Sec: 1.98, Samples/Sec: 94.97
[[34m2025-06-05 06:43:23[0m] (step=0023800) Train Loss: 0.1114, Train Steps/Sec: 1.98, Samples/Sec: 94.90
[[34m2025-06-05 06:44:14[0m] (step=0023900) Train Loss: 0.1034, Train Steps/Sec: 1.97, Samples/Sec: 94.59
[[34m2025-06-05 06:45:05[0m] (step=0024000) Train Loss: 0.1093, Train Steps/Sec: 1.98, Samples/Sec: 95.10
[[34m2025-06-05 06:45:19[0m] Saved checkpoint to logs/nwm_cdit_wuhan_union/checkpoints/latest.pth.tar
[[34m2025-06-05 06:46:10[0m] (step=0024100) Train Loss: 0.1115, Train Steps/Sec: 1.54, Samples/Sec: 73.82
[[34m2025-06-05 06:47:00[0m] (step=0024200) Train Loss: 0.1047, Train Steps/Sec: 1.98, Samples/Sec: 95.03
[[34m2025-06-05 06:47:20[0m] Beginning epoch 8...
[[34m2025-06-05 06:47:52[0m] (step=0024300) Train Loss: 0.1009, Train Steps/Sec: 1.93, Samples/Sec: 92.82
[[34m2025-06-05 06:48:42[0m] (step=0024400) Train Loss: 0.1055, Train Steps/Sec: 1.98, Samples/Sec: 95.13
[[34m2025-06-05 06:49:33[0m] (step=0024500) Train Loss: 0.1049, Train Steps/Sec: 1.97, Samples/Sec: 94.32
[[34m2025-06-05 06:50:24[0m] (step=0024600) Train Loss: 0.1073, Train Steps/Sec: 1.98, Samples/Sec: 95.08
[[34m2025-06-05 06:51:14[0m] (step=0024700) Train Loss: 0.1052, Train Steps/Sec: 1.98, Samples/Sec: 95.01
[[34m2025-06-05 06:52:05[0m] (step=0024800) Train Loss: 0.1105, Train Steps/Sec: 1.98, Samples/Sec: 95.04
[[34m2025-06-05 06:52:55[0m] (step=0024900) Train Loss: 0.1075, Train Steps/Sec: 1.98, Samples/Sec: 95.01
[[34m2025-06-05 06:53:46[0m] (step=0025000) Train Loss: 0.1072, Train Steps/Sec: 1.98, Samples/Sec: 95.03
[[34m2025-06-05 06:54:36[0m] (step=0025100) Train Loss: 0.1051, Train Steps/Sec: 1.98, Samples/Sec: 94.83
[[34m2025-06-05 06:55:27[0m] (step=0025200) Train Loss: 0.1073, Train Steps/Sec: 1.97, Samples/Sec: 94.49
[[34m2025-06-05 06:56:18[0m] (step=0025300) Train Loss: 0.1051, Train Steps/Sec: 1.98, Samples/Sec: 94.85
[[34m2025-06-05 06:57:08[0m] (step=0025400) Train Loss: 0.1007, Train Steps/Sec: 1.98, Samples/Sec: 95.10
[[34m2025-06-05 06:57:59[0m] (step=0025500) Train Loss: 0.1048, Train Steps/Sec: 1.98, Samples/Sec: 95.00
[[34m2025-06-05 06:58:49[0m] (step=0025600) Train Loss: 0.1091, Train Steps/Sec: 1.98, Samples/Sec: 94.99
[[34m2025-06-05 06:59:40[0m] (step=0025700) Train Loss: 0.1037, Train Steps/Sec: 1.98, Samples/Sec: 94.99
[[34m2025-06-05 07:00:31[0m] (step=0025800) Train Loss: 0.1047, Train Steps/Sec: 1.97, Samples/Sec: 94.66
[[34m2025-06-05 07:01:21[0m] (step=0025900) Train Loss: 0.1026, Train Steps/Sec: 1.97, Samples/Sec: 94.63
[[34m2025-06-05 07:02:12[0m] (step=0026000) Train Loss: 0.1051, Train Steps/Sec: 1.98, Samples/Sec: 94.91
[[34m2025-06-05 07:02:25[0m] Saved checkpoint to logs/nwm_cdit_wuhan_union/checkpoints/latest.pth.tar
[[34m2025-06-05 07:03:16[0m] (step=0026100) Train Loss: 0.1058, Train Steps/Sec: 1.57, Samples/Sec: 75.20
[[34m2025-06-05 07:04:06[0m] (step=0026200) Train Loss: 0.1036, Train Steps/Sec: 1.98, Samples/Sec: 95.04
[[34m2025-06-05 07:04:57[0m] (step=0026300) Train Loss: 0.1026, Train Steps/Sec: 1.98, Samples/Sec: 95.07
[[34m2025-06-05 07:05:47[0m] (step=0026400) Train Loss: 0.1039, Train Steps/Sec: 1.98, Samples/Sec: 94.91
[[34m2025-06-05 07:06:38[0m] (step=0026500) Train Loss: 0.1121, Train Steps/Sec: 1.98, Samples/Sec: 94.90
[[34m2025-06-05 07:07:29[0m] (step=0026600) Train Loss: 0.1070, Train Steps/Sec: 1.97, Samples/Sec: 94.61
[[34m2025-06-05 07:08:19[0m] (step=0026700) Train Loss: 0.1000, Train Steps/Sec: 1.98, Samples/Sec: 95.09
[[34m2025-06-05 07:09:10[0m] (step=0026800) Train Loss: 0.1038, Train Steps/Sec: 1.98, Samples/Sec: 95.11
[[34m2025-06-05 07:10:00[0m] (step=0026900) Train Loss: 0.1008, Train Steps/Sec: 1.98, Samples/Sec: 95.03
[[34m2025-06-05 07:10:51[0m] (step=0027000) Train Loss: 0.1029, Train Steps/Sec: 1.98, Samples/Sec: 95.05
[[34m2025-06-05 07:11:41[0m] (step=0027100) Train Loss: 0.1045, Train Steps/Sec: 1.98, Samples/Sec: 94.93
[[34m2025-06-05 07:12:32[0m] (step=0027200) Train Loss: 0.1054, Train Steps/Sec: 1.97, Samples/Sec: 94.61
[[34m2025-06-05 07:13:07[0m] Beginning epoch 9...
[[34m2025-06-05 07:13:24[0m] (step=0027300) Train Loss: 0.1039, Train Steps/Sec: 1.92, Samples/Sec: 92.33
[[34m2025-06-05 07:14:15[0m] (step=0027400) Train Loss: 0.1025, Train Steps/Sec: 1.98, Samples/Sec: 94.85
[[34m2025-06-05 07:15:05[0m] (step=0027500) Train Loss: 0.1038, Train Steps/Sec: 1.98, Samples/Sec: 94.80
[[34m2025-06-05 07:15:56[0m] (step=0027600) Train Loss: 0.1028, Train Steps/Sec: 1.98, Samples/Sec: 95.05
[[34m2025-06-05 07:16:46[0m] (step=0027700) Train Loss: 0.1075, Train Steps/Sec: 1.98, Samples/Sec: 95.09
[[34m2025-06-05 07:17:37[0m] (step=0027800) Train Loss: 0.1047, Train Steps/Sec: 1.98, Samples/Sec: 94.81
[[34m2025-06-05 07:18:28[0m] (step=0027900) Train Loss: 0.1014, Train Steps/Sec: 1.97, Samples/Sec: 94.51
[[34m2025-06-05 07:19:18[0m] (step=0028000) Train Loss: 0.0993, Train Steps/Sec: 1.98, Samples/Sec: 95.10
[[34m2025-06-05 07:19:31[0m] Saved checkpoint to logs/nwm_cdit_wuhan_union/checkpoints/latest.pth.tar
[[34m2025-06-05 07:20:21[0m] (step=0028100) Train Loss: 0.1025, Train Steps/Sec: 1.58, Samples/Sec: 75.67
[[34m2025-06-05 07:21:12[0m] (step=0028200) Train Loss: 0.1063, Train Steps/Sec: 1.98, Samples/Sec: 95.12
[[34m2025-06-05 07:22:02[0m] (step=0028300) Train Loss: 0.1056, Train Steps/Sec: 1.98, Samples/Sec: 95.06
[[34m2025-06-05 07:22:53[0m] (step=0028400) Train Loss: 0.1029, Train Steps/Sec: 1.98, Samples/Sec: 94.92
[[34m2025-06-05 07:23:43[0m] (step=0028500) Train Loss: 0.1022, Train Steps/Sec: 1.98, Samples/Sec: 95.09
[[34m2025-06-05 07:24:34[0m] (step=0028600) Train Loss: 0.1050, Train Steps/Sec: 1.97, Samples/Sec: 94.75
[[34m2025-06-05 07:25:25[0m] (step=0028700) Train Loss: 0.1038, Train Steps/Sec: 1.98, Samples/Sec: 94.95
[[34m2025-06-05 07:26:15[0m] (step=0028800) Train Loss: 0.0984, Train Steps/Sec: 1.98, Samples/Sec: 95.09
[[34m2025-06-05 07:27:06[0m] (step=0028900) Train Loss: 0.1007, Train Steps/Sec: 1.98, Samples/Sec: 95.12
[[34m2025-06-05 07:27:56[0m] (step=0029000) Train Loss: 0.1026, Train Steps/Sec: 1.98, Samples/Sec: 94.94
[[34m2025-06-05 07:28:47[0m] (step=0029100) Train Loss: 0.1033, Train Steps/Sec: 1.98, Samples/Sec: 95.00
[[34m2025-06-05 07:29:37[0m] (step=0029200) Train Loss: 0.1029, Train Steps/Sec: 1.97, Samples/Sec: 94.55
[[34m2025-06-05 07:30:28[0m] (step=0029300) Train Loss: 0.1045, Train Steps/Sec: 1.98, Samples/Sec: 94.90
[[34m2025-06-05 07:31:19[0m] (step=0029400) Train Loss: 0.0977, Train Steps/Sec: 1.98, Samples/Sec: 95.12
[[34m2025-06-05 07:32:09[0m] (step=0029500) Train Loss: 0.1051, Train Steps/Sec: 1.98, Samples/Sec: 94.94
[[34m2025-06-05 07:33:00[0m] (step=0029600) Train Loss: 0.1037, Train Steps/Sec: 1.98, Samples/Sec: 95.09
[[34m2025-06-05 07:33:50[0m] (step=0029700) Train Loss: 0.1010, Train Steps/Sec: 1.98, Samples/Sec: 94.97
[[34m2025-06-05 07:34:41[0m] (step=0029800) Train Loss: 0.0987, Train Steps/Sec: 1.98, Samples/Sec: 95.07
[[34m2025-06-05 07:35:31[0m] (step=0029900) Train Loss: 0.1015, Train Steps/Sec: 1.97, Samples/Sec: 94.68
[[34m2025-06-05 07:36:22[0m] (step=0030000) Train Loss: 0.1022, Train Steps/Sec: 1.98, Samples/Sec: 95.05
Using cache found in ./models/facebookresearch_dino_main
Using cache found in ./models/facebookresearch_dino_main
Using cache found in ./models/facebookresearch_dino_main
[[34m2025-06-05 07:36:36[0m] Saved checkpoint to logs/nwm_cdit_wuhan_union/checkpoints/latest.pth.tar
Using cache found in ./models/facebookresearch_dino_main
[[34m2025-06-05 07:36:39[0m] Already found a `peft_config` attribute in the model. This will lead to having multiple adapters in the model. Make sure to know what you are doing!
[[34m2025-06-05 07:38:40[0m] (step=0030000) Perceptual Loss: 0.4709, Eval Time: 123.31
[[34m2025-06-05 07:39:30[0m] (step=0030100) Train Loss: 0.1063, Train Steps/Sec: 0.53, Samples/Sec: 25.49
[[34m2025-06-05 07:40:21[0m] (step=0030200) Train Loss: 0.1072, Train Steps/Sec: 1.98, Samples/Sec: 94.92
[[34m2025-06-05 07:41:11[0m] (step=0030300) Train Loss: 0.0987, Train Steps/Sec: 1.98, Samples/Sec: 94.96
[[34m2025-06-05 07:41:11[0m] Beginning epoch 10...
[[34m2025-06-05 07:42:03[0m] (step=0030400) Train Loss: 0.0990, Train Steps/Sec: 1.94, Samples/Sec: 92.91
[[34m2025-06-05 07:42:54[0m] (step=0030500) Train Loss: 0.1006, Train Steps/Sec: 1.97, Samples/Sec: 94.50
[[34m2025-06-05 07:43:44[0m] (step=0030600) Train Loss: 0.1019, Train Steps/Sec: 1.98, Samples/Sec: 95.11
[[34m2025-06-05 07:44:35[0m] (step=0030700) Train Loss: 0.0992, Train Steps/Sec: 1.98, Samples/Sec: 95.15
[[34m2025-06-05 07:45:25[0m] (step=0030800) Train Loss: 0.1005, Train Steps/Sec: 1.98, Samples/Sec: 95.09
[[34m2025-06-05 07:46:16[0m] (step=0030900) Train Loss: 0.1012, Train Steps/Sec: 1.98, Samples/Sec: 95.07
[[34m2025-06-05 07:47:06[0m] (step=0031000) Train Loss: 0.1029, Train Steps/Sec: 1.97, Samples/Sec: 94.75
[[34m2025-06-05 07:47:57[0m] (step=0031100) Train Loss: 0.1022, Train Steps/Sec: 1.98, Samples/Sec: 94.93
[[34m2025-06-05 07:48:47[0m] (step=0031200) Train Loss: 0.1054, Train Steps/Sec: 1.97, Samples/Sec: 94.65
[[34m2025-06-05 07:49:38[0m] (step=0031300) Train Loss: 0.1043, Train Steps/Sec: 1.98, Samples/Sec: 95.04
[[34m2025-06-05 07:50:29[0m] (step=0031400) Train Loss: 0.1005, Train Steps/Sec: 1.97, Samples/Sec: 94.71
[[34m2025-06-05 07:51:19[0m] (step=0031500) Train Loss: 0.0999, Train Steps/Sec: 1.98, Samples/Sec: 94.99
[[34m2025-06-05 07:52:10[0m] (step=0031600) Train Loss: 0.1012, Train Steps/Sec: 1.98, Samples/Sec: 95.00
[[34m2025-06-05 07:53:00[0m] (step=0031700) Train Loss: 0.1036, Train Steps/Sec: 1.97, Samples/Sec: 94.77
[[34m2025-06-05 07:53:51[0m] (step=0031800) Train Loss: 0.0998, Train Steps/Sec: 1.97, Samples/Sec: 94.57
[[34m2025-06-05 07:54:42[0m] (step=0031900) Train Loss: 0.1033, Train Steps/Sec: 1.98, Samples/Sec: 95.05
[[34m2025-06-05 07:55:32[0m] (step=0032000) Train Loss: 0.1044, Train Steps/Sec: 1.98, Samples/Sec: 95.07
[[34m2025-06-05 07:55:46[0m] Saved checkpoint to logs/nwm_cdit_wuhan_union/checkpoints/latest.pth.tar
[[34m2025-06-05 07:56:37[0m] (step=0032100) Train Loss: 0.1014, Train Steps/Sec: 1.55, Samples/Sec: 74.35
[[34m2025-06-05 07:57:27[0m] (step=0032200) Train Loss: 0.1046, Train Steps/Sec: 1.98, Samples/Sec: 94.81
[[34m2025-06-05 07:58:18[0m] (step=0032300) Train Loss: 0.1056, Train Steps/Sec: 1.97, Samples/Sec: 94.57
[[34m2025-06-05 07:59:09[0m] (step=0032400) Train Loss: 0.0973, Train Steps/Sec: 1.98, Samples/Sec: 95.07
[[34m2025-06-05 07:59:59[0m] (step=0032500) Train Loss: 0.0972, Train Steps/Sec: 1.97, Samples/Sec: 94.37
[[34m2025-06-05 08:00:50[0m] (step=0032600) Train Loss: 0.0987, Train Steps/Sec: 1.98, Samples/Sec: 95.08
[[34m2025-06-05 08:01:40[0m] (step=0032700) Train Loss: 0.1029, Train Steps/Sec: 1.98, Samples/Sec: 95.06
[[34m2025-06-05 08:02:31[0m] (step=0032800) Train Loss: 0.0968, Train Steps/Sec: 1.98, Samples/Sec: 95.06
[[34m2025-06-05 08:03:22[0m] (step=0032900) Train Loss: 0.1019, Train Steps/Sec: 1.97, Samples/Sec: 94.58
[[34m2025-06-05 08:04:12[0m] (step=0033000) Train Loss: 0.0953, Train Steps/Sec: 1.98, Samples/Sec: 95.11
[[34m2025-06-05 08:05:03[0m] (step=0033100) Train Loss: 0.1054, Train Steps/Sec: 1.98, Samples/Sec: 95.10
[[34m2025-06-05 08:05:53[0m] (step=0033200) Train Loss: 0.1004, Train Steps/Sec: 1.97, Samples/Sec: 94.61
[[34m2025-06-05 08:06:44[0m] (step=0033300) Train Loss: 0.1036, Train Steps/Sec: 1.98, Samples/Sec: 95.14
[[34m2025-06-05 08:06:59[0m] Beginning epoch 11...
[[34m2025-06-05 08:07:36[0m] (step=0033400) Train Loss: 0.1010, Train Steps/Sec: 1.93, Samples/Sec: 92.62
[[34m2025-06-05 08:08:26[0m] (step=0033500) Train Loss: 0.1016, Train Steps/Sec: 1.98, Samples/Sec: 95.10
[[34m2025-06-05 08:09:17[0m] (step=0033600) Train Loss: 0.1071, Train Steps/Sec: 1.98, Samples/Sec: 94.90
[[34m2025-06-05 08:10:07[0m] (step=0033700) Train Loss: 0.0964, Train Steps/Sec: 1.98, Samples/Sec: 94.97
[[34m2025-06-05 08:10:58[0m] (step=0033800) Train Loss: 0.1042, Train Steps/Sec: 1.98, Samples/Sec: 94.91
[[34m2025-06-05 08:11:48[0m] (step=0033900) Train Loss: 0.0953, Train Steps/Sec: 1.98, Samples/Sec: 94.94
[[34m2025-06-05 08:12:39[0m] (step=0034000) Train Loss: 0.1012, Train Steps/Sec: 1.98, Samples/Sec: 94.99
[[34m2025-06-05 08:12:51[0m] Saved checkpoint to logs/nwm_cdit_wuhan_union/checkpoints/latest.pth.tar
[[34m2025-06-05 08:13:42[0m] (step=0034100) Train Loss: 0.0945, Train Steps/Sec: 1.59, Samples/Sec: 76.16
[[34m2025-06-05 08:14:33[0m] (step=0034200) Train Loss: 0.1011, Train Steps/Sec: 1.98, Samples/Sec: 94.88
[[34m2025-06-05 08:15:23[0m] (step=0034300) Train Loss: 0.0970, Train Steps/Sec: 1.98, Samples/Sec: 95.07
[[34m2025-06-05 08:16:14[0m] (step=0034400) Train Loss: 0.0985, Train Steps/Sec: 1.98, Samples/Sec: 94.99
[[34m2025-06-05 08:17:04[0m] (step=0034500) Train Loss: 0.0981, Train Steps/Sec: 1.97, Samples/Sec: 94.60
[[34m2025-06-05 08:17:55[0m] (step=0034600) Train Loss: 0.1002, Train Steps/Sec: 1.98, Samples/Sec: 95.11
[[34m2025-06-05 08:18:45[0m] (step=0034700) Train Loss: 0.1001, Train Steps/Sec: 1.98, Samples/Sec: 94.85
[[34m2025-06-05 08:19:36[0m] (step=0034800) Train Loss: 0.1015, Train Steps/Sec: 1.98, Samples/Sec: 95.07
[[34m2025-06-05 08:20:26[0m] (step=0034900) Train Loss: 0.0957, Train Steps/Sec: 1.98, Samples/Sec: 94.99
[[34m2025-06-05 08:21:17[0m] (step=0035000) Train Loss: 0.0978, Train Steps/Sec: 1.98, Samples/Sec: 95.12
[[34m2025-06-05 08:22:07[0m] (step=0035100) Train Loss: 0.1015, Train Steps/Sec: 1.98, Samples/Sec: 95.08
[[34m2025-06-05 08:22:58[0m] (step=0035200) Train Loss: 0.0912, Train Steps/Sec: 1.97, Samples/Sec: 94.61
[[34m2025-06-05 08:23:49[0m] (step=0035300) Train Loss: 0.0973, Train Steps/Sec: 1.98, Samples/Sec: 95.13
[[34m2025-06-05 08:24:39[0m] (step=0035400) Train Loss: 0.0989, Train Steps/Sec: 1.98, Samples/Sec: 95.12
[[34m2025-06-05 08:25:29[0m] (step=0035500) Train Loss: 0.1049, Train Steps/Sec: 1.98, Samples/Sec: 95.12
[[34m2025-06-05 08:26:20[0m] (step=0035600) Train Loss: 0.1004, Train Steps/Sec: 1.98, Samples/Sec: 94.95
[[34m2025-06-05 08:27:10[0m] (step=0035700) Train Loss: 0.0941, Train Steps/Sec: 1.98, Samples/Sec: 95.13
[[34m2025-06-05 08:28:01[0m] (step=0035800) Train Loss: 0.0958, Train Steps/Sec: 1.98, Samples/Sec: 95.02
[[34m2025-06-05 08:28:52[0m] (step=0035900) Train Loss: 0.0942, Train Steps/Sec: 1.97, Samples/Sec: 94.59
[[34m2025-06-05 08:29:42[0m] (step=0036000) Train Loss: 0.0994, Train Steps/Sec: 1.98, Samples/Sec: 95.12
[[34m2025-06-05 08:29:57[0m] Saved checkpoint to logs/nwm_cdit_wuhan_union/checkpoints/latest.pth.tar
[[34m2025-06-05 08:30:47[0m] (step=0036100) Train Loss: 0.1022, Train Steps/Sec: 1.53, Samples/Sec: 73.49
[[34m2025-06-05 08:31:38[0m] (step=0036200) Train Loss: 0.0949, Train Steps/Sec: 1.98, Samples/Sec: 95.04
[[34m2025-06-05 08:32:28[0m] (step=0036300) Train Loss: 0.1032, Train Steps/Sec: 1.98, Samples/Sec: 95.13
[[34m2025-06-05 08:32:59[0m] Beginning epoch 12...
[[34m2025-06-05 08:33:20[0m] (step=0036400) Train Loss: 0.0968, Train Steps/Sec: 1.93, Samples/Sec: 92.68
[[34m2025-06-05 08:34:11[0m] (step=0036500) Train Loss: 0.0973, Train Steps/Sec: 1.97, Samples/Sec: 94.75
[[34m2025-06-05 08:35:02[0m] (step=0036600) Train Loss: 0.1023, Train Steps/Sec: 1.98, Samples/Sec: 94.82
[[34m2025-06-05 08:35:52[0m] (step=0036700) Train Loss: 0.0974, Train Steps/Sec: 1.98, Samples/Sec: 94.96
[[34m2025-06-05 08:36:43[0m] (step=0036800) Train Loss: 0.0927, Train Steps/Sec: 1.97, Samples/Sec: 94.62
[[34m2025-06-05 08:37:33[0m] (step=0036900) Train Loss: 0.1050, Train Steps/Sec: 1.98, Samples/Sec: 95.07
[[34m2025-06-05 08:38:24[0m] (step=0037000) Train Loss: 0.0997, Train Steps/Sec: 1.97, Samples/Sec: 94.76
[[34m2025-06-05 08:39:14[0m] (step=0037100) Train Loss: 0.1018, Train Steps/Sec: 1.98, Samples/Sec: 95.01
[[34m2025-06-05 08:40:05[0m] (step=0037200) Train Loss: 0.0967, Train Steps/Sec: 1.97, Samples/Sec: 94.63
[[34m2025-06-05 08:40:56[0m] (step=0037300) Train Loss: 0.0989, Train Steps/Sec: 1.98, Samples/Sec: 95.11
[[34m2025-06-05 08:41:46[0m] (step=0037400) Train Loss: 0.1012, Train Steps/Sec: 1.98, Samples/Sec: 95.08
[[34m2025-06-05 08:42:37[0m] (step=0037500) Train Loss: 0.0993, Train Steps/Sec: 1.98, Samples/Sec: 94.91
[[34m2025-06-05 08:43:27[0m] (step=0037600) Train Loss: 0.1007, Train Steps/Sec: 1.98, Samples/Sec: 95.09
[[34m2025-06-05 08:44:18[0m] (step=0037700) Train Loss: 0.0997, Train Steps/Sec: 1.98, Samples/Sec: 95.08
[[34m2025-06-05 08:45:08[0m] (step=0037800) Train Loss: 0.0954, Train Steps/Sec: 1.98, Samples/Sec: 95.10
[[34m2025-06-05 08:45:59[0m] (step=0037900) Train Loss: 0.1018, Train Steps/Sec: 1.97, Samples/Sec: 94.56
[[34m2025-06-05 08:46:49[0m] (step=0038000) Train Loss: 0.0947, Train Steps/Sec: 1.98, Samples/Sec: 95.12
[[34m2025-06-05 08:47:02[0m] Saved checkpoint to logs/nwm_cdit_wuhan_union/checkpoints/latest.pth.tar
[[34m2025-06-05 08:47:53[0m] (step=0038100) Train Loss: 0.0983, Train Steps/Sec: 1.58, Samples/Sec: 75.84
[[34m2025-06-05 08:48:43[0m] (step=0038200) Train Loss: 0.0959, Train Steps/Sec: 1.98, Samples/Sec: 95.07
[[34m2025-06-05 08:49:34[0m] (step=0038300) Train Loss: 0.0983, Train Steps/Sec: 1.98, Samples/Sec: 95.10
[[34m2025-06-05 08:50:24[0m] (step=0038400) Train Loss: 0.0955, Train Steps/Sec: 1.98, Samples/Sec: 95.10
[[34m2025-06-05 08:51:15[0m] (step=0038500) Train Loss: 0.0979, Train Steps/Sec: 1.98, Samples/Sec: 95.02
[[34m2025-06-05 08:52:05[0m] (step=0038600) Train Loss: 0.1027, Train Steps/Sec: 1.97, Samples/Sec: 94.49
[[34m2025-06-05 08:52:56[0m] (step=0038700) Train Loss: 0.1008, Train Steps/Sec: 1.97, Samples/Sec: 94.76
[[34m2025-06-05 08:53:47[0m] (step=0038800) Train Loss: 0.0975, Train Steps/Sec: 1.98, Samples/Sec: 94.91
[[34m2025-06-05 08:54:37[0m] (step=0038900) Train Loss: 0.0941, Train Steps/Sec: 1.98, Samples/Sec: 95.03
[[34m2025-06-05 08:55:28[0m] (step=0039000) Train Loss: 0.0995, Train Steps/Sec: 1.97, Samples/Sec: 94.77
[[34m2025-06-05 08:56:18[0m] (step=0039100) Train Loss: 0.0962, Train Steps/Sec: 1.98, Samples/Sec: 95.12
[[34m2025-06-05 08:57:09[0m] (step=0039200) Train Loss: 0.0945, Train Steps/Sec: 1.97, Samples/Sec: 94.62
[[34m2025-06-05 08:58:00[0m] (step=0039300) Train Loss: 0.0993, Train Steps/Sec: 1.98, Samples/Sec: 94.88
[[34m2025-06-05 08:58:45[0m] Beginning epoch 13...
[[34m2025-06-05 08:58:51[0m] (step=0039400) Train Loss: 0.0968, Train Steps/Sec: 1.94, Samples/Sec: 93.13
[[34m2025-06-05 08:59:42[0m] (step=0039500) Train Loss: 0.0986, Train Steps/Sec: 1.98, Samples/Sec: 94.86
[[34m2025-06-05 09:00:32[0m] (step=0039600) Train Loss: 0.0950, Train Steps/Sec: 1.98, Samples/Sec: 95.07
[[34m2025-06-05 09:01:23[0m] (step=0039700) Train Loss: 0.0967, Train Steps/Sec: 1.98, Samples/Sec: 95.02
[[34m2025-06-05 09:02:13[0m] (step=0039800) Train Loss: 0.0961, Train Steps/Sec: 1.98, Samples/Sec: 95.06
[[34m2025-06-05 09:03:04[0m] (step=0039900) Train Loss: 0.0987, Train Steps/Sec: 1.97, Samples/Sec: 94.47
[[34m2025-06-05 09:03:55[0m] (step=0040000) Train Loss: 0.0995, Train Steps/Sec: 1.98, Samples/Sec: 95.11
Using cache found in ./models/facebookresearch_dino_main
Using cache found in ./models/facebookresearch_dino_main
Using cache found in ./models/facebookresearch_dino_main
[[34m2025-06-05 09:04:21[0m] Saved checkpoint to logs/nwm_cdit_wuhan_union/checkpoints/0040000.pth.tar
Using cache found in ./models/facebookresearch_dino_main
[[34m2025-06-05 09:04:24[0m] Already found a `peft_config` attribute in the model. This will lead to having multiple adapters in the model. Make sure to know what you are doing!
[[34m2025-06-05 09:06:29[0m] (step=0040000) Perceptual Loss: 0.3408, Eval Time: 127.59
[[34m2025-06-05 09:07:19[0m] (step=0040100) Train Loss: 0.0942, Train Steps/Sec: 0.49, Samples/Sec: 23.44
[[34m2025-06-05 09:08:10[0m] (step=0040200) Train Loss: 0.0970, Train Steps/Sec: 1.98, Samples/Sec: 94.86
[[34m2025-06-05 09:09:00[0m] (step=0040300) Train Loss: 0.0973, Train Steps/Sec: 1.98, Samples/Sec: 94.91
[[34m2025-06-05 09:09:51[0m] (step=0040400) Train Loss: 0.0968, Train Steps/Sec: 1.98, Samples/Sec: 94.98
[[34m2025-06-05 09:10:42[0m] (step=0040500) Train Loss: 0.0957, Train Steps/Sec: 1.97, Samples/Sec: 94.44
[[34m2025-06-05 09:11:32[0m] (step=0040600) Train Loss: 0.1002, Train Steps/Sec: 1.98, Samples/Sec: 94.99
[[34m2025-06-05 09:12:23[0m] (step=0040700) Train Loss: 0.0949, Train Steps/Sec: 1.98, Samples/Sec: 94.82
[[34m2025-06-05 09:13:14[0m] (step=0040800) Train Loss: 0.0943, Train Steps/Sec: 1.97, Samples/Sec: 94.78
[[34m2025-06-05 09:14:04[0m] (step=0040900) Train Loss: 0.0993, Train Steps/Sec: 1.98, Samples/Sec: 94.90
[[34m2025-06-05 09:14:55[0m] (step=0041000) Train Loss: 0.0999, Train Steps/Sec: 1.98, Samples/Sec: 95.00
[[34m2025-06-05 09:15:46[0m] (step=0041100) Train Loss: 0.0959, Train Steps/Sec: 1.97, Samples/Sec: 94.56
[[34m2025-06-05 09:16:36[0m] (step=0041200) Train Loss: 0.0951, Train Steps/Sec: 1.97, Samples/Sec: 94.78
[[34m2025-06-05 09:17:27[0m] (step=0041300) Train Loss: 0.0931, Train Steps/Sec: 1.98, Samples/Sec: 94.88
[[34m2025-06-05 09:18:17[0m] (step=0041400) Train Loss: 0.0995, Train Steps/Sec: 1.98, Samples/Sec: 94.83
[[34m2025-06-05 09:19:08[0m] (step=0041500) Train Loss: 0.0971, Train Steps/Sec: 1.98, Samples/Sec: 95.00
[[34m2025-06-05 09:19:58[0m] (step=0041600) Train Loss: 0.0984, Train Steps/Sec: 1.98, Samples/Sec: 94.96
[[34m2025-06-05 09:20:49[0m] (step=0041700) Train Loss: 0.0929, Train Steps/Sec: 1.98, Samples/Sec: 95.02
[[34m2025-06-05 09:21:40[0m] (step=0041800) Train Loss: 0.0948, Train Steps/Sec: 1.96, Samples/Sec: 94.19
[[34m2025-06-05 09:22:30[0m] (step=0041900) Train Loss: 0.0956, Train Steps/Sec: 1.98, Samples/Sec: 94.89
[[34m2025-06-05 09:23:21[0m] (step=0042000) Train Loss: 0.0968, Train Steps/Sec: 1.98, Samples/Sec: 94.92
[[34m2025-06-05 09:23:34[0m] Saved checkpoint to logs/nwm_cdit_wuhan_union/checkpoints/latest.pth.tar
[[34m2025-06-05 09:24:25[0m] (step=0042100) Train Loss: 0.0973, Train Steps/Sec: 1.57, Samples/Sec: 75.26
[[34m2025-06-05 09:25:16[0m] (step=0042200) Train Loss: 0.0944, Train Steps/Sec: 1.97, Samples/Sec: 94.76
[[34m2025-06-05 09:26:06[0m] (step=0042300) Train Loss: 0.1011, Train Steps/Sec: 1.98, Samples/Sec: 94.91
[[34m2025-06-05 09:26:57[0m] (step=0042400) Train Loss: 0.0972, Train Steps/Sec: 1.98, Samples/Sec: 95.04
[[34m2025-06-05 09:27:07[0m] Beginning epoch 14...
[[34m2025-06-05 09:27:54[0m] (step=0042500) Train Loss: 0.0947, Train Steps/Sec: 1.75, Samples/Sec: 83.92
[[34m2025-06-05 09:28:44[0m] (step=0042600) Train Loss: 0.0997, Train Steps/Sec: 1.98, Samples/Sec: 95.05
[[34m2025-06-05 09:29:35[0m] (step=0042700) Train Loss: 0.0989, Train Steps/Sec: 1.98, Samples/Sec: 94.91
[[34m2025-06-05 09:30:25[0m] (step=0042800) Train Loss: 0.0950, Train Steps/Sec: 1.98, Samples/Sec: 95.13
[[34m2025-06-05 09:31:16[0m] (step=0042900) Train Loss: 0.0945, Train Steps/Sec: 1.98, Samples/Sec: 95.03
[[34m2025-06-05 09:32:06[0m] (step=0043000) Train Loss: 0.0970, Train Steps/Sec: 1.98, Samples/Sec: 95.15
[[34m2025-06-05 09:32:57[0m] (step=0043100) Train Loss: 0.0978, Train Steps/Sec: 1.98, Samples/Sec: 95.14
[[34m2025-06-05 09:33:47[0m] (step=0043200) Train Loss: 0.0946, Train Steps/Sec: 1.97, Samples/Sec: 94.57
[[34m2025-06-05 09:34:38[0m] (step=0043300) Train Loss: 0.0937, Train Steps/Sec: 1.98, Samples/Sec: 95.11
[[34m2025-06-05 09:35:28[0m] (step=0043400) Train Loss: 0.0925, Train Steps/Sec: 1.98, Samples/Sec: 95.02
[[34m2025-06-05 09:36:19[0m] (step=0043500) Train Loss: 0.0959, Train Steps/Sec: 1.98, Samples/Sec: 95.19
[[34m2025-06-05 09:37:09[0m] (step=0043600) Train Loss: 0.0964, Train Steps/Sec: 1.98, Samples/Sec: 94.93
[[34m2025-06-05 09:38:00[0m] (step=0043700) Train Loss: 0.0921, Train Steps/Sec: 1.98, Samples/Sec: 95.20
[[34m2025-06-05 09:38:50[0m] (step=0043800) Train Loss: 0.0923, Train Steps/Sec: 1.98, Samples/Sec: 94.84
[[34m2025-06-05 09:39:41[0m] (step=0043900) Train Loss: 0.0977, Train Steps/Sec: 1.98, Samples/Sec: 95.00
[[34m2025-06-05 09:40:31[0m] (step=0044000) Train Loss: 0.0925, Train Steps/Sec: 1.98, Samples/Sec: 95.08
[[34m2025-06-05 09:40:45[0m] Saved checkpoint to logs/nwm_cdit_wuhan_union/checkpoints/latest.pth.tar
[[34m2025-06-05 09:41:35[0m] (step=0044100) Train Loss: 0.0957, Train Steps/Sec: 1.57, Samples/Sec: 75.55
[[34m2025-06-05 09:42:25[0m] (step=0044200) Train Loss: 0.0963, Train Steps/Sec: 1.98, Samples/Sec: 95.23
[[34m2025-06-05 09:43:16[0m] (step=0044300) Train Loss: 0.0929, Train Steps/Sec: 1.98, Samples/Sec: 95.25
[[34m2025-06-05 09:44:06[0m] (step=0044400) Train Loss: 0.0916, Train Steps/Sec: 1.98, Samples/Sec: 95.19
[[34m2025-06-05 09:44:57[0m] (step=0044500) Train Loss: 0.0968, Train Steps/Sec: 1.97, Samples/Sec: 94.70
[[34m2025-06-05 09:45:47[0m] (step=0044600) Train Loss: 0.0946, Train Steps/Sec: 1.98, Samples/Sec: 95.04
[[34m2025-06-05 09:46:38[0m] (step=0044700) Train Loss: 0.0967, Train Steps/Sec: 1.98, Samples/Sec: 95.19
[[34m2025-06-05 09:47:28[0m] (step=0044800) Train Loss: 0.0983, Train Steps/Sec: 1.98, Samples/Sec: 95.18
[[34m2025-06-05 09:48:19[0m] (step=0044900) Train Loss: 0.0956, Train Steps/Sec: 1.98, Samples/Sec: 95.18
[[34m2025-06-05 09:49:09[0m] (step=0045000) Train Loss: 0.0977, Train Steps/Sec: 1.98, Samples/Sec: 95.14
[[34m2025-06-05 09:50:00[0m] (step=0045100) Train Loss: 0.0968, Train Steps/Sec: 1.98, Samples/Sec: 95.21
[[34m2025-06-05 09:50:50[0m] (step=0045200) Train Loss: 0.0920, Train Steps/Sec: 1.97, Samples/Sec: 94.68
[[34m2025-06-05 09:51:41[0m] (step=0045300) Train Loss: 0.0948, Train Steps/Sec: 1.98, Samples/Sec: 94.99
[[34m2025-06-05 09:52:31[0m] (step=0045400) Train Loss: 0.0932, Train Steps/Sec: 1.98, Samples/Sec: 95.17
[[34m2025-06-05 09:52:56[0m] Beginning epoch 15...
[[34m2025-06-05 09:53:26[0m] (step=0045500) Train Loss: 0.0922, Train Steps/Sec: 1.81, Samples/Sec: 86.98
[[34m2025-06-05 09:54:17[0m] (step=0045600) Train Loss: 0.0914, Train Steps/Sec: 1.98, Samples/Sec: 95.23
[[34m2025-06-05 09:55:07[0m] (step=0045700) Train Loss: 0.0946, Train Steps/Sec: 1.98, Samples/Sec: 95.20
[[34m2025-06-05 09:55:58[0m] (step=0045800) Train Loss: 0.0991, Train Steps/Sec: 1.98, Samples/Sec: 95.12
[[34m2025-06-05 09:56:48[0m] (step=0045900) Train Loss: 0.0892, Train Steps/Sec: 1.97, Samples/Sec: 94.70
[[34m2025-06-05 09:57:39[0m] (step=0046000) Train Loss: 0.0960, Train Steps/Sec: 1.98, Samples/Sec: 94.85
[[34m2025-06-05 09:57:53[0m] Saved checkpoint to logs/nwm_cdit_wuhan_union/checkpoints/latest.pth.tar
[[34m2025-06-05 09:58:44[0m] (step=0046100) Train Loss: 0.0938, Train Steps/Sec: 1.55, Samples/Sec: 74.20
[[34m2025-06-05 09:59:34[0m] (step=0046200) Train Loss: 0.0909, Train Steps/Sec: 1.98, Samples/Sec: 95.16
[[34m2025-06-05 10:00:25[0m] (step=0046300) Train Loss: 0.0944, Train Steps/Sec: 1.98, Samples/Sec: 95.12
[[34m2025-06-05 10:01:15[0m] (step=0046400) Train Loss: 0.0956, Train Steps/Sec: 1.98, Samples/Sec: 95.18
[[34m2025-06-05 10:02:06[0m] (step=0046500) Train Loss: 0.0977, Train Steps/Sec: 1.97, Samples/Sec: 94.66
[[34m2025-06-05 10:02:56[0m] (step=0046600) Train Loss: 0.0904, Train Steps/Sec: 1.98, Samples/Sec: 95.05
[[34m2025-06-05 10:03:47[0m] (step=0046700) Train Loss: 0.0943, Train Steps/Sec: 1.98, Samples/Sec: 95.14
[[34m2025-06-05 10:04:37[0m] (step=0046800) Train Loss: 0.0956, Train Steps/Sec: 1.98, Samples/Sec: 95.16
[[34m2025-06-05 10:05:28[0m] (step=0046900) Train Loss: 0.0971, Train Steps/Sec: 1.98, Samples/Sec: 95.19
[[34m2025-06-05 10:06:18[0m] (step=0047000) Train Loss: 0.0965, Train Steps/Sec: 1.98, Samples/Sec: 95.18
[[34m2025-06-05 10:07:08[0m] (step=0047100) Train Loss: 0.0927, Train Steps/Sec: 1.98, Samples/Sec: 95.13
[[34m2025-06-05 10:07:59[0m] (step=0047200) Train Loss: 0.0949, Train Steps/Sec: 1.97, Samples/Sec: 94.52
[[34m2025-06-05 10:08:50[0m] (step=0047300) Train Loss: 0.0916, Train Steps/Sec: 1.98, Samples/Sec: 95.21
[[34m2025-06-05 10:09:40[0m] (step=0047400) Train Loss: 0.0901, Train Steps/Sec: 1.98, Samples/Sec: 95.20
[[34m2025-06-05 10:10:31[0m] (step=0047500) Train Loss: 0.0983, Train Steps/Sec: 1.98, Samples/Sec: 95.21
[[34m2025-06-05 10:11:21[0m] (step=0047600) Train Loss: 0.0944, Train Steps/Sec: 1.98, Samples/Sec: 95.15
[[34m2025-06-05 10:12:11[0m] (step=0047700) Train Loss: 0.0938, Train Steps/Sec: 1.98, Samples/Sec: 95.21
[[34m2025-06-05 10:13:02[0m] (step=0047800) Train Loss: 0.0901, Train Steps/Sec: 1.98, Samples/Sec: 95.20
[[34m2025-06-05 10:13:53[0m] (step=0047900) Train Loss: 0.0911, Train Steps/Sec: 1.97, Samples/Sec: 94.54
[[34m2025-06-05 10:14:43[0m] (step=0048000) Train Loss: 0.0976, Train Steps/Sec: 1.98, Samples/Sec: 95.20
[[34m2025-06-05 10:14:55[0m] Saved checkpoint to logs/nwm_cdit_wuhan_union/checkpoints/latest.pth.tar
[[34m2025-06-05 10:15:46[0m] (step=0048100) Train Loss: 0.0972, Train Steps/Sec: 1.59, Samples/Sec: 76.31
[[34m2025-06-05 10:16:36[0m] (step=0048200) Train Loss: 0.0952, Train Steps/Sec: 1.98, Samples/Sec: 95.22
[[34m2025-06-05 10:17:27[0m] (step=0048300) Train Loss: 0.0927, Train Steps/Sec: 1.98, Samples/Sec: 95.20
[[34m2025-06-05 10:18:17[0m] (step=0048400) Train Loss: 0.0959, Train Steps/Sec: 1.98, Samples/Sec: 95.21
[[34m2025-06-05 10:18:58[0m] Beginning epoch 16...
[[34m2025-06-05 10:19:09[0m] (step=0048500) Train Loss: 0.0942, Train Steps/Sec: 1.91, Samples/Sec: 91.82
[[34m2025-06-05 10:20:00[0m] (step=0048600) Train Loss: 0.0957, Train Steps/Sec: 1.98, Samples/Sec: 94.93
[[34m2025-06-05 10:20:51[0m] (step=0048700) Train Loss: 0.0925, Train Steps/Sec: 1.98, Samples/Sec: 95.06
[[34m2025-06-05 10:21:41[0m] (step=0048800) Train Loss: 0.0951, Train Steps/Sec: 1.98, Samples/Sec: 94.98
[[34m2025-06-05 10:22:32[0m] (step=0048900) Train Loss: 0.0900, Train Steps/Sec: 1.98, Samples/Sec: 95.13
[[34m2025-06-05 10:23:22[0m] (step=0049000) Train Loss: 0.0940, Train Steps/Sec: 1.98, Samples/Sec: 95.12
[[34m2025-06-05 10:24:12[0m] (step=0049100) Train Loss: 0.0890, Train Steps/Sec: 1.98, Samples/Sec: 95.15
[[34m2025-06-05 10:25:03[0m] (step=0049200) Train Loss: 0.0969, Train Steps/Sec: 1.97, Samples/Sec: 94.69
[[34m2025-06-05 10:25:54[0m] (step=0049300) Train Loss: 0.0926, Train Steps/Sec: 1.98, Samples/Sec: 94.94
[[34m2025-06-05 10:26:44[0m] (step=0049400) Train Loss: 0.0915, Train Steps/Sec: 1.98, Samples/Sec: 95.04
[[34m2025-06-05 10:27:35[0m] (step=0049500) Train Loss: 0.0959, Train Steps/Sec: 1.98, Samples/Sec: 95.03
[[34m2025-06-05 10:28:25[0m] (step=0049600) Train Loss: 0.0925, Train Steps/Sec: 1.98, Samples/Sec: 95.13
[[34m2025-06-05 10:29:16[0m] (step=0049700) Train Loss: 0.0919, Train Steps/Sec: 1.98, Samples/Sec: 95.15
[[34m2025-06-05 10:30:06[0m] (step=0049800) Train Loss: 0.0923, Train Steps/Sec: 1.98, Samples/Sec: 94.99
[[34m2025-06-05 10:30:57[0m] (step=0049900) Train Loss: 0.0911, Train Steps/Sec: 1.97, Samples/Sec: 94.62
[[34m2025-06-05 10:31:47[0m] (step=0050000) Train Loss: 0.0936, Train Steps/Sec: 1.98, Samples/Sec: 95.20
Using cache found in ./models/facebookresearch_dino_main
Using cache found in ./models/facebookresearch_dino_main
Using cache found in ./models/facebookresearch_dino_main
[[34m2025-06-05 10:32:05[0m] Saved checkpoint to logs/nwm_cdit_wuhan_union/checkpoints/latest.pth.tar
Using cache found in ./models/facebookresearch_dino_main
[[34m2025-06-05 10:32:08[0m] Already found a `peft_config` attribute in the model. This will lead to having multiple adapters in the model. Make sure to know what you are doing!
[[34m2025-06-05 10:34:08[0m] (step=0050000) Perceptual Loss: 0.2968, Eval Time: 122.71
[[34m2025-06-05 10:34:58[0m] (step=0050100) Train Loss: 0.0931, Train Steps/Sec: 0.52, Samples/Sec: 25.15
[[34m2025-06-05 10:35:49[0m] (step=0050200) Train Loss: 0.0953, Train Steps/Sec: 1.98, Samples/Sec: 95.07
[[34m2025-06-05 10:36:39[0m] (step=0050300) Train Loss: 0.0934, Train Steps/Sec: 1.98, Samples/Sec: 95.07
[[34m2025-06-05 10:37:30[0m] (step=0050400) Train Loss: 0.0913, Train Steps/Sec: 1.97, Samples/Sec: 94.75
[[34m2025-06-05 10:38:21[0m] (step=0050500) Train Loss: 0.0934, Train Steps/Sec: 1.97, Samples/Sec: 94.64
[[34m2025-06-05 10:39:11[0m] (step=0050600) Train Loss: 0.0920, Train Steps/Sec: 1.98, Samples/Sec: 95.12
[[34m2025-06-05 10:40:01[0m] (step=0050700) Train Loss: 0.0931, Train Steps/Sec: 1.98, Samples/Sec: 95.11
[[34m2025-06-05 10:40:52[0m] (step=0050800) Train Loss: 0.0887, Train Steps/Sec: 1.98, Samples/Sec: 95.00
[[34m2025-06-05 10:41:42[0m] (step=0050900) Train Loss: 0.0916, Train Steps/Sec: 1.98, Samples/Sec: 95.18
[[34m2025-06-05 10:42:33[0m] (step=0051000) Train Loss: 0.0933, Train Steps/Sec: 1.98, Samples/Sec: 95.15
[[34m2025-06-05 10:43:24[0m] (step=0051100) Train Loss: 0.0884, Train Steps/Sec: 1.97, Samples/Sec: 94.67
[[34m2025-06-05 10:44:14[0m] (step=0051200) Train Loss: 0.0939, Train Steps/Sec: 1.98, Samples/Sec: 94.84
[[34m2025-06-05 10:45:05[0m] (step=0051300) Train Loss: 0.0890, Train Steps/Sec: 1.98, Samples/Sec: 95.16
[[34m2025-06-05 10:45:55[0m] (step=0051400) Train Loss: 0.0915, Train Steps/Sec: 1.98, Samples/Sec: 95.05
[[34m2025-06-05 10:46:46[0m] (step=0051500) Train Loss: 0.0905, Train Steps/Sec: 1.98, Samples/Sec: 95.17
[[34m2025-06-05 10:46:51[0m] Beginning epoch 17...
[[34m2025-06-05 10:47:38[0m] (step=0051600) Train Loss: 0.0892, Train Steps/Sec: 1.92, Samples/Sec: 91.97
[[34m2025-06-05 10:48:28[0m] (step=0051700) Train Loss: 0.0912, Train Steps/Sec: 1.98, Samples/Sec: 95.03
[[34m2025-06-05 10:49:19[0m] (step=0051800) Train Loss: 0.0853, Train Steps/Sec: 1.97, Samples/Sec: 94.34
[[34m2025-06-05 10:50:10[0m] (step=0051900) Train Loss: 0.0953, Train Steps/Sec: 1.98, Samples/Sec: 95.01
[[34m2025-06-05 10:51:00[0m] (step=0052000) Train Loss: 0.0883, Train Steps/Sec: 1.98, Samples/Sec: 95.12
[[34m2025-06-05 10:51:13[0m] Saved checkpoint to logs/nwm_cdit_wuhan_union/checkpoints/latest.pth.tar
[[34m2025-06-05 10:52:03[0m] (step=0052100) Train Loss: 0.0874, Train Steps/Sec: 1.58, Samples/Sec: 75.78
[[34m2025-06-05 10:52:54[0m] (step=0052200) Train Loss: 0.0956, Train Steps/Sec: 1.98, Samples/Sec: 95.17
[[34m2025-06-05 10:53:44[0m] (step=0052300) Train Loss: 0.0920, Train Steps/Sec: 1.98, Samples/Sec: 95.12
[[34m2025-06-05 10:54:35[0m] (step=0052400) Train Loss: 0.0912, Train Steps/Sec: 1.98, Samples/Sec: 94.90
[[34m2025-06-05 10:55:26[0m] (step=0052500) Train Loss: 0.0871, Train Steps/Sec: 1.97, Samples/Sec: 94.60
[[34m2025-06-05 10:56:16[0m] (step=0052600) Train Loss: 0.0939, Train Steps/Sec: 1.98, Samples/Sec: 95.09
[[34m2025-06-05 10:57:07[0m] (step=0052700) Train Loss: 0.0919, Train Steps/Sec: 1.98, Samples/Sec: 95.09
[[34m2025-06-05 10:57:57[0m] (step=0052800) Train Loss: 0.0887, Train Steps/Sec: 1.98, Samples/Sec: 95.08
[[34m2025-06-05 10:58:48[0m] (step=0052900) Train Loss: 0.0929, Train Steps/Sec: 1.98, Samples/Sec: 95.07
[[34m2025-06-05 10:59:38[0m] (step=0053000) Train Loss: 0.0903, Train Steps/Sec: 1.98, Samples/Sec: 95.01
[[34m2025-06-05 11:00:29[0m] (step=0053100) Train Loss: 0.0913, Train Steps/Sec: 1.97, Samples/Sec: 94.66
[[34m2025-06-05 11:01:20[0m] (step=0053200) Train Loss: 0.0947, Train Steps/Sec: 1.97, Samples/Sec: 94.45
[[34m2025-06-05 11:02:10[0m] (step=0053300) Train Loss: 0.0938, Train Steps/Sec: 1.98, Samples/Sec: 95.02
[[34m2025-06-05 11:03:01[0m] (step=0053400) Train Loss: 0.0898, Train Steps/Sec: 1.98, Samples/Sec: 95.02
[[34m2025-06-05 11:03:51[0m] (step=0053500) Train Loss: 0.0900, Train Steps/Sec: 1.98, Samples/Sec: 95.02
[[34m2025-06-05 11:04:42[0m] (step=0053600) Train Loss: 0.0913, Train Steps/Sec: 1.98, Samples/Sec: 95.02
[[34m2025-06-05 11:05:32[0m] (step=0053700) Train Loss: 0.0898, Train Steps/Sec: 1.98, Samples/Sec: 95.05
[[34m2025-06-05 11:06:23[0m] (step=0053800) Train Loss: 0.0927, Train Steps/Sec: 1.97, Samples/Sec: 94.57
[[34m2025-06-05 11:07:14[0m] (step=0053900) Train Loss: 0.0911, Train Steps/Sec: 1.98, Samples/Sec: 94.91
[[34m2025-06-05 11:08:04[0m] (step=0054000) Train Loss: 0.0892, Train Steps/Sec: 1.98, Samples/Sec: 95.13
[[34m2025-06-05 11:08:17[0m] Saved checkpoint to logs/nwm_cdit_wuhan_union/checkpoints/latest.pth.tar
[[34m2025-06-05 11:09:08[0m] (step=0054100) Train Loss: 0.0838, Train Steps/Sec: 1.56, Samples/Sec: 75.07
[[34m2025-06-05 11:09:58[0m] (step=0054200) Train Loss: 0.0950, Train Steps/Sec: 1.98, Samples/Sec: 95.09
[[34m2025-06-05 11:10:49[0m] (step=0054300) Train Loss: 0.0896, Train Steps/Sec: 1.98, Samples/Sec: 94.85
[[34m2025-06-05 11:11:40[0m] (step=0054400) Train Loss: 0.0902, Train Steps/Sec: 1.98, Samples/Sec: 94.97
[[34m2025-06-05 11:12:30[0m] (step=0054500) Train Loss: 0.0901, Train Steps/Sec: 1.96, Samples/Sec: 94.30
[[34m2025-06-05 11:12:51[0m] Beginning epoch 18...
[[34m2025-06-05 11:13:22[0m] (step=0054600) Train Loss: 0.0898, Train Steps/Sec: 1.94, Samples/Sec: 93.12
[[34m2025-06-05 11:14:13[0m] (step=0054700) Train Loss: 0.0933, Train Steps/Sec: 1.98, Samples/Sec: 95.02
[[34m2025-06-05 11:15:03[0m] (step=0054800) Train Loss: 0.0894, Train Steps/Sec: 1.98, Samples/Sec: 95.09
[[34m2025-06-05 11:15:54[0m] (step=0054900) Train Loss: 0.0905, Train Steps/Sec: 1.98, Samples/Sec: 94.99
[[34m2025-06-05 11:16:44[0m] (step=0055000) Train Loss: 0.0913, Train Steps/Sec: 1.98, Samples/Sec: 94.91
[[34m2025-06-05 11:17:35[0m] (step=0055100) Train Loss: 0.0895, Train Steps/Sec: 1.98, Samples/Sec: 95.01
[[34m2025-06-05 11:18:25[0m] (step=0055200) Train Loss: 0.0870, Train Steps/Sec: 1.97, Samples/Sec: 94.57
[[34m2025-06-05 11:19:16[0m] (step=0055300) Train Loss: 0.0957, Train Steps/Sec: 1.98, Samples/Sec: 95.09
[[34m2025-06-05 11:20:06[0m] (step=0055400) Train Loss: 0.0944, Train Steps/Sec: 1.98, Samples/Sec: 94.98
[[34m2025-06-05 11:20:57[0m] (step=0055500) Train Loss: 0.0943, Train Steps/Sec: 1.98, Samples/Sec: 95.05
[[34m2025-06-05 11:21:47[0m] (step=0055600) Train Loss: 0.0940, Train Steps/Sec: 1.98, Samples/Sec: 94.99
[[34m2025-06-05 11:22:38[0m] (step=0055700) Train Loss: 0.0885, Train Steps/Sec: 1.98, Samples/Sec: 94.94
[[34m2025-06-05 11:23:29[0m] (step=0055800) Train Loss: 0.0925, Train Steps/Sec: 1.98, Samples/Sec: 94.98
[[34m2025-06-05 11:24:19[0m] (step=0055900) Train Loss: 0.0902, Train Steps/Sec: 1.97, Samples/Sec: 94.47
[[34m2025-06-05 11:25:10[0m] (step=0056000) Train Loss: 0.0927, Train Steps/Sec: 1.98, Samples/Sec: 95.07
[[34m2025-06-05 11:25:23[0m] Saved checkpoint to logs/nwm_cdit_wuhan_union/checkpoints/latest.pth.tar
[[34m2025-06-05 11:26:14[0m] (step=0056100) Train Loss: 0.0877, Train Steps/Sec: 1.56, Samples/Sec: 75.07
[[34m2025-06-05 11:27:04[0m] (step=0056200) Train Loss: 0.0905, Train Steps/Sec: 1.98, Samples/Sec: 94.98
[[34m2025-06-05 11:27:55[0m] (step=0056300) Train Loss: 0.0945, Train Steps/Sec: 1.98, Samples/Sec: 94.93
[[34m2025-06-05 11:28:45[0m] (step=0056400) Train Loss: 0.0938, Train Steps/Sec: 1.98, Samples/Sec: 95.08
[[34m2025-06-05 11:29:36[0m] (step=0056500) Train Loss: 0.0951, Train Steps/Sec: 1.97, Samples/Sec: 94.78
[[34m2025-06-05 11:30:27[0m] (step=0056600) Train Loss: 0.0899, Train Steps/Sec: 1.97, Samples/Sec: 94.78
[[34m2025-06-05 11:31:17[0m] (step=0056700) Train Loss: 0.0963, Train Steps/Sec: 1.98, Samples/Sec: 95.10
[[34m2025-06-05 11:32:08[0m] (step=0056800) Train Loss: 0.0920, Train Steps/Sec: 1.98, Samples/Sec: 95.14
[[34m2025-06-05 11:32:58[0m] (step=0056900) Train Loss: 0.0883, Train Steps/Sec: 1.98, Samples/Sec: 95.14
[[34m2025-06-05 11:33:49[0m] (step=0057000) Train Loss: 0.0880, Train Steps/Sec: 1.97, Samples/Sec: 94.80
[[34m2025-06-05 11:34:39[0m] (step=0057100) Train Loss: 0.0901, Train Steps/Sec: 1.98, Samples/Sec: 95.11
[[34m2025-06-05 11:35:30[0m] (step=0057200) Train Loss: 0.0913, Train Steps/Sec: 1.97, Samples/Sec: 94.57
[[34m2025-06-05 11:36:20[0m] (step=0057300) Train Loss: 0.0875, Train Steps/Sec: 1.98, Samples/Sec: 95.14
[[34m2025-06-05 11:37:11[0m] (step=0057400) Train Loss: 0.0920, Train Steps/Sec: 1.98, Samples/Sec: 95.15
[[34m2025-06-05 11:38:01[0m] (step=0057500) Train Loss: 0.0874, Train Steps/Sec: 1.98, Samples/Sec: 95.04
[[34m2025-06-05 11:38:37[0m] Beginning epoch 19...
[[34m2025-06-05 11:38:53[0m] (step=0057600) Train Loss: 0.0896, Train Steps/Sec: 1.93, Samples/Sec: 92.69
[[34m2025-06-05 11:39:44[0m] (step=0057700) Train Loss: 0.0874, Train Steps/Sec: 1.98, Samples/Sec: 95.10
[[34m2025-06-05 11:40:34[0m] (step=0057800) Train Loss: 0.0899, Train Steps/Sec: 1.98, Samples/Sec: 94.82
[[34m2025-06-05 11:41:25[0m] (step=0057900) Train Loss: 0.0872, Train Steps/Sec: 1.97, Samples/Sec: 94.40
[[34m2025-06-05 11:42:16[0m] (step=0058000) Train Loss: 0.0888, Train Steps/Sec: 1.98, Samples/Sec: 94.98
[[34m2025-06-05 11:42:28[0m] Saved checkpoint to logs/nwm_cdit_wuhan_union/checkpoints/latest.pth.tar
[[34m2025-06-05 11:43:19[0m] (step=0058100) Train Loss: 0.0860, Train Steps/Sec: 1.58, Samples/Sec: 75.96
[[34m2025-06-05 11:44:09[0m] (step=0058200) Train Loss: 0.0880, Train Steps/Sec: 1.98, Samples/Sec: 94.93
[[34m2025-06-05 11:45:00[0m] (step=0058300) Train Loss: 0.0941, Train Steps/Sec: 1.98, Samples/Sec: 95.01
[[34m2025-06-05 11:45:50[0m] (step=0058400) Train Loss: 0.0859, Train Steps/Sec: 1.98, Samples/Sec: 95.14
[[34m2025-06-05 11:46:41[0m] (step=0058500) Train Loss: 0.0862, Train Steps/Sec: 1.98, Samples/Sec: 94.89
[[34m2025-06-05 11:47:32[0m] (step=0058600) Train Loss: 0.0883, Train Steps/Sec: 1.97, Samples/Sec: 94.47
[[34m2025-06-05 11:48:22[0m] (step=0058700) Train Loss: 0.0933, Train Steps/Sec: 1.98, Samples/Sec: 94.86
[[34m2025-06-05 11:49:13[0m] (step=0058800) Train Loss: 0.0905, Train Steps/Sec: 1.98, Samples/Sec: 94.89
[[34m2025-06-05 11:50:04[0m] (step=0058900) Train Loss: 0.0917, Train Steps/Sec: 1.98, Samples/Sec: 94.88
[[34m2025-06-05 11:50:54[0m] (step=0059000) Train Loss: 0.0913, Train Steps/Sec: 1.98, Samples/Sec: 94.94
[[34m2025-06-05 11:51:45[0m] (step=0059100) Train Loss: 0.0928, Train Steps/Sec: 1.98, Samples/Sec: 95.12
[[34m2025-06-05 11:52:35[0m] (step=0059200) Train Loss: 0.0921, Train Steps/Sec: 1.97, Samples/Sec: 94.74
[[34m2025-06-05 11:53:26[0m] (step=0059300) Train Loss: 0.0922, Train Steps/Sec: 1.98, Samples/Sec: 94.93
[[34m2025-06-05 11:54:16[0m] (step=0059400) Train Loss: 0.0920, Train Steps/Sec: 1.98, Samples/Sec: 95.08
[[34m2025-06-05 11:55:07[0m] (step=0059500) Train Loss: 0.0967, Train Steps/Sec: 1.98, Samples/Sec: 95.10
[[34m2025-06-05 11:55:57[0m] (step=0059600) Train Loss: 0.0901, Train Steps/Sec: 1.98, Samples/Sec: 94.89
[[34m2025-06-05 11:56:48[0m] (step=0059700) Train Loss: 0.0920, Train Steps/Sec: 1.98, Samples/Sec: 94.92
[[34m2025-06-05 11:57:38[0m] (step=0059800) Train Loss: 0.0893, Train Steps/Sec: 1.98, Samples/Sec: 95.14
[[34m2025-06-05 11:58:29[0m] (step=0059900) Train Loss: 0.0881, Train Steps/Sec: 1.97, Samples/Sec: 94.54
[[34m2025-06-05 11:59:20[0m] (step=0060000) Train Loss: 0.0866, Train Steps/Sec: 1.98, Samples/Sec: 95.11
Using cache found in ./models/facebookresearch_dino_main
Using cache found in ./models/facebookresearch_dino_main
Using cache found in ./models/facebookresearch_dino_main
[[34m2025-06-05 11:59:44[0m] Saved checkpoint to logs/nwm_cdit_wuhan_union/checkpoints/0060000.pth.tar
Using cache found in ./models/facebookresearch_dino_main
[[34m2025-06-05 11:59:47[0m] Already found a `peft_config` attribute in the model. This will lead to having multiple adapters in the model. Make sure to know what you are doing!
[[34m2025-06-05 12:01:47[0m] (step=0060000) Perceptual Loss: 0.2898, Eval Time: 122.97
[[34m2025-06-05 12:02:38[0m] (step=0060100) Train Loss: 0.0889, Train Steps/Sec: 0.50, Samples/Sec: 24.19
[[34m2025-06-05 12:03:29[0m] (step=0060200) Train Loss: 0.0934, Train Steps/Sec: 1.98, Samples/Sec: 95.01
[[34m2025-06-05 12:04:19[0m] (step=0060300) Train Loss: 0.0894, Train Steps/Sec: 1.98, Samples/Sec: 95.17
[[34m2025-06-05 12:05:09[0m] (step=0060400) Train Loss: 0.0846, Train Steps/Sec: 1.98, Samples/Sec: 95.20
[[34m2025-06-05 12:06:00[0m] (step=0060500) Train Loss: 0.0905, Train Steps/Sec: 1.97, Samples/Sec: 94.41
[[34m2025-06-05 12:06:51[0m] (step=0060600) Train Loss: 0.0915, Train Steps/Sec: 1.98, Samples/Sec: 95.14
[[34m2025-06-05 12:06:51[0m] Beginning epoch 20...
[[34m2025-06-05 12:07:42[0m] (step=0060700) Train Loss: 0.0919, Train Steps/Sec: 1.94, Samples/Sec: 93.05
[[34m2025-06-05 12:08:33[0m] (step=0060800) Train Loss: 0.0865, Train Steps/Sec: 1.98, Samples/Sec: 94.92
[[34m2025-06-05 12:09:23[0m] (step=0060900) Train Loss: 0.0936, Train Steps/Sec: 1.98, Samples/Sec: 95.07
[[34m2025-06-05 12:10:14[0m] (step=0061000) Train Loss: 0.0900, Train Steps/Sec: 1.98, Samples/Sec: 95.01
[[34m2025-06-05 12:11:05[0m] (step=0061100) Train Loss: 0.0890, Train Steps/Sec: 1.97, Samples/Sec: 94.78
[[34m2025-06-05 12:11:55[0m] (step=0061200) Train Loss: 0.0907, Train Steps/Sec: 1.98, Samples/Sec: 94.95
[[34m2025-06-05 12:12:46[0m] (step=0061300) Train Loss: 0.0846, Train Steps/Sec: 1.98, Samples/Sec: 95.08
[[34m2025-06-05 12:13:36[0m] (step=0061400) Train Loss: 0.0850, Train Steps/Sec: 1.98, Samples/Sec: 95.09
[[34m2025-06-05 12:14:27[0m] (step=0061500) Train Loss: 0.0911, Train Steps/Sec: 1.98, Samples/Sec: 94.94
[[34m2025-06-05 12:15:17[0m] (step=0061600) Train Loss: 0.0903, Train Steps/Sec: 1.98, Samples/Sec: 94.88
[[34m2025-06-05 12:16:08[0m] (step=0061700) Train Loss: 0.0920, Train Steps/Sec: 1.98, Samples/Sec: 95.03
[[34m2025-06-05 12:16:58[0m] (step=0061800) Train Loss: 0.0888, Train Steps/Sec: 1.97, Samples/Sec: 94.63
[[34m2025-06-05 12:17:49[0m] (step=0061900) Train Loss: 0.0872, Train Steps/Sec: 1.98, Samples/Sec: 95.17
[[34m2025-06-05 12:18:39[0m] (step=0062000) Train Loss: 0.0915, Train Steps/Sec: 1.98, Samples/Sec: 95.17
[[34m2025-06-05 12:18:52[0m] Saved checkpoint to logs/nwm_cdit_wuhan_union/checkpoints/latest.pth.tar
[[34m2025-06-05 12:19:42[0m] (step=0062100) Train Loss: 0.0884, Train Steps/Sec: 1.58, Samples/Sec: 75.97
[[34m2025-06-05 12:20:33[0m] (step=0062200) Train Loss: 0.0869, Train Steps/Sec: 1.98, Samples/Sec: 95.11
[[34m2025-06-05 12:21:23[0m] (step=0062300) Train Loss: 0.0888, Train Steps/Sec: 1.98, Samples/Sec: 95.10
[[34m2025-06-05 12:22:14[0m] (step=0062400) Train Loss: 0.0921, Train Steps/Sec: 1.98, Samples/Sec: 95.04
[[34m2025-06-05 12:23:05[0m] (step=0062500) Train Loss: 0.0829, Train Steps/Sec: 1.97, Samples/Sec: 94.57
[[34m2025-06-05 12:23:55[0m] (step=0062600) Train Loss: 0.0904, Train Steps/Sec: 1.98, Samples/Sec: 95.13
[[34m2025-06-05 12:24:46[0m] (step=0062700) Train Loss: 0.0869, Train Steps/Sec: 1.98, Samples/Sec: 95.13
[[34m2025-06-05 12:25:36[0m] (step=0062800) Train Loss: 0.0866, Train Steps/Sec: 1.98, Samples/Sec: 94.84
[[34m2025-06-05 12:26:27[0m] (step=0062900) Train Loss: 0.0925, Train Steps/Sec: 1.98, Samples/Sec: 95.02
[[34m2025-06-05 12:27:17[0m] (step=0063000) Train Loss: 0.0926, Train Steps/Sec: 1.98, Samples/Sec: 94.93
[[34m2025-06-05 12:28:08[0m] (step=0063100) Train Loss: 0.0896, Train Steps/Sec: 1.98, Samples/Sec: 94.91
[[34m2025-06-05 12:28:59[0m] (step=0063200) Train Loss: 0.0894, Train Steps/Sec: 1.97, Samples/Sec: 94.51
[[34m2025-06-05 12:29:49[0m] (step=0063300) Train Loss: 0.0899, Train Steps/Sec: 1.98, Samples/Sec: 95.04
[[34m2025-06-05 12:30:40[0m] (step=0063400) Train Loss: 0.0917, Train Steps/Sec: 1.98, Samples/Sec: 94.95
[[34m2025-06-05 12:31:30[0m] (step=0063500) Train Loss: 0.0886, Train Steps/Sec: 1.98, Samples/Sec: 94.95
[[34m2025-06-05 12:32:21[0m] (step=0063600) Train Loss: 0.0902, Train Steps/Sec: 1.97, Samples/Sec: 94.78
[[34m2025-06-05 12:32:36[0m] Beginning epoch 21...
[[34m2025-06-05 12:33:12[0m] (step=0063700) Train Loss: 0.0909, Train Steps/Sec: 1.94, Samples/Sec: 93.13
[[34m2025-06-05 12:34:03[0m] (step=0063800) Train Loss: 0.0893, Train Steps/Sec: 1.97, Samples/Sec: 94.75
[[34m2025-06-05 12:34:54[0m] (step=0063900) Train Loss: 0.0914, Train Steps/Sec: 1.98, Samples/Sec: 94.90
[[34m2025-06-05 12:35:44[0m] (step=0064000) Train Loss: 0.0888, Train Steps/Sec: 1.98, Samples/Sec: 95.10
[[34m2025-06-05 12:35:57[0m] Saved checkpoint to logs/nwm_cdit_wuhan_union/checkpoints/latest.pth.tar
[[34m2025-06-05 12:36:48[0m] (step=0064100) Train Loss: 0.0917, Train Steps/Sec: 1.58, Samples/Sec: 75.76
[[34m2025-06-05 12:37:38[0m] (step=0064200) Train Loss: 0.0898, Train Steps/Sec: 1.98, Samples/Sec: 95.09
[[34m2025-06-05 12:38:28[0m] (step=0064300) Train Loss: 0.0880, Train Steps/Sec: 1.98, Samples/Sec: 95.12
[[34m2025-06-05 12:39:19[0m] (step=0064400) Train Loss: 0.0872, Train Steps/Sec: 1.98, Samples/Sec: 95.08
[[34m2025-06-05 12:40:10[0m] (step=0064500) Train Loss: 0.0868, Train Steps/Sec: 1.97, Samples/Sec: 94.37
[[34m2025-06-05 12:41:00[0m] (step=0064600) Train Loss: 0.0856, Train Steps/Sec: 1.98, Samples/Sec: 95.11
[[34m2025-06-05 12:41:51[0m] (step=0064700) Train Loss: 0.0909, Train Steps/Sec: 1.98, Samples/Sec: 94.93
[[34m2025-06-05 12:42:41[0m] (step=0064800) Train Loss: 0.0896, Train Steps/Sec: 1.98, Samples/Sec: 95.08
[[34m2025-06-05 12:43:32[0m] (step=0064900) Train Loss: 0.0876, Train Steps/Sec: 1.98, Samples/Sec: 95.08
[[34m2025-06-05 12:44:22[0m] (step=0065000) Train Loss: 0.0860, Train Steps/Sec: 1.98, Samples/Sec: 94.80
[[34m2025-06-05 12:45:13[0m] (step=0065100) Train Loss: 0.0877, Train Steps/Sec: 1.98, Samples/Sec: 95.16
[[34m2025-06-05 12:46:04[0m] (step=0065200) Train Loss: 0.0922, Train Steps/Sec: 1.97, Samples/Sec: 94.60
[[34m2025-06-05 12:46:54[0m] (step=0065300) Train Loss: 0.0921, Train Steps/Sec: 1.98, Samples/Sec: 95.11
[[34m2025-06-05 12:47:45[0m] (step=0065400) Train Loss: 0.0864, Train Steps/Sec: 1.98, Samples/Sec: 94.94
[[34m2025-06-05 12:48:35[0m] (step=0065500) Train Loss: 0.0877, Train Steps/Sec: 1.98, Samples/Sec: 95.02
[[34m2025-06-05 12:49:26[0m] (step=0065600) Train Loss: 0.0883, Train Steps/Sec: 1.98, Samples/Sec: 95.06
[[34m2025-06-05 12:50:16[0m] (step=0065700) Train Loss: 0.0901, Train Steps/Sec: 1.98, Samples/Sec: 95.09
[[34m2025-06-05 12:51:07[0m] (step=0065800) Train Loss: 0.0851, Train Steps/Sec: 1.98, Samples/Sec: 95.05
[[34m2025-06-05 12:51:57[0m] (step=0065900) Train Loss: 0.0871, Train Steps/Sec: 1.97, Samples/Sec: 94.50
[[34m2025-06-05 12:52:48[0m] (step=0066000) Train Loss: 0.0902, Train Steps/Sec: 1.98, Samples/Sec: 94.96
[[34m2025-06-05 12:53:01[0m] Saved checkpoint to logs/nwm_cdit_wuhan_union/checkpoints/latest.pth.tar
[[34m2025-06-05 12:53:52[0m] (step=0066100) Train Loss: 0.0890, Train Steps/Sec: 1.57, Samples/Sec: 75.45
[[34m2025-06-05 12:54:42[0m] (step=0066200) Train Loss: 0.0904, Train Steps/Sec: 1.98, Samples/Sec: 95.00
[[34m2025-06-05 12:55:33[0m] (step=0066300) Train Loss: 0.0904, Train Steps/Sec: 1.98, Samples/Sec: 95.04
[[34m2025-06-05 12:56:23[0m] (step=0066400) Train Loss: 0.0826, Train Steps/Sec: 1.98, Samples/Sec: 95.14
[[34m2025-06-05 12:57:14[0m] (step=0066500) Train Loss: 0.0846, Train Steps/Sec: 1.97, Samples/Sec: 94.77
[[34m2025-06-05 12:58:04[0m] (step=0066600) Train Loss: 0.0838, Train Steps/Sec: 1.98, Samples/Sec: 94.98
[[34m2025-06-05 12:58:35[0m] Beginning epoch 22...
[[34m2025-06-05 12:58:56[0m] (step=0066700) Train Loss: 0.0921, Train Steps/Sec: 1.93, Samples/Sec: 92.82
[[34m2025-06-05 12:59:47[0m] (step=0066800) Train Loss: 0.0857, Train Steps/Sec: 1.98, Samples/Sec: 94.95
[[34m2025-06-05 13:00:37[0m] (step=0066900) Train Loss: 0.0846, Train Steps/Sec: 1.98, Samples/Sec: 95.10
[[34m2025-06-05 13:01:28[0m] (step=0067000) Train Loss: 0.0832, Train Steps/Sec: 1.97, Samples/Sec: 94.65
[[34m2025-06-05 13:02:18[0m] (step=0067100) Train Loss: 0.0850, Train Steps/Sec: 1.98, Samples/Sec: 95.10
[[34m2025-06-05 13:03:09[0m] (step=0067200) Train Loss: 0.0871, Train Steps/Sec: 1.97, Samples/Sec: 94.56
[[34m2025-06-05 13:04:00[0m] (step=0067300) Train Loss: 0.0863, Train Steps/Sec: 1.98, Samples/Sec: 95.03
[[34m2025-06-05 13:04:50[0m] (step=0067400) Train Loss: 0.0831, Train Steps/Sec: 1.97, Samples/Sec: 94.75
[[34m2025-06-05 13:05:41[0m] (step=0067500) Train Loss: 0.0906, Train Steps/Sec: 1.98, Samples/Sec: 95.06
[[34m2025-06-05 13:06:31[0m] (step=0067600) Train Loss: 0.0938, Train Steps/Sec: 1.98, Samples/Sec: 94.93
[[34m2025-06-05 13:07:22[0m] (step=0067700) Train Loss: 0.0898, Train Steps/Sec: 1.98, Samples/Sec: 95.14
[[34m2025-06-05 13:08:12[0m] (step=0067800) Train Loss: 0.0873, Train Steps/Sec: 1.98, Samples/Sec: 95.15
[[34m2025-06-05 13:09:03[0m] (step=0067900) Train Loss: 0.0896, Train Steps/Sec: 1.97, Samples/Sec: 94.55
[[34m2025-06-05 13:09:54[0m] (step=0068000) Train Loss: 0.0859, Train Steps/Sec: 1.97, Samples/Sec: 94.79
[[34m2025-06-05 13:10:06[0m] Saved checkpoint to logs/nwm_cdit_wuhan_union/checkpoints/latest.pth.tar
[[34m2025-06-05 13:10:57[0m] (step=0068100) Train Loss: 0.0895, Train Steps/Sec: 1.58, Samples/Sec: 76.02
[[34m2025-06-05 13:11:47[0m] (step=0068200) Train Loss: 0.0895, Train Steps/Sec: 1.98, Samples/Sec: 94.97
[[34m2025-06-05 13:12:38[0m] (step=0068300) Train Loss: 0.0931, Train Steps/Sec: 1.98, Samples/Sec: 95.10
[[34m2025-06-05 13:13:28[0m] (step=0068400) Train Loss: 0.0910, Train Steps/Sec: 1.98, Samples/Sec: 95.10
[[34m2025-06-05 13:14:19[0m] (step=0068500) Train Loss: 0.0940, Train Steps/Sec: 1.98, Samples/Sec: 95.09
[[34m2025-06-05 13:15:09[0m] (step=0068600) Train Loss: 0.0911, Train Steps/Sec: 1.97, Samples/Sec: 94.48
[[34m2025-06-05 13:16:00[0m] (step=0068700) Train Loss: 0.0913, Train Steps/Sec: 1.98, Samples/Sec: 95.12
[[34m2025-06-05 13:16:50[0m] (step=0068800) Train Loss: 0.0896, Train Steps/Sec: 1.98, Samples/Sec: 95.12
[[34m2025-06-05 13:17:41[0m] (step=0068900) Train Loss: 0.0900, Train Steps/Sec: 1.98, Samples/Sec: 95.12
[[34m2025-06-05 13:18:31[0m] (step=0069000) Train Loss: 0.0896, Train Steps/Sec: 1.98, Samples/Sec: 95.16
[[34m2025-06-05 13:19:22[0m] (step=0069100) Train Loss: 0.0878, Train Steps/Sec: 1.98, Samples/Sec: 95.15
[[34m2025-06-05 13:20:12[0m] (step=0069200) Train Loss: 0.0928, Train Steps/Sec: 1.97, Samples/Sec: 94.70
[[34m2025-06-05 13:21:03[0m] (step=0069300) Train Loss: 0.0877, Train Steps/Sec: 1.97, Samples/Sec: 94.68
[[34m2025-06-05 13:21:54[0m] (step=0069400) Train Loss: 0.0900, Train Steps/Sec: 1.98, Samples/Sec: 95.02
[[34m2025-06-05 13:22:44[0m] (step=0069500) Train Loss: 0.0883, Train Steps/Sec: 1.98, Samples/Sec: 95.01
[[34m2025-06-05 13:23:35[0m] (step=0069600) Train Loss: 0.0835, Train Steps/Sec: 1.98, Samples/Sec: 95.13
[[34m2025-06-05 13:24:20[0m] Beginning epoch 23...
[[34m2025-06-05 13:24:26[0m] (step=0069700) Train Loss: 0.0918, Train Steps/Sec: 1.95, Samples/Sec: 93.44
[[34m2025-06-05 13:25:16[0m] (step=0069800) Train Loss: 0.0876, Train Steps/Sec: 1.98, Samples/Sec: 95.11
[[34m2025-06-05 13:26:07[0m] (step=0069900) Train Loss: 0.0872, Train Steps/Sec: 1.97, Samples/Sec: 94.54
[[34m2025-06-05 13:26:58[0m] (step=0070000) Train Loss: 0.0833, Train Steps/Sec: 1.98, Samples/Sec: 94.89
Using cache found in ./models/facebookresearch_dino_main
Using cache found in ./models/facebookresearch_dino_main
Using cache found in ./models/facebookresearch_dino_main
[[34m2025-06-05 13:27:12[0m] Saved checkpoint to logs/nwm_cdit_wuhan_union/checkpoints/latest.pth.tar
Using cache found in ./models/facebookresearch_dino_main
[[34m2025-06-05 13:27:14[0m] Already found a `peft_config` attribute in the model. This will lead to having multiple adapters in the model. Make sure to know what you are doing!
[[34m2025-06-05 13:29:15[0m] (step=0070000) Perceptual Loss: 0.2927, Eval Time: 122.72
[[34m2025-06-05 13:30:05[0m] (step=0070100) Train Loss: 0.0871, Train Steps/Sec: 0.53, Samples/Sec: 25.63
[[34m2025-06-05 13:30:56[0m] (step=0070200) Train Loss: 0.0856, Train Steps/Sec: 1.98, Samples/Sec: 95.08
[[34m2025-06-05 13:31:46[0m] (step=0070300) Train Loss: 0.0845, Train Steps/Sec: 1.98, Samples/Sec: 94.91
[[34m2025-06-05 13:32:37[0m] (step=0070400) Train Loss: 0.0908, Train Steps/Sec: 1.98, Samples/Sec: 94.84
[[34m2025-06-05 13:33:28[0m] (step=0070500) Train Loss: 0.0905, Train Steps/Sec: 1.97, Samples/Sec: 94.52
[[34m2025-06-05 13:34:18[0m] (step=0070600) Train Loss: 0.0904, Train Steps/Sec: 1.98, Samples/Sec: 94.86
[[34m2025-06-05 13:35:09[0m] (step=0070700) Train Loss: 0.0883, Train Steps/Sec: 1.98, Samples/Sec: 95.14
[[34m2025-06-05 13:35:59[0m] (step=0070800) Train Loss: 0.0867, Train Steps/Sec: 1.98, Samples/Sec: 95.14
[[34m2025-06-05 13:36:50[0m] (step=0070900) Train Loss: 0.0845, Train Steps/Sec: 1.98, Samples/Sec: 95.15
[[34m2025-06-05 13:37:40[0m] (step=0071000) Train Loss: 0.0894, Train Steps/Sec: 1.98, Samples/Sec: 94.98
[[34m2025-06-05 13:38:31[0m] (step=0071100) Train Loss: 0.0891, Train Steps/Sec: 1.98, Samples/Sec: 94.80
[[34m2025-06-05 13:39:21[0m] (step=0071200) Train Loss: 0.0882, Train Steps/Sec: 1.98, Samples/Sec: 94.87
[[34m2025-06-05 13:40:12[0m] (step=0071300) Train Loss: 0.0906, Train Steps/Sec: 1.98, Samples/Sec: 94.98
[[34m2025-06-05 13:41:02[0m] (step=0071400) Train Loss: 0.0872, Train Steps/Sec: 1.98, Samples/Sec: 95.19
[[34m2025-06-05 13:41:53[0m] (step=0071500) Train Loss: 0.0882, Train Steps/Sec: 1.98, Samples/Sec: 95.18
[[34m2025-06-05 13:42:43[0m] (step=0071600) Train Loss: 0.0890, Train Steps/Sec: 1.98, Samples/Sec: 95.11
[[34m2025-06-05 13:43:34[0m] (step=0071700) Train Loss: 0.0901, Train Steps/Sec: 1.98, Samples/Sec: 95.07
[[34m2025-06-05 13:44:24[0m] (step=0071800) Train Loss: 0.0851, Train Steps/Sec: 1.97, Samples/Sec: 94.57
[[34m2025-06-05 13:45:15[0m] (step=0071900) Train Loss: 0.0889, Train Steps/Sec: 1.98, Samples/Sec: 95.10
[[34m2025-06-05 13:46:05[0m] (step=0072000) Train Loss: 0.0899, Train Steps/Sec: 1.98, Samples/Sec: 94.91
[[34m2025-06-05 13:46:18[0m] Saved checkpoint to logs/nwm_cdit_wuhan_union/checkpoints/latest.pth.tar
[[34m2025-06-05 13:47:09[0m] (step=0072100) Train Loss: 0.0883, Train Steps/Sec: 1.58, Samples/Sec: 76.06
[[34m2025-06-05 13:47:59[0m] (step=0072200) Train Loss: 0.0900, Train Steps/Sec: 1.98, Samples/Sec: 95.10
[[34m2025-06-05 13:48:50[0m] (step=0072300) Train Loss: 0.0839, Train Steps/Sec: 1.98, Samples/Sec: 95.12
[[34m2025-06-05 13:49:40[0m] (step=0072400) Train Loss: 0.0873, Train Steps/Sec: 1.98, Samples/Sec: 95.09
[[34m2025-06-05 13:50:31[0m] (step=0072500) Train Loss: 0.0868, Train Steps/Sec: 1.97, Samples/Sec: 94.40
[[34m2025-06-05 13:51:21[0m] (step=0072600) Train Loss: 0.0825, Train Steps/Sec: 1.98, Samples/Sec: 95.07
[[34m2025-06-05 13:52:12[0m] (step=0072700) Train Loss: 0.0855, Train Steps/Sec: 1.98, Samples/Sec: 95.10
[[34m2025-06-05 13:52:22[0m] Beginning epoch 24...
[[34m2025-06-05 13:53:04[0m] (step=0072800) Train Loss: 0.0836, Train Steps/Sec: 1.93, Samples/Sec: 92.81
[[34m2025-06-05 13:53:54[0m] (step=0072900) Train Loss: 0.0817, Train Steps/Sec: 1.98, Samples/Sec: 95.00
[[34m2025-06-05 13:54:45[0m] (step=0073000) Train Loss: 0.0892, Train Steps/Sec: 1.98, Samples/Sec: 95.03
[[34m2025-06-05 13:55:35[0m] (step=0073100) Train Loss: 0.0789, Train Steps/Sec: 1.98, Samples/Sec: 94.94
[[34m2025-06-05 13:56:26[0m] (step=0073200) Train Loss: 0.0884, Train Steps/Sec: 1.97, Samples/Sec: 94.59
[[34m2025-06-05 13:57:16[0m] (step=0073300) Train Loss: 0.0864, Train Steps/Sec: 1.98, Samples/Sec: 94.93
[[34m2025-06-05 13:58:07[0m] (step=0073400) Train Loss: 0.0882, Train Steps/Sec: 1.98, Samples/Sec: 95.12
[[34m2025-06-05 13:58:57[0m] (step=0073500) Train Loss: 0.0877, Train Steps/Sec: 1.98, Samples/Sec: 95.15
[[34m2025-06-05 13:59:48[0m] (step=0073600) Train Loss: 0.0882, Train Steps/Sec: 1.98, Samples/Sec: 95.10
[[34m2025-06-05 14:00:38[0m] (step=0073700) Train Loss: 0.0908, Train Steps/Sec: 1.98, Samples/Sec: 95.12
[[34m2025-06-05 14:01:29[0m] (step=0073800) Train Loss: 0.0890, Train Steps/Sec: 1.97, Samples/Sec: 94.65
[[34m2025-06-05 14:02:20[0m] (step=0073900) Train Loss: 0.0888, Train Steps/Sec: 1.97, Samples/Sec: 94.75
[[34m2025-06-05 14:03:10[0m] (step=0074000) Train Loss: 0.0866, Train Steps/Sec: 1.98, Samples/Sec: 95.09
[[34m2025-06-05 14:03:24[0m] Saved checkpoint to logs/nwm_cdit_wuhan_union/checkpoints/latest.pth.tar
[[34m2025-06-05 14:04:15[0m] (step=0074100) Train Loss: 0.0845, Train Steps/Sec: 1.55, Samples/Sec: 74.56
[[34m2025-06-05 14:05:05[0m] (step=0074200) Train Loss: 0.0881, Train Steps/Sec: 1.98, Samples/Sec: 95.12
[[34m2025-06-05 14:05:55[0m] (step=0074300) Train Loss: 0.0849, Train Steps/Sec: 1.98, Samples/Sec: 95.09
[[34m2025-06-05 14:06:46[0m] (step=0074400) Train Loss: 0.0870, Train Steps/Sec: 1.98, Samples/Sec: 95.09
[[34m2025-06-05 14:07:37[0m] (step=0074500) Train Loss: 0.0829, Train Steps/Sec: 1.97, Samples/Sec: 94.41
[[34m2025-06-05 14:08:27[0m] (step=0074600) Train Loss: 0.0860, Train Steps/Sec: 1.98, Samples/Sec: 94.95
[[34m2025-06-05 14:09:18[0m] (step=0074700) Train Loss: 0.0839, Train Steps/Sec: 1.98, Samples/Sec: 95.09
[[34m2025-06-05 14:10:08[0m] (step=0074800) Train Loss: 0.0844, Train Steps/Sec: 1.98, Samples/Sec: 95.06
[[34m2025-06-05 14:10:59[0m] (step=0074900) Train Loss: 0.0839, Train Steps/Sec: 1.98, Samples/Sec: 95.12
[[34m2025-06-05 14:11:49[0m] (step=0075000) Train Loss: 0.0825, Train Steps/Sec: 1.98, Samples/Sec: 95.05
[[34m2025-06-05 14:12:40[0m] (step=0075100) Train Loss: 0.0863, Train Steps/Sec: 1.98, Samples/Sec: 94.88
[[34m2025-06-05 14:13:31[0m] (step=0075200) Train Loss: 0.0898, Train Steps/Sec: 1.97, Samples/Sec: 94.57
[[34m2025-06-05 14:14:21[0m] (step=0075300) Train Loss: 0.0891, Train Steps/Sec: 1.98, Samples/Sec: 95.14
[[34m2025-06-05 14:15:12[0m] (step=0075400) Train Loss: 0.0855, Train Steps/Sec: 1.98, Samples/Sec: 95.12
[[34m2025-06-05 14:16:02[0m] (step=0075500) Train Loss: 0.0910, Train Steps/Sec: 1.98, Samples/Sec: 95.11
[[34m2025-06-05 14:16:53[0m] (step=0075600) Train Loss: 0.0856, Train Steps/Sec: 1.98, Samples/Sec: 95.13
[[34m2025-06-05 14:17:43[0m] (step=0075700) Train Loss: 0.0832, Train Steps/Sec: 1.98, Samples/Sec: 95.12
[[34m2025-06-05 14:18:08[0m] Beginning epoch 25...
[[34m2025-06-05 14:18:35[0m] (step=0075800) Train Loss: 0.0865, Train Steps/Sec: 1.93, Samples/Sec: 92.51
[[34m2025-06-05 14:19:26[0m] (step=0075900) Train Loss: 0.0882, Train Steps/Sec: 1.97, Samples/Sec: 94.70
[[34m2025-06-05 14:20:16[0m] (step=0076000) Train Loss: 0.0915, Train Steps/Sec: 1.98, Samples/Sec: 95.07
[[34m2025-06-05 14:20:30[0m] Saved checkpoint to logs/nwm_cdit_wuhan_union/checkpoints/latest.pth.tar
[[34m2025-06-05 14:21:20[0m] (step=0076100) Train Loss: 0.0828, Train Steps/Sec: 1.56, Samples/Sec: 74.89
[[34m2025-06-05 14:22:11[0m] (step=0076200) Train Loss: 0.0852, Train Steps/Sec: 1.98, Samples/Sec: 95.08
[[34m2025-06-05 14:23:01[0m] (step=0076300) Train Loss: 0.0882, Train Steps/Sec: 1.98, Samples/Sec: 95.09
[[34m2025-06-05 14:23:52[0m] (step=0076400) Train Loss: 0.0869, Train Steps/Sec: 1.98, Samples/Sec: 94.82
[[34m2025-06-05 14:24:42[0m] (step=0076500) Train Loss: 0.0843, Train Steps/Sec: 1.97, Samples/Sec: 94.66
[[34m2025-06-05 14:25:33[0m] (step=0076600) Train Loss: 0.0897, Train Steps/Sec: 1.97, Samples/Sec: 94.68
[[34m2025-06-05 14:26:24[0m] (step=0076700) Train Loss: 0.0859, Train Steps/Sec: 1.98, Samples/Sec: 95.07
[[34m2025-06-05 14:27:14[0m] (step=0076800) Train Loss: 0.0842, Train Steps/Sec: 1.98, Samples/Sec: 95.12
[[34m2025-06-05 14:28:05[0m] (step=0076900) Train Loss: 0.0887, Train Steps/Sec: 1.98, Samples/Sec: 94.95
[[34m2025-06-05 14:28:55[0m] (step=0077000) Train Loss: 0.0881, Train Steps/Sec: 1.98, Samples/Sec: 95.05
[[34m2025-06-05 14:29:46[0m] (step=0077100) Train Loss: 0.0805, Train Steps/Sec: 1.98, Samples/Sec: 94.94
[[34m2025-06-05 14:30:36[0m] (step=0077200) Train Loss: 0.0875, Train Steps/Sec: 1.97, Samples/Sec: 94.56
[[34m2025-06-05 14:31:27[0m] (step=0077300) Train Loss: 0.0805, Train Steps/Sec: 1.98, Samples/Sec: 94.92
[[34m2025-06-05 14:32:18[0m] (step=0077400) Train Loss: 0.0877, Train Steps/Sec: 1.98, Samples/Sec: 95.08
[[34m2025-06-05 14:33:08[0m] (step=0077500) Train Loss: 0.0873, Train Steps/Sec: 1.98, Samples/Sec: 95.05
[[34m2025-06-05 14:33:58[0m] (step=0077600) Train Loss: 0.0857, Train Steps/Sec: 1.98, Samples/Sec: 95.10
[[34m2025-06-05 14:34:49[0m] (step=0077700) Train Loss: 0.0878, Train Steps/Sec: 1.98, Samples/Sec: 95.01
[[34m2025-06-05 14:35:40[0m] (step=0077800) Train Loss: 0.0865, Train Steps/Sec: 1.98, Samples/Sec: 94.83
[[34m2025-06-05 14:36:30[0m] (step=0077900) Train Loss: 0.0889, Train Steps/Sec: 1.97, Samples/Sec: 94.64
[[34m2025-06-05 14:37:21[0m] (step=0078000) Train Loss: 0.0839, Train Steps/Sec: 1.98, Samples/Sec: 95.15
[[34m2025-06-05 14:37:34[0m] Saved checkpoint to logs/nwm_cdit_wuhan_union/checkpoints/latest.pth.tar
[[34m2025-06-05 14:38:24[0m] (step=0078100) Train Loss: 0.0852, Train Steps/Sec: 1.57, Samples/Sec: 75.45
[[34m2025-06-05 14:39:15[0m] (step=0078200) Train Loss: 0.0833, Train Steps/Sec: 1.98, Samples/Sec: 94.94
[[34m2025-06-05 14:40:05[0m] (step=0078300) Train Loss: 0.0847, Train Steps/Sec: 1.98, Samples/Sec: 95.10
[[34m2025-06-05 14:40:56[0m] (step=0078400) Train Loss: 0.0786, Train Steps/Sec: 1.98, Samples/Sec: 94.90
[[34m2025-06-05 14:41:47[0m] (step=0078500) Train Loss: 0.0826, Train Steps/Sec: 1.98, Samples/Sec: 94.89
[[34m2025-06-05 14:42:37[0m] (step=0078600) Train Loss: 0.0866, Train Steps/Sec: 1.97, Samples/Sec: 94.73
[[34m2025-06-05 14:43:28[0m] (step=0078700) Train Loss: 0.0847, Train Steps/Sec: 1.98, Samples/Sec: 95.10
[[34m2025-06-05 14:44:08[0m] Beginning epoch 26...
[[34m2025-06-05 14:44:20[0m] (step=0078800) Train Loss: 0.0822, Train Steps/Sec: 1.93, Samples/Sec: 92.75
[[34m2025-06-05 14:45:10[0m] (step=0078900) Train Loss: 0.0845, Train Steps/Sec: 1.98, Samples/Sec: 95.04
[[34m2025-06-05 14:46:00[0m] (step=0079000) Train Loss: 0.0798, Train Steps/Sec: 1.98, Samples/Sec: 95.11
[[34m2025-06-05 14:46:51[0m] (step=0079100) Train Loss: 0.0845, Train Steps/Sec: 1.98, Samples/Sec: 94.82
[[34m2025-06-05 14:47:42[0m] (step=0079200) Train Loss: 0.0820, Train Steps/Sec: 1.97, Samples/Sec: 94.67
[[34m2025-06-05 14:48:32[0m] (step=0079300) Train Loss: 0.0887, Train Steps/Sec: 1.97, Samples/Sec: 94.72
[[34m2025-06-05 14:49:23[0m] (step=0079400) Train Loss: 0.0888, Train Steps/Sec: 1.98, Samples/Sec: 95.14
[[34m2025-06-05 14:50:13[0m] (step=0079500) Train Loss: 0.0843, Train Steps/Sec: 1.98, Samples/Sec: 95.14
[[34m2025-06-05 14:51:04[0m] (step=0079600) Train Loss: 0.0857, Train Steps/Sec: 1.98, Samples/Sec: 95.09
[[34m2025-06-05 14:51:55[0m] (step=0079700) Train Loss: 0.0840, Train Steps/Sec: 1.97, Samples/Sec: 94.52
[[34m2025-06-05 14:52:45[0m] (step=0079800) Train Loss: 0.0824, Train Steps/Sec: 1.98, Samples/Sec: 95.09
[[34m2025-06-05 14:53:36[0m] (step=0079900) Train Loss: 0.0818, Train Steps/Sec: 1.97, Samples/Sec: 94.58
[[34m2025-06-05 14:54:26[0m] (step=0080000) Train Loss: 0.0839, Train Steps/Sec: 1.98, Samples/Sec: 95.14
Using cache found in ./models/facebookresearch_dino_main
Using cache found in ./models/facebookresearch_dino_main
Using cache found in ./models/facebookresearch_dino_main
[[34m2025-06-05 14:54:51[0m] Saved checkpoint to logs/nwm_cdit_wuhan_union/checkpoints/0080000.pth.tar
Using cache found in ./models/facebookresearch_dino_main
[[34m2025-06-05 14:54:53[0m] Already found a `peft_config` attribute in the model. This will lead to having multiple adapters in the model. Make sure to know what you are doing!
[[34m2025-06-05 14:56:54[0m] (step=0080000) Perceptual Loss: 0.2860, Eval Time: 123.09
[[34m2025-06-05 14:57:44[0m] (step=0080100) Train Loss: 0.0861, Train Steps/Sec: 0.51, Samples/Sec: 24.25
[[34m2025-06-05 14:58:35[0m] (step=0080200) Train Loss: 0.0829, Train Steps/Sec: 1.98, Samples/Sec: 95.13
[[34m2025-06-05 14:59:25[0m] (step=0080300) Train Loss: 0.0836, Train Steps/Sec: 1.97, Samples/Sec: 94.75
[[34m2025-06-05 15:00:16[0m] (step=0080400) Train Loss: 0.0844, Train Steps/Sec: 1.98, Samples/Sec: 94.87
[[34m2025-06-05 15:01:07[0m] (step=0080500) Train Loss: 0.0905, Train Steps/Sec: 1.97, Samples/Sec: 94.62
[[34m2025-06-05 15:01:57[0m] (step=0080600) Train Loss: 0.0860, Train Steps/Sec: 1.98, Samples/Sec: 95.11
[[34m2025-06-05 15:02:48[0m] (step=0080700) Train Loss: 0.0894, Train Steps/Sec: 1.98, Samples/Sec: 94.89
[[34m2025-06-05 15:03:38[0m] (step=0080800) Train Loss: 0.0828, Train Steps/Sec: 1.98, Samples/Sec: 95.09
[[34m2025-06-05 15:04:29[0m] (step=0080900) Train Loss: 0.0804, Train Steps/Sec: 1.98, Samples/Sec: 94.97
[[34m2025-06-05 15:05:19[0m] (step=0081000) Train Loss: 0.0812, Train Steps/Sec: 1.98, Samples/Sec: 94.91
[[34m2025-06-05 15:06:10[0m] (step=0081100) Train Loss: 0.0859, Train Steps/Sec: 1.97, Samples/Sec: 94.79
[[34m2025-06-05 15:07:01[0m] (step=0081200) Train Loss: 0.0832, Train Steps/Sec: 1.98, Samples/Sec: 94.87
[[34m2025-06-05 15:07:51[0m] (step=0081300) Train Loss: 0.0872, Train Steps/Sec: 1.98, Samples/Sec: 95.10
[[34m2025-06-05 15:08:42[0m] (step=0081400) Train Loss: 0.0830, Train Steps/Sec: 1.98, Samples/Sec: 95.05
[[34m2025-06-05 15:09:32[0m] (step=0081500) Train Loss: 0.0845, Train Steps/Sec: 1.98, Samples/Sec: 95.15
[[34m2025-06-05 15:10:23[0m] (step=0081600) Train Loss: 0.0839, Train Steps/Sec: 1.98, Samples/Sec: 95.02
[[34m2025-06-05 15:11:13[0m] (step=0081700) Train Loss: 0.0827, Train Steps/Sec: 1.98, Samples/Sec: 94.95
[[34m2025-06-05 15:12:04[0m] (step=0081800) Train Loss: 0.0851, Train Steps/Sec: 1.98, Samples/Sec: 94.83
[[34m2025-06-05 15:12:09[0m] Beginning epoch 27...
[[34m2025-06-05 15:12:55[0m] (step=0081900) Train Loss: 0.0822, Train Steps/Sec: 1.94, Samples/Sec: 93.09
[[34m2025-06-05 15:13:46[0m] (step=0082000) Train Loss: 0.0850, Train Steps/Sec: 1.98, Samples/Sec: 95.04
[[34m2025-06-05 15:14:03[0m] Saved checkpoint to logs/nwm_cdit_wuhan_union/checkpoints/latest.pth.tar
[[34m2025-06-05 15:14:54[0m] (step=0082100) Train Loss: 0.0839, Train Steps/Sec: 1.47, Samples/Sec: 70.43
[[34m2025-06-05 15:15:44[0m] (step=0082200) Train Loss: 0.0867, Train Steps/Sec: 1.98, Samples/Sec: 95.01
[[34m2025-06-05 15:16:35[0m] (step=0082300) Train Loss: 0.0832, Train Steps/Sec: 1.98, Samples/Sec: 94.91
[[34m2025-06-05 15:17:26[0m] (step=0082400) Train Loss: 0.0826, Train Steps/Sec: 1.98, Samples/Sec: 95.07
[[34m2025-06-05 15:18:16[0m] (step=0082500) Train Loss: 0.0805, Train Steps/Sec: 1.97, Samples/Sec: 94.56
[[34m2025-06-05 15:19:07[0m] (step=0082600) Train Loss: 0.0841, Train Steps/Sec: 1.98, Samples/Sec: 94.85
[[34m2025-06-05 15:19:57[0m] (step=0082700) Train Loss: 0.0855, Train Steps/Sec: 1.98, Samples/Sec: 95.15
[[34m2025-06-05 15:20:48[0m] (step=0082800) Train Loss: 0.0848, Train Steps/Sec: 1.98, Samples/Sec: 95.13
[[34m2025-06-05 15:21:38[0m] (step=0082900) Train Loss: 0.0799, Train Steps/Sec: 1.98, Samples/Sec: 94.95
[[34m2025-06-05 15:22:29[0m] (step=0083000) Train Loss: 0.0873, Train Steps/Sec: 1.98, Samples/Sec: 95.01
[[34m2025-06-05 15:23:19[0m] (step=0083100) Train Loss: 0.0815, Train Steps/Sec: 1.98, Samples/Sec: 94.97
[[34m2025-06-05 15:24:10[0m] (step=0083200) Train Loss: 0.0817, Train Steps/Sec: 1.97, Samples/Sec: 94.62
[[34m2025-06-05 15:25:01[0m] (step=0083300) Train Loss: 0.0854, Train Steps/Sec: 1.98, Samples/Sec: 95.09
[[34m2025-06-05 15:25:51[0m] (step=0083400) Train Loss: 0.0824, Train Steps/Sec: 1.98, Samples/Sec: 95.08
[[34m2025-06-05 15:26:42[0m] (step=0083500) Train Loss: 0.0801, Train Steps/Sec: 1.98, Samples/Sec: 94.94
[[34m2025-06-05 15:27:32[0m] (step=0083600) Train Loss: 0.0866, Train Steps/Sec: 1.98, Samples/Sec: 94.95
[[34m2025-06-05 15:28:23[0m] (step=0083700) Train Loss: 0.0821, Train Steps/Sec: 1.98, Samples/Sec: 95.11
[[34m2025-06-05 15:29:13[0m] (step=0083800) Train Loss: 0.0799, Train Steps/Sec: 1.98, Samples/Sec: 94.84
[[34m2025-06-05 15:30:04[0m] (step=0083900) Train Loss: 0.0823, Train Steps/Sec: 1.97, Samples/Sec: 94.76
[[34m2025-06-05 15:30:55[0m] (step=0084000) Train Loss: 0.0821, Train Steps/Sec: 1.98, Samples/Sec: 94.94
[[34m2025-06-05 15:31:07[0m] Saved checkpoint to logs/nwm_cdit_wuhan_union/checkpoints/latest.pth.tar
[[34m2025-06-05 15:31:58[0m] (step=0084100) Train Loss: 0.0797, Train Steps/Sec: 1.58, Samples/Sec: 75.71
[[34m2025-06-05 15:32:49[0m] (step=0084200) Train Loss: 0.0835, Train Steps/Sec: 1.97, Samples/Sec: 94.78
[[34m2025-06-05 15:33:39[0m] (step=0084300) Train Loss: 0.0839, Train Steps/Sec: 1.98, Samples/Sec: 95.05
[[34m2025-06-05 15:34:30[0m] (step=0084400) Train Loss: 0.0839, Train Steps/Sec: 1.98, Samples/Sec: 95.09
[[34m2025-06-05 15:35:23[0m] (step=0084500) Train Loss: 0.0828, Train Steps/Sec: 1.86, Samples/Sec: 89.25
[[34m2025-06-05 15:36:14[0m] (step=0084600) Train Loss: 0.0840, Train Steps/Sec: 1.98, Samples/Sec: 95.14
[[34m2025-06-05 15:37:04[0m] (step=0084700) Train Loss: 0.0838, Train Steps/Sec: 1.98, Samples/Sec: 95.11
[[34m2025-06-05 15:37:55[0m] (step=0084800) Train Loss: 0.0821, Train Steps/Sec: 1.98, Samples/Sec: 94.98
[[34m2025-06-05 15:38:15[0m] Beginning epoch 28...
[[34m2025-06-05 15:38:47[0m] (step=0084900) Train Loss: 0.0896, Train Steps/Sec: 1.92, Samples/Sec: 92.06
[[34m2025-06-05 15:39:37[0m] (step=0085000) Train Loss: 0.0832, Train Steps/Sec: 1.98, Samples/Sec: 95.12
[[34m2025-06-05 15:40:28[0m] (step=0085100) Train Loss: 0.0830, Train Steps/Sec: 1.98, Samples/Sec: 95.03
[[34m2025-06-05 15:41:19[0m] (step=0085200) Train Loss: 0.0831, Train Steps/Sec: 1.97, Samples/Sec: 94.50
[[34m2025-06-05 15:42:09[0m] (step=0085300) Train Loss: 0.0885, Train Steps/Sec: 1.97, Samples/Sec: 94.71
[[34m2025-06-05 15:43:00[0m] (step=0085400) Train Loss: 0.0789, Train Steps/Sec: 1.98, Samples/Sec: 95.04
[[34m2025-06-05 15:43:50[0m] (step=0085500) Train Loss: 0.0838, Train Steps/Sec: 1.98, Samples/Sec: 95.13
[[34m2025-06-05 15:44:41[0m] (step=0085600) Train Loss: 0.0809, Train Steps/Sec: 1.98, Samples/Sec: 94.95
[[34m2025-06-05 15:45:31[0m] (step=0085700) Train Loss: 0.0816, Train Steps/Sec: 1.98, Samples/Sec: 95.14
[[34m2025-06-05 15:46:22[0m] (step=0085800) Train Loss: 0.0844, Train Steps/Sec: 1.98, Samples/Sec: 94.94
[[34m2025-06-05 15:47:13[0m] (step=0085900) Train Loss: 0.0899, Train Steps/Sec: 1.97, Samples/Sec: 94.73
[[34m2025-06-05 15:48:03[0m] (step=0086000) Train Loss: 0.0796, Train Steps/Sec: 1.98, Samples/Sec: 95.12
[[34m2025-06-05 15:48:17[0m] Saved checkpoint to logs/nwm_cdit_wuhan_union/checkpoints/latest.pth.tar
[[34m2025-06-05 15:49:08[0m] (step=0086100) Train Loss: 0.0851, Train Steps/Sec: 1.55, Samples/Sec: 74.38
[[34m2025-06-05 15:49:58[0m] (step=0086200) Train Loss: 0.0880, Train Steps/Sec: 1.98, Samples/Sec: 94.86
[[34m2025-06-05 15:50:49[0m] (step=0086300) Train Loss: 0.0752, Train Steps/Sec: 1.98, Samples/Sec: 95.05
[[34m2025-06-05 15:51:39[0m] (step=0086400) Train Loss: 0.0848, Train Steps/Sec: 1.98, Samples/Sec: 95.06
[[34m2025-06-05 15:52:30[0m] (step=0086500) Train Loss: 0.0847, Train Steps/Sec: 1.98, Samples/Sec: 94.89
[[34m2025-06-05 15:53:21[0m] (step=0086600) Train Loss: 0.0848, Train Steps/Sec: 1.97, Samples/Sec: 94.64
[[34m2025-06-05 15:54:11[0m] (step=0086700) Train Loss: 0.0813, Train Steps/Sec: 1.98, Samples/Sec: 95.07
[[34m2025-06-05 15:55:02[0m] (step=0086800) Train Loss: 0.0815, Train Steps/Sec: 1.97, Samples/Sec: 94.76
[[34m2025-06-05 15:55:52[0m] (step=0086900) Train Loss: 0.0824, Train Steps/Sec: 1.98, Samples/Sec: 95.12
[[34m2025-06-05 15:56:43[0m] (step=0087000) Train Loss: 0.0760, Train Steps/Sec: 1.98, Samples/Sec: 94.89
[[34m2025-06-05 15:57:33[0m] (step=0087100) Train Loss: 0.0806, Train Steps/Sec: 1.98, Samples/Sec: 95.06
[[34m2025-06-05 15:58:24[0m] (step=0087200) Train Loss: 0.0803, Train Steps/Sec: 1.97, Samples/Sec: 94.50
[[34m2025-06-05 15:59:14[0m] (step=0087300) Train Loss: 0.0841, Train Steps/Sec: 1.98, Samples/Sec: 95.10
[[34m2025-06-05 16:00:05[0m] (step=0087400) Train Loss: 0.0806, Train Steps/Sec: 1.98, Samples/Sec: 95.06
[[34m2025-06-05 16:00:56[0m] (step=0087500) Train Loss: 0.0835, Train Steps/Sec: 1.98, Samples/Sec: 94.90
[[34m2025-06-05 16:01:46[0m] (step=0087600) Train Loss: 0.0813, Train Steps/Sec: 1.98, Samples/Sec: 95.05
[[34m2025-06-05 16:02:37[0m] (step=0087700) Train Loss: 0.0829, Train Steps/Sec: 1.98, Samples/Sec: 95.02
[[34m2025-06-05 16:03:27[0m] (step=0087800) Train Loss: 0.0793, Train Steps/Sec: 1.98, Samples/Sec: 95.07
[[34m2025-06-05 16:04:02[0m] Beginning epoch 29...
[[34m2025-06-05 16:04:19[0m] (step=0087900) Train Loss: 0.0797, Train Steps/Sec: 1.93, Samples/Sec: 92.57
[[34m2025-06-05 16:05:09[0m] (step=0088000) Train Loss: 0.0815, Train Steps/Sec: 1.98, Samples/Sec: 95.08
[[34m2025-06-05 16:05:22[0m] Saved checkpoint to logs/nwm_cdit_wuhan_union/checkpoints/latest.pth.tar
[[34m2025-06-05 16:06:13[0m] (step=0088100) Train Loss: 0.0857, Train Steps/Sec: 1.58, Samples/Sec: 76.06
[[34m2025-06-05 16:07:03[0m] (step=0088200) Train Loss: 0.0828, Train Steps/Sec: 1.97, Samples/Sec: 94.73
[[34m2025-06-05 16:07:54[0m] (step=0088300) Train Loss: 0.0855, Train Steps/Sec: 1.98, Samples/Sec: 95.10
[[34m2025-06-05 16:08:44[0m] (step=0088400) Train Loss: 0.0872, Train Steps/Sec: 1.98, Samples/Sec: 95.07
[[34m2025-06-05 16:09:35[0m] (step=0088500) Train Loss: 0.0810, Train Steps/Sec: 1.98, Samples/Sec: 94.86
[[34m2025-06-05 16:10:25[0m] (step=0088600) Train Loss: 0.0791, Train Steps/Sec: 1.97, Samples/Sec: 94.76
[[34m2025-06-05 16:11:16[0m] (step=0088700) Train Loss: 0.0793, Train Steps/Sec: 1.98, Samples/Sec: 95.03
[[34m2025-06-05 16:12:07[0m] (step=0088800) Train Loss: 0.0791, Train Steps/Sec: 1.98, Samples/Sec: 94.86
[[34m2025-06-05 16:12:57[0m] (step=0088900) Train Loss: 0.0822, Train Steps/Sec: 1.98, Samples/Sec: 94.98
[[34m2025-06-05 16:13:48[0m] (step=0089000) Train Loss: 0.0819, Train Steps/Sec: 1.98, Samples/Sec: 94.93
[[34m2025-06-05 16:14:38[0m] (step=0089100) Train Loss: 0.0817, Train Steps/Sec: 1.98, Samples/Sec: 95.08
[[34m2025-06-05 16:15:29[0m] (step=0089200) Train Loss: 0.0795, Train Steps/Sec: 1.97, Samples/Sec: 94.76
[[34m2025-06-05 16:16:20[0m] (step=0089300) Train Loss: 0.0789, Train Steps/Sec: 1.97, Samples/Sec: 94.59
[[34m2025-06-05 16:17:10[0m] (step=0089400) Train Loss: 0.0811, Train Steps/Sec: 1.98, Samples/Sec: 95.13
[[34m2025-06-05 16:18:01[0m] (step=0089500) Train Loss: 0.0793, Train Steps/Sec: 1.97, Samples/Sec: 94.78
[[34m2025-06-05 16:18:51[0m] (step=0089600) Train Loss: 0.0857, Train Steps/Sec: 1.98, Samples/Sec: 95.04
[[34m2025-06-05 16:19:42[0m] (step=0089700) Train Loss: 0.0824, Train Steps/Sec: 1.98, Samples/Sec: 95.10
[[34m2025-06-05 16:20:32[0m] (step=0089800) Train Loss: 0.0814, Train Steps/Sec: 1.98, Samples/Sec: 95.00
[[34m2025-06-05 16:21:23[0m] (step=0089900) Train Loss: 0.0829, Train Steps/Sec: 1.97, Samples/Sec: 94.51
[[34m2025-06-05 16:22:13[0m] (step=0090000) Train Loss: 0.0856, Train Steps/Sec: 1.98, Samples/Sec: 95.06
Using cache found in ./models/facebookresearch_dino_main
Using cache found in ./models/facebookresearch_dino_main
Using cache found in ./models/facebookresearch_dino_main
[[34m2025-06-05 16:22:28[0m] Saved checkpoint to logs/nwm_cdit_wuhan_union/checkpoints/latest.pth.tar
Using cache found in ./models/facebookresearch_dino_main
[[34m2025-06-05 16:22:31[0m] Already found a `peft_config` attribute in the model. This will lead to having multiple adapters in the model. Make sure to know what you are doing!
[[34m2025-06-05 16:24:31[0m] (step=0090000) Perceptual Loss: 0.2870, Eval Time: 122.51
[[34m2025-06-05 16:25:21[0m] (step=0090100) Train Loss: 0.0781, Train Steps/Sec: 0.53, Samples/Sec: 25.56
[[34m2025-06-05 16:26:12[0m] (step=0090200) Train Loss: 0.0803, Train Steps/Sec: 1.98, Samples/Sec: 95.11
[[34m2025-06-05 16:27:02[0m] (step=0090300) Train Loss: 0.0793, Train Steps/Sec: 1.98, Samples/Sec: 94.98
[[34m2025-06-05 16:27:53[0m] (step=0090400) Train Loss: 0.0886, Train Steps/Sec: 1.98, Samples/Sec: 95.11
[[34m2025-06-05 16:28:44[0m] (step=0090500) Train Loss: 0.0762, Train Steps/Sec: 1.97, Samples/Sec: 94.51
[[34m2025-06-05 16:29:34[0m] (step=0090600) Train Loss: 0.0773, Train Steps/Sec: 1.98, Samples/Sec: 95.21
[[34m2025-06-05 16:30:24[0m] (step=0090700) Train Loss: 0.0798, Train Steps/Sec: 1.98, Samples/Sec: 94.99
[[34m2025-06-05 16:31:15[0m] (step=0090800) Train Loss: 0.0791, Train Steps/Sec: 1.98, Samples/Sec: 95.10
[[34m2025-06-05 16:32:05[0m] (step=0090900) Train Loss: 0.0821, Train Steps/Sec: 1.98, Samples/Sec: 95.15
[[34m2025-06-05 16:32:05[0m] Beginning epoch 30...
[[34m2025-06-05 16:32:57[0m] (step=0091000) Train Loss: 0.0852, Train Steps/Sec: 1.93, Samples/Sec: 92.58
[[34m2025-06-05 16:33:48[0m] (step=0091100) Train Loss: 0.0758, Train Steps/Sec: 1.97, Samples/Sec: 94.74
[[34m2025-06-05 16:34:39[0m] (step=0091200) Train Loss: 0.0806, Train Steps/Sec: 1.97, Samples/Sec: 94.75
[[34m2025-06-05 16:35:29[0m] (step=0091300) Train Loss: 0.0807, Train Steps/Sec: 1.98, Samples/Sec: 95.06
[[34m2025-06-05 16:36:20[0m] (step=0091400) Train Loss: 0.0813, Train Steps/Sec: 1.98, Samples/Sec: 94.83
[[34m2025-06-05 16:37:10[0m] (step=0091500) Train Loss: 0.0854, Train Steps/Sec: 1.98, Samples/Sec: 95.10
[[34m2025-06-05 16:38:01[0m] (step=0091600) Train Loss: 0.0829, Train Steps/Sec: 1.98, Samples/Sec: 94.97
[[34m2025-06-05 16:38:51[0m] (step=0091700) Train Loss: 0.0779, Train Steps/Sec: 1.98, Samples/Sec: 95.16
[[34m2025-06-05 16:39:42[0m] (step=0091800) Train Loss: 0.0812, Train Steps/Sec: 1.97, Samples/Sec: 94.66
[[34m2025-06-05 16:40:32[0m] (step=0091900) Train Loss: 0.0787, Train Steps/Sec: 1.98, Samples/Sec: 95.02
[[34m2025-06-05 16:41:23[0m] (step=0092000) Train Loss: 0.0820, Train Steps/Sec: 1.98, Samples/Sec: 95.12
[[34m2025-06-05 16:41:36[0m] Saved checkpoint to logs/nwm_cdit_wuhan_union/checkpoints/latest.pth.tar
[[34m2025-06-05 16:42:26[0m] (step=0092100) Train Loss: 0.0795, Train Steps/Sec: 1.58, Samples/Sec: 75.70
[[34m2025-06-05 16:43:17[0m] (step=0092200) Train Loss: 0.0737, Train Steps/Sec: 1.98, Samples/Sec: 95.14
[[34m2025-06-05 16:44:07[0m] (step=0092300) Train Loss: 0.0823, Train Steps/Sec: 1.98, Samples/Sec: 95.02
[[34m2025-06-05 16:44:58[0m] (step=0092400) Train Loss: 0.0770, Train Steps/Sec: 1.98, Samples/Sec: 95.03
[[34m2025-06-05 16:45:48[0m] (step=0092500) Train Loss: 0.0807, Train Steps/Sec: 1.97, Samples/Sec: 94.54
[[34m2025-06-05 16:46:39[0m] (step=0092600) Train Loss: 0.0764, Train Steps/Sec: 1.98, Samples/Sec: 95.16
[[34m2025-06-05 16:47:30[0m] (step=0092700) Train Loss: 0.0802, Train Steps/Sec: 1.98, Samples/Sec: 94.84
[[34m2025-06-05 16:48:20[0m] (step=0092800) Train Loss: 0.0784, Train Steps/Sec: 1.98, Samples/Sec: 95.10
[[34m2025-06-05 16:49:11[0m] (step=0092900) Train Loss: 0.0795, Train Steps/Sec: 1.98, Samples/Sec: 94.96
[[34m2025-06-05 16:50:01[0m] (step=0093000) Train Loss: 0.0808, Train Steps/Sec: 1.98, Samples/Sec: 95.11
[[34m2025-06-05 16:50:52[0m] (step=0093100) Train Loss: 0.0778, Train Steps/Sec: 1.98, Samples/Sec: 94.95
[[34m2025-06-05 16:51:42[0m] (step=0093200) Train Loss: 0.0829, Train Steps/Sec: 1.97, Samples/Sec: 94.75
[[34m2025-06-05 16:52:33[0m] (step=0093300) Train Loss: 0.0776, Train Steps/Sec: 1.98, Samples/Sec: 95.15
[[34m2025-06-05 16:53:23[0m] (step=0093400) Train Loss: 0.0793, Train Steps/Sec: 1.98, Samples/Sec: 94.97
[[34m2025-06-05 16:54:14[0m] (step=0093500) Train Loss: 0.0785, Train Steps/Sec: 1.98, Samples/Sec: 95.13
[[34m2025-06-05 16:55:04[0m] (step=0093600) Train Loss: 0.0853, Train Steps/Sec: 1.98, Samples/Sec: 95.10
[[34m2025-06-05 16:55:55[0m] (step=0093700) Train Loss: 0.0826, Train Steps/Sec: 1.98, Samples/Sec: 95.16
[[34m2025-06-05 16:56:45[0m] (step=0093800) Train Loss: 0.0814, Train Steps/Sec: 1.97, Samples/Sec: 94.76
[[34m2025-06-05 16:57:36[0m] (step=0093900) Train Loss: 0.0783, Train Steps/Sec: 1.98, Samples/Sec: 94.86
[[34m2025-06-05 16:57:51[0m] Beginning epoch 31...
[[34m2025-06-05 16:58:28[0m] (step=0094000) Train Loss: 0.0820, Train Steps/Sec: 1.93, Samples/Sec: 92.78
[[34m2025-06-05 16:58:40[0m] Saved checkpoint to logs/nwm_cdit_wuhan_union/checkpoints/latest.pth.tar
[[34m2025-06-05 16:59:31[0m] (step=0094100) Train Loss: 0.0785, Train Steps/Sec: 1.58, Samples/Sec: 75.72
[[34m2025-06-05 17:00:22[0m] (step=0094200) Train Loss: 0.0839, Train Steps/Sec: 1.98, Samples/Sec: 95.04
[[34m2025-06-05 17:01:12[0m] (step=0094300) Train Loss: 0.0806, Train Steps/Sec: 1.98, Samples/Sec: 94.99
[[34m2025-06-05 17:02:03[0m] (step=0094400) Train Loss: 0.0803, Train Steps/Sec: 1.98, Samples/Sec: 95.03
[[34m2025-06-05 17:02:53[0m] (step=0094500) Train Loss: 0.0803, Train Steps/Sec: 1.97, Samples/Sec: 94.44
[[34m2025-06-05 17:03:44[0m] (step=0094600) Train Loss: 0.0815, Train Steps/Sec: 1.98, Samples/Sec: 95.02
[[34m2025-06-05 17:04:35[0m] (step=0094700) Train Loss: 0.0784, Train Steps/Sec: 1.98, Samples/Sec: 94.87
[[34m2025-06-05 17:05:25[0m] (step=0094800) Train Loss: 0.0784, Train Steps/Sec: 1.98, Samples/Sec: 95.06
[[34m2025-06-05 17:06:16[0m] (step=0094900) Train Loss: 0.0842, Train Steps/Sec: 1.98, Samples/Sec: 95.01
[[34m2025-06-05 17:07:06[0m] (step=0095000) Train Loss: 0.0789, Train Steps/Sec: 1.98, Samples/Sec: 95.05
[[34m2025-06-05 17:07:57[0m] (step=0095100) Train Loss: 0.0798, Train Steps/Sec: 1.98, Samples/Sec: 95.07
[[34m2025-06-05 17:08:47[0m] (step=0095200) Train Loss: 0.0787, Train Steps/Sec: 1.97, Samples/Sec: 94.47
[[34m2025-06-05 17:09:38[0m] (step=0095300) Train Loss: 0.0790, Train Steps/Sec: 1.98, Samples/Sec: 95.05
[[34m2025-06-05 17:10:28[0m] (step=0095400) Train Loss: 0.0815, Train Steps/Sec: 1.97, Samples/Sec: 94.80
[[34m2025-06-05 17:11:19[0m] (step=0095500) Train Loss: 0.0792, Train Steps/Sec: 1.98, Samples/Sec: 94.95
[[34m2025-06-05 17:12:10[0m] (step=0095600) Train Loss: 0.0802, Train Steps/Sec: 1.98, Samples/Sec: 94.86
[[34m2025-06-05 17:13:00[0m] (step=0095700) Train Loss: 0.0762, Train Steps/Sec: 1.98, Samples/Sec: 95.07
[[34m2025-06-05 17:13:51[0m] (step=0095800) Train Loss: 0.0790, Train Steps/Sec: 1.98, Samples/Sec: 95.05
[[34m2025-06-05 17:14:41[0m] (step=0095900) Train Loss: 0.0754, Train Steps/Sec: 1.97, Samples/Sec: 94.58
[[34m2025-06-05 17:15:32[0m] (step=0096000) Train Loss: 0.0869, Train Steps/Sec: 1.98, Samples/Sec: 95.12
[[34m2025-06-05 17:15:45[0m] Saved checkpoint to logs/nwm_cdit_wuhan_union/checkpoints/latest.pth.tar
[[34m2025-06-05 17:16:35[0m] (step=0096100) Train Loss: 0.0759, Train Steps/Sec: 1.57, Samples/Sec: 75.39
[[34m2025-06-05 17:17:26[0m] (step=0096200) Train Loss: 0.0785, Train Steps/Sec: 1.98, Samples/Sec: 95.16
[[34m2025-06-05 17:18:16[0m] (step=0096300) Train Loss: 0.0820, Train Steps/Sec: 1.98, Samples/Sec: 95.07
[[34m2025-06-05 17:19:07[0m] (step=0096400) Train Loss: 0.0829, Train Steps/Sec: 1.98, Samples/Sec: 95.09
[[34m2025-06-05 17:19:58[0m] (step=0096500) Train Loss: 0.0768, Train Steps/Sec: 1.97, Samples/Sec: 94.73
[[34m2025-06-05 17:20:48[0m] (step=0096600) Train Loss: 0.0738, Train Steps/Sec: 1.97, Samples/Sec: 94.78
[[34m2025-06-05 17:21:39[0m] (step=0096700) Train Loss: 0.0803, Train Steps/Sec: 1.97, Samples/Sec: 94.80
[[34m2025-06-05 17:22:29[0m] (step=0096800) Train Loss: 0.0807, Train Steps/Sec: 1.98, Samples/Sec: 95.20
[[34m2025-06-05 17:23:20[0m] (step=0096900) Train Loss: 0.0773, Train Steps/Sec: 1.98, Samples/Sec: 95.17
[[34m2025-06-05 17:23:50[0m] Beginning epoch 32...
[[34m2025-06-05 17:24:11[0m] (step=0097000) Train Loss: 0.0803, Train Steps/Sec: 1.94, Samples/Sec: 93.17
[[34m2025-06-05 17:25:02[0m] (step=0097100) Train Loss: 0.0764, Train Steps/Sec: 1.98, Samples/Sec: 95.12
[[34m2025-06-05 17:25:52[0m] (step=0097200) Train Loss: 0.0830, Train Steps/Sec: 1.97, Samples/Sec: 94.56
[[34m2025-06-05 17:26:43[0m] (step=0097300) Train Loss: 0.0794, Train Steps/Sec: 1.98, Samples/Sec: 95.09
[[34m2025-06-05 17:27:34[0m] (step=0097400) Train Loss: 0.0827, Train Steps/Sec: 1.98, Samples/Sec: 94.82
[[34m2025-06-05 17:28:24[0m] (step=0097500) Train Loss: 0.0808, Train Steps/Sec: 1.98, Samples/Sec: 95.12
[[34m2025-06-05 17:29:15[0m] (step=0097600) Train Loss: 0.0859, Train Steps/Sec: 1.98, Samples/Sec: 94.84
[[34m2025-06-05 17:30:05[0m] (step=0097700) Train Loss: 0.0813, Train Steps/Sec: 1.98, Samples/Sec: 95.14
[[34m2025-06-05 17:30:56[0m] (step=0097800) Train Loss: 0.0856, Train Steps/Sec: 1.98, Samples/Sec: 95.04
[[34m2025-06-05 17:31:46[0m] (step=0097900) Train Loss: 0.0831, Train Steps/Sec: 1.97, Samples/Sec: 94.59
[[34m2025-06-05 17:32:37[0m] (step=0098000) Train Loss: 0.0838, Train Steps/Sec: 1.98, Samples/Sec: 95.15
[[34m2025-06-05 17:32:50[0m] Saved checkpoint to logs/nwm_cdit_wuhan_union/checkpoints/latest.pth.tar
[[34m2025-06-05 17:33:40[0m] (step=0098100) Train Loss: 0.0801, Train Steps/Sec: 1.57, Samples/Sec: 75.44
[[34m2025-06-05 17:34:31[0m] (step=0098200) Train Loss: 0.0749, Train Steps/Sec: 1.98, Samples/Sec: 95.07
[[34m2025-06-05 17:35:21[0m] (step=0098300) Train Loss: 0.0781, Train Steps/Sec: 1.98, Samples/Sec: 95.04
[[34m2025-06-05 17:36:12[0m] (step=0098400) Train Loss: 0.0808, Train Steps/Sec: 1.98, Samples/Sec: 94.90
[[34m2025-06-05 17:37:03[0m] (step=0098500) Train Loss: 0.0806, Train Steps/Sec: 1.98, Samples/Sec: 94.96
[[34m2025-06-05 17:37:53[0m] (step=0098600) Train Loss: 0.0799, Train Steps/Sec: 1.97, Samples/Sec: 94.43
[[34m2025-06-05 17:38:44[0m] (step=0098700) Train Loss: 0.0740, Train Steps/Sec: 1.98, Samples/Sec: 95.15
[[34m2025-06-05 17:39:34[0m] (step=0098800) Train Loss: 0.0743, Train Steps/Sec: 1.98, Samples/Sec: 95.01
[[34m2025-06-05 17:40:25[0m] (step=0098900) Train Loss: 0.0813, Train Steps/Sec: 1.98, Samples/Sec: 95.07
[[34m2025-06-05 17:41:15[0m] (step=0099000) Train Loss: 0.0805, Train Steps/Sec: 1.98, Samples/Sec: 95.00
[[34m2025-06-05 17:42:06[0m] (step=0099100) Train Loss: 0.0784, Train Steps/Sec: 1.98, Samples/Sec: 95.00
[[34m2025-06-05 17:42:57[0m] (step=0099200) Train Loss: 0.0803, Train Steps/Sec: 1.97, Samples/Sec: 94.76
[[34m2025-06-05 17:43:47[0m] (step=0099300) Train Loss: 0.0761, Train Steps/Sec: 1.97, Samples/Sec: 94.61
[[34m2025-06-05 17:44:38[0m] (step=0099400) Train Loss: 0.0755, Train Steps/Sec: 1.98, Samples/Sec: 95.15
[[34m2025-06-05 17:45:28[0m] (step=0099500) Train Loss: 0.0774, Train Steps/Sec: 1.98, Samples/Sec: 95.04
[[34m2025-06-05 17:46:19[0m] (step=0099600) Train Loss: 0.0802, Train Steps/Sec: 1.98, Samples/Sec: 95.09
[[34m2025-06-05 17:47:09[0m] (step=0099700) Train Loss: 0.0787, Train Steps/Sec: 1.98, Samples/Sec: 95.05
[[34m2025-06-05 17:48:00[0m] (step=0099800) Train Loss: 0.0819, Train Steps/Sec: 1.98, Samples/Sec: 95.08
[[34m2025-06-05 17:48:50[0m] (step=0099900) Train Loss: 0.0806, Train Steps/Sec: 1.97, Samples/Sec: 94.54
[[34m2025-06-05 17:49:36[0m] Beginning epoch 33...
[[34m2025-06-05 17:49:42[0m] (step=0100000) Train Loss: 0.0790, Train Steps/Sec: 1.93, Samples/Sec: 92.66
Using cache found in ./models/facebookresearch_dino_main
Using cache found in ./models/facebookresearch_dino_main
Using cache found in ./models/facebookresearch_dino_main
[[34m2025-06-05 17:50:07[0m] Saved checkpoint to logs/nwm_cdit_wuhan_union/checkpoints/0100000.pth.tar
Using cache found in ./models/facebookresearch_dino_main
[[34m2025-06-05 17:50:10[0m] Already found a `peft_config` attribute in the model. This will lead to having multiple adapters in the model. Make sure to know what you are doing!
[[34m2025-06-05 17:52:11[0m] (step=0100000) Perceptual Loss: 0.2888, Eval Time: 123.26
[[34m2025-06-05 17:53:01[0m] (step=0100100) Train Loss: 0.0750, Train Steps/Sec: 0.50, Samples/Sec: 24.15
[[34m2025-06-05 17:53:52[0m] (step=0100200) Train Loss: 0.0810, Train Steps/Sec: 1.98, Samples/Sec: 94.92
[[34m2025-06-05 17:54:42[0m] (step=0100300) Train Loss: 0.0769, Train Steps/Sec: 1.98, Samples/Sec: 95.08
[[34m2025-06-05 17:55:33[0m] (step=0100400) Train Loss: 0.0806, Train Steps/Sec: 1.98, Samples/Sec: 95.01
[[34m2025-06-05 17:56:23[0m] (step=0100500) Train Loss: 0.0780, Train Steps/Sec: 1.97, Samples/Sec: 94.34
[[34m2025-06-05 17:57:14[0m] (step=0100600) Train Loss: 0.0800, Train Steps/Sec: 1.98, Samples/Sec: 94.85
[[34m2025-06-05 17:58:05[0m] (step=0100700) Train Loss: 0.0774, Train Steps/Sec: 1.98, Samples/Sec: 94.96
[[34m2025-06-05 17:58:55[0m] (step=0100800) Train Loss: 0.0830, Train Steps/Sec: 1.98, Samples/Sec: 95.12
[[34m2025-06-05 17:59:46[0m] (step=0100900) Train Loss: 0.0809, Train Steps/Sec: 1.98, Samples/Sec: 95.16
[[34m2025-06-05 18:00:36[0m] (step=0101000) Train Loss: 0.0813, Train Steps/Sec: 1.98, Samples/Sec: 94.95
[[34m2025-06-05 18:01:27[0m] (step=0101100) Train Loss: 0.0792, Train Steps/Sec: 1.98, Samples/Sec: 94.83
[[34m2025-06-05 18:02:17[0m] (step=0101200) Train Loss: 0.0759, Train Steps/Sec: 1.98, Samples/Sec: 94.94
[[34m2025-06-05 18:03:08[0m] (step=0101300) Train Loss: 0.0806, Train Steps/Sec: 1.98, Samples/Sec: 94.94
[[34m2025-06-05 18:03:58[0m] (step=0101400) Train Loss: 0.0751, Train Steps/Sec: 1.98, Samples/Sec: 94.98
[[34m2025-06-05 18:04:49[0m] (step=0101500) Train Loss: 0.0784, Train Steps/Sec: 1.98, Samples/Sec: 94.98
[[34m2025-06-05 18:05:39[0m] (step=0101600) Train Loss: 0.0776, Train Steps/Sec: 1.98, Samples/Sec: 95.00
[[34m2025-06-05 18:06:30[0m] (step=0101700) Train Loss: 0.0748, Train Steps/Sec: 1.98, Samples/Sec: 95.07
[[34m2025-06-05 18:07:21[0m] (step=0101800) Train Loss: 0.0753, Train Steps/Sec: 1.97, Samples/Sec: 94.52
[[34m2025-06-05 18:08:11[0m] (step=0101900) Train Loss: 0.0769, Train Steps/Sec: 1.98, Samples/Sec: 94.81
[[34m2025-06-05 18:09:02[0m] (step=0102000) Train Loss: 0.0757, Train Steps/Sec: 1.98, Samples/Sec: 94.94
[[34m2025-06-05 18:09:15[0m] Saved checkpoint to logs/nwm_cdit_wuhan_union/checkpoints/latest.pth.tar
[[34m2025-06-05 18:10:06[0m] (step=0102100) Train Loss: 0.0794, Train Steps/Sec: 1.57, Samples/Sec: 75.33
[[34m2025-06-05 18:10:56[0m] (step=0102200) Train Loss: 0.0739, Train Steps/Sec: 1.98, Samples/Sec: 95.07
[[34m2025-06-05 18:11:47[0m] (step=0102300) Train Loss: 0.0837, Train Steps/Sec: 1.98, Samples/Sec: 95.10
[[34m2025-06-05 18:12:37[0m] (step=0102400) Train Loss: 0.0776, Train Steps/Sec: 1.98, Samples/Sec: 95.12
[[34m2025-06-05 18:13:28[0m] (step=0102500) Train Loss: 0.0765, Train Steps/Sec: 1.96, Samples/Sec: 94.30
[[34m2025-06-05 18:14:18[0m] (step=0102600) Train Loss: 0.0750, Train Steps/Sec: 1.98, Samples/Sec: 95.11
[[34m2025-06-05 18:15:09[0m] (step=0102700) Train Loss: 0.0771, Train Steps/Sec: 1.98, Samples/Sec: 95.11
[[34m2025-06-05 18:15:59[0m] (step=0102800) Train Loss: 0.0735, Train Steps/Sec: 1.98, Samples/Sec: 95.07
[[34m2025-06-05 18:16:50[0m] (step=0102900) Train Loss: 0.0805, Train Steps/Sec: 1.98, Samples/Sec: 95.05
[[34m2025-06-05 18:17:40[0m] (step=0103000) Train Loss: 0.0786, Train Steps/Sec: 1.98, Samples/Sec: 95.05
[[34m2025-06-05 18:17:50[0m] Beginning epoch 34...
[[34m2025-06-05 18:18:32[0m] (step=0103100) Train Loss: 0.0770, Train Steps/Sec: 1.93, Samples/Sec: 92.75
[[34m2025-06-05 18:19:23[0m] (step=0103200) Train Loss: 0.0779, Train Steps/Sec: 1.97, Samples/Sec: 94.33
[[34m2025-06-05 18:20:14[0m] (step=0103300) Train Loss: 0.0795, Train Steps/Sec: 1.98, Samples/Sec: 94.99
[[34m2025-06-05 18:21:04[0m] (step=0103400) Train Loss: 0.0778, Train Steps/Sec: 1.98, Samples/Sec: 95.06
[[34m2025-06-05 18:21:55[0m] (step=0103500) Train Loss: 0.0783, Train Steps/Sec: 1.98, Samples/Sec: 95.10
[[34m2025-06-05 18:22:45[0m] (step=0103600) Train Loss: 0.0766, Train Steps/Sec: 1.98, Samples/Sec: 95.05
[[34m2025-06-05 18:23:36[0m] (step=0103700) Train Loss: 0.0768, Train Steps/Sec: 1.98, Samples/Sec: 95.02
[[34m2025-06-05 18:24:26[0m] (step=0103800) Train Loss: 0.0775, Train Steps/Sec: 1.97, Samples/Sec: 94.71
[[34m2025-06-05 18:25:17[0m] (step=0103900) Train Loss: 0.0786, Train Steps/Sec: 1.97, Samples/Sec: 94.71
[[34m2025-06-05 18:26:07[0m] (step=0104000) Train Loss: 0.0759, Train Steps/Sec: 1.98, Samples/Sec: 94.98
[[34m2025-06-05 18:26:20[0m] Saved checkpoint to logs/nwm_cdit_wuhan_union/checkpoints/latest.pth.tar
[[34m2025-06-05 18:27:10[0m] (step=0104100) Train Loss: 0.0807, Train Steps/Sec: 1.59, Samples/Sec: 76.15
[[34m2025-06-05 18:28:01[0m] (step=0104200) Train Loss: 0.0812, Train Steps/Sec: 1.98, Samples/Sec: 95.02
[[34m2025-06-05 18:28:51[0m] (step=0104300) Train Loss: 0.0792, Train Steps/Sec: 1.98, Samples/Sec: 95.10
[[34m2025-06-05 18:29:42[0m] (step=0104400) Train Loss: 0.0752, Train Steps/Sec: 1.98, Samples/Sec: 95.10
[[34m2025-06-05 18:30:33[0m] (step=0104500) Train Loss: 0.0767, Train Steps/Sec: 1.96, Samples/Sec: 94.25
[[34m2025-06-05 18:31:23[0m] (step=0104600) Train Loss: 0.0786, Train Steps/Sec: 1.98, Samples/Sec: 95.05
[[34m2025-06-05 18:32:14[0m] (step=0104700) Train Loss: 0.0758, Train Steps/Sec: 1.98, Samples/Sec: 95.12
[[34m2025-06-05 18:33:04[0m] (step=0104800) Train Loss: 0.0794, Train Steps/Sec: 1.98, Samples/Sec: 94.96
[[34m2025-06-05 18:33:55[0m] (step=0104900) Train Loss: 0.0721, Train Steps/Sec: 1.98, Samples/Sec: 95.16
[[34m2025-06-05 18:34:45[0m] (step=0105000) Train Loss: 0.0780, Train Steps/Sec: 1.98, Samples/Sec: 95.05
[[34m2025-06-05 18:35:36[0m] (step=0105100) Train Loss: 0.0772, Train Steps/Sec: 1.98, Samples/Sec: 94.92
[[34m2025-06-05 18:36:27[0m] (step=0105200) Train Loss: 0.0810, Train Steps/Sec: 1.97, Samples/Sec: 94.44
[[34m2025-06-05 18:37:17[0m] (step=0105300) Train Loss: 0.0749, Train Steps/Sec: 1.98, Samples/Sec: 95.06
[[34m2025-06-05 18:38:08[0m] (step=0105400) Train Loss: 0.0853, Train Steps/Sec: 1.98, Samples/Sec: 95.03
[[34m2025-06-05 18:38:58[0m] (step=0105500) Train Loss: 0.0773, Train Steps/Sec: 1.98, Samples/Sec: 95.10
[[34m2025-06-05 18:39:49[0m] (step=0105600) Train Loss: 0.0815, Train Steps/Sec: 1.98, Samples/Sec: 95.10
[[34m2025-06-05 18:40:39[0m] (step=0105700) Train Loss: 0.0781, Train Steps/Sec: 1.98, Samples/Sec: 94.92
[[34m2025-06-05 18:41:30[0m] (step=0105800) Train Loss: 0.0802, Train Steps/Sec: 1.98, Samples/Sec: 95.09
[[34m2025-06-05 18:42:21[0m] (step=0105900) Train Loss: 0.0783, Train Steps/Sec: 1.97, Samples/Sec: 94.47
[[34m2025-06-05 18:43:11[0m] (step=0106000) Train Loss: 0.0760, Train Steps/Sec: 1.98, Samples/Sec: 95.04
[[34m2025-06-05 18:43:24[0m] Saved checkpoint to logs/nwm_cdit_wuhan_union/checkpoints/latest.pth.tar
[[34m2025-06-05 18:43:49[0m] Beginning epoch 35...
[[34m2025-06-05 18:44:15[0m] (step=0106100) Train Loss: 0.0746, Train Steps/Sec: 1.56, Samples/Sec: 74.86
[[34m2025-06-05 18:45:06[0m] (step=0106200) Train Loss: 0.0742, Train Steps/Sec: 1.98, Samples/Sec: 94.91
[[34m2025-06-05 18:45:56[0m] (step=0106300) Train Loss: 0.0793, Train Steps/Sec: 1.98, Samples/Sec: 95.06
[[34m2025-06-05 18:46:47[0m] (step=0106400) Train Loss: 0.0780, Train Steps/Sec: 1.97, Samples/Sec: 94.66
[[34m2025-06-05 18:47:38[0m] (step=0106500) Train Loss: 0.0733, Train Steps/Sec: 1.97, Samples/Sec: 94.44
[[34m2025-06-05 18:48:28[0m] (step=0106600) Train Loss: 0.0795, Train Steps/Sec: 1.98, Samples/Sec: 94.90
[[34m2025-06-05 18:49:19[0m] (step=0106700) Train Loss: 0.0800, Train Steps/Sec: 1.98, Samples/Sec: 94.93
[[34m2025-06-05 18:50:09[0m] (step=0106800) Train Loss: 0.0738, Train Steps/Sec: 1.98, Samples/Sec: 95.04
[[34m2025-06-05 18:51:00[0m] (step=0106900) Train Loss: 0.0754, Train Steps/Sec: 1.98, Samples/Sec: 95.05
[[34m2025-06-05 18:51:50[0m] (step=0107000) Train Loss: 0.0784, Train Steps/Sec: 1.98, Samples/Sec: 95.16
[[34m2025-06-05 18:52:41[0m] (step=0107100) Train Loss: 0.0777, Train Steps/Sec: 1.98, Samples/Sec: 94.98
[[34m2025-06-05 18:53:32[0m] (step=0107200) Train Loss: 0.0764, Train Steps/Sec: 1.97, Samples/Sec: 94.62
[[34m2025-06-05 18:54:22[0m] (step=0107300) Train Loss: 0.0763, Train Steps/Sec: 1.98, Samples/Sec: 95.04
[[34m2025-06-05 18:55:13[0m] (step=0107400) Train Loss: 0.0775, Train Steps/Sec: 1.98, Samples/Sec: 95.08
[[34m2025-06-05 18:56:03[0m] (step=0107500) Train Loss: 0.0760, Train Steps/Sec: 1.98, Samples/Sec: 95.09
[[34m2025-06-05 18:56:54[0m] (step=0107600) Train Loss: 0.0807, Train Steps/Sec: 1.98, Samples/Sec: 95.04
[[34m2025-06-05 18:57:44[0m] (step=0107700) Train Loss: 0.0759, Train Steps/Sec: 1.98, Samples/Sec: 95.10
[[34m2025-06-05 18:58:35[0m] (step=0107800) Train Loss: 0.0796, Train Steps/Sec: 1.98, Samples/Sec: 94.95
[[34m2025-06-05 18:59:25[0m] (step=0107900) Train Loss: 0.0781, Train Steps/Sec: 1.97, Samples/Sec: 94.58
[[34m2025-06-05 19:00:16[0m] (step=0108000) Train Loss: 0.0755, Train Steps/Sec: 1.98, Samples/Sec: 95.04
[[34m2025-06-05 19:00:29[0m] Saved checkpoint to logs/nwm_cdit_wuhan_union/checkpoints/latest.pth.tar
[[34m2025-06-05 19:01:20[0m] (step=0108100) Train Loss: 0.0758, Train Steps/Sec: 1.56, Samples/Sec: 74.99
[[34m2025-06-05 19:02:10[0m] (step=0108200) Train Loss: 0.0751, Train Steps/Sec: 1.98, Samples/Sec: 95.12
[[34m2025-06-05 19:03:01[0m] (step=0108300) Train Loss: 0.0758, Train Steps/Sec: 1.98, Samples/Sec: 95.11
[[34m2025-06-05 19:03:51[0m] (step=0108400) Train Loss: 0.0732, Train Steps/Sec: 1.97, Samples/Sec: 94.77
[[34m2025-06-05 19:04:42[0m] (step=0108500) Train Loss: 0.0799, Train Steps/Sec: 1.98, Samples/Sec: 95.03
[[34m2025-06-05 19:05:33[0m] (step=0108600) Train Loss: 0.0762, Train Steps/Sec: 1.97, Samples/Sec: 94.58
[[34m2025-06-05 19:06:23[0m] (step=0108700) Train Loss: 0.0749, Train Steps/Sec: 1.98, Samples/Sec: 95.07
[[34m2025-06-05 19:07:14[0m] (step=0108800) Train Loss: 0.0783, Train Steps/Sec: 1.98, Samples/Sec: 95.16
[[34m2025-06-05 19:08:04[0m] (step=0108900) Train Loss: 0.0758, Train Steps/Sec: 1.98, Samples/Sec: 94.92
[[34m2025-06-05 19:08:55[0m] (step=0109000) Train Loss: 0.0764, Train Steps/Sec: 1.98, Samples/Sec: 95.15
[[34m2025-06-05 19:09:35[0m] Beginning epoch 36...
[[34m2025-06-05 19:09:47[0m] (step=0109100) Train Loss: 0.0716, Train Steps/Sec: 1.91, Samples/Sec: 91.92
[[34m2025-06-05 19:10:38[0m] (step=0109200) Train Loss: 0.0762, Train Steps/Sec: 1.97, Samples/Sec: 94.51
[[34m2025-06-05 19:11:28[0m] (step=0109300) Train Loss: 0.0760, Train Steps/Sec: 1.98, Samples/Sec: 94.98
[[34m2025-06-05 19:12:19[0m] (step=0109400) Train Loss: 0.0766, Train Steps/Sec: 1.98, Samples/Sec: 95.13
[[34m2025-06-05 19:13:09[0m] (step=0109500) Train Loss: 0.0771, Train Steps/Sec: 1.98, Samples/Sec: 95.14
[[34m2025-06-05 19:14:00[0m] (step=0109600) Train Loss: 0.0813, Train Steps/Sec: 1.98, Samples/Sec: 95.12
[[34m2025-06-05 19:14:50[0m] (step=0109700) Train Loss: 0.0802, Train Steps/Sec: 1.98, Samples/Sec: 94.90
[[34m2025-06-05 19:15:41[0m] (step=0109800) Train Loss: 0.0763, Train Steps/Sec: 1.98, Samples/Sec: 94.92
[[34m2025-06-05 19:16:32[0m] (step=0109900) Train Loss: 0.0768, Train Steps/Sec: 1.97, Samples/Sec: 94.64
[[34m2025-06-05 19:17:22[0m] (step=0110000) Train Loss: 0.0790, Train Steps/Sec: 1.98, Samples/Sec: 94.95
Using cache found in ./models/facebookresearch_dino_main
Using cache found in ./models/facebookresearch_dino_main
Using cache found in ./models/facebookresearch_dino_main
[[34m2025-06-05 19:17:36[0m] Saved checkpoint to logs/nwm_cdit_wuhan_union/checkpoints/latest.pth.tar
Using cache found in ./models/facebookresearch_dino_main
[[34m2025-06-05 19:17:38[0m] Already found a `peft_config` attribute in the model. This will lead to having multiple adapters in the model. Make sure to know what you are doing!
[[34m2025-06-05 19:19:39[0m] (step=0110000) Perceptual Loss: 0.3016, Eval Time: 123.17
[[34m2025-06-05 19:20:29[0m] (step=0110100) Train Loss: 0.0784, Train Steps/Sec: 0.53, Samples/Sec: 25.63
[[34m2025-06-05 19:21:20[0m] (step=0110200) Train Loss: 0.0750, Train Steps/Sec: 1.98, Samples/Sec: 95.13
[[34m2025-06-05 19:22:10[0m] (step=0110300) Train Loss: 0.0773, Train Steps/Sec: 1.98, Samples/Sec: 95.15
[[34m2025-06-05 19:23:01[0m] (step=0110400) Train Loss: 0.0798, Train Steps/Sec: 1.98, Samples/Sec: 94.95
[[34m2025-06-05 19:23:52[0m] (step=0110500) Train Loss: 0.0771, Train Steps/Sec: 1.97, Samples/Sec: 94.49
[[34m2025-06-05 19:24:42[0m] (step=0110600) Train Loss: 0.0762, Train Steps/Sec: 1.98, Samples/Sec: 95.12
[[34m2025-06-05 19:25:33[0m] (step=0110700) Train Loss: 0.0771, Train Steps/Sec: 1.98, Samples/Sec: 95.01
[[34m2025-06-05 19:26:23[0m] (step=0110800) Train Loss: 0.0787, Train Steps/Sec: 1.98, Samples/Sec: 95.08
[[34m2025-06-05 19:27:14[0m] (step=0110900) Train Loss: 0.0798, Train Steps/Sec: 1.98, Samples/Sec: 95.07
[[34m2025-06-05 19:28:04[0m] (step=0111000) Train Loss: 0.0763, Train Steps/Sec: 1.98, Samples/Sec: 95.10
[[34m2025-06-05 19:28:55[0m] (step=0111100) Train Loss: 0.0732, Train Steps/Sec: 1.97, Samples/Sec: 94.62
[[34m2025-06-05 19:29:45[0m] (step=0111200) Train Loss: 0.0732, Train Steps/Sec: 1.98, Samples/Sec: 94.85
[[34m2025-06-05 19:30:36[0m] (step=0111300) Train Loss: 0.0789, Train Steps/Sec: 1.98, Samples/Sec: 95.07
[[34m2025-06-05 19:31:26[0m] (step=0111400) Train Loss: 0.0756, Train Steps/Sec: 1.98, Samples/Sec: 95.09
[[34m2025-06-05 19:32:17[0m] (step=0111500) Train Loss: 0.0745, Train Steps/Sec: 1.98, Samples/Sec: 95.09
[[34m2025-06-05 19:33:07[0m] (step=0111600) Train Loss: 0.0779, Train Steps/Sec: 1.98, Samples/Sec: 95.11
[[34m2025-06-05 19:33:58[0m] (step=0111700) Train Loss: 0.0799, Train Steps/Sec: 1.98, Samples/Sec: 94.95
[[34m2025-06-05 19:34:49[0m] (step=0111800) Train Loss: 0.0761, Train Steps/Sec: 1.97, Samples/Sec: 94.47
[[34m2025-06-05 19:35:39[0m] (step=0111900) Train Loss: 0.0763, Train Steps/Sec: 1.98, Samples/Sec: 95.05
[[34m2025-06-05 19:36:30[0m] (step=0112000) Train Loss: 0.0771, Train Steps/Sec: 1.98, Samples/Sec: 95.05
[[34m2025-06-05 19:36:43[0m] Saved checkpoint to logs/nwm_cdit_wuhan_union/checkpoints/latest.pth.tar
[[34m2025-06-05 19:37:33[0m] (step=0112100) Train Loss: 0.0761, Train Steps/Sec: 1.58, Samples/Sec: 75.69
[[34m2025-06-05 19:37:38[0m] Beginning epoch 37...
[[34m2025-06-05 19:38:25[0m] (step=0112200) Train Loss: 0.0748, Train Steps/Sec: 1.93, Samples/Sec: 92.79
[[34m2025-06-05 19:39:15[0m] (step=0112300) Train Loss: 0.0783, Train Steps/Sec: 1.98, Samples/Sec: 95.12
[[34m2025-06-05 19:40:06[0m] (step=0112400) Train Loss: 0.0783, Train Steps/Sec: 1.98, Samples/Sec: 94.86
[[34m2025-06-05 19:40:57[0m] (step=0112500) Train Loss: 0.0784, Train Steps/Sec: 1.97, Samples/Sec: 94.52
[[34m2025-06-05 19:41:47[0m] (step=0112600) Train Loss: 0.0774, Train Steps/Sec: 1.98, Samples/Sec: 95.06
[[34m2025-06-05 19:42:38[0m] (step=0112700) Train Loss: 0.0746, Train Steps/Sec: 1.98, Samples/Sec: 95.06
[[34m2025-06-05 19:43:28[0m] (step=0112800) Train Loss: 0.0804, Train Steps/Sec: 1.98, Samples/Sec: 94.99
[[34m2025-06-05 19:44:19[0m] (step=0112900) Train Loss: 0.0722, Train Steps/Sec: 1.98, Samples/Sec: 95.07
[[34m2025-06-05 19:45:09[0m] (step=0113000) Train Loss: 0.0801, Train Steps/Sec: 1.98, Samples/Sec: 94.86
[[34m2025-06-05 19:46:00[0m] (step=0113100) Train Loss: 0.0757, Train Steps/Sec: 1.98, Samples/Sec: 94.94
[[34m2025-06-05 19:46:51[0m] (step=0113200) Train Loss: 0.0706, Train Steps/Sec: 1.97, Samples/Sec: 94.59
[[34m2025-06-05 19:47:41[0m] (step=0113300) Train Loss: 0.0742, Train Steps/Sec: 1.98, Samples/Sec: 95.04
[[34m2025-06-05 19:48:32[0m] (step=0113400) Train Loss: 0.0750, Train Steps/Sec: 1.98, Samples/Sec: 95.17
[[34m2025-06-05 19:49:22[0m] (step=0113500) Train Loss: 0.0732, Train Steps/Sec: 1.98, Samples/Sec: 95.05
[[34m2025-06-05 19:50:13[0m] (step=0113600) Train Loss: 0.0780, Train Steps/Sec: 1.98, Samples/Sec: 95.03
[[34m2025-06-05 19:51:03[0m] (step=0113700) Train Loss: 0.0744, Train Steps/Sec: 1.98, Samples/Sec: 94.82
[[34m2025-06-05 19:51:54[0m] (step=0113800) Train Loss: 0.0793, Train Steps/Sec: 1.98, Samples/Sec: 94.91
[[34m2025-06-05 19:52:44[0m] (step=0113900) Train Loss: 0.0757, Train Steps/Sec: 1.98, Samples/Sec: 94.80
[[34m2025-06-05 19:53:35[0m] (step=0114000) Train Loss: 0.0709, Train Steps/Sec: 1.98, Samples/Sec: 95.04
[[34m2025-06-05 19:53:48[0m] Saved checkpoint to logs/nwm_cdit_wuhan_union/checkpoints/latest.pth.tar
[[34m2025-06-05 19:54:39[0m] (step=0114100) Train Loss: 0.0813, Train Steps/Sec: 1.56, Samples/Sec: 75.03
[[34m2025-06-05 19:55:29[0m] (step=0114200) Train Loss: 0.0762, Train Steps/Sec: 1.98, Samples/Sec: 95.13
[[34m2025-06-05 19:56:20[0m] (step=0114300) Train Loss: 0.0763, Train Steps/Sec: 1.97, Samples/Sec: 94.72
[[34m2025-06-05 19:57:11[0m] (step=0114400) Train Loss: 0.0735, Train Steps/Sec: 1.98, Samples/Sec: 95.11
[[34m2025-06-05 19:58:01[0m] (step=0114500) Train Loss: 0.0817, Train Steps/Sec: 1.97, Samples/Sec: 94.58
[[34m2025-06-05 19:58:52[0m] (step=0114600) Train Loss: 0.0768, Train Steps/Sec: 1.98, Samples/Sec: 95.11
[[34m2025-06-05 19:59:42[0m] (step=0114700) Train Loss: 0.0780, Train Steps/Sec: 1.98, Samples/Sec: 95.11
[[34m2025-06-05 20:00:33[0m] (step=0114800) Train Loss: 0.0810, Train Steps/Sec: 1.98, Samples/Sec: 95.06
[[34m2025-06-05 20:01:23[0m] (step=0114900) Train Loss: 0.0797, Train Steps/Sec: 1.98, Samples/Sec: 95.11
[[34m2025-06-05 20:02:14[0m] (step=0115000) Train Loss: 0.0771, Train Steps/Sec: 1.98, Samples/Sec: 94.93
[[34m2025-06-05 20:03:04[0m] (step=0115100) Train Loss: 0.0770, Train Steps/Sec: 1.98, Samples/Sec: 95.07
[[34m2025-06-05 20:03:25[0m] Beginning epoch 38...
[[34m2025-06-05 20:03:56[0m] (step=0115200) Train Loss: 0.0775, Train Steps/Sec: 1.92, Samples/Sec: 92.01
[[34m2025-06-05 20:04:47[0m] (step=0115300) Train Loss: 0.0759, Train Steps/Sec: 1.98, Samples/Sec: 95.06
[[34m2025-06-05 20:05:37[0m] (step=0115400) Train Loss: 0.0765, Train Steps/Sec: 1.98, Samples/Sec: 95.07
[[34m2025-06-05 20:06:28[0m] (step=0115500) Train Loss: 0.0759, Train Steps/Sec: 1.98, Samples/Sec: 95.06
[[34m2025-06-05 20:07:18[0m] (step=0115600) Train Loss: 0.0767, Train Steps/Sec: 1.98, Samples/Sec: 95.05
[[34m2025-06-05 20:08:09[0m] (step=0115700) Train Loss: 0.0834, Train Steps/Sec: 1.98, Samples/Sec: 94.91
[[34m2025-06-05 20:08:59[0m] (step=0115800) Train Loss: 0.0750, Train Steps/Sec: 1.98, Samples/Sec: 95.15
[[34m2025-06-05 20:09:50[0m] (step=0115900) Train Loss: 0.0721, Train Steps/Sec: 1.97, Samples/Sec: 94.60
[[34m2025-06-05 20:10:41[0m] (step=0116000) Train Loss: 0.0770, Train Steps/Sec: 1.98, Samples/Sec: 95.11
[[34m2025-06-05 20:10:54[0m] Saved checkpoint to logs/nwm_cdit_wuhan_union/checkpoints/latest.pth.tar
[[34m2025-06-05 20:11:44[0m] (step=0116100) Train Loss: 0.0736, Train Steps/Sec: 1.57, Samples/Sec: 75.55
[[34m2025-06-05 20:12:35[0m] (step=0116200) Train Loss: 0.0751, Train Steps/Sec: 1.97, Samples/Sec: 94.69
[[34m2025-06-05 20:13:25[0m] (step=0116300) Train Loss: 0.0748, Train Steps/Sec: 1.98, Samples/Sec: 94.93
[[34m2025-06-05 20:14:16[0m] (step=0116400) Train Loss: 0.0775, Train Steps/Sec: 1.98, Samples/Sec: 95.06
[[34m2025-06-05 20:15:07[0m] (step=0116500) Train Loss: 0.0840, Train Steps/Sec: 1.98, Samples/Sec: 94.83
[[34m2025-06-05 20:15:57[0m] (step=0116600) Train Loss: 0.0795, Train Steps/Sec: 1.97, Samples/Sec: 94.67
[[34m2025-06-05 20:16:48[0m] (step=0116700) Train Loss: 0.0765, Train Steps/Sec: 1.98, Samples/Sec: 95.04
[[34m2025-06-05 20:17:38[0m] (step=0116800) Train Loss: 0.0740, Train Steps/Sec: 1.98, Samples/Sec: 95.01
[[34m2025-06-05 20:18:29[0m] (step=0116900) Train Loss: 0.0871, Train Steps/Sec: 1.98, Samples/Sec: 95.04
[[34m2025-06-05 20:19:19[0m] (step=0117000) Train Loss: 0.0785, Train Steps/Sec: 1.98, Samples/Sec: 94.88
[[34m2025-06-05 20:20:10[0m] (step=0117100) Train Loss: 0.0778, Train Steps/Sec: 1.98, Samples/Sec: 95.01
[[34m2025-06-05 20:21:01[0m] (step=0117200) Train Loss: 0.0791, Train Steps/Sec: 1.97, Samples/Sec: 94.67
[[34m2025-06-05 20:21:51[0m] (step=0117300) Train Loss: 0.0723, Train Steps/Sec: 1.98, Samples/Sec: 95.04
[[34m2025-06-05 20:22:42[0m] (step=0117400) Train Loss: 0.0759, Train Steps/Sec: 1.98, Samples/Sec: 95.02
[[34m2025-06-05 20:23:32[0m] (step=0117500) Train Loss: 0.0822, Train Steps/Sec: 1.98, Samples/Sec: 95.03
[[34m2025-06-05 20:24:23[0m] (step=0117600) Train Loss: 0.0810, Train Steps/Sec: 1.98, Samples/Sec: 94.84
[[34m2025-06-05 20:25:13[0m] (step=0117700) Train Loss: 0.0797, Train Steps/Sec: 1.98, Samples/Sec: 94.96
[[34m2025-06-05 20:26:04[0m] (step=0117800) Train Loss: 0.0726, Train Steps/Sec: 1.98, Samples/Sec: 95.00
[[34m2025-06-05 20:26:55[0m] (step=0117900) Train Loss: 0.0794, Train Steps/Sec: 1.97, Samples/Sec: 94.45
[[34m2025-06-05 20:27:45[0m] (step=0118000) Train Loss: 0.0793, Train Steps/Sec: 1.98, Samples/Sec: 94.97
[[34m2025-06-05 20:27:58[0m] Saved checkpoint to logs/nwm_cdit_wuhan_union/checkpoints/latest.pth.tar
[[34m2025-06-05 20:28:49[0m] (step=0118100) Train Loss: 0.0826, Train Steps/Sec: 1.58, Samples/Sec: 75.68
[[34m2025-06-05 20:29:24[0m] Beginning epoch 39...
[[34m2025-06-05 20:29:41[0m] (step=0118200) Train Loss: 0.0750, Train Steps/Sec: 1.93, Samples/Sec: 92.40
[[34m2025-06-05 20:30:31[0m] (step=0118300) Train Loss: 0.0760, Train Steps/Sec: 1.98, Samples/Sec: 95.13
[[34m2025-06-05 20:31:22[0m] (step=0118400) Train Loss: 0.0788, Train Steps/Sec: 1.98, Samples/Sec: 95.07
[[34m2025-06-05 20:32:12[0m] (step=0118500) Train Loss: 0.0761, Train Steps/Sec: 1.98, Samples/Sec: 94.84
[[34m2025-06-05 20:33:03[0m] (step=0118600) Train Loss: 0.0805, Train Steps/Sec: 1.96, Samples/Sec: 94.26
[[34m2025-06-05 20:33:54[0m] (step=0118700) Train Loss: 0.0770, Train Steps/Sec: 1.98, Samples/Sec: 94.96
[[34m2025-06-05 20:34:44[0m] (step=0118800) Train Loss: 0.0821, Train Steps/Sec: 1.98, Samples/Sec: 94.94
[[34m2025-06-05 20:35:35[0m] (step=0118900) Train Loss: 0.0830, Train Steps/Sec: 1.97, Samples/Sec: 94.43
[[34m2025-06-05 20:36:26[0m] (step=0119000) Train Loss: 0.0791, Train Steps/Sec: 1.97, Samples/Sec: 94.75
[[34m2025-06-05 20:37:16[0m] (step=0119100) Train Loss: 0.0827, Train Steps/Sec: 1.98, Samples/Sec: 94.81
[[34m2025-06-05 20:38:07[0m] (step=0119200) Train Loss: 0.0843, Train Steps/Sec: 1.97, Samples/Sec: 94.76
[[34m2025-06-05 20:38:58[0m] (step=0119300) Train Loss: 0.0748, Train Steps/Sec: 1.97, Samples/Sec: 94.52
[[34m2025-06-05 20:39:48[0m] (step=0119400) Train Loss: 0.0787, Train Steps/Sec: 1.98, Samples/Sec: 94.84
[[34m2025-06-05 20:40:39[0m] (step=0119500) Train Loss: 0.0761, Train Steps/Sec: 1.98, Samples/Sec: 94.82
[[34m2025-06-05 20:41:30[0m] (step=0119600) Train Loss: 0.0810, Train Steps/Sec: 1.97, Samples/Sec: 94.62
[[34m2025-06-05 20:42:20[0m] (step=0119700) Train Loss: 0.0861, Train Steps/Sec: 1.98, Samples/Sec: 94.81
[[34m2025-06-05 20:43:11[0m] (step=0119800) Train Loss: 0.0811, Train Steps/Sec: 1.98, Samples/Sec: 94.86
[[34m2025-06-05 20:44:02[0m] (step=0119900) Train Loss: 0.0779, Train Steps/Sec: 1.96, Samples/Sec: 94.01
[[34m2025-06-05 20:44:53[0m] (step=0120000) Train Loss: 0.0823, Train Steps/Sec: 1.98, Samples/Sec: 95.04
Using cache found in ./models/facebookresearch_dino_main
Using cache found in ./models/facebookresearch_dino_main
Using cache found in ./models/facebookresearch_dino_main
[[34m2025-06-05 20:45:18[0m] Saved checkpoint to logs/nwm_cdit_wuhan_union/checkpoints/0120000.pth.tar
Using cache found in ./models/facebookresearch_dino_main
[[34m2025-06-05 20:45:21[0m] Already found a `peft_config` attribute in the model. This will lead to having multiple adapters in the model. Make sure to know what you are doing!
[[34m2025-06-05 20:47:44[0m] (step=0120000) Perceptual Loss: 0.3039, Eval Time: 146.43
[[34m2025-06-05 20:48:35[0m] (step=0120100) Train Loss: 0.0825, Train Steps/Sec: 0.45, Samples/Sec: 21.57
[[34m2025-06-05 20:49:25[0m] (step=0120200) Train Loss: 0.0837, Train Steps/Sec: 1.98, Samples/Sec: 95.16
[[34m2025-06-05 20:50:16[0m] (step=0120300) Train Loss: 0.0767, Train Steps/Sec: 1.98, Samples/Sec: 95.13
[[34m2025-06-05 20:51:07[0m] (step=0120400) Train Loss: 0.0878, Train Steps/Sec: 1.98, Samples/Sec: 94.95
[[34m2025-06-05 20:51:57[0m] (step=0120500) Train Loss: 0.0820, Train Steps/Sec: 1.97, Samples/Sec: 94.76
[[34m2025-06-05 20:52:48[0m] (step=0120600) Train Loss: 0.0778, Train Steps/Sec: 1.98, Samples/Sec: 94.90
[[34m2025-06-05 20:53:38[0m] (step=0120700) Train Loss: 0.0799, Train Steps/Sec: 1.98, Samples/Sec: 95.18
[[34m2025-06-05 20:54:29[0m] (step=0120800) Train Loss: 0.0883, Train Steps/Sec: 1.97, Samples/Sec: 94.75
[[34m2025-06-05 20:55:19[0m] (step=0120900) Train Loss: 0.0833, Train Steps/Sec: 1.98, Samples/Sec: 95.14
[[34m2025-06-05 20:56:10[0m] (step=0121000) Train Loss: 0.0797, Train Steps/Sec: 1.98, Samples/Sec: 94.91
[[34m2025-06-05 20:57:01[0m] (step=0121100) Train Loss: 0.0799, Train Steps/Sec: 1.98, Samples/Sec: 94.85
[[34m2025-06-05 20:57:51[0m] (step=0121200) Train Loss: 0.0777, Train Steps/Sec: 1.98, Samples/Sec: 95.07
[[34m2025-06-05 20:57:51[0m] Beginning epoch 40...
[[34m2025-06-05 20:58:43[0m] (step=0121300) Train Loss: 0.0799, Train Steps/Sec: 1.94, Samples/Sec: 92.96
[[34m2025-06-05 20:59:33[0m] (step=0121400) Train Loss: 0.0824, Train Steps/Sec: 1.98, Samples/Sec: 95.04
[[34m2025-06-05 21:00:24[0m] (step=0121500) Train Loss: 0.0792, Train Steps/Sec: 1.98, Samples/Sec: 94.94
[[34m2025-06-05 21:01:14[0m] (step=0121600) Train Loss: 0.0808, Train Steps/Sec: 1.98, Samples/Sec: 95.14
[[34m2025-06-05 21:02:05[0m] (step=0121700) Train Loss: 0.0789, Train Steps/Sec: 1.98, Samples/Sec: 95.14
[[34m2025-06-05 21:02:55[0m] (step=0121800) Train Loss: 0.0815, Train Steps/Sec: 1.97, Samples/Sec: 94.64
[[34m2025-06-05 21:03:46[0m] (step=0121900) Train Loss: 0.0768, Train Steps/Sec: 1.98, Samples/Sec: 95.04
[[34m2025-06-05 21:04:36[0m] (step=0122000) Train Loss: 0.0835, Train Steps/Sec: 1.98, Samples/Sec: 94.92
[[34m2025-06-05 21:04:49[0m] Saved checkpoint to logs/nwm_cdit_wuhan_union/checkpoints/latest.pth.tar
[[34m2025-06-05 21:05:40[0m] (step=0122100) Train Loss: 0.0780, Train Steps/Sec: 1.58, Samples/Sec: 75.85
[[34m2025-06-05 21:06:30[0m] (step=0122200) Train Loss: 0.0774, Train Steps/Sec: 1.98, Samples/Sec: 95.07
[[34m2025-06-05 21:07:21[0m] (step=0122300) Train Loss: 0.0773, Train Steps/Sec: 1.98, Samples/Sec: 95.04
[[34m2025-06-05 21:08:11[0m] (step=0122400) Train Loss: 0.0761, Train Steps/Sec: 1.98, Samples/Sec: 95.06
[[34m2025-06-05 21:09:02[0m] (step=0122500) Train Loss: 0.0798, Train Steps/Sec: 1.97, Samples/Sec: 94.56
[[34m2025-06-05 21:09:52[0m] (step=0122600) Train Loss: 0.0795, Train Steps/Sec: 1.98, Samples/Sec: 95.06
[[34m2025-06-05 21:10:43[0m] (step=0122700) Train Loss: 0.0824, Train Steps/Sec: 1.98, Samples/Sec: 95.13
[[34m2025-06-05 21:11:33[0m] (step=0122800) Train Loss: 0.0784, Train Steps/Sec: 1.98, Samples/Sec: 94.94
[[34m2025-06-05 21:12:24[0m] (step=0122900) Train Loss: 0.0805, Train Steps/Sec: 1.98, Samples/Sec: 95.12
[[34m2025-06-05 21:13:14[0m] (step=0123000) Train Loss: 0.0794, Train Steps/Sec: 1.98, Samples/Sec: 95.18
[[34m2025-06-05 21:14:05[0m] (step=0123100) Train Loss: 0.0866, Train Steps/Sec: 1.98, Samples/Sec: 94.91
[[34m2025-06-05 21:14:56[0m] (step=0123200) Train Loss: 0.0852, Train Steps/Sec: 1.97, Samples/Sec: 94.48
[[34m2025-06-05 21:15:46[0m] (step=0123300) Train Loss: 0.0806, Train Steps/Sec: 1.98, Samples/Sec: 95.07
[[34m2025-06-05 21:16:37[0m] (step=0123400) Train Loss: 0.0767, Train Steps/Sec: 1.98, Samples/Sec: 94.85
[[34m2025-06-05 21:17:27[0m] (step=0123500) Train Loss: 0.0823, Train Steps/Sec: 1.98, Samples/Sec: 95.06
[[34m2025-06-05 21:18:18[0m] (step=0123600) Train Loss: 0.0798, Train Steps/Sec: 1.98, Samples/Sec: 95.17
[[34m2025-06-05 21:19:08[0m] (step=0123700) Train Loss: 0.0814, Train Steps/Sec: 1.98, Samples/Sec: 95.15
[[34m2025-06-05 21:19:59[0m] (step=0123800) Train Loss: 0.0777, Train Steps/Sec: 1.98, Samples/Sec: 94.96
[[34m2025-06-05 21:20:49[0m] (step=0123900) Train Loss: 0.0789, Train Steps/Sec: 1.97, Samples/Sec: 94.72
[[34m2025-06-05 21:21:40[0m] (step=0124000) Train Loss: 0.0782, Train Steps/Sec: 1.98, Samples/Sec: 95.10
[[34m2025-06-05 21:21:53[0m] Saved checkpoint to logs/nwm_cdit_wuhan_union/checkpoints/latest.pth.tar
[[34m2025-06-05 21:22:43[0m] (step=0124100) Train Loss: 0.0748, Train Steps/Sec: 1.58, Samples/Sec: 75.63
[[34m2025-06-05 21:23:34[0m] (step=0124200) Train Loss: 0.0780, Train Steps/Sec: 1.98, Samples/Sec: 95.14
[[34m2025-06-05 21:23:49[0m] Beginning epoch 41...
[[34m2025-06-05 21:24:26[0m] (step=0124300) Train Loss: 0.0799, Train Steps/Sec: 1.93, Samples/Sec: 92.81
[[34m2025-06-05 21:25:16[0m] (step=0124400) Train Loss: 0.0776, Train Steps/Sec: 1.98, Samples/Sec: 95.05
[[34m2025-06-05 21:26:07[0m] (step=0124500) Train Loss: 0.0818, Train Steps/Sec: 1.97, Samples/Sec: 94.64
[[34m2025-06-05 21:26:57[0m] (step=0124600) Train Loss: 0.0786, Train Steps/Sec: 1.98, Samples/Sec: 95.07
[[34m2025-06-05 21:27:48[0m] (step=0124700) Train Loss: 0.0807, Train Steps/Sec: 1.98, Samples/Sec: 95.08
[[34m2025-06-05 21:28:38[0m] (step=0124800) Train Loss: 0.0811, Train Steps/Sec: 1.98, Samples/Sec: 94.84
[[34m2025-06-05 21:29:29[0m] (step=0124900) Train Loss: 0.0814, Train Steps/Sec: 1.98, Samples/Sec: 95.05
[[34m2025-06-05 21:30:19[0m] (step=0125000) Train Loss: 0.0735, Train Steps/Sec: 1.98, Samples/Sec: 95.13
[[34m2025-06-05 21:31:10[0m] (step=0125100) Train Loss: 0.0818, Train Steps/Sec: 1.98, Samples/Sec: 95.11
[[34m2025-06-05 21:32:01[0m] (step=0125200) Train Loss: 0.0846, Train Steps/Sec: 1.97, Samples/Sec: 94.41
[[34m2025-06-05 21:32:51[0m] (step=0125300) Train Loss: 0.0860, Train Steps/Sec: 1.98, Samples/Sec: 95.11
[[34m2025-06-05 21:33:42[0m] (step=0125400) Train Loss: 0.0787, Train Steps/Sec: 1.98, Samples/Sec: 94.88
[[34m2025-06-05 21:34:32[0m] (step=0125500) Train Loss: 0.0867, Train Steps/Sec: 1.98, Samples/Sec: 95.12
[[34m2025-06-05 21:35:23[0m] (step=0125600) Train Loss: 0.1333, Train Steps/Sec: 1.98, Samples/Sec: 95.01
[[34m2025-06-05 21:36:13[0m] (step=0125700) Train Loss: 0.0862, Train Steps/Sec: 1.98, Samples/Sec: 95.04
[[34m2025-06-05 21:37:04[0m] (step=0125800) Train Loss: 0.0795, Train Steps/Sec: 1.98, Samples/Sec: 95.09
[[34m2025-06-05 21:37:54[0m] (step=0125900) Train Loss: 0.0772, Train Steps/Sec: 1.97, Samples/Sec: 94.52
[[34m2025-06-05 21:38:45[0m] (step=0126000) Train Loss: 0.0780, Train Steps/Sec: 1.98, Samples/Sec: 95.11
[[34m2025-06-05 21:39:00[0m] Saved checkpoint to logs/nwm_cdit_wuhan_union/checkpoints/latest.pth.tar
[[34m2025-06-05 21:39:50[0m] (step=0126100) Train Loss: 0.0857, Train Steps/Sec: 1.54, Samples/Sec: 73.69
[[34m2025-06-05 21:40:41[0m] (step=0126200) Train Loss: 0.0843, Train Steps/Sec: 1.98, Samples/Sec: 95.09
[[34m2025-06-05 21:41:31[0m] (step=0126300) Train Loss: 0.0841, Train Steps/Sec: 1.97, Samples/Sec: 94.75
[[34m2025-06-05 21:42:22[0m] (step=0126400) Train Loss: 0.0819, Train Steps/Sec: 1.98, Samples/Sec: 95.06
[[34m2025-06-05 21:43:12[0m] (step=0126500) Train Loss: 0.0830, Train Steps/Sec: 1.97, Samples/Sec: 94.75
[[34m2025-06-05 21:44:03[0m] (step=0126600) Train Loss: 0.0766, Train Steps/Sec: 1.98, Samples/Sec: 94.90
[[34m2025-06-05 21:44:54[0m] (step=0126700) Train Loss: 0.0752, Train Steps/Sec: 1.98, Samples/Sec: 94.89
[[34m2025-06-05 21:45:44[0m] (step=0126800) Train Loss: 0.0730, Train Steps/Sec: 1.98, Samples/Sec: 95.05
[[34m2025-06-05 21:46:35[0m] (step=0126900) Train Loss: 0.0798, Train Steps/Sec: 1.98, Samples/Sec: 95.03
[[34m2025-06-05 21:47:25[0m] (step=0127000) Train Loss: 0.0776, Train Steps/Sec: 1.98, Samples/Sec: 95.00
[[34m2025-06-05 21:48:16[0m] (step=0127100) Train Loss: 0.0759, Train Steps/Sec: 1.98, Samples/Sec: 95.13
[[34m2025-06-05 21:49:06[0m] (step=0127200) Train Loss: 0.0794, Train Steps/Sec: 1.97, Samples/Sec: 94.65
[[34m2025-06-05 21:49:37[0m] Beginning epoch 42...
[[34m2025-06-05 21:49:58[0m] (step=0127300) Train Loss: 0.0750, Train Steps/Sec: 1.94, Samples/Sec: 93.27
[[34m2025-06-05 21:50:48[0m] (step=0127400) Train Loss: 0.0752, Train Steps/Sec: 1.98, Samples/Sec: 94.84
[[34m2025-06-05 21:51:39[0m] (step=0127500) Train Loss: 0.0776, Train Steps/Sec: 1.98, Samples/Sec: 94.94
[[34m2025-06-05 21:52:29[0m] (step=0127600) Train Loss: 0.0725, Train Steps/Sec: 1.98, Samples/Sec: 95.06
[[34m2025-06-05 21:53:20[0m] (step=0127700) Train Loss: 0.0737, Train Steps/Sec: 1.98, Samples/Sec: 95.07
[[34m2025-06-05 21:54:10[0m] (step=0127800) Train Loss: 0.0746, Train Steps/Sec: 1.98, Samples/Sec: 95.04
[[34m2025-06-05 21:55:01[0m] (step=0127900) Train Loss: 0.0771, Train Steps/Sec: 1.97, Samples/Sec: 94.56
[[34m2025-06-05 21:55:52[0m] (step=0128000) Train Loss: 0.0746, Train Steps/Sec: 1.98, Samples/Sec: 94.96
[[34m2025-06-05 21:56:09[0m] Saved checkpoint to logs/nwm_cdit_wuhan_union/checkpoints/latest.pth.tar
[[34m2025-06-05 21:56:59[0m] (step=0128100) Train Loss: 0.0730, Train Steps/Sec: 1.48, Samples/Sec: 71.07
[[34m2025-06-05 21:57:50[0m] (step=0128200) Train Loss: 0.0756, Train Steps/Sec: 1.98, Samples/Sec: 95.06
[[34m2025-06-05 21:58:40[0m] (step=0128300) Train Loss: 0.0754, Train Steps/Sec: 1.98, Samples/Sec: 95.02
[[34m2025-06-05 21:59:31[0m] (step=0128400) Train Loss: 0.0709, Train Steps/Sec: 1.97, Samples/Sec: 94.79
[[34m2025-06-05 22:00:21[0m] (step=0128500) Train Loss: 0.0737, Train Steps/Sec: 1.98, Samples/Sec: 95.00
[[34m2025-06-05 22:01:12[0m] (step=0128600) Train Loss: 0.0763, Train Steps/Sec: 1.97, Samples/Sec: 94.59
[[34m2025-06-05 22:02:03[0m] (step=0128700) Train Loss: 0.0733, Train Steps/Sec: 1.98, Samples/Sec: 94.80
[[34m2025-06-05 22:02:53[0m] (step=0128800) Train Loss: 0.0769, Train Steps/Sec: 1.98, Samples/Sec: 95.08
[[34m2025-06-05 22:03:44[0m] (step=0128900) Train Loss: 0.0809, Train Steps/Sec: 1.98, Samples/Sec: 95.08
[[34m2025-06-05 22:04:34[0m] (step=0129000) Train Loss: 0.0843, Train Steps/Sec: 1.98, Samples/Sec: 95.04
[[34m2025-06-05 22:05:25[0m] (step=0129100) Train Loss: 0.0749, Train Steps/Sec: 1.98, Samples/Sec: 94.96
[[34m2025-06-05 22:06:15[0m] (step=0129200) Train Loss: 0.0804, Train Steps/Sec: 1.97, Samples/Sec: 94.75
[[34m2025-06-05 22:07:06[0m] (step=0129300) Train Loss: 0.0746, Train Steps/Sec: 1.98, Samples/Sec: 94.88
[[34m2025-06-05 22:07:57[0m] (step=0129400) Train Loss: 0.0764, Train Steps/Sec: 1.97, Samples/Sec: 94.79
[[34m2025-06-05 22:08:47[0m] (step=0129500) Train Loss: 0.0790, Train Steps/Sec: 1.98, Samples/Sec: 95.00
[[34m2025-06-05 22:09:38[0m] (step=0129600) Train Loss: 0.0727, Train Steps/Sec: 1.98, Samples/Sec: 95.08
[[34m2025-06-05 22:10:28[0m] (step=0129700) Train Loss: 0.0755, Train Steps/Sec: 1.98, Samples/Sec: 95.09
[[34m2025-06-05 22:11:19[0m] (step=0129800) Train Loss: 0.0747, Train Steps/Sec: 1.98, Samples/Sec: 94.98
[[34m2025-06-05 22:12:10[0m] (step=0129900) Train Loss: 0.0755, Train Steps/Sec: 1.97, Samples/Sec: 94.44
[[34m2025-06-05 22:13:00[0m] (step=0130000) Train Loss: 0.0740, Train Steps/Sec: 1.98, Samples/Sec: 94.84
Using cache found in ./models/facebookresearch_dino_main
Using cache found in ./models/facebookresearch_dino_main
Using cache found in ./models/facebookresearch_dino_main
[[34m2025-06-05 22:13:13[0m] Saved checkpoint to logs/nwm_cdit_wuhan_union/checkpoints/latest.pth.tar
Using cache found in ./models/facebookresearch_dino_main
[[34m2025-06-05 22:13:16[0m] Already found a `peft_config` attribute in the model. This will lead to having multiple adapters in the model. Make sure to know what you are doing!
[[34m2025-06-05 22:15:16[0m] (step=0130000) Perceptual Loss: 0.3229, Eval Time: 122.59
[[34m2025-06-05 22:16:06[0m] (step=0130100) Train Loss: 0.0679, Train Steps/Sec: 0.54, Samples/Sec: 25.78
[[34m2025-06-05 22:16:57[0m] (step=0130200) Train Loss: 0.0727, Train Steps/Sec: 1.98, Samples/Sec: 95.13
[[34m2025-06-05 22:17:42[0m] Beginning epoch 43...
[[34m2025-06-05 22:17:49[0m] (step=0130300) Train Loss: 0.0788, Train Steps/Sec: 1.92, Samples/Sec: 92.20
[[34m2025-06-05 22:18:39[0m] (step=0130400) Train Loss: 0.0742, Train Steps/Sec: 1.98, Samples/Sec: 94.99
[[34m2025-06-05 22:19:30[0m] (step=0130500) Train Loss: 0.0716, Train Steps/Sec: 1.97, Samples/Sec: 94.33
[[34m2025-06-05 22:20:21[0m] (step=0130600) Train Loss: 0.0745, Train Steps/Sec: 1.98, Samples/Sec: 95.07
[[34m2025-06-05 22:21:11[0m] (step=0130700) Train Loss: 0.0745, Train Steps/Sec: 1.98, Samples/Sec: 94.83
[[34m2025-06-05 22:22:02[0m] (step=0130800) Train Loss: 0.0795, Train Steps/Sec: 1.98, Samples/Sec: 95.00
[[34m2025-06-05 22:22:52[0m] (step=0130900) Train Loss: 0.0751, Train Steps/Sec: 1.98, Samples/Sec: 95.04
[[34m2025-06-05 22:23:43[0m] (step=0131000) Train Loss: 0.0780, Train Steps/Sec: 1.98, Samples/Sec: 95.02
[[34m2025-06-05 22:24:34[0m] (step=0131100) Train Loss: 0.0732, Train Steps/Sec: 1.97, Samples/Sec: 94.77
[[34m2025-06-05 22:25:24[0m] (step=0131200) Train Loss: 0.0785, Train Steps/Sec: 1.98, Samples/Sec: 94.91
