[[34m2025-06-21 13:46:00[0m] Experiment directory created at logs/nwm_cdit_wuhan_union
[[34m2025-06-21 13:46:18[0m] CDiT Parameters: 1,123,532,960
[[34m2025-06-21 13:46:36[0m] Dataset contains 36,358 images
[[34m2025-06-21 13:46:37[0m] Training for 300 epochs...
[[34m2025-06-21 13:46:37[0m] Beginning epoch 0...
[[34m2025-06-21 13:47:43[0m] (step=0000100) Train Loss: 0.3370, Train Steps/Sec: 1.50, Samples/Sec: 18.02
[[34m2025-06-21 13:48:42[0m] (step=0000200) Train Loss: 0.2063, Train Steps/Sec: 1.69, Samples/Sec: 20.27
[[34m2025-06-21 13:49:41[0m] (step=0000300) Train Loss: 0.2253, Train Steps/Sec: 1.70, Samples/Sec: 20.44
[[34m2025-06-21 13:50:40[0m] (step=0000400) Train Loss: 0.1834, Train Steps/Sec: 1.70, Samples/Sec: 20.46
[[34m2025-06-21 13:51:38[0m] (step=0000500) Train Loss: 0.1964, Train Steps/Sec: 1.71, Samples/Sec: 20.53
[[34m2025-06-21 13:52:37[0m] (step=0000600) Train Loss: 0.2042, Train Steps/Sec: 1.71, Samples/Sec: 20.55
[[34m2025-06-21 13:53:35[0m] (step=0000700) Train Loss: 0.1940, Train Steps/Sec: 1.71, Samples/Sec: 20.50
[[34m2025-06-21 13:54:34[0m] (step=0000800) Train Loss: 0.1903, Train Steps/Sec: 1.71, Samples/Sec: 20.47
[[34m2025-06-21 13:55:33[0m] (step=0000900) Train Loss: 0.1868, Train Steps/Sec: 1.68, Samples/Sec: 20.16
[[34m2025-06-21 13:56:32[0m] (step=0001000) Train Loss: 0.1746, Train Steps/Sec: 1.71, Samples/Sec: 20.54
[[34m2025-06-21 13:57:30[0m] (step=0001100) Train Loss: 0.1968, Train Steps/Sec: 1.70, Samples/Sec: 20.44
[[34m2025-06-21 13:58:29[0m] (step=0001200) Train Loss: 0.1803, Train Steps/Sec: 1.72, Samples/Sec: 20.63
[[34m2025-06-21 13:59:27[0m] (step=0001300) Train Loss: 0.1816, Train Steps/Sec: 1.70, Samples/Sec: 20.44
[[34m2025-06-21 14:00:27[0m] (step=0001400) Train Loss: 0.1644, Train Steps/Sec: 1.69, Samples/Sec: 20.24
[[34m2025-06-21 14:01:26[0m] (step=0001500) Train Loss: 0.1717, Train Steps/Sec: 1.68, Samples/Sec: 20.17
[[34m2025-06-21 14:02:26[0m] (step=0001600) Train Loss: 0.1746, Train Steps/Sec: 1.67, Samples/Sec: 20.09
[[34m2025-06-21 14:03:25[0m] (step=0001700) Train Loss: 0.1830, Train Steps/Sec: 1.69, Samples/Sec: 20.31
[[34m2025-06-21 14:04:24[0m] (step=0001800) Train Loss: 0.1816, Train Steps/Sec: 1.69, Samples/Sec: 20.27
[[34m2025-06-21 14:05:24[0m] (step=0001900) Train Loss: 0.1667, Train Steps/Sec: 1.67, Samples/Sec: 20.08
[[34m2025-06-21 14:06:23[0m] (step=0002000) Train Loss: 0.1538, Train Steps/Sec: 1.69, Samples/Sec: 20.30
[[34m2025-06-21 14:06:41[0m] Saved checkpoint to logs/nwm_cdit_wuhan_union/checkpoints/latest.pth.tar
[[34m2025-06-21 14:07:39[0m] (step=0002100) Train Loss: 0.1702, Train Steps/Sec: 1.31, Samples/Sec: 15.74
[[34m2025-06-21 14:08:38[0m] (step=0002200) Train Loss: 0.1659, Train Steps/Sec: 1.68, Samples/Sec: 20.22
[[34m2025-06-21 14:09:37[0m] (step=0002300) Train Loss: 0.1901, Train Steps/Sec: 1.70, Samples/Sec: 20.40
[[34m2025-06-21 14:10:36[0m] (step=0002400) Train Loss: 0.1588, Train Steps/Sec: 1.70, Samples/Sec: 20.40
[[34m2025-06-21 14:11:35[0m] (step=0002500) Train Loss: 0.1686, Train Steps/Sec: 1.71, Samples/Sec: 20.51
[[34m2025-06-21 14:12:34[0m] (step=0002600) Train Loss: 0.1660, Train Steps/Sec: 1.67, Samples/Sec: 20.09
[[34m2025-06-21 14:13:34[0m] (step=0002700) Train Loss: 0.1738, Train Steps/Sec: 1.68, Samples/Sec: 20.18
[[34m2025-06-21 14:14:33[0m] (step=0002800) Train Loss: 0.1717, Train Steps/Sec: 1.70, Samples/Sec: 20.36
[[34m2025-06-21 14:15:32[0m] (step=0002900) Train Loss: 0.1693, Train Steps/Sec: 1.68, Samples/Sec: 20.13
[[34m2025-06-21 14:16:31[0m] (step=0003000) Train Loss: 0.1584, Train Steps/Sec: 1.69, Samples/Sec: 20.31
[[34m2025-06-21 14:17:31[0m] (step=0003100) Train Loss: 0.1660, Train Steps/Sec: 1.68, Samples/Sec: 20.12
[[34m2025-06-21 14:18:29[0m] (step=0003200) Train Loss: 0.1574, Train Steps/Sec: 1.72, Samples/Sec: 20.65
[[34m2025-06-21 14:19:28[0m] (step=0003300) Train Loss: 0.1706, Train Steps/Sec: 1.71, Samples/Sec: 20.56
[[34m2025-06-21 14:20:26[0m] (step=0003400) Train Loss: 0.1565, Train Steps/Sec: 1.70, Samples/Sec: 20.38
[[34m2025-06-21 14:21:25[0m] (step=0003500) Train Loss: 0.1600, Train Steps/Sec: 1.72, Samples/Sec: 20.60
[[34m2025-06-21 14:22:24[0m] (step=0003600) Train Loss: 0.1651, Train Steps/Sec: 1.69, Samples/Sec: 20.30
[[34m2025-06-21 14:23:22[0m] (step=0003700) Train Loss: 0.1655, Train Steps/Sec: 1.72, Samples/Sec: 20.65
[[34m2025-06-21 14:24:21[0m] (step=0003800) Train Loss: 0.1689, Train Steps/Sec: 1.69, Samples/Sec: 20.27
[[34m2025-06-21 14:25:20[0m] (step=0003900) Train Loss: 0.1658, Train Steps/Sec: 1.71, Samples/Sec: 20.52
[[34m2025-06-21 14:26:19[0m] (step=0004000) Train Loss: 0.1575, Train Steps/Sec: 1.70, Samples/Sec: 20.34
[[34m2025-06-21 14:26:45[0m] Saved checkpoint to logs/nwm_cdit_wuhan_union/checkpoints/latest.pth.tar
[[34m2025-06-21 14:27:44[0m] (step=0004100) Train Loss: 0.1477, Train Steps/Sec: 1.17, Samples/Sec: 13.98
[[34m2025-06-21 14:28:44[0m] (step=0004200) Train Loss: 0.1743, Train Steps/Sec: 1.69, Samples/Sec: 20.32
[[34m2025-06-21 14:29:43[0m] (step=0004300) Train Loss: 0.1726, Train Steps/Sec: 1.68, Samples/Sec: 20.20
[[34m2025-06-21 14:30:43[0m] (step=0004400) Train Loss: 0.1645, Train Steps/Sec: 1.68, Samples/Sec: 20.13
[[34m2025-06-21 14:31:42[0m] (step=0004500) Train Loss: 0.1731, Train Steps/Sec: 1.69, Samples/Sec: 20.32
[[34m2025-06-21 14:32:40[0m] (step=0004600) Train Loss: 0.1664, Train Steps/Sec: 1.71, Samples/Sec: 20.47
[[34m2025-06-21 14:33:39[0m] (step=0004700) Train Loss: 0.1402, Train Steps/Sec: 1.71, Samples/Sec: 20.50
[[34m2025-06-21 14:34:38[0m] (step=0004800) Train Loss: 0.1422, Train Steps/Sec: 1.69, Samples/Sec: 20.26
[[34m2025-06-21 14:35:37[0m] (step=0004900) Train Loss: 0.1597, Train Steps/Sec: 1.69, Samples/Sec: 20.31
[[34m2025-06-21 14:36:36[0m] (step=0005000) Train Loss: 0.1537, Train Steps/Sec: 1.68, Samples/Sec: 20.21
[[34m2025-06-21 14:37:36[0m] (step=0005100) Train Loss: 0.1529, Train Steps/Sec: 1.67, Samples/Sec: 20.09
[[34m2025-06-21 14:38:36[0m] (step=0005200) Train Loss: 0.1680, Train Steps/Sec: 1.68, Samples/Sec: 20.10
[[34m2025-06-21 14:39:35[0m] (step=0005300) Train Loss: 0.1461, Train Steps/Sec: 1.70, Samples/Sec: 20.45
[[34m2025-06-21 14:40:33[0m] (step=0005400) Train Loss: 0.1552, Train Steps/Sec: 1.70, Samples/Sec: 20.41
[[34m2025-06-21 14:41:33[0m] (step=0005500) Train Loss: 0.1564, Train Steps/Sec: 1.67, Samples/Sec: 20.04
[[34m2025-06-21 14:42:31[0m] (step=0005600) Train Loss: 0.1556, Train Steps/Sec: 1.73, Samples/Sec: 20.73
[[34m2025-06-21 14:43:30[0m] (step=0005700) Train Loss: 0.1431, Train Steps/Sec: 1.70, Samples/Sec: 20.38
[[34m2025-06-21 14:44:29[0m] (step=0005800) Train Loss: 0.1628, Train Steps/Sec: 1.70, Samples/Sec: 20.41
[[34m2025-06-21 14:45:27[0m] (step=0005900) Train Loss: 0.1665, Train Steps/Sec: 1.71, Samples/Sec: 20.48
[[34m2025-06-21 14:46:27[0m] (step=0006000) Train Loss: 0.1593, Train Steps/Sec: 1.67, Samples/Sec: 20.10
[[34m2025-06-21 14:46:56[0m] Saved checkpoint to logs/nwm_cdit_wuhan_union/checkpoints/latest.pth.tar
[[34m2025-06-21 14:47:55[0m] (step=0006100) Train Loss: 0.1633, Train Steps/Sec: 1.13, Samples/Sec: 13.61
[[34m2025-06-21 14:48:54[0m] (step=0006200) Train Loss: 0.1448, Train Steps/Sec: 1.71, Samples/Sec: 20.47
[[34m2025-06-21 14:49:54[0m] (step=0006300) Train Loss: 0.1451, Train Steps/Sec: 1.67, Samples/Sec: 20.03
[[34m2025-06-21 14:50:53[0m] (step=0006400) Train Loss: 0.1512, Train Steps/Sec: 1.69, Samples/Sec: 20.30
[[34m2025-06-21 14:51:52[0m] (step=0006500) Train Loss: 0.1477, Train Steps/Sec: 1.69, Samples/Sec: 20.29
[[34m2025-06-21 14:52:51[0m] (step=0006600) Train Loss: 0.1456, Train Steps/Sec: 1.70, Samples/Sec: 20.35
[[34m2025-06-21 14:53:50[0m] (step=0006700) Train Loss: 0.1593, Train Steps/Sec: 1.69, Samples/Sec: 20.33
[[34m2025-06-21 14:54:49[0m] (step=0006800) Train Loss: 0.1394, Train Steps/Sec: 1.69, Samples/Sec: 20.29
[[34m2025-06-21 14:55:47[0m] (step=0006900) Train Loss: 0.1547, Train Steps/Sec: 1.72, Samples/Sec: 20.63
[[34m2025-06-21 14:56:47[0m] (step=0007000) Train Loss: 0.1407, Train Steps/Sec: 1.69, Samples/Sec: 20.31
[[34m2025-06-21 14:57:46[0m] (step=0007100) Train Loss: 0.1532, Train Steps/Sec: 1.68, Samples/Sec: 20.22
[[34m2025-06-21 14:58:46[0m] (step=0007200) Train Loss: 0.1555, Train Steps/Sec: 1.66, Samples/Sec: 19.87
[[34m2025-06-21 14:59:45[0m] (step=0007300) Train Loss: 0.1505, Train Steps/Sec: 1.71, Samples/Sec: 20.51
[[34m2025-06-21 15:00:44[0m] (step=0007400) Train Loss: 0.1511, Train Steps/Sec: 1.68, Samples/Sec: 20.22
[[34m2025-06-21 15:01:43[0m] (step=0007500) Train Loss: 0.1535, Train Steps/Sec: 1.70, Samples/Sec: 20.36
[[34m2025-06-21 15:02:41[0m] (step=0007600) Train Loss: 0.1533, Train Steps/Sec: 1.71, Samples/Sec: 20.56
[[34m2025-06-21 15:03:41[0m] (step=0007700) Train Loss: 0.1555, Train Steps/Sec: 1.68, Samples/Sec: 20.11
[[34m2025-06-21 15:04:40[0m] (step=0007800) Train Loss: 0.1432, Train Steps/Sec: 1.70, Samples/Sec: 20.44
[[34m2025-06-21 15:05:40[0m] (step=0007900) Train Loss: 0.1590, Train Steps/Sec: 1.67, Samples/Sec: 20.09
[[34m2025-06-21 15:06:39[0m] (step=0008000) Train Loss: 0.1358, Train Steps/Sec: 1.69, Samples/Sec: 20.32
[[34m2025-06-21 15:06:58[0m] Saved checkpoint to logs/nwm_cdit_wuhan_union/checkpoints/latest.pth.tar
[[34m2025-06-21 15:07:58[0m] (step=0008100) Train Loss: 0.1475, Train Steps/Sec: 1.27, Samples/Sec: 15.20
[[34m2025-06-21 15:08:57[0m] (step=0008200) Train Loss: 0.1394, Train Steps/Sec: 1.69, Samples/Sec: 20.29
[[34m2025-06-21 15:09:55[0m] (step=0008300) Train Loss: 0.1565, Train Steps/Sec: 1.71, Samples/Sec: 20.51
[[34m2025-06-21 15:10:55[0m] (step=0008400) Train Loss: 0.1398, Train Steps/Sec: 1.68, Samples/Sec: 20.11
[[34m2025-06-21 15:11:55[0m] (step=0008500) Train Loss: 0.1408, Train Steps/Sec: 1.67, Samples/Sec: 20.04
[[34m2025-06-21 15:12:54[0m] (step=0008600) Train Loss: 0.1559, Train Steps/Sec: 1.69, Samples/Sec: 20.23
[[34m2025-06-21 15:13:53[0m] (step=0008700) Train Loss: 0.1435, Train Steps/Sec: 1.70, Samples/Sec: 20.34
[[34m2025-06-21 15:14:53[0m] (step=0008800) Train Loss: 0.1396, Train Steps/Sec: 1.68, Samples/Sec: 20.14
[[34m2025-06-21 15:15:52[0m] (step=0008900) Train Loss: 0.1540, Train Steps/Sec: 1.70, Samples/Sec: 20.35
[[34m2025-06-21 15:16:51[0m] (step=0009000) Train Loss: 0.1516, Train Steps/Sec: 1.70, Samples/Sec: 20.36
[[34m2025-06-21 15:17:50[0m] (step=0009100) Train Loss: 0.1483, Train Steps/Sec: 1.68, Samples/Sec: 20.22
[[34m2025-06-21 15:18:49[0m] (step=0009200) Train Loss: 0.1515, Train Steps/Sec: 1.69, Samples/Sec: 20.28
[[34m2025-06-21 15:19:47[0m] (step=0009300) Train Loss: 0.1431, Train Steps/Sec: 1.72, Samples/Sec: 20.62
[[34m2025-06-21 15:20:46[0m] (step=0009400) Train Loss: 0.1418, Train Steps/Sec: 1.70, Samples/Sec: 20.36
[[34m2025-06-21 15:21:45[0m] (step=0009500) Train Loss: 0.1409, Train Steps/Sec: 1.69, Samples/Sec: 20.30
[[34m2025-06-21 15:22:46[0m] (step=0009600) Train Loss: 0.1365, Train Steps/Sec: 1.66, Samples/Sec: 19.95
[[34m2025-06-21 15:23:44[0m] (step=0009700) Train Loss: 0.1477, Train Steps/Sec: 1.70, Samples/Sec: 20.44
[[34m2025-06-21 15:24:43[0m] (step=0009800) Train Loss: 0.1336, Train Steps/Sec: 1.70, Samples/Sec: 20.37
[[34m2025-06-21 15:25:42[0m] (step=0009900) Train Loss: 0.1362, Train Steps/Sec: 1.69, Samples/Sec: 20.29
[[34m2025-06-21 15:26:41[0m] (step=0010000) Train Loss: 0.1338, Train Steps/Sec: 1.70, Samples/Sec: 20.37
[[34m2025-06-21 15:27:01[0m] Saved checkpoint to logs/nwm_cdit_wuhan_union/checkpoints/latest.pth.tar
Using cache found in ./models/facebookresearch_dino_main
/data1/zwc/miniconda3/envs/nwm2/lib/python3.8/site-packages/torch/_utils.py:831: UserWarning: TypedStorage is deprecated. It will be removed in the future and UntypedStorage will be the only storage class. This should only matter to you if you are using storages directly.  To access UntypedStorage directly, use tensor.untyped_storage() instead of tensor.storage()
  return self.fget.__get__(instance, owner)()
/data1/zwc/miniconda3/envs/nwm2/lib/python3.8/site-packages/torch/nn/utils/weight_norm.py:30: UserWarning: torch.nn.utils.weight_norm is deprecated in favor of torch.nn.utils.parametrizations.weight_norm.
  warnings.warn("torch.nn.utils.weight_norm is deprecated in favor of torch.nn.utils.parametrizations.weight_norm.")
[[34m2025-06-21 15:27:04[0m] Already found a `peft_config` attribute in the model. This will lead to having multiple adapters in the model. Make sure to know what you are doing!
[[34m2025-06-21 15:29:27[0m] (step=0010000) Perceptual Loss: 0.8764, Eval Time: 146.23
[[34m2025-06-21 15:30:26[0m] (step=0010100) Train Loss: 0.1451, Train Steps/Sec: 0.44, Samples/Sec: 5.34
[[34m2025-06-21 15:31:25[0m] (step=0010200) Train Loss: 0.1380, Train Steps/Sec: 1.69, Samples/Sec: 20.32
[[34m2025-06-21 15:32:25[0m] (step=0010300) Train Loss: 0.1390, Train Steps/Sec: 1.66, Samples/Sec: 19.97
[[34m2025-06-21 15:33:24[0m] (step=0010400) Train Loss: 0.1501, Train Steps/Sec: 1.70, Samples/Sec: 20.35
[[34m2025-06-21 15:34:24[0m] (step=0010500) Train Loss: 0.1317, Train Steps/Sec: 1.68, Samples/Sec: 20.14
[[34m2025-06-21 15:35:22[0m] (step=0010600) Train Loss: 0.1525, Train Steps/Sec: 1.71, Samples/Sec: 20.47
[[34m2025-06-21 15:36:21[0m] (step=0010700) Train Loss: 0.1403, Train Steps/Sec: 1.70, Samples/Sec: 20.36
[[34m2025-06-21 15:37:20[0m] (step=0010800) Train Loss: 0.1373, Train Steps/Sec: 1.69, Samples/Sec: 20.32
[[34m2025-06-21 15:38:19[0m] (step=0010900) Train Loss: 0.1426, Train Steps/Sec: 1.69, Samples/Sec: 20.31
[[34m2025-06-21 15:39:18[0m] (step=0011000) Train Loss: 0.1372, Train Steps/Sec: 1.70, Samples/Sec: 20.36
[[34m2025-06-21 15:40:19[0m] (step=0011100) Train Loss: 0.1422, Train Steps/Sec: 1.66, Samples/Sec: 19.91
[[34m2025-06-21 15:41:19[0m] (step=0011200) Train Loss: 0.1432, Train Steps/Sec: 1.66, Samples/Sec: 19.88
[[34m2025-06-21 15:42:17[0m] (step=0011300) Train Loss: 0.1331, Train Steps/Sec: 1.72, Samples/Sec: 20.65
[[34m2025-06-21 15:43:17[0m] (step=0011400) Train Loss: 0.1385, Train Steps/Sec: 1.68, Samples/Sec: 20.18
[[34m2025-06-21 15:44:15[0m] (step=0011500) Train Loss: 0.1225, Train Steps/Sec: 1.70, Samples/Sec: 20.44
[[34m2025-06-21 15:45:15[0m] (step=0011600) Train Loss: 0.1397, Train Steps/Sec: 1.67, Samples/Sec: 20.07
[[34m2025-06-21 15:46:15[0m] (step=0011700) Train Loss: 0.1342, Train Steps/Sec: 1.66, Samples/Sec: 19.96
[[34m2025-06-21 15:47:14[0m] (step=0011800) Train Loss: 0.1422, Train Steps/Sec: 1.71, Samples/Sec: 20.51
[[34m2025-06-21 15:48:13[0m] (step=0011900) Train Loss: 0.1295, Train Steps/Sec: 1.68, Samples/Sec: 20.21
[[34m2025-06-21 15:49:12[0m] (step=0012000) Train Loss: 0.1431, Train Steps/Sec: 1.69, Samples/Sec: 20.24
[[34m2025-06-21 15:49:28[0m] Saved checkpoint to logs/nwm_cdit_wuhan_union/checkpoints/latest.pth.tar
[[34m2025-06-21 15:50:27[0m] (step=0012100) Train Loss: 0.1276, Train Steps/Sec: 1.33, Samples/Sec: 16.00
[[34m2025-06-21 15:50:38[0m] Beginning epoch 1...
[[34m2025-06-21 15:51:31[0m] (step=0012200) Train Loss: 0.1432, Train Steps/Sec: 1.57, Samples/Sec: 18.78
[[34m2025-06-21 15:52:30[0m] (step=0012300) Train Loss: 0.1317, Train Steps/Sec: 1.69, Samples/Sec: 20.32
[[34m2025-06-21 15:53:29[0m] (step=0012400) Train Loss: 0.1324, Train Steps/Sec: 1.71, Samples/Sec: 20.57
[[34m2025-06-21 15:54:28[0m] (step=0012500) Train Loss: 0.1370, Train Steps/Sec: 1.68, Samples/Sec: 20.18
[[34m2025-06-21 15:55:28[0m] (step=0012600) Train Loss: 0.1425, Train Steps/Sec: 1.67, Samples/Sec: 19.99
[[34m2025-06-21 15:56:27[0m] (step=0012700) Train Loss: 0.1335, Train Steps/Sec: 1.70, Samples/Sec: 20.34
[[34m2025-06-21 15:57:27[0m] (step=0012800) Train Loss: 0.1401, Train Steps/Sec: 1.66, Samples/Sec: 19.94
[[34m2025-06-21 15:58:27[0m] (step=0012900) Train Loss: 0.1320, Train Steps/Sec: 1.68, Samples/Sec: 20.15
[[34m2025-06-21 15:59:27[0m] (step=0013000) Train Loss: 0.1370, Train Steps/Sec: 1.67, Samples/Sec: 20.01
[[34m2025-06-21 16:00:26[0m] (step=0013100) Train Loss: 0.1283, Train Steps/Sec: 1.69, Samples/Sec: 20.23
[[34m2025-06-21 16:01:25[0m] (step=0013200) Train Loss: 0.1453, Train Steps/Sec: 1.70, Samples/Sec: 20.40
[[34m2025-06-21 16:02:24[0m] (step=0013300) Train Loss: 0.1323, Train Steps/Sec: 1.69, Samples/Sec: 20.27
[[34m2025-06-21 16:03:23[0m] (step=0013400) Train Loss: 0.1401, Train Steps/Sec: 1.71, Samples/Sec: 20.47
[[34m2025-06-21 16:04:22[0m] (step=0013500) Train Loss: 0.1391, Train Steps/Sec: 1.69, Samples/Sec: 20.24
[[34m2025-06-21 16:05:23[0m] (step=0013600) Train Loss: 0.1306, Train Steps/Sec: 1.65, Samples/Sec: 19.85
[[34m2025-06-21 16:06:22[0m] (step=0013700) Train Loss: 0.1235, Train Steps/Sec: 1.68, Samples/Sec: 20.15
[[34m2025-06-21 16:07:21[0m] (step=0013800) Train Loss: 0.1293, Train Steps/Sec: 1.69, Samples/Sec: 20.24
[[34m2025-06-21 16:08:20[0m] (step=0013900) Train Loss: 0.1421, Train Steps/Sec: 1.70, Samples/Sec: 20.42
[[34m2025-06-21 16:09:19[0m] (step=0014000) Train Loss: 0.1343, Train Steps/Sec: 1.69, Samples/Sec: 20.24
[[34m2025-06-21 16:09:36[0m] Saved checkpoint to logs/nwm_cdit_wuhan_union/checkpoints/latest.pth.tar
[[34m2025-06-21 16:10:35[0m] (step=0014100) Train Loss: 0.1377, Train Steps/Sec: 1.32, Samples/Sec: 15.80
[[34m2025-06-21 16:11:35[0m] (step=0014200) Train Loss: 0.1323, Train Steps/Sec: 1.67, Samples/Sec: 20.09
[[34m2025-06-21 16:12:34[0m] (step=0014300) Train Loss: 0.1291, Train Steps/Sec: 1.69, Samples/Sec: 20.26
[[34m2025-06-21 16:13:34[0m] (step=0014400) Train Loss: 0.1321, Train Steps/Sec: 1.68, Samples/Sec: 20.17
[[34m2025-06-21 16:14:33[0m] (step=0014500) Train Loss: 0.1393, Train Steps/Sec: 1.69, Samples/Sec: 20.26
[[34m2025-06-21 16:15:33[0m] (step=0014600) Train Loss: 0.1394, Train Steps/Sec: 1.68, Samples/Sec: 20.19
[[34m2025-06-21 16:16:33[0m] (step=0014700) Train Loss: 0.1339, Train Steps/Sec: 1.67, Samples/Sec: 20.01
[[34m2025-06-21 16:17:33[0m] (step=0014800) Train Loss: 0.1306, Train Steps/Sec: 1.66, Samples/Sec: 19.93
[[34m2025-06-21 16:18:31[0m] (step=0014900) Train Loss: 0.1293, Train Steps/Sec: 1.71, Samples/Sec: 20.48
[[34m2025-06-21 16:19:31[0m] (step=0015000) Train Loss: 0.1288, Train Steps/Sec: 1.66, Samples/Sec: 19.97
[[34m2025-06-21 16:20:31[0m] (step=0015100) Train Loss: 0.1435, Train Steps/Sec: 1.67, Samples/Sec: 19.99
[[34m2025-06-21 16:21:32[0m] (step=0015200) Train Loss: 0.1241, Train Steps/Sec: 1.66, Samples/Sec: 19.98
[[34m2025-06-21 16:22:30[0m] (step=0015300) Train Loss: 0.1411, Train Steps/Sec: 1.70, Samples/Sec: 20.35
[[34m2025-06-21 16:23:30[0m] (step=0015400) Train Loss: 0.1279, Train Steps/Sec: 1.69, Samples/Sec: 20.27
[[34m2025-06-21 16:24:29[0m] (step=0015500) Train Loss: 0.1249, Train Steps/Sec: 1.70, Samples/Sec: 20.38
[[34m2025-06-21 16:25:29[0m] (step=0015600) Train Loss: 0.1244, Train Steps/Sec: 1.67, Samples/Sec: 19.99
[[34m2025-06-21 16:26:28[0m] (step=0015700) Train Loss: 0.1385, Train Steps/Sec: 1.69, Samples/Sec: 20.24
[[34m2025-06-21 16:27:28[0m] (step=0015800) Train Loss: 0.1297, Train Steps/Sec: 1.66, Samples/Sec: 19.93
[[34m2025-06-21 16:28:27[0m] (step=0015900) Train Loss: 0.1311, Train Steps/Sec: 1.69, Samples/Sec: 20.25
[[34m2025-06-21 16:29:27[0m] (step=0016000) Train Loss: 0.1336, Train Steps/Sec: 1.69, Samples/Sec: 20.25
[[34m2025-06-21 16:29:47[0m] Saved checkpoint to logs/nwm_cdit_wuhan_union/checkpoints/latest.pth.tar
[[34m2025-06-21 16:30:47[0m] (step=0016100) Train Loss: 0.1286, Train Steps/Sec: 1.25, Samples/Sec: 14.99
[[34m2025-06-21 16:31:46[0m] (step=0016200) Train Loss: 0.1266, Train Steps/Sec: 1.69, Samples/Sec: 20.33
[[34m2025-06-21 16:32:45[0m] (step=0016300) Train Loss: 0.1365, Train Steps/Sec: 1.69, Samples/Sec: 20.23
[[34m2025-06-21 16:33:45[0m] (step=0016400) Train Loss: 0.1323, Train Steps/Sec: 1.68, Samples/Sec: 20.14
[[34m2025-06-21 16:34:45[0m] (step=0016500) Train Loss: 0.1349, Train Steps/Sec: 1.67, Samples/Sec: 20.02
[[34m2025-06-21 16:35:44[0m] (step=0016600) Train Loss: 0.1343, Train Steps/Sec: 1.69, Samples/Sec: 20.25
[[34m2025-06-21 16:36:44[0m] (step=0016700) Train Loss: 0.1326, Train Steps/Sec: 1.67, Samples/Sec: 20.01
[[34m2025-06-21 16:37:43[0m] (step=0016800) Train Loss: 0.1370, Train Steps/Sec: 1.70, Samples/Sec: 20.43
[[34m2025-06-21 16:38:42[0m] (step=0016900) Train Loss: 0.1276, Train Steps/Sec: 1.68, Samples/Sec: 20.12
[[34m2025-06-21 16:39:41[0m] (step=0017000) Train Loss: 0.1457, Train Steps/Sec: 1.69, Samples/Sec: 20.29
[[34m2025-06-21 16:40:42[0m] (step=0017100) Train Loss: 0.1391, Train Steps/Sec: 1.65, Samples/Sec: 19.83
[[34m2025-06-21 16:41:40[0m] (step=0017200) Train Loss: 0.1268, Train Steps/Sec: 1.71, Samples/Sec: 20.50
[[34m2025-06-21 16:42:40[0m] (step=0017300) Train Loss: 0.1334, Train Steps/Sec: 1.69, Samples/Sec: 20.28
[[34m2025-06-21 16:43:40[0m] (step=0017400) Train Loss: 0.1363, Train Steps/Sec: 1.67, Samples/Sec: 20.00
[[34m2025-06-21 16:44:39[0m] (step=0017500) Train Loss: 0.1304, Train Steps/Sec: 1.67, Samples/Sec: 20.08
[[34m2025-06-21 16:45:39[0m] (step=0017600) Train Loss: 0.1268, Train Steps/Sec: 1.68, Samples/Sec: 20.19
[[34m2025-06-21 16:46:37[0m] (step=0017700) Train Loss: 0.1248, Train Steps/Sec: 1.71, Samples/Sec: 20.48
[[34m2025-06-21 16:47:36[0m] (step=0017800) Train Loss: 0.1311, Train Steps/Sec: 1.69, Samples/Sec: 20.30
[[34m2025-06-21 16:48:36[0m] (step=0017900) Train Loss: 0.1238, Train Steps/Sec: 1.67, Samples/Sec: 20.08
[[34m2025-06-21 16:49:35[0m] (step=0018000) Train Loss: 0.1264, Train Steps/Sec: 1.69, Samples/Sec: 20.33
[[34m2025-06-21 16:49:51[0m] Saved checkpoint to logs/nwm_cdit_wuhan_union/checkpoints/latest.pth.tar
[[34m2025-06-21 16:50:49[0m] (step=0018100) Train Loss: 0.1236, Train Steps/Sec: 1.36, Samples/Sec: 16.28
[[34m2025-06-21 16:51:47[0m] (step=0018200) Train Loss: 0.1271, Train Steps/Sec: 1.71, Samples/Sec: 20.53
[[34m2025-06-21 16:52:46[0m] (step=0018300) Train Loss: 0.1275, Train Steps/Sec: 1.69, Samples/Sec: 20.31
[[34m2025-06-21 16:53:45[0m] (step=0018400) Train Loss: 0.1253, Train Steps/Sec: 1.70, Samples/Sec: 20.35
[[34m2025-06-21 16:54:44[0m] (step=0018500) Train Loss: 0.1208, Train Steps/Sec: 1.70, Samples/Sec: 20.34
[[34m2025-06-21 16:55:44[0m] (step=0018600) Train Loss: 0.1287, Train Steps/Sec: 1.68, Samples/Sec: 20.16
[[34m2025-06-21 16:56:43[0m] (step=0018700) Train Loss: 0.1260, Train Steps/Sec: 1.69, Samples/Sec: 20.24
[[34m2025-06-21 16:57:43[0m] (step=0018800) Train Loss: 0.1245, Train Steps/Sec: 1.68, Samples/Sec: 20.18
[[34m2025-06-21 16:58:42[0m] (step=0018900) Train Loss: 0.1421, Train Steps/Sec: 1.68, Samples/Sec: 20.15
[[34m2025-06-21 16:59:42[0m] (step=0019000) Train Loss: 0.1441, Train Steps/Sec: 1.68, Samples/Sec: 20.13
[[34m2025-06-21 17:00:41[0m] (step=0019100) Train Loss: 0.1208, Train Steps/Sec: 1.70, Samples/Sec: 20.45
[[34m2025-06-21 17:01:41[0m] (step=0019200) Train Loss: 0.1342, Train Steps/Sec: 1.65, Samples/Sec: 19.84
[[34m2025-06-21 17:02:41[0m] (step=0019300) Train Loss: 0.1354, Train Steps/Sec: 1.68, Samples/Sec: 20.16
[[34m2025-06-21 17:03:41[0m] (step=0019400) Train Loss: 0.1325, Train Steps/Sec: 1.66, Samples/Sec: 19.98
[[34m2025-06-21 17:04:40[0m] (step=0019500) Train Loss: 0.1345, Train Steps/Sec: 1.68, Samples/Sec: 20.15
[[34m2025-06-21 17:05:39[0m] (step=0019600) Train Loss: 0.1317, Train Steps/Sec: 1.69, Samples/Sec: 20.33
[[34m2025-06-21 17:06:38[0m] (step=0019700) Train Loss: 0.1291, Train Steps/Sec: 1.69, Samples/Sec: 20.29
[[34m2025-06-21 17:07:39[0m] (step=0019800) Train Loss: 0.1212, Train Steps/Sec: 1.65, Samples/Sec: 19.84
[[34m2025-06-21 17:08:39[0m] (step=0019900) Train Loss: 0.1273, Train Steps/Sec: 1.68, Samples/Sec: 20.13
[[34m2025-06-21 17:09:38[0m] (step=0020000) Train Loss: 0.1287, Train Steps/Sec: 1.67, Samples/Sec: 20.02
[[34m2025-06-21 17:10:08[0m] Saved checkpoint to logs/nwm_cdit_wuhan_union/checkpoints/0020000.pth.tar
Using cache found in ./models/facebookresearch_dino_main
[[34m2025-06-21 17:10:11[0m] Already found a `peft_config` attribute in the model. This will lead to having multiple adapters in the model. Make sure to know what you are doing!
[[34m2025-06-21 17:12:34[0m] (step=0020000) Perceptual Loss: 0.6586, Eval Time: 145.46
[[34m2025-06-21 17:13:33[0m] (step=0020100) Train Loss: 0.1218, Train Steps/Sec: 0.43, Samples/Sec: 5.12
[[34m2025-06-21 17:14:32[0m] (step=0020200) Train Loss: 0.1303, Train Steps/Sec: 1.70, Samples/Sec: 20.37
[[34m2025-06-21 17:15:32[0m] (step=0020300) Train Loss: 0.1223, Train Steps/Sec: 1.67, Samples/Sec: 20.02
[[34m2025-06-21 17:16:31[0m] (step=0020400) Train Loss: 0.1211, Train Steps/Sec: 1.69, Samples/Sec: 20.33
[[34m2025-06-21 17:17:30[0m] (step=0020500) Train Loss: 0.1233, Train Steps/Sec: 1.69, Samples/Sec: 20.30
[[34m2025-06-21 17:18:29[0m] (step=0020600) Train Loss: 0.1336, Train Steps/Sec: 1.69, Samples/Sec: 20.31
[[34m2025-06-21 17:19:28[0m] (step=0020700) Train Loss: 0.1274, Train Steps/Sec: 1.70, Samples/Sec: 20.36
[[34m2025-06-21 17:20:28[0m] (step=0020800) Train Loss: 0.1400, Train Steps/Sec: 1.68, Samples/Sec: 20.12
[[34m2025-06-21 17:21:27[0m] (step=0020900) Train Loss: 0.1335, Train Steps/Sec: 1.68, Samples/Sec: 20.12
[[34m2025-06-21 17:22:27[0m] (step=0021000) Train Loss: 0.1344, Train Steps/Sec: 1.67, Samples/Sec: 20.09
[[34m2025-06-21 17:23:26[0m] (step=0021100) Train Loss: 0.1294, Train Steps/Sec: 1.69, Samples/Sec: 20.29
[[34m2025-06-21 17:24:25[0m] (step=0021200) Train Loss: 0.1359, Train Steps/Sec: 1.71, Samples/Sec: 20.49
[[34m2025-06-21 17:25:24[0m] (step=0021300) Train Loss: 0.1348, Train Steps/Sec: 1.68, Samples/Sec: 20.19
[[34m2025-06-21 17:26:23[0m] (step=0021400) Train Loss: 0.1248, Train Steps/Sec: 1.70, Samples/Sec: 20.37
[[34m2025-06-21 17:27:22[0m] (step=0021500) Train Loss: 0.1279, Train Steps/Sec: 1.71, Samples/Sec: 20.48
[[34m2025-06-21 17:28:21[0m] (step=0021600) Train Loss: 0.1387, Train Steps/Sec: 1.69, Samples/Sec: 20.32
[[34m2025-06-21 17:29:20[0m] (step=0021700) Train Loss: 0.1407, Train Steps/Sec: 1.69, Samples/Sec: 20.28
[[34m2025-06-21 17:30:21[0m] (step=0021800) Train Loss: 0.1314, Train Steps/Sec: 1.62, Samples/Sec: 19.46
[[34m2025-06-21 17:31:20[0m] (step=0021900) Train Loss: 0.1343, Train Steps/Sec: 1.71, Samples/Sec: 20.58
[[34m2025-06-21 17:32:19[0m] (step=0022000) Train Loss: 0.1267, Train Steps/Sec: 1.69, Samples/Sec: 20.23
[[34m2025-06-21 17:32:37[0m] Saved checkpoint to logs/nwm_cdit_wuhan_union/checkpoints/latest.pth.tar
[[34m2025-06-21 17:33:35[0m] (step=0022100) Train Loss: 0.1103, Train Steps/Sec: 1.31, Samples/Sec: 15.76
[[34m2025-06-21 17:34:34[0m] (step=0022200) Train Loss: 0.1193, Train Steps/Sec: 1.70, Samples/Sec: 20.40
[[34m2025-06-21 17:35:34[0m] (step=0022300) Train Loss: 0.1275, Train Steps/Sec: 1.68, Samples/Sec: 20.16
[[34m2025-06-21 17:36:33[0m] (step=0022400) Train Loss: 0.1406, Train Steps/Sec: 1.68, Samples/Sec: 20.11
[[34m2025-06-21 17:37:32[0m] (step=0022500) Train Loss: 0.1265, Train Steps/Sec: 1.69, Samples/Sec: 20.25
[[34m2025-06-21 17:38:32[0m] (step=0022600) Train Loss: 0.1173, Train Steps/Sec: 1.67, Samples/Sec: 20.01
[[34m2025-06-21 17:39:32[0m] (step=0022700) Train Loss: 0.1135, Train Steps/Sec: 1.68, Samples/Sec: 20.15
[[34m2025-06-21 17:40:31[0m] (step=0022800) Train Loss: 0.1204, Train Steps/Sec: 1.69, Samples/Sec: 20.30
[[34m2025-06-21 17:41:30[0m] (step=0022900) Train Loss: 0.1214, Train Steps/Sec: 1.70, Samples/Sec: 20.39
[[34m2025-06-21 17:42:29[0m] (step=0023000) Train Loss: 0.1205, Train Steps/Sec: 1.69, Samples/Sec: 20.25
[[34m2025-06-21 17:43:28[0m] (step=0023100) Train Loss: 0.1233, Train Steps/Sec: 1.71, Samples/Sec: 20.51
[[34m2025-06-21 17:44:27[0m] (step=0023200) Train Loss: 0.1308, Train Steps/Sec: 1.69, Samples/Sec: 20.34
[[34m2025-06-21 17:45:25[0m] (step=0023300) Train Loss: 0.1247, Train Steps/Sec: 1.71, Samples/Sec: 20.51
[[34m2025-06-21 17:46:25[0m] (step=0023400) Train Loss: 0.1321, Train Steps/Sec: 1.69, Samples/Sec: 20.24
[[34m2025-06-21 17:47:23[0m] (step=0023500) Train Loss: 0.1294, Train Steps/Sec: 1.71, Samples/Sec: 20.50
[[34m2025-06-21 17:48:22[0m] (step=0023600) Train Loss: 0.1243, Train Steps/Sec: 1.68, Samples/Sec: 20.21
[[34m2025-06-21 17:49:22[0m] (step=0023700) Train Loss: 0.1311, Train Steps/Sec: 1.68, Samples/Sec: 20.17
[[34m2025-06-21 17:50:21[0m] (step=0023800) Train Loss: 0.1340, Train Steps/Sec: 1.68, Samples/Sec: 20.22
[[34m2025-06-21 17:51:21[0m] (step=0023900) Train Loss: 0.1212, Train Steps/Sec: 1.67, Samples/Sec: 20.08
[[34m2025-06-21 17:52:21[0m] (step=0024000) Train Loss: 0.1308, Train Steps/Sec: 1.68, Samples/Sec: 20.12
[[34m2025-06-21 17:52:36[0m] Saved checkpoint to logs/nwm_cdit_wuhan_union/checkpoints/latest.pth.tar
[[34m2025-06-21 17:53:36[0m] (step=0024100) Train Loss: 0.1281, Train Steps/Sec: 1.33, Samples/Sec: 15.93
[[34m2025-06-21 17:54:35[0m] (step=0024200) Train Loss: 0.1268, Train Steps/Sec: 1.70, Samples/Sec: 20.41
[[34m2025-06-21 17:54:56[0m] Beginning epoch 2...
[[34m2025-06-21 17:55:38[0m] (step=0024300) Train Loss: 0.1201, Train Steps/Sec: 1.60, Samples/Sec: 19.15
[[34m2025-06-21 17:56:37[0m] (step=0024400) Train Loss: 0.1170, Train Steps/Sec: 1.69, Samples/Sec: 20.23
[[34m2025-06-21 17:57:36[0m] (step=0024500) Train Loss: 0.1282, Train Steps/Sec: 1.69, Samples/Sec: 20.32
[[34m2025-06-21 17:58:35[0m] (step=0024600) Train Loss: 0.1350, Train Steps/Sec: 1.69, Samples/Sec: 20.28
[[34m2025-06-21 17:59:34[0m] (step=0024700) Train Loss: 0.1216, Train Steps/Sec: 1.68, Samples/Sec: 20.19
[[34m2025-06-21 18:00:34[0m] (step=0024800) Train Loss: 0.1267, Train Steps/Sec: 1.69, Samples/Sec: 20.29
[[34m2025-06-21 18:01:33[0m] (step=0024900) Train Loss: 0.1188, Train Steps/Sec: 1.67, Samples/Sec: 20.08
[[34m2025-06-21 18:02:33[0m] (step=0025000) Train Loss: 0.1232, Train Steps/Sec: 1.68, Samples/Sec: 20.15
[[34m2025-06-21 18:03:33[0m] (step=0025100) Train Loss: 0.1259, Train Steps/Sec: 1.67, Samples/Sec: 20.05
[[34m2025-06-21 18:04:32[0m] (step=0025200) Train Loss: 0.1256, Train Steps/Sec: 1.68, Samples/Sec: 20.12
[[34m2025-06-21 18:05:32[0m] (step=0025300) Train Loss: 0.1270, Train Steps/Sec: 1.67, Samples/Sec: 19.99
[[34m2025-06-21 18:06:32[0m] (step=0025400) Train Loss: 0.1266, Train Steps/Sec: 1.69, Samples/Sec: 20.32
[[34m2025-06-21 18:07:31[0m] (step=0025500) Train Loss: 0.1156, Train Steps/Sec: 1.68, Samples/Sec: 20.19
[[34m2025-06-21 18:08:31[0m] (step=0025600) Train Loss: 0.1134, Train Steps/Sec: 1.67, Samples/Sec: 20.03
[[34m2025-06-21 18:09:30[0m] (step=0025700) Train Loss: 0.1234, Train Steps/Sec: 1.69, Samples/Sec: 20.32
[[34m2025-06-21 18:10:29[0m] (step=0025800) Train Loss: 0.1188, Train Steps/Sec: 1.69, Samples/Sec: 20.31
[[34m2025-06-21 18:11:29[0m] (step=0025900) Train Loss: 0.1292, Train Steps/Sec: 1.68, Samples/Sec: 20.15
[[34m2025-06-21 18:12:27[0m] (step=0026000) Train Loss: 0.1303, Train Steps/Sec: 1.71, Samples/Sec: 20.46
[[34m2025-06-21 18:12:43[0m] Saved checkpoint to logs/nwm_cdit_wuhan_union/checkpoints/latest.pth.tar
[[34m2025-06-21 18:13:42[0m] (step=0026100) Train Loss: 0.1234, Train Steps/Sec: 1.33, Samples/Sec: 15.94
[[34m2025-06-21 18:14:42[0m] (step=0026200) Train Loss: 0.1247, Train Steps/Sec: 1.69, Samples/Sec: 20.23
[[34m2025-06-21 18:15:40[0m] (step=0026300) Train Loss: 0.1261, Train Steps/Sec: 1.71, Samples/Sec: 20.46
[[34m2025-06-21 18:16:39[0m] (step=0026400) Train Loss: 0.1237, Train Steps/Sec: 1.69, Samples/Sec: 20.33
[[34m2025-06-21 18:17:39[0m] (step=0026500) Train Loss: 0.1266, Train Steps/Sec: 1.68, Samples/Sec: 20.15
[[34m2025-06-21 18:18:38[0m] (step=0026600) Train Loss: 0.1224, Train Steps/Sec: 1.68, Samples/Sec: 20.21
[[34m2025-06-21 18:19:38[0m] (step=0026700) Train Loss: 0.1187, Train Steps/Sec: 1.68, Samples/Sec: 20.17
[[34m2025-06-21 18:20:37[0m] (step=0026800) Train Loss: 0.1255, Train Steps/Sec: 1.70, Samples/Sec: 20.41
[[34m2025-06-21 18:21:36[0m] (step=0026900) Train Loss: 0.1213, Train Steps/Sec: 1.68, Samples/Sec: 20.21
[[34m2025-06-21 18:22:35[0m] (step=0027000) Train Loss: 0.1195, Train Steps/Sec: 1.69, Samples/Sec: 20.24
[[34m2025-06-21 18:23:35[0m] (step=0027100) Train Loss: 0.1200, Train Steps/Sec: 1.68, Samples/Sec: 20.22
[[34m2025-06-21 18:24:34[0m] (step=0027200) Train Loss: 0.1171, Train Steps/Sec: 1.69, Samples/Sec: 20.23
[[34m2025-06-21 18:25:33[0m] (step=0027300) Train Loss: 0.1271, Train Steps/Sec: 1.70, Samples/Sec: 20.37
[[34m2025-06-21 18:26:31[0m] (step=0027400) Train Loss: 0.1172, Train Steps/Sec: 1.71, Samples/Sec: 20.51
[[34m2025-06-21 18:27:31[0m] (step=0027500) Train Loss: 0.1315, Train Steps/Sec: 1.69, Samples/Sec: 20.29
[[34m2025-06-21 18:28:29[0m] (step=0027600) Train Loss: 0.1257, Train Steps/Sec: 1.71, Samples/Sec: 20.57
[[34m2025-06-21 18:29:27[0m] (step=0027700) Train Loss: 0.1290, Train Steps/Sec: 1.71, Samples/Sec: 20.56
[[34m2025-06-21 18:30:27[0m] (step=0027800) Train Loss: 0.1255, Train Steps/Sec: 1.68, Samples/Sec: 20.18
[[34m2025-06-21 18:31:27[0m] (step=0027900) Train Loss: 0.1199, Train Steps/Sec: 1.68, Samples/Sec: 20.10
[[34m2025-06-21 18:32:26[0m] (step=0028000) Train Loss: 0.1149, Train Steps/Sec: 1.69, Samples/Sec: 20.26
[[34m2025-06-21 18:32:42[0m] Saved checkpoint to logs/nwm_cdit_wuhan_union/checkpoints/latest.pth.tar
[[34m2025-06-21 18:33:39[0m] (step=0028100) Train Loss: 0.1143, Train Steps/Sec: 1.36, Samples/Sec: 16.33
[[34m2025-06-21 18:34:38[0m] (step=0028200) Train Loss: 0.1274, Train Steps/Sec: 1.71, Samples/Sec: 20.53
[[34m2025-06-21 18:35:36[0m] (step=0028300) Train Loss: 0.1231, Train Steps/Sec: 1.70, Samples/Sec: 20.41
[[34m2025-06-21 18:36:36[0m] (step=0028400) Train Loss: 0.1184, Train Steps/Sec: 1.69, Samples/Sec: 20.26
[[34m2025-06-21 18:37:35[0m] (step=0028500) Train Loss: 0.1240, Train Steps/Sec: 1.68, Samples/Sec: 20.18
[[34m2025-06-21 18:38:34[0m] (step=0028600) Train Loss: 0.1264, Train Steps/Sec: 1.70, Samples/Sec: 20.37
[[34m2025-06-21 18:39:34[0m] (step=0028700) Train Loss: 0.1323, Train Steps/Sec: 1.67, Samples/Sec: 20.06
[[34m2025-06-21 18:40:33[0m] (step=0028800) Train Loss: 0.1223, Train Steps/Sec: 1.69, Samples/Sec: 20.32
[[34m2025-06-21 18:41:32[0m] (step=0028900) Train Loss: 0.1065, Train Steps/Sec: 1.69, Samples/Sec: 20.30
[[34m2025-06-21 18:42:31[0m] (step=0029000) Train Loss: 0.1378, Train Steps/Sec: 1.70, Samples/Sec: 20.41
[[34m2025-06-21 18:43:29[0m] (step=0029100) Train Loss: 0.1257, Train Steps/Sec: 1.71, Samples/Sec: 20.48
[[34m2025-06-21 18:44:29[0m] (step=0029200) Train Loss: 0.1226, Train Steps/Sec: 1.68, Samples/Sec: 20.13
[[34m2025-06-21 18:45:28[0m] (step=0029300) Train Loss: 0.1150, Train Steps/Sec: 1.70, Samples/Sec: 20.43
[[34m2025-06-21 18:46:26[0m] (step=0029400) Train Loss: 0.1248, Train Steps/Sec: 1.71, Samples/Sec: 20.48
[[34m2025-06-21 18:47:25[0m] (step=0029500) Train Loss: 0.1367, Train Steps/Sec: 1.70, Samples/Sec: 20.45
[[34m2025-06-21 18:48:24[0m] (step=0029600) Train Loss: 0.1259, Train Steps/Sec: 1.71, Samples/Sec: 20.49
[[34m2025-06-21 18:49:22[0m] (step=0029700) Train Loss: 0.1221, Train Steps/Sec: 1.71, Samples/Sec: 20.47
[[34m2025-06-21 18:50:22[0m] (step=0029800) Train Loss: 0.1202, Train Steps/Sec: 1.68, Samples/Sec: 20.17
[[34m2025-06-21 18:51:21[0m] (step=0029900) Train Loss: 0.1230, Train Steps/Sec: 1.70, Samples/Sec: 20.42
[[34m2025-06-21 18:52:19[0m] (step=0030000) Train Loss: 0.1234, Train Steps/Sec: 1.70, Samples/Sec: 20.43
[[34m2025-06-21 18:52:38[0m] Saved checkpoint to logs/nwm_cdit_wuhan_union/checkpoints/latest.pth.tar
Using cache found in ./models/facebookresearch_dino_main
[[34m2025-06-21 18:52:41[0m] Already found a `peft_config` attribute in the model. This will lead to having multiple adapters in the model. Make sure to know what you are doing!
[[34m2025-06-21 18:55:05[0m] (step=0030000) Perceptual Loss: 0.4199, Eval Time: 146.19
[[34m2025-06-21 18:56:04[0m] (step=0030100) Train Loss: 0.1349, Train Steps/Sec: 0.45, Samples/Sec: 5.35
[[34m2025-06-21 18:57:03[0m] (step=0030200) Train Loss: 0.1150, Train Steps/Sec: 1.68, Samples/Sec: 20.12
[[34m2025-06-21 18:58:03[0m] (step=0030300) Train Loss: 0.1147, Train Steps/Sec: 1.66, Samples/Sec: 19.93
[[34m2025-06-21 18:59:03[0m] (step=0030400) Train Loss: 0.1173, Train Steps/Sec: 1.68, Samples/Sec: 20.22
[[34m2025-06-21 19:00:02[0m] (step=0030500) Train Loss: 0.1191, Train Steps/Sec: 1.68, Samples/Sec: 20.16
[[34m2025-06-21 19:01:02[0m] (step=0030600) Train Loss: 0.1193, Train Steps/Sec: 1.67, Samples/Sec: 20.07
[[34m2025-06-21 19:02:02[0m] (step=0030700) Train Loss: 0.1182, Train Steps/Sec: 1.68, Samples/Sec: 20.12
[[34m2025-06-21 19:03:01[0m] (step=0030800) Train Loss: 0.1226, Train Steps/Sec: 1.69, Samples/Sec: 20.27
[[34m2025-06-21 19:04:00[0m] (step=0030900) Train Loss: 0.1163, Train Steps/Sec: 1.71, Samples/Sec: 20.48
[[34m2025-06-21 19:04:59[0m] (step=0031000) Train Loss: 0.1224, Train Steps/Sec: 1.68, Samples/Sec: 20.15
[[34m2025-06-21 19:05:58[0m] (step=0031100) Train Loss: 0.1304, Train Steps/Sec: 1.69, Samples/Sec: 20.27
[[34m2025-06-21 19:06:57[0m] (step=0031200) Train Loss: 0.1277, Train Steps/Sec: 1.71, Samples/Sec: 20.52
[[34m2025-06-21 19:07:56[0m] (step=0031300) Train Loss: 0.1217, Train Steps/Sec: 1.69, Samples/Sec: 20.22
[[34m2025-06-21 19:08:55[0m] (step=0031400) Train Loss: 0.1302, Train Steps/Sec: 1.70, Samples/Sec: 20.46
[[34m2025-06-21 19:09:54[0m] (step=0031500) Train Loss: 0.1104, Train Steps/Sec: 1.69, Samples/Sec: 20.23
[[34m2025-06-21 19:10:54[0m] (step=0031600) Train Loss: 0.1310, Train Steps/Sec: 1.67, Samples/Sec: 20.05
[[34m2025-06-21 19:11:55[0m] (step=0031700) Train Loss: 0.1211, Train Steps/Sec: 1.65, Samples/Sec: 19.75
[[34m2025-06-21 19:12:55[0m] (step=0031800) Train Loss: 0.1210, Train Steps/Sec: 1.67, Samples/Sec: 20.04
[[34m2025-06-21 19:13:54[0m] (step=0031900) Train Loss: 0.1257, Train Steps/Sec: 1.70, Samples/Sec: 20.37
[[34m2025-06-21 19:14:52[0m] (step=0032000) Train Loss: 0.1288, Train Steps/Sec: 1.72, Samples/Sec: 20.63
[[34m2025-06-21 19:15:08[0m] Saved checkpoint to logs/nwm_cdit_wuhan_union/checkpoints/latest.pth.tar
[[34m2025-06-21 19:16:08[0m] (step=0032100) Train Loss: 0.1136, Train Steps/Sec: 1.31, Samples/Sec: 15.69
[[34m2025-06-21 19:17:08[0m] (step=0032200) Train Loss: 0.1207, Train Steps/Sec: 1.68, Samples/Sec: 20.11
[[34m2025-06-21 19:18:07[0m] (step=0032300) Train Loss: 0.1108, Train Steps/Sec: 1.69, Samples/Sec: 20.30
[[34m2025-06-21 19:19:06[0m] (step=0032400) Train Loss: 0.1219, Train Steps/Sec: 1.69, Samples/Sec: 20.29
[[34m2025-06-21 19:20:05[0m] (step=0032500) Train Loss: 0.1154, Train Steps/Sec: 1.70, Samples/Sec: 20.46
[[34m2025-06-21 19:21:03[0m] (step=0032600) Train Loss: 0.1141, Train Steps/Sec: 1.70, Samples/Sec: 20.45
[[34m2025-06-21 19:22:03[0m] (step=0032700) Train Loss: 0.1263, Train Steps/Sec: 1.67, Samples/Sec: 20.06
[[34m2025-06-21 19:23:03[0m] (step=0032800) Train Loss: 0.1081, Train Steps/Sec: 1.67, Samples/Sec: 20.05
[[34m2025-06-21 19:24:02[0m] (step=0032900) Train Loss: 0.1168, Train Steps/Sec: 1.69, Samples/Sec: 20.26
[[34m2025-06-21 19:25:01[0m] (step=0033000) Train Loss: 0.1063, Train Steps/Sec: 1.70, Samples/Sec: 20.43
[[34m2025-06-21 19:26:00[0m] (step=0033100) Train Loss: 0.1318, Train Steps/Sec: 1.70, Samples/Sec: 20.35
[[34m2025-06-21 19:27:00[0m] (step=0033200) Train Loss: 0.1148, Train Steps/Sec: 1.68, Samples/Sec: 20.14
[[34m2025-06-21 19:28:00[0m] (step=0033300) Train Loss: 0.1216, Train Steps/Sec: 1.65, Samples/Sec: 19.75
[[34m2025-06-21 19:29:00[0m] (step=0033400) Train Loss: 0.1226, Train Steps/Sec: 1.67, Samples/Sec: 20.07
[[34m2025-06-21 19:30:00[0m] (step=0033500) Train Loss: 0.1268, Train Steps/Sec: 1.69, Samples/Sec: 20.23
[[34m2025-06-21 19:30:59[0m] (step=0033600) Train Loss: 0.1207, Train Steps/Sec: 1.68, Samples/Sec: 20.15
[[34m2025-06-21 19:31:59[0m] (step=0033700) Train Loss: 0.1183, Train Steps/Sec: 1.67, Samples/Sec: 20.04
[[34m2025-06-21 19:32:58[0m] (step=0033800) Train Loss: 0.1223, Train Steps/Sec: 1.69, Samples/Sec: 20.30
[[34m2025-06-21 19:33:57[0m] (step=0033900) Train Loss: 0.1294, Train Steps/Sec: 1.69, Samples/Sec: 20.26
[[34m2025-06-21 19:34:57[0m] (step=0034000) Train Loss: 0.1180, Train Steps/Sec: 1.68, Samples/Sec: 20.19
[[34m2025-06-21 19:35:12[0m] Saved checkpoint to logs/nwm_cdit_wuhan_union/checkpoints/latest.pth.tar
[[34m2025-06-21 19:36:12[0m] (step=0034100) Train Loss: 0.1135, Train Steps/Sec: 1.33, Samples/Sec: 16.01
[[34m2025-06-21 19:37:11[0m] (step=0034200) Train Loss: 0.1279, Train Steps/Sec: 1.70, Samples/Sec: 20.38
[[34m2025-06-21 19:38:10[0m] (step=0034300) Train Loss: 0.1164, Train Steps/Sec: 1.67, Samples/Sec: 20.05
[[34m2025-06-21 19:39:09[0m] (step=0034400) Train Loss: 0.1225, Train Steps/Sec: 1.70, Samples/Sec: 20.37
[[34m2025-06-21 19:40:09[0m] (step=0034500) Train Loss: 0.1167, Train Steps/Sec: 1.69, Samples/Sec: 20.23
[[34m2025-06-21 19:41:08[0m] (step=0034600) Train Loss: 0.1211, Train Steps/Sec: 1.69, Samples/Sec: 20.29
[[34m2025-06-21 19:42:06[0m] (step=0034700) Train Loss: 0.1148, Train Steps/Sec: 1.71, Samples/Sec: 20.56
[[34m2025-06-21 19:43:05[0m] (step=0034800) Train Loss: 0.1166, Train Steps/Sec: 1.70, Samples/Sec: 20.40
[[34m2025-06-21 19:44:05[0m] (step=0034900) Train Loss: 0.1138, Train Steps/Sec: 1.67, Samples/Sec: 20.10
[[34m2025-06-21 19:45:03[0m] (step=0035000) Train Loss: 0.1118, Train Steps/Sec: 1.71, Samples/Sec: 20.53
[[34m2025-06-21 19:46:02[0m] (step=0035100) Train Loss: 0.1216, Train Steps/Sec: 1.70, Samples/Sec: 20.46
[[34m2025-06-21 19:47:00[0m] (step=0035200) Train Loss: 0.1056, Train Steps/Sec: 1.73, Samples/Sec: 20.77
[[34m2025-06-21 19:47:58[0m] (step=0035300) Train Loss: 0.1234, Train Steps/Sec: 1.71, Samples/Sec: 20.52
[[34m2025-06-21 19:48:56[0m] (step=0035400) Train Loss: 0.1178, Train Steps/Sec: 1.71, Samples/Sec: 20.57
[[34m2025-06-21 19:49:56[0m] (step=0035500) Train Loss: 0.1194, Train Steps/Sec: 1.69, Samples/Sec: 20.25
[[34m2025-06-21 19:50:55[0m] (step=0035600) Train Loss: 0.1379, Train Steps/Sec: 1.69, Samples/Sec: 20.32
[[34m2025-06-21 19:51:54[0m] (step=0035700) Train Loss: 0.1162, Train Steps/Sec: 1.70, Samples/Sec: 20.37
[[34m2025-06-21 19:52:53[0m] (step=0035800) Train Loss: 0.1248, Train Steps/Sec: 1.68, Samples/Sec: 20.15
[[34m2025-06-21 19:53:51[0m] (step=0035900) Train Loss: 0.1190, Train Steps/Sec: 1.72, Samples/Sec: 20.63
[[34m2025-06-21 19:54:51[0m] (step=0036000) Train Loss: 0.1189, Train Steps/Sec: 1.69, Samples/Sec: 20.27
[[34m2025-06-21 19:55:06[0m] Saved checkpoint to logs/nwm_cdit_wuhan_union/checkpoints/latest.pth.tar
[[34m2025-06-21 19:56:05[0m] (step=0036100) Train Loss: 0.1260, Train Steps/Sec: 1.34, Samples/Sec: 16.13
[[34m2025-06-21 19:57:04[0m] (step=0036200) Train Loss: 0.1116, Train Steps/Sec: 1.69, Samples/Sec: 20.25
[[34m2025-06-21 19:58:03[0m] (step=0036300) Train Loss: 0.1277, Train Steps/Sec: 1.70, Samples/Sec: 20.39
[[34m2025-06-21 19:58:36[0m] Beginning epoch 3...
[[34m2025-06-21 19:59:06[0m] (step=0036400) Train Loss: 0.1146, Train Steps/Sec: 1.59, Samples/Sec: 19.11
[[34m2025-06-21 20:00:05[0m] (step=0036500) Train Loss: 0.1143, Train Steps/Sec: 1.70, Samples/Sec: 20.34
[[34m2025-06-21 20:01:04[0m] (step=0036600) Train Loss: 0.1321, Train Steps/Sec: 1.68, Samples/Sec: 20.16
[[34m2025-06-21 20:02:03[0m] (step=0036700) Train Loss: 0.1111, Train Steps/Sec: 1.69, Samples/Sec: 20.32
[[34m2025-06-21 20:03:03[0m] (step=0036800) Train Loss: 0.1150, Train Steps/Sec: 1.69, Samples/Sec: 20.31
[[34m2025-06-21 20:04:02[0m] (step=0036900) Train Loss: 0.1274, Train Steps/Sec: 1.69, Samples/Sec: 20.33
[[34m2025-06-21 20:05:01[0m] (step=0037000) Train Loss: 0.1244, Train Steps/Sec: 1.69, Samples/Sec: 20.26
[[34m2025-06-21 20:06:01[0m] (step=0037100) Train Loss: 0.1206, Train Steps/Sec: 1.67, Samples/Sec: 20.04
[[34m2025-06-21 20:07:01[0m] (step=0037200) Train Loss: 0.1241, Train Steps/Sec: 1.66, Samples/Sec: 19.93
[[34m2025-06-21 20:08:01[0m] (step=0037300) Train Loss: 0.1249, Train Steps/Sec: 1.67, Samples/Sec: 19.99
[[34m2025-06-21 20:09:00[0m] (step=0037400) Train Loss: 0.1248, Train Steps/Sec: 1.70, Samples/Sec: 20.40
[[34m2025-06-21 20:09:59[0m] (step=0037500) Train Loss: 0.1112, Train Steps/Sec: 1.68, Samples/Sec: 20.18
[[34m2025-06-21 20:10:58[0m] (step=0037600) Train Loss: 0.1146, Train Steps/Sec: 1.69, Samples/Sec: 20.33
[[34m2025-06-21 20:11:57[0m] (step=0037700) Train Loss: 0.1347, Train Steps/Sec: 1.71, Samples/Sec: 20.47
[[34m2025-06-21 20:12:56[0m] (step=0037800) Train Loss: 0.1198, Train Steps/Sec: 1.69, Samples/Sec: 20.29
[[34m2025-06-21 20:13:55[0m] (step=0037900) Train Loss: 0.1235, Train Steps/Sec: 1.69, Samples/Sec: 20.30
[[34m2025-06-21 20:14:55[0m] (step=0038000) Train Loss: 0.1122, Train Steps/Sec: 1.66, Samples/Sec: 19.89
[[34m2025-06-21 20:15:11[0m] Saved checkpoint to logs/nwm_cdit_wuhan_union/checkpoints/latest.pth.tar
[[34m2025-06-21 20:16:09[0m] (step=0038100) Train Loss: 0.1158, Train Steps/Sec: 1.36, Samples/Sec: 16.27
[[34m2025-06-21 20:17:08[0m] (step=0038200) Train Loss: 0.1127, Train Steps/Sec: 1.70, Samples/Sec: 20.35
[[34m2025-06-21 20:18:07[0m] (step=0038300) Train Loss: 0.1285, Train Steps/Sec: 1.69, Samples/Sec: 20.25
[[34m2025-06-21 20:19:07[0m] (step=0038400) Train Loss: 0.1159, Train Steps/Sec: 1.68, Samples/Sec: 20.19
[[34m2025-06-21 20:20:06[0m] (step=0038500) Train Loss: 0.1102, Train Steps/Sec: 1.69, Samples/Sec: 20.32
[[34m2025-06-21 20:21:05[0m] (step=0038600) Train Loss: 0.1177, Train Steps/Sec: 1.70, Samples/Sec: 20.37
[[34m2025-06-21 20:22:04[0m] (step=0038700) Train Loss: 0.1182, Train Steps/Sec: 1.70, Samples/Sec: 20.35
[[34m2025-06-21 20:23:04[0m] (step=0038800) Train Loss: 0.1197, Train Steps/Sec: 1.67, Samples/Sec: 20.04
[[34m2025-06-21 20:24:03[0m] (step=0038900) Train Loss: 0.1250, Train Steps/Sec: 1.68, Samples/Sec: 20.13
[[34m2025-06-21 20:25:03[0m] (step=0039000) Train Loss: 0.1264, Train Steps/Sec: 1.68, Samples/Sec: 20.10
[[34m2025-06-21 20:26:02[0m] (step=0039100) Train Loss: 0.1084, Train Steps/Sec: 1.68, Samples/Sec: 20.19
[[34m2025-06-21 20:27:00[0m] (step=0039200) Train Loss: 0.1239, Train Steps/Sec: 1.73, Samples/Sec: 20.72
[[34m2025-06-21 20:27:59[0m] (step=0039300) Train Loss: 0.1154, Train Steps/Sec: 1.71, Samples/Sec: 20.51
[[34m2025-06-21 20:28:58[0m] (step=0039400) Train Loss: 0.1150, Train Steps/Sec: 1.69, Samples/Sec: 20.32
[[34m2025-06-21 20:29:57[0m] (step=0039500) Train Loss: 0.1180, Train Steps/Sec: 1.69, Samples/Sec: 20.29
[[34m2025-06-21 20:30:56[0m] (step=0039600) Train Loss: 0.1106, Train Steps/Sec: 1.70, Samples/Sec: 20.40
[[34m2025-06-21 20:31:55[0m] (step=0039700) Train Loss: 0.1151, Train Steps/Sec: 1.69, Samples/Sec: 20.31
[[34m2025-06-21 20:32:54[0m] (step=0039800) Train Loss: 0.1070, Train Steps/Sec: 1.70, Samples/Sec: 20.40
[[34m2025-06-21 20:33:53[0m] (step=0039900) Train Loss: 0.1233, Train Steps/Sec: 1.68, Samples/Sec: 20.22
[[34m2025-06-21 20:34:53[0m] (step=0040000) Train Loss: 0.1245, Train Steps/Sec: 1.67, Samples/Sec: 20.08
[[34m2025-06-21 20:35:22[0m] Saved checkpoint to logs/nwm_cdit_wuhan_union/checkpoints/0040000.pth.tar
Using cache found in ./models/facebookresearch_dino_main
[[34m2025-06-21 20:35:25[0m] Already found a `peft_config` attribute in the model. This will lead to having multiple adapters in the model. Make sure to know what you are doing!
[[34m2025-06-21 20:37:49[0m] (step=0040000) Perceptual Loss: 0.3574, Eval Time: 146.66
[[34m2025-06-21 20:38:48[0m] (step=0040100) Train Loss: 0.1202, Train Steps/Sec: 0.43, Samples/Sec: 5.11
[[34m2025-06-21 20:39:46[0m] (step=0040200) Train Loss: 0.1207, Train Steps/Sec: 1.71, Samples/Sec: 20.48
[[34m2025-06-21 20:40:46[0m] (step=0040300) Train Loss: 0.1128, Train Steps/Sec: 1.67, Samples/Sec: 20.10
[[34m2025-06-21 20:41:45[0m] (step=0040400) Train Loss: 0.1196, Train Steps/Sec: 1.70, Samples/Sec: 20.39
[[34m2025-06-21 20:42:44[0m] (step=0040500) Train Loss: 0.1226, Train Steps/Sec: 1.68, Samples/Sec: 20.12
[[34m2025-06-21 20:43:44[0m] (step=0040600) Train Loss: 0.1203, Train Steps/Sec: 1.68, Samples/Sec: 20.15
[[34m2025-06-21 20:44:45[0m] (step=0040700) Train Loss: 0.1133, Train Steps/Sec: 1.64, Samples/Sec: 19.70
[[34m2025-06-21 20:45:44[0m] (step=0040800) Train Loss: 0.1157, Train Steps/Sec: 1.68, Samples/Sec: 20.19
[[34m2025-06-21 20:46:43[0m] (step=0040900) Train Loss: 0.1121, Train Steps/Sec: 1.70, Samples/Sec: 20.42
[[34m2025-06-21 20:47:41[0m] (step=0041000) Train Loss: 0.1239, Train Steps/Sec: 1.72, Samples/Sec: 20.60
[[34m2025-06-21 20:48:40[0m] (step=0041100) Train Loss: 0.1097, Train Steps/Sec: 1.70, Samples/Sec: 20.38
[[34m2025-06-21 20:49:39[0m] (step=0041200) Train Loss: 0.1158, Train Steps/Sec: 1.70, Samples/Sec: 20.39
[[34m2025-06-21 20:50:38[0m] (step=0041300) Train Loss: 0.1119, Train Steps/Sec: 1.69, Samples/Sec: 20.31
[[34m2025-06-21 20:51:37[0m] (step=0041400) Train Loss: 0.1153, Train Steps/Sec: 1.70, Samples/Sec: 20.41
[[34m2025-06-21 20:52:36[0m] (step=0041500) Train Loss: 0.1215, Train Steps/Sec: 1.68, Samples/Sec: 20.21
[[34m2025-06-21 20:53:36[0m] (step=0041600) Train Loss: 0.1145, Train Steps/Sec: 1.68, Samples/Sec: 20.17
[[34m2025-06-21 20:54:35[0m] (step=0041700) Train Loss: 0.1118, Train Steps/Sec: 1.68, Samples/Sec: 20.18
[[34m2025-06-21 20:55:36[0m] (step=0041800) Train Loss: 0.1201, Train Steps/Sec: 1.66, Samples/Sec: 19.90
[[34m2025-06-21 20:56:34[0m] (step=0041900) Train Loss: 0.1150, Train Steps/Sec: 1.70, Samples/Sec: 20.38
[[34m2025-06-21 20:57:34[0m] (step=0042000) Train Loss: 0.1243, Train Steps/Sec: 1.68, Samples/Sec: 20.16
[[34m2025-06-21 20:57:50[0m] Saved checkpoint to logs/nwm_cdit_wuhan_union/checkpoints/latest.pth.tar
[[34m2025-06-21 20:58:50[0m] (step=0042100) Train Loss: 0.1204, Train Steps/Sec: 1.31, Samples/Sec: 15.78
[[34m2025-06-21 20:59:50[0m] (step=0042200) Train Loss: 0.1214, Train Steps/Sec: 1.67, Samples/Sec: 20.00
[[34m2025-06-21 21:00:50[0m] (step=0042300) Train Loss: 0.1250, Train Steps/Sec: 1.66, Samples/Sec: 19.91
[[34m2025-06-21 21:01:48[0m] (step=0042400) Train Loss: 0.1209, Train Steps/Sec: 1.73, Samples/Sec: 20.72
[[34m2025-06-21 21:02:48[0m] (step=0042500) Train Loss: 0.1120, Train Steps/Sec: 1.68, Samples/Sec: 20.18
[[34m2025-06-21 21:03:48[0m] (step=0042600) Train Loss: 0.1125, Train Steps/Sec: 1.66, Samples/Sec: 19.98
[[34m2025-06-21 21:04:49[0m] (step=0042700) Train Loss: 0.1185, Train Steps/Sec: 1.63, Samples/Sec: 19.59
[[34m2025-06-21 21:05:50[0m] (step=0042800) Train Loss: 0.1217, Train Steps/Sec: 1.63, Samples/Sec: 19.56
[[34m2025-06-21 21:06:51[0m] (step=0042900) Train Loss: 0.1177, Train Steps/Sec: 1.65, Samples/Sec: 19.85
[[34m2025-06-21 21:07:51[0m] (step=0043000) Train Loss: 0.1074, Train Steps/Sec: 1.67, Samples/Sec: 20.10
[[34m2025-06-21 21:08:50[0m] (step=0043100) Train Loss: 0.1129, Train Steps/Sec: 1.69, Samples/Sec: 20.27
[[34m2025-06-21 21:09:49[0m] (step=0043200) Train Loss: 0.1230, Train Steps/Sec: 1.68, Samples/Sec: 20.20
[[34m2025-06-21 21:10:49[0m] (step=0043300) Train Loss: 0.1240, Train Steps/Sec: 1.67, Samples/Sec: 20.09
[[34m2025-06-21 21:11:50[0m] (step=0043400) Train Loss: 0.1109, Train Steps/Sec: 1.64, Samples/Sec: 19.72
[[34m2025-06-21 21:12:50[0m] (step=0043500) Train Loss: 0.1078, Train Steps/Sec: 1.66, Samples/Sec: 19.90
[[34m2025-06-21 21:13:50[0m] (step=0043600) Train Loss: 0.1163, Train Steps/Sec: 1.67, Samples/Sec: 20.06
[[34m2025-06-21 21:14:50[0m] (step=0043700) Train Loss: 0.1113, Train Steps/Sec: 1.66, Samples/Sec: 19.95
[[34m2025-06-21 21:15:51[0m] (step=0043800) Train Loss: 0.1115, Train Steps/Sec: 1.64, Samples/Sec: 19.73
[[34m2025-06-21 21:16:51[0m] (step=0043900) Train Loss: 0.1297, Train Steps/Sec: 1.65, Samples/Sec: 19.78
[[34m2025-06-21 21:17:52[0m] (step=0044000) Train Loss: 0.1095, Train Steps/Sec: 1.65, Samples/Sec: 19.77
[[34m2025-06-21 21:18:08[0m] Saved checkpoint to logs/nwm_cdit_wuhan_union/checkpoints/latest.pth.tar
[[34m2025-06-21 21:19:07[0m] (step=0044100) Train Loss: 0.1148, Train Steps/Sec: 1.33, Samples/Sec: 15.98
[[34m2025-06-21 21:20:06[0m] (step=0044200) Train Loss: 0.1134, Train Steps/Sec: 1.70, Samples/Sec: 20.42
[[34m2025-06-21 21:21:05[0m] (step=0044300) Train Loss: 0.1178, Train Steps/Sec: 1.70, Samples/Sec: 20.45
[[34m2025-06-21 21:22:04[0m] (step=0044400) Train Loss: 0.1129, Train Steps/Sec: 1.69, Samples/Sec: 20.23
[[34m2025-06-21 21:23:03[0m] (step=0044500) Train Loss: 0.1185, Train Steps/Sec: 1.69, Samples/Sec: 20.22
[[34m2025-06-21 21:24:02[0m] (step=0044600) Train Loss: 0.1123, Train Steps/Sec: 1.71, Samples/Sec: 20.54
[[34m2025-06-21 21:25:01[0m] (step=0044700) Train Loss: 0.1229, Train Steps/Sec: 1.69, Samples/Sec: 20.29
[[34m2025-06-21 21:26:00[0m] (step=0044800) Train Loss: 0.1144, Train Steps/Sec: 1.70, Samples/Sec: 20.45
[[34m2025-06-21 21:26:59[0m] (step=0044900) Train Loss: 0.1151, Train Steps/Sec: 1.68, Samples/Sec: 20.12
[[34m2025-06-21 21:27:58[0m] (step=0045000) Train Loss: 0.1199, Train Steps/Sec: 1.71, Samples/Sec: 20.50
[[34m2025-06-21 21:28:57[0m] (step=0045100) Train Loss: 0.1225, Train Steps/Sec: 1.68, Samples/Sec: 20.14
[[34m2025-06-21 21:29:56[0m] (step=0045200) Train Loss: 0.1123, Train Steps/Sec: 1.70, Samples/Sec: 20.36
[[34m2025-06-21 21:30:56[0m] (step=0045300) Train Loss: 0.1197, Train Steps/Sec: 1.66, Samples/Sec: 19.95
[[34m2025-06-21 21:31:56[0m] (step=0045400) Train Loss: 0.1143, Train Steps/Sec: 1.69, Samples/Sec: 20.30
[[34m2025-06-21 21:32:55[0m] (step=0045500) Train Loss: 0.1102, Train Steps/Sec: 1.69, Samples/Sec: 20.23
[[34m2025-06-21 21:33:54[0m] (step=0045600) Train Loss: 0.1082, Train Steps/Sec: 1.69, Samples/Sec: 20.26
[[34m2025-06-21 21:34:53[0m] (step=0045700) Train Loss: 0.1168, Train Steps/Sec: 1.71, Samples/Sec: 20.48
[[34m2025-06-21 21:35:52[0m] (step=0045800) Train Loss: 0.1188, Train Steps/Sec: 1.69, Samples/Sec: 20.25
[[34m2025-06-21 21:36:52[0m] (step=0045900) Train Loss: 0.1145, Train Steps/Sec: 1.68, Samples/Sec: 20.10
[[34m2025-06-21 21:37:51[0m] (step=0046000) Train Loss: 0.1162, Train Steps/Sec: 1.68, Samples/Sec: 20.11
[[34m2025-06-21 21:38:07[0m] Saved checkpoint to logs/nwm_cdit_wuhan_union/checkpoints/latest.pth.tar
[[34m2025-06-21 21:39:08[0m] (step=0046100) Train Loss: 0.1140, Train Steps/Sec: 1.31, Samples/Sec: 15.71
[[34m2025-06-21 21:40:07[0m] (step=0046200) Train Loss: 0.1097, Train Steps/Sec: 1.68, Samples/Sec: 20.20
[[34m2025-06-21 21:41:06[0m] (step=0046300) Train Loss: 0.1105, Train Steps/Sec: 1.69, Samples/Sec: 20.29
[[34m2025-06-21 21:42:05[0m] (step=0046400) Train Loss: 0.1040, Train Steps/Sec: 1.69, Samples/Sec: 20.31
[[34m2025-06-21 21:43:05[0m] (step=0046500) Train Loss: 0.1255, Train Steps/Sec: 1.69, Samples/Sec: 20.22
[[34m2025-06-21 21:44:04[0m] (step=0046600) Train Loss: 0.1019, Train Steps/Sec: 1.68, Samples/Sec: 20.21
[[34m2025-06-21 21:45:03[0m] (step=0046700) Train Loss: 0.1089, Train Steps/Sec: 1.70, Samples/Sec: 20.43
[[34m2025-06-21 21:46:02[0m] (step=0046800) Train Loss: 0.1171, Train Steps/Sec: 1.70, Samples/Sec: 20.37
[[34m2025-06-21 21:47:02[0m] (step=0046900) Train Loss: 0.1125, Train Steps/Sec: 1.67, Samples/Sec: 20.06
[[34m2025-06-21 21:48:01[0m] (step=0047000) Train Loss: 0.1197, Train Steps/Sec: 1.69, Samples/Sec: 20.30
[[34m2025-06-21 21:49:00[0m] (step=0047100) Train Loss: 0.1098, Train Steps/Sec: 1.70, Samples/Sec: 20.37
[[34m2025-06-21 21:49:59[0m] (step=0047200) Train Loss: 0.1232, Train Steps/Sec: 1.69, Samples/Sec: 20.31
[[34m2025-06-21 21:50:58[0m] (step=0047300) Train Loss: 0.1182, Train Steps/Sec: 1.67, Samples/Sec: 20.09
[[34m2025-06-21 21:51:58[0m] (step=0047400) Train Loss: 0.1162, Train Steps/Sec: 1.66, Samples/Sec: 19.98
[[34m2025-06-21 21:52:59[0m] (step=0047500) Train Loss: 0.1122, Train Steps/Sec: 1.66, Samples/Sec: 19.89
[[34m2025-06-21 21:54:04[0m] (step=0047600) Train Loss: 0.1147, Train Steps/Sec: 1.54, Samples/Sec: 18.43
[[34m2025-06-21 21:55:10[0m] (step=0047700) Train Loss: 0.1084, Train Steps/Sec: 1.52, Samples/Sec: 18.21
[[34m2025-06-21 21:56:16[0m] (step=0047800) Train Loss: 0.1112, Train Steps/Sec: 1.52, Samples/Sec: 18.18
[[34m2025-06-21 21:57:22[0m] (step=0047900) Train Loss: 0.1207, Train Steps/Sec: 1.51, Samples/Sec: 18.12
[[34m2025-06-21 21:58:28[0m] (step=0048000) Train Loss: 0.1118, Train Steps/Sec: 1.52, Samples/Sec: 18.21
[[34m2025-06-21 21:58:44[0m] Saved checkpoint to logs/nwm_cdit_wuhan_union/checkpoints/latest.pth.tar
[[34m2025-06-21 21:59:49[0m] (step=0048100) Train Loss: 0.1178, Train Steps/Sec: 1.24, Samples/Sec: 14.89
[[34m2025-06-21 22:00:47[0m] (step=0048200) Train Loss: 0.1153, Train Steps/Sec: 1.70, Samples/Sec: 20.41
[[34m2025-06-21 22:01:48[0m] (step=0048300) Train Loss: 0.1053, Train Steps/Sec: 1.66, Samples/Sec: 19.86
[[34m2025-06-21 22:02:48[0m] (step=0048400) Train Loss: 0.1133, Train Steps/Sec: 1.65, Samples/Sec: 19.80
[[34m2025-06-21 22:03:33[0m] Beginning epoch 4...
[[34m2025-06-21 22:03:51[0m] (step=0048500) Train Loss: 0.1175, Train Steps/Sec: 1.60, Samples/Sec: 19.16
[[34m2025-06-21 22:04:56[0m] (step=0048600) Train Loss: 0.1188, Train Steps/Sec: 1.55, Samples/Sec: 18.59
[[34m2025-06-21 22:06:02[0m] (step=0048700) Train Loss: 0.1161, Train Steps/Sec: 1.50, Samples/Sec: 18.01
[[34m2025-06-21 22:07:07[0m] (step=0048800) Train Loss: 0.1208, Train Steps/Sec: 1.53, Samples/Sec: 18.39
[[34m2025-06-21 22:08:14[0m] (step=0048900) Train Loss: 0.1204, Train Steps/Sec: 1.50, Samples/Sec: 17.95
[[34m2025-06-21 22:09:22[0m] (step=0049000) Train Loss: 0.1239, Train Steps/Sec: 1.48, Samples/Sec: 17.75
[[34m2025-06-21 22:10:28[0m] (step=0049100) Train Loss: 0.1124, Train Steps/Sec: 1.52, Samples/Sec: 18.27
[[34m2025-06-21 22:11:30[0m] (step=0049200) Train Loss: 0.1148, Train Steps/Sec: 1.61, Samples/Sec: 19.26
[[34m2025-06-21 22:12:29[0m] (step=0049300) Train Loss: 0.1152, Train Steps/Sec: 1.70, Samples/Sec: 20.38
[[34m2025-06-21 22:13:27[0m] (step=0049400) Train Loss: 0.1210, Train Steps/Sec: 1.71, Samples/Sec: 20.47
[[34m2025-06-21 22:14:31[0m] (step=0049500) Train Loss: 0.1139, Train Steps/Sec: 1.58, Samples/Sec: 18.97
[[34m2025-06-21 22:15:37[0m] (step=0049600) Train Loss: 0.1046, Train Steps/Sec: 1.50, Samples/Sec: 18.02
[[34m2025-06-21 22:16:43[0m] (step=0049700) Train Loss: 0.1089, Train Steps/Sec: 1.52, Samples/Sec: 18.29
[[34m2025-06-21 22:17:49[0m] (step=0049800) Train Loss: 0.1161, Train Steps/Sec: 1.52, Samples/Sec: 18.26
[[34m2025-06-21 22:18:54[0m] (step=0049900) Train Loss: 0.1158, Train Steps/Sec: 1.54, Samples/Sec: 18.45
[[34m2025-06-21 22:20:00[0m] (step=0050000) Train Loss: 0.1141, Train Steps/Sec: 1.51, Samples/Sec: 18.14
[[34m2025-06-21 22:20:23[0m] Saved checkpoint to logs/nwm_cdit_wuhan_union/checkpoints/latest.pth.tar
Using cache found in ./models/facebookresearch_dino_main
[[34m2025-06-21 22:20:25[0m] Already found a `peft_config` attribute in the model. This will lead to having multiple adapters in the model. Make sure to know what you are doing!
[[34m2025-06-21 22:22:48[0m] (step=0050000) Perceptual Loss: 0.2680, Eval Time: 145.63
[[34m2025-06-21 22:23:55[0m] (step=0050100) Train Loss: 0.1043, Train Steps/Sec: 0.43, Samples/Sec: 5.10
[[34m2025-06-21 22:25:00[0m] (step=0050200) Train Loss: 0.1161, Train Steps/Sec: 1.53, Samples/Sec: 18.40
[[34m2025-06-21 22:26:07[0m] (step=0050300) Train Loss: 0.1118, Train Steps/Sec: 1.50, Samples/Sec: 18.03
[[34m2025-06-21 22:27:14[0m] (step=0050400) Train Loss: 0.1093, Train Steps/Sec: 1.49, Samples/Sec: 17.84
[[34m2025-06-21 22:28:20[0m] (step=0050500) Train Loss: 0.1187, Train Steps/Sec: 1.52, Samples/Sec: 18.28
[[34m2025-06-21 22:29:25[0m] (step=0050600) Train Loss: 0.1124, Train Steps/Sec: 1.54, Samples/Sec: 18.50
[[34m2025-06-21 22:30:24[0m] (step=0050700) Train Loss: 0.1209, Train Steps/Sec: 1.67, Samples/Sec: 20.02
[[34m2025-06-21 22:31:25[0m] (step=0050800) Train Loss: 0.1125, Train Steps/Sec: 1.66, Samples/Sec: 19.94
[[34m2025-06-21 22:32:29[0m] (step=0050900) Train Loss: 0.1162, Train Steps/Sec: 1.54, Samples/Sec: 18.53
[[34m2025-06-21 22:33:38[0m] (step=0051000) Train Loss: 0.1235, Train Steps/Sec: 1.45, Samples/Sec: 17.44
[[34m2025-06-21 22:34:44[0m] (step=0051100) Train Loss: 0.1105, Train Steps/Sec: 1.51, Samples/Sec: 18.13
[[34m2025-06-21 22:35:50[0m] (step=0051200) Train Loss: 0.1261, Train Steps/Sec: 1.53, Samples/Sec: 18.40
[[34m2025-06-21 22:36:56[0m] (step=0051300) Train Loss: 0.1049, Train Steps/Sec: 1.50, Samples/Sec: 18.01
[[34m2025-06-21 22:38:02[0m] (step=0051400) Train Loss: 0.1116, Train Steps/Sec: 1.53, Samples/Sec: 18.37
[[34m2025-06-21 22:39:04[0m] (step=0051500) Train Loss: 0.1138, Train Steps/Sec: 1.60, Samples/Sec: 19.25
[[34m2025-06-21 22:40:04[0m] (step=0051600) Train Loss: 0.1049, Train Steps/Sec: 1.67, Samples/Sec: 20.07
[[34m2025-06-21 22:41:04[0m] (step=0051700) Train Loss: 0.1067, Train Steps/Sec: 1.66, Samples/Sec: 19.91
[[34m2025-06-21 22:42:08[0m] (step=0051800) Train Loss: 0.1114, Train Steps/Sec: 1.56, Samples/Sec: 18.69
[[34m2025-06-21 22:43:13[0m] (step=0051900) Train Loss: 0.1174, Train Steps/Sec: 1.54, Samples/Sec: 18.51
[[34m2025-06-21 22:44:19[0m] (step=0052000) Train Loss: 0.1128, Train Steps/Sec: 1.52, Samples/Sec: 18.28
[[34m2025-06-21 22:44:35[0m] Saved checkpoint to logs/nwm_cdit_wuhan_union/checkpoints/latest.pth.tar
[[34m2025-06-21 22:45:41[0m] (step=0052100) Train Loss: 0.1126, Train Steps/Sec: 1.22, Samples/Sec: 14.64
[[34m2025-06-21 22:46:47[0m] (step=0052200) Train Loss: 0.1235, Train Steps/Sec: 1.51, Samples/Sec: 18.10
[[34m2025-06-21 22:47:53[0m] (step=0052300) Train Loss: 0.1095, Train Steps/Sec: 1.52, Samples/Sec: 18.21
[[34m2025-06-21 22:48:52[0m] (step=0052400) Train Loss: 0.1046, Train Steps/Sec: 1.69, Samples/Sec: 20.31
[[34m2025-06-21 22:49:51[0m] (step=0052500) Train Loss: 0.1145, Train Steps/Sec: 1.68, Samples/Sec: 20.21
[[34m2025-06-21 22:50:51[0m] (step=0052600) Train Loss: 0.1149, Train Steps/Sec: 1.68, Samples/Sec: 20.15
[[34m2025-06-21 22:51:58[0m] (step=0052700) Train Loss: 0.1088, Train Steps/Sec: 1.49, Samples/Sec: 17.83
[[34m2025-06-21 22:53:04[0m] (step=0052800) Train Loss: 0.1029, Train Steps/Sec: 1.52, Samples/Sec: 18.25
[[34m2025-06-21 22:54:10[0m] (step=0052900) Train Loss: 0.1130, Train Steps/Sec: 1.51, Samples/Sec: 18.12
[[34m2025-06-21 22:55:15[0m] (step=0053000) Train Loss: 0.1160, Train Steps/Sec: 1.53, Samples/Sec: 18.42
[[34m2025-06-21 22:56:21[0m] (step=0053100) Train Loss: 0.1144, Train Steps/Sec: 1.51, Samples/Sec: 18.14
[[34m2025-06-21 22:57:28[0m] (step=0053200) Train Loss: 0.1196, Train Steps/Sec: 1.51, Samples/Sec: 18.06
[[34m2025-06-21 22:58:27[0m] (step=0053300) Train Loss: 0.1098, Train Steps/Sec: 1.68, Samples/Sec: 20.16
[[34m2025-06-21 22:59:29[0m] (step=0053400) Train Loss: 0.1095, Train Steps/Sec: 1.63, Samples/Sec: 19.51
[[34m2025-06-21 23:00:29[0m] (step=0053500) Train Loss: 0.1100, Train Steps/Sec: 1.66, Samples/Sec: 19.96
[[34m2025-06-21 23:01:36[0m] (step=0053600) Train Loss: 0.1057, Train Steps/Sec: 1.49, Samples/Sec: 17.89
[[34m2025-06-21 23:02:43[0m] (step=0053700) Train Loss: 0.1083, Train Steps/Sec: 1.49, Samples/Sec: 17.89
[[34m2025-06-21 23:03:51[0m] (step=0053800) Train Loss: 0.1222, Train Steps/Sec: 1.48, Samples/Sec: 17.72
[[34m2025-06-21 23:04:57[0m] (step=0053900) Train Loss: 0.1128, Train Steps/Sec: 1.52, Samples/Sec: 18.24
[[34m2025-06-21 23:06:04[0m] (step=0054000) Train Loss: 0.1079, Train Steps/Sec: 1.48, Samples/Sec: 17.77
[[34m2025-06-21 23:06:20[0m] Saved checkpoint to logs/nwm_cdit_wuhan_union/checkpoints/latest.pth.tar
[[34m2025-06-21 23:07:22[0m] (step=0054100) Train Loss: 0.1009, Train Steps/Sec: 1.29, Samples/Sec: 15.48
[[34m2025-06-21 23:08:22[0m] (step=0054200) Train Loss: 0.1154, Train Steps/Sec: 1.65, Samples/Sec: 19.81
[[34m2025-06-21 23:09:21[0m] (step=0054300) Train Loss: 0.1124, Train Steps/Sec: 1.69, Samples/Sec: 20.29
[[34m2025-06-21 23:10:26[0m] (step=0054400) Train Loss: 0.1091, Train Steps/Sec: 1.54, Samples/Sec: 18.53
[[34m2025-06-21 23:11:32[0m] (step=0054500) Train Loss: 0.0996, Train Steps/Sec: 1.52, Samples/Sec: 18.28
[[34m2025-06-21 23:12:40[0m] (step=0054600) Train Loss: 0.1008, Train Steps/Sec: 1.46, Samples/Sec: 17.57
[[34m2025-06-21 23:13:48[0m] (step=0054700) Train Loss: 0.1152, Train Steps/Sec: 1.48, Samples/Sec: 17.78
[[34m2025-06-21 23:14:55[0m] (step=0054800) Train Loss: 0.1068, Train Steps/Sec: 1.49, Samples/Sec: 17.90
[[34m2025-06-21 23:16:03[0m] (step=0054900) Train Loss: 0.1130, Train Steps/Sec: 1.47, Samples/Sec: 17.60
[[34m2025-06-21 23:17:08[0m] (step=0055000) Train Loss: 0.1085, Train Steps/Sec: 1.54, Samples/Sec: 18.49
[[34m2025-06-21 23:18:09[0m] (step=0055100) Train Loss: 0.1090, Train Steps/Sec: 1.64, Samples/Sec: 19.63
[[34m2025-06-21 23:19:09[0m] (step=0055200) Train Loss: 0.1119, Train Steps/Sec: 1.66, Samples/Sec: 19.91
[[34m2025-06-21 23:20:14[0m] (step=0055300) Train Loss: 0.1094, Train Steps/Sec: 1.54, Samples/Sec: 18.52
[[34m2025-06-21 23:21:22[0m] (step=0055400) Train Loss: 0.1166, Train Steps/Sec: 1.47, Samples/Sec: 17.64
[[34m2025-06-21 23:22:30[0m] (step=0055500) Train Loss: 0.1102, Train Steps/Sec: 1.47, Samples/Sec: 17.59
[[34m2025-06-21 23:23:41[0m] (step=0055600) Train Loss: 0.1146, Train Steps/Sec: 1.42, Samples/Sec: 17.00
[[34m2025-06-21 23:24:49[0m] (step=0055700) Train Loss: 0.1118, Train Steps/Sec: 1.48, Samples/Sec: 17.71
[[34m2025-06-21 23:25:57[0m] (step=0055800) Train Loss: 0.1186, Train Steps/Sec: 1.46, Samples/Sec: 17.55
[[34m2025-06-21 23:27:02[0m] (step=0055900) Train Loss: 0.1101, Train Steps/Sec: 1.53, Samples/Sec: 18.31
[[34m2025-06-21 23:28:02[0m] (step=0056000) Train Loss: 0.1181, Train Steps/Sec: 1.69, Samples/Sec: 20.27
[[34m2025-06-21 23:28:18[0m] Saved checkpoint to logs/nwm_cdit_wuhan_union/checkpoints/latest.pth.tar
[[34m2025-06-21 23:29:18[0m] (step=0056100) Train Loss: 0.1006, Train Steps/Sec: 1.31, Samples/Sec: 15.73
[[34m2025-06-21 23:30:18[0m] (step=0056200) Train Loss: 0.1127, Train Steps/Sec: 1.66, Samples/Sec: 19.91
[[34m2025-06-21 23:31:18[0m] (step=0056300) Train Loss: 0.1111, Train Steps/Sec: 1.66, Samples/Sec: 19.96
[[34m2025-06-21 23:32:18[0m] (step=0056400) Train Loss: 0.1144, Train Steps/Sec: 1.67, Samples/Sec: 20.01
[[34m2025-06-21 23:33:20[0m] (step=0056500) Train Loss: 0.1191, Train Steps/Sec: 1.62, Samples/Sec: 19.43
[[34m2025-06-21 23:34:20[0m] (step=0056600) Train Loss: 0.1021, Train Steps/Sec: 1.67, Samples/Sec: 19.99
[[34m2025-06-21 23:35:19[0m] (step=0056700) Train Loss: 0.1207, Train Steps/Sec: 1.69, Samples/Sec: 20.24
[[34m2025-06-21 23:36:20[0m] (step=0056800) Train Loss: 0.1147, Train Steps/Sec: 1.66, Samples/Sec: 19.95
[[34m2025-06-21 23:37:21[0m] (step=0056900) Train Loss: 0.1144, Train Steps/Sec: 1.63, Samples/Sec: 19.57
[[34m2025-06-21 23:38:21[0m] (step=0057000) Train Loss: 0.1048, Train Steps/Sec: 1.65, Samples/Sec: 19.85
[[34m2025-06-21 23:39:22[0m] (step=0057100) Train Loss: 0.1157, Train Steps/Sec: 1.64, Samples/Sec: 19.65
[[34m2025-06-21 23:40:24[0m] (step=0057200) Train Loss: 0.1069, Train Steps/Sec: 1.63, Samples/Sec: 19.53
[[34m2025-06-21 23:41:25[0m] (step=0057300) Train Loss: 0.1091, Train Steps/Sec: 1.64, Samples/Sec: 19.73
[[34m2025-06-21 23:42:25[0m] (step=0057400) Train Loss: 0.1142, Train Steps/Sec: 1.65, Samples/Sec: 19.86
[[34m2025-06-21 23:43:24[0m] (step=0057500) Train Loss: 0.1096, Train Steps/Sec: 1.70, Samples/Sec: 20.43
[[34m2025-06-21 23:44:24[0m] (step=0057600) Train Loss: 0.1090, Train Steps/Sec: 1.66, Samples/Sec: 19.91
[[34m2025-06-21 23:45:24[0m] (step=0057700) Train Loss: 0.1034, Train Steps/Sec: 1.67, Samples/Sec: 20.00
[[34m2025-06-21 23:46:26[0m] (step=0057800) Train Loss: 0.1132, Train Steps/Sec: 1.62, Samples/Sec: 19.48
[[34m2025-06-21 23:47:26[0m] (step=0057900) Train Loss: 0.1039, Train Steps/Sec: 1.66, Samples/Sec: 19.97
[[34m2025-06-21 23:48:27[0m] (step=0058000) Train Loss: 0.1095, Train Steps/Sec: 1.65, Samples/Sec: 19.75
[[34m2025-06-21 23:48:44[0m] Saved checkpoint to logs/nwm_cdit_wuhan_union/checkpoints/latest.pth.tar
[[34m2025-06-21 23:49:45[0m] (step=0058100) Train Loss: 0.1068, Train Steps/Sec: 1.28, Samples/Sec: 15.35
[[34m2025-06-21 23:50:45[0m] (step=0058200) Train Loss: 0.1075, Train Steps/Sec: 1.65, Samples/Sec: 19.82
[[34m2025-06-21 23:51:48[0m] (step=0058300) Train Loss: 0.1102, Train Steps/Sec: 1.60, Samples/Sec: 19.21
[[34m2025-06-21 23:52:48[0m] (step=0058400) Train Loss: 0.1059, Train Steps/Sec: 1.65, Samples/Sec: 19.81
[[34m2025-06-21 23:53:50[0m] (step=0058500) Train Loss: 0.1039, Train Steps/Sec: 1.63, Samples/Sec: 19.59
[[34m2025-06-21 23:54:51[0m] (step=0058600) Train Loss: 0.1138, Train Steps/Sec: 1.63, Samples/Sec: 19.53
[[34m2025-06-21 23:55:51[0m] (step=0058700) Train Loss: 0.1229, Train Steps/Sec: 1.65, Samples/Sec: 19.85
[[34m2025-06-21 23:56:53[0m] (step=0058800) Train Loss: 0.0994, Train Steps/Sec: 1.63, Samples/Sec: 19.54
[[34m2025-06-21 23:57:55[0m] (step=0058900) Train Loss: 0.1148, Train Steps/Sec: 1.61, Samples/Sec: 19.35
[[34m2025-06-21 23:58:56[0m] (step=0059000) Train Loss: 0.1170, Train Steps/Sec: 1.65, Samples/Sec: 19.77
[[34m2025-06-21 23:59:57[0m] (step=0059100) Train Loss: 0.1065, Train Steps/Sec: 1.63, Samples/Sec: 19.52
[[34m2025-06-22 00:00:58[0m] (step=0059200) Train Loss: 0.1096, Train Steps/Sec: 1.64, Samples/Sec: 19.63
[[34m2025-06-22 00:01:59[0m] (step=0059300) Train Loss: 0.1094, Train Steps/Sec: 1.65, Samples/Sec: 19.86
[[34m2025-06-22 00:02:58[0m] (step=0059400) Train Loss: 0.1170, Train Steps/Sec: 1.67, Samples/Sec: 20.09
[[34m2025-06-22 00:04:00[0m] (step=0059500) Train Loss: 0.1094, Train Steps/Sec: 1.63, Samples/Sec: 19.54
[[34m2025-06-22 00:05:01[0m] (step=0059600) Train Loss: 0.1298, Train Steps/Sec: 1.62, Samples/Sec: 19.46
[[34m2025-06-22 00:06:02[0m] (step=0059700) Train Loss: 0.1138, Train Steps/Sec: 1.65, Samples/Sec: 19.80
[[34m2025-06-22 00:07:02[0m] (step=0059800) Train Loss: 0.1079, Train Steps/Sec: 1.66, Samples/Sec: 19.96
[[34m2025-06-22 00:08:03[0m] (step=0059900) Train Loss: 0.1129, Train Steps/Sec: 1.65, Samples/Sec: 19.74
[[34m2025-06-22 00:09:04[0m] (step=0060000) Train Loss: 0.1124, Train Steps/Sec: 1.64, Samples/Sec: 19.72
[[34m2025-06-22 00:09:37[0m] Saved checkpoint to logs/nwm_cdit_wuhan_union/checkpoints/0060000.pth.tar
Using cache found in ./models/facebookresearch_dino_main
[[34m2025-06-22 00:09:42[0m] Already found a `peft_config` attribute in the model. This will lead to having multiple adapters in the model. Make sure to know what you are doing!
[[34m2025-06-22 00:12:07[0m] (step=0060000) Perceptual Loss: 0.2720, Eval Time: 149.94
[[34m2025-06-22 00:13:07[0m] (step=0060100) Train Loss: 0.1085, Train Steps/Sec: 0.41, Samples/Sec: 4.93
[[34m2025-06-22 00:14:08[0m] (step=0060200) Train Loss: 0.1149, Train Steps/Sec: 1.66, Samples/Sec: 19.89
[[34m2025-06-22 00:15:08[0m] (step=0060300) Train Loss: 0.1132, Train Steps/Sec: 1.65, Samples/Sec: 19.80
[[34m2025-06-22 00:16:12[0m] (step=0060400) Train Loss: 0.1106, Train Steps/Sec: 1.57, Samples/Sec: 18.85
[[34m2025-06-22 00:17:15[0m] (step=0060500) Train Loss: 0.1117, Train Steps/Sec: 1.58, Samples/Sec: 19.00
[[34m2025-06-22 00:18:12[0m] Beginning epoch 5...
[[34m2025-06-22 00:18:19[0m] (step=0060600) Train Loss: 0.1164, Train Steps/Sec: 1.56, Samples/Sec: 18.75
[[34m2025-06-22 00:19:20[0m] (step=0060700) Train Loss: 0.1124, Train Steps/Sec: 1.63, Samples/Sec: 19.62
[[34m2025-06-22 00:20:22[0m] (step=0060800) Train Loss: 0.0984, Train Steps/Sec: 1.62, Samples/Sec: 19.49
[[34m2025-06-22 00:21:24[0m] (step=0060900) Train Loss: 0.1098, Train Steps/Sec: 1.60, Samples/Sec: 19.22
[[34m2025-06-22 00:22:27[0m] (step=0061000) Train Loss: 0.1103, Train Steps/Sec: 1.60, Samples/Sec: 19.14
[[34m2025-06-22 00:23:29[0m] (step=0061100) Train Loss: 0.1082, Train Steps/Sec: 1.60, Samples/Sec: 19.25
[[34m2025-06-22 00:24:32[0m] (step=0061200) Train Loss: 0.1057, Train Steps/Sec: 1.61, Samples/Sec: 19.27
[[34m2025-06-22 00:25:34[0m] (step=0061300) Train Loss: 0.0889, Train Steps/Sec: 1.61, Samples/Sec: 19.38
[[34m2025-06-22 00:26:35[0m] (step=0061400) Train Loss: 0.0996, Train Steps/Sec: 1.63, Samples/Sec: 19.55
[[34m2025-06-22 00:27:36[0m] (step=0061500) Train Loss: 0.1060, Train Steps/Sec: 1.63, Samples/Sec: 19.59
[[34m2025-06-22 00:28:37[0m] (step=0061600) Train Loss: 0.1087, Train Steps/Sec: 1.65, Samples/Sec: 19.75
[[34m2025-06-22 00:29:39[0m] (step=0061700) Train Loss: 0.1116, Train Steps/Sec: 1.63, Samples/Sec: 19.54
[[34m2025-06-22 00:30:40[0m] (step=0061800) Train Loss: 0.1104, Train Steps/Sec: 1.61, Samples/Sec: 19.38
[[34m2025-06-22 00:31:42[0m] (step=0061900) Train Loss: 0.1011, Train Steps/Sec: 1.62, Samples/Sec: 19.43
[[34m2025-06-22 00:32:43[0m] (step=0062000) Train Loss: 0.1233, Train Steps/Sec: 1.63, Samples/Sec: 19.57
[[34m2025-06-22 00:33:05[0m] Saved checkpoint to logs/nwm_cdit_wuhan_union/checkpoints/latest.pth.tar
[[34m2025-06-22 00:34:08[0m] (step=0062100) Train Loss: 0.1147, Train Steps/Sec: 1.19, Samples/Sec: 14.28
[[34m2025-06-22 00:35:09[0m] (step=0062200) Train Loss: 0.1050, Train Steps/Sec: 1.63, Samples/Sec: 19.59
[[34m2025-06-22 00:36:10[0m] (step=0062300) Train Loss: 0.1024, Train Steps/Sec: 1.62, Samples/Sec: 19.50
[[34m2025-06-22 00:37:12[0m] (step=0062400) Train Loss: 0.1113, Train Steps/Sec: 1.63, Samples/Sec: 19.56
[[34m2025-06-22 00:38:14[0m] (step=0062500) Train Loss: 0.1025, Train Steps/Sec: 1.61, Samples/Sec: 19.32
[[34m2025-06-22 00:39:16[0m] (step=0062600) Train Loss: 0.1181, Train Steps/Sec: 1.62, Samples/Sec: 19.46
[[34m2025-06-22 00:40:17[0m] (step=0062700) Train Loss: 0.1133, Train Steps/Sec: 1.62, Samples/Sec: 19.47
[[34m2025-06-22 00:41:20[0m] (step=0062800) Train Loss: 0.1080, Train Steps/Sec: 1.60, Samples/Sec: 19.16
[[34m2025-06-22 00:42:22[0m] (step=0062900) Train Loss: 0.1151, Train Steps/Sec: 1.61, Samples/Sec: 19.33
[[34m2025-06-22 00:43:24[0m] (step=0063000) Train Loss: 0.1072, Train Steps/Sec: 1.62, Samples/Sec: 19.42
[[34m2025-06-22 00:44:25[0m] (step=0063100) Train Loss: 0.1126, Train Steps/Sec: 1.64, Samples/Sec: 19.69
[[34m2025-06-22 00:45:26[0m] (step=0063200) Train Loss: 0.1104, Train Steps/Sec: 1.63, Samples/Sec: 19.59
[[34m2025-06-22 00:46:27[0m] (step=0063300) Train Loss: 0.1098, Train Steps/Sec: 1.64, Samples/Sec: 19.68
[[34m2025-06-22 00:47:29[0m] (step=0063400) Train Loss: 0.1163, Train Steps/Sec: 1.61, Samples/Sec: 19.32
[[34m2025-06-22 00:48:30[0m] (step=0063500) Train Loss: 0.1066, Train Steps/Sec: 1.64, Samples/Sec: 19.66
[[34m2025-06-22 00:49:31[0m] (step=0063600) Train Loss: 0.1039, Train Steps/Sec: 1.64, Samples/Sec: 19.62
[[34m2025-06-22 00:50:32[0m] (step=0063700) Train Loss: 0.1102, Train Steps/Sec: 1.64, Samples/Sec: 19.68
[[34m2025-06-22 00:51:33[0m] (step=0063800) Train Loss: 0.1201, Train Steps/Sec: 1.64, Samples/Sec: 19.70
[[34m2025-06-22 00:52:33[0m] (step=0063900) Train Loss: 0.1030, Train Steps/Sec: 1.66, Samples/Sec: 19.92
[[34m2025-06-22 00:53:34[0m] (step=0064000) Train Loss: 0.1097, Train Steps/Sec: 1.66, Samples/Sec: 19.87
[[34m2025-06-22 00:53:52[0m] Saved checkpoint to logs/nwm_cdit_wuhan_union/checkpoints/latest.pth.tar
[[34m2025-06-22 00:54:52[0m] (step=0064100) Train Loss: 0.1143, Train Steps/Sec: 1.28, Samples/Sec: 15.30
[[34m2025-06-22 00:55:53[0m] (step=0064200) Train Loss: 0.1071, Train Steps/Sec: 1.64, Samples/Sec: 19.71
[[34m2025-06-22 00:56:54[0m] (step=0064300) Train Loss: 0.1053, Train Steps/Sec: 1.63, Samples/Sec: 19.53
[[34m2025-06-22 00:57:55[0m] (step=0064400) Train Loss: 0.1066, Train Steps/Sec: 1.64, Samples/Sec: 19.69
[[34m2025-06-22 00:58:57[0m] (step=0064500) Train Loss: 0.1009, Train Steps/Sec: 1.63, Samples/Sec: 19.54
[[34m2025-06-22 00:59:57[0m] (step=0064600) Train Loss: 0.1071, Train Steps/Sec: 1.66, Samples/Sec: 19.86
[[34m2025-06-22 01:00:59[0m] (step=0064700) Train Loss: 0.1069, Train Steps/Sec: 1.62, Samples/Sec: 19.45
[[34m2025-06-22 01:01:59[0m] (step=0064800) Train Loss: 0.1070, Train Steps/Sec: 1.66, Samples/Sec: 19.93
[[34m2025-06-22 01:03:01[0m] (step=0064900) Train Loss: 0.1028, Train Steps/Sec: 1.63, Samples/Sec: 19.50
[[34m2025-06-22 01:04:02[0m] (step=0065000) Train Loss: 0.1000, Train Steps/Sec: 1.64, Samples/Sec: 19.70
[[34m2025-06-22 01:05:05[0m] (step=0065100) Train Loss: 0.1056, Train Steps/Sec: 1.57, Samples/Sec: 18.86
[[34m2025-06-22 01:06:07[0m] (step=0065200) Train Loss: 0.1192, Train Steps/Sec: 1.61, Samples/Sec: 19.30
[[34m2025-06-22 01:07:10[0m] (step=0065300) Train Loss: 0.1117, Train Steps/Sec: 1.61, Samples/Sec: 19.32
[[34m2025-06-22 01:08:11[0m] (step=0065400) Train Loss: 0.1089, Train Steps/Sec: 1.62, Samples/Sec: 19.38
[[34m2025-06-22 01:09:13[0m] (step=0065500) Train Loss: 0.1118, Train Steps/Sec: 1.63, Samples/Sec: 19.61
[[34m2025-06-22 01:10:15[0m] (step=0065600) Train Loss: 0.1112, Train Steps/Sec: 1.61, Samples/Sec: 19.29
[[34m2025-06-22 01:11:17[0m] (step=0065700) Train Loss: 0.1062, Train Steps/Sec: 1.60, Samples/Sec: 19.17
[[34m2025-06-22 01:12:20[0m] (step=0065800) Train Loss: 0.1049, Train Steps/Sec: 1.61, Samples/Sec: 19.27
[[34m2025-06-22 01:13:22[0m] (step=0065900) Train Loss: 0.1047, Train Steps/Sec: 1.61, Samples/Sec: 19.36
[[34m2025-06-22 01:14:23[0m] (step=0066000) Train Loss: 0.1056, Train Steps/Sec: 1.62, Samples/Sec: 19.46
[[34m2025-06-22 01:14:43[0m] Saved checkpoint to logs/nwm_cdit_wuhan_union/checkpoints/latest.pth.tar
[[34m2025-06-22 01:15:45[0m] (step=0066100) Train Loss: 0.1100, Train Steps/Sec: 1.23, Samples/Sec: 14.77
[[34m2025-06-22 01:16:49[0m] (step=0066200) Train Loss: 0.1084, Train Steps/Sec: 1.56, Samples/Sec: 18.77
[[34m2025-06-22 01:17:51[0m] (step=0066300) Train Loss: 0.1151, Train Steps/Sec: 1.61, Samples/Sec: 19.30
[[34m2025-06-22 01:18:53[0m] (step=0066400) Train Loss: 0.0995, Train Steps/Sec: 1.60, Samples/Sec: 19.21
[[34m2025-06-22 01:19:55[0m] (step=0066500) Train Loss: 0.1050, Train Steps/Sec: 1.61, Samples/Sec: 19.38
[[34m2025-06-22 01:20:58[0m] (step=0066600) Train Loss: 0.1157, Train Steps/Sec: 1.58, Samples/Sec: 18.96
[[34m2025-06-22 01:22:02[0m] (step=0066700) Train Loss: 0.1177, Train Steps/Sec: 1.58, Samples/Sec: 18.90
[[34m2025-06-22 01:23:06[0m] (step=0066800) Train Loss: 0.0974, Train Steps/Sec: 1.56, Samples/Sec: 18.73
[[34m2025-06-22 01:24:11[0m] (step=0066900) Train Loss: 0.1071, Train Steps/Sec: 1.54, Samples/Sec: 18.51
[[34m2025-06-22 01:25:12[0m] (step=0067000) Train Loss: 0.1014, Train Steps/Sec: 1.62, Samples/Sec: 19.48
[[34m2025-06-22 01:26:14[0m] (step=0067100) Train Loss: 0.0929, Train Steps/Sec: 1.62, Samples/Sec: 19.46
[[34m2025-06-22 01:27:17[0m] (step=0067200) Train Loss: 0.0996, Train Steps/Sec: 1.60, Samples/Sec: 19.19
[[34m2025-06-22 01:28:19[0m] (step=0067300) Train Loss: 0.1036, Train Steps/Sec: 1.61, Samples/Sec: 19.35
[[34m2025-06-22 01:29:21[0m] (step=0067400) Train Loss: 0.1047, Train Steps/Sec: 1.60, Samples/Sec: 19.19
[[34m2025-06-22 01:30:23[0m] (step=0067500) Train Loss: 0.0999, Train Steps/Sec: 1.62, Samples/Sec: 19.44
[[34m2025-06-22 01:31:25[0m] (step=0067600) Train Loss: 0.1185, Train Steps/Sec: 1.60, Samples/Sec: 19.15
[[34m2025-06-22 01:32:28[0m] (step=0067700) Train Loss: 0.1082, Train Steps/Sec: 1.59, Samples/Sec: 19.08
[[34m2025-06-22 01:33:31[0m] (step=0067800) Train Loss: 0.1200, Train Steps/Sec: 1.61, Samples/Sec: 19.29
[[34m2025-06-22 01:34:33[0m] (step=0067900) Train Loss: 0.1171, Train Steps/Sec: 1.60, Samples/Sec: 19.24
[[34m2025-06-22 01:35:37[0m] (step=0068000) Train Loss: 0.1039, Train Steps/Sec: 1.55, Samples/Sec: 18.61
[[34m2025-06-22 01:35:55[0m] Saved checkpoint to logs/nwm_cdit_wuhan_union/checkpoints/latest.pth.tar
[[34m2025-06-22 01:36:56[0m] (step=0068100) Train Loss: 0.1090, Train Steps/Sec: 1.27, Samples/Sec: 15.24
[[34m2025-06-22 01:37:57[0m] (step=0068200) Train Loss: 0.1105, Train Steps/Sec: 1.64, Samples/Sec: 19.70
[[34m2025-06-22 01:38:59[0m] (step=0068300) Train Loss: 0.0969, Train Steps/Sec: 1.61, Samples/Sec: 19.33
[[34m2025-06-22 01:40:13[0m] (step=0068400) Train Loss: 0.1075, Train Steps/Sec: 1.35, Samples/Sec: 16.24
[[34m2025-06-22 01:41:16[0m] (step=0068500) Train Loss: 0.1095, Train Steps/Sec: 1.60, Samples/Sec: 19.17
[[34m2025-06-22 01:42:18[0m] (step=0068600) Train Loss: 0.1133, Train Steps/Sec: 1.60, Samples/Sec: 19.16
[[34m2025-06-22 01:43:22[0m] (step=0068700) Train Loss: 0.1144, Train Steps/Sec: 1.57, Samples/Sec: 18.84
[[34m2025-06-22 01:44:41[0m] (step=0068800) Train Loss: 0.1011, Train Steps/Sec: 1.26, Samples/Sec: 15.15
[[34m2025-06-22 01:45:44[0m] (step=0068900) Train Loss: 0.1099, Train Steps/Sec: 1.60, Samples/Sec: 19.16
[[34m2025-06-22 01:46:56[0m] (step=0069000) Train Loss: 0.1065, Train Steps/Sec: 1.39, Samples/Sec: 16.71
[[34m2025-06-22 01:47:58[0m] (step=0069100) Train Loss: 0.1065, Train Steps/Sec: 1.62, Samples/Sec: 19.40
[[34m2025-06-22 01:49:00[0m] (step=0069200) Train Loss: 0.1062, Train Steps/Sec: 1.61, Samples/Sec: 19.30
[[34m2025-06-22 01:50:01[0m] (step=0069300) Train Loss: 0.0981, Train Steps/Sec: 1.62, Samples/Sec: 19.43
[[34m2025-06-22 01:51:05[0m] (step=0069400) Train Loss: 0.1131, Train Steps/Sec: 1.59, Samples/Sec: 19.03
[[34m2025-06-22 01:52:08[0m] (step=0069500) Train Loss: 0.1067, Train Steps/Sec: 1.58, Samples/Sec: 18.97
[[34m2025-06-22 01:53:10[0m] (step=0069600) Train Loss: 0.1016, Train Steps/Sec: 1.61, Samples/Sec: 19.36
[[34m2025-06-22 01:54:11[0m] (step=0069700) Train Loss: 0.1111, Train Steps/Sec: 1.62, Samples/Sec: 19.43
[[34m2025-06-22 01:55:16[0m] (step=0069800) Train Loss: 0.1036, Train Steps/Sec: 1.56, Samples/Sec: 18.68
[[34m2025-06-22 01:56:18[0m] (step=0069900) Train Loss: 0.1127, Train Steps/Sec: 1.60, Samples/Sec: 19.17
[[34m2025-06-22 01:57:22[0m] (step=0070000) Train Loss: 0.0953, Train Steps/Sec: 1.57, Samples/Sec: 18.85
[[34m2025-06-22 01:57:38[0m] Saved checkpoint to logs/nwm_cdit_wuhan_union/checkpoints/latest.pth.tar
Using cache found in ./models/facebookresearch_dino_main
[[34m2025-06-22 01:57:43[0m] Already found a `peft_config` attribute in the model. This will lead to having multiple adapters in the model. Make sure to know what you are doing!
[[34m2025-06-22 02:00:17[0m] (step=0070000) Perceptual Loss: 0.3140, Eval Time: 159.03
[[34m2025-06-22 02:01:19[0m] (step=0070100) Train Loss: 0.1070, Train Steps/Sec: 0.42, Samples/Sec: 5.06
[[34m2025-06-22 02:02:23[0m] (step=0070200) Train Loss: 0.1047, Train Steps/Sec: 1.58, Samples/Sec: 18.99
[[34m2025-06-22 02:03:25[0m] (step=0070300) Train Loss: 0.1026, Train Steps/Sec: 1.60, Samples/Sec: 19.17
[[34m2025-06-22 02:04:28[0m] (step=0070400) Train Loss: 0.0994, Train Steps/Sec: 1.60, Samples/Sec: 19.15
[[34m2025-06-22 02:05:38[0m] (step=0070500) Train Loss: 0.1141, Train Steps/Sec: 1.42, Samples/Sec: 17.09
[[34m2025-06-22 02:06:59[0m] (step=0070600) Train Loss: 0.1111, Train Steps/Sec: 1.24, Samples/Sec: 14.86
[[34m2025-06-22 02:08:32[0m] (step=0070700) Train Loss: 0.0987, Train Steps/Sec: 1.07, Samples/Sec: 12.83
[[34m2025-06-22 02:10:00[0m] (step=0070800) Train Loss: 0.1069, Train Steps/Sec: 1.13, Samples/Sec: 13.62
[[34m2025-06-22 02:11:08[0m] (step=0070900) Train Loss: 0.1075, Train Steps/Sec: 1.47, Samples/Sec: 17.65
[[34m2025-06-22 02:12:12[0m] (step=0071000) Train Loss: 0.1147, Train Steps/Sec: 1.56, Samples/Sec: 18.77
[[34m2025-06-22 02:13:15[0m] (step=0071100) Train Loss: 0.1093, Train Steps/Sec: 1.60, Samples/Sec: 19.15
[[34m2025-06-22 02:14:35[0m] (step=0071200) Train Loss: 0.1153, Train Steps/Sec: 1.25, Samples/Sec: 15.03
[[34m2025-06-22 02:15:55[0m] (step=0071300) Train Loss: 0.1118, Train Steps/Sec: 1.25, Samples/Sec: 15.04
[[34m2025-06-22 02:17:11[0m] (step=0071400) Train Loss: 0.1060, Train Steps/Sec: 1.31, Samples/Sec: 15.66
[[34m2025-06-22 02:18:14[0m] (step=0071500) Train Loss: 0.1108, Train Steps/Sec: 1.59, Samples/Sec: 19.09
[[34m2025-06-22 02:19:49[0m] (step=0071600) Train Loss: 0.1063, Train Steps/Sec: 1.05, Samples/Sec: 12.63
[[34m2025-06-22 02:21:21[0m] (step=0071700) Train Loss: 0.1092, Train Steps/Sec: 1.08, Samples/Sec: 13.00
[[34m2025-06-22 02:22:39[0m] (step=0071800) Train Loss: 0.1013, Train Steps/Sec: 1.29, Samples/Sec: 15.54
[[34m2025-06-22 02:23:42[0m] (step=0071900) Train Loss: 0.1182, Train Steps/Sec: 1.59, Samples/Sec: 19.09
[[34m2025-06-22 02:24:51[0m] (step=0072000) Train Loss: 0.1113, Train Steps/Sec: 1.45, Samples/Sec: 17.38
[[34m2025-06-22 02:25:09[0m] Saved checkpoint to logs/nwm_cdit_wuhan_union/checkpoints/latest.pth.tar
[[34m2025-06-22 02:27:03[0m] (step=0072100) Train Loss: 0.1013, Train Steps/Sec: 0.75, Samples/Sec: 9.05
[[34m2025-06-22 02:28:13[0m] (step=0072200) Train Loss: 0.1138, Train Steps/Sec: 1.44, Samples/Sec: 17.30
[[34m2025-06-22 02:29:26[0m] (step=0072300) Train Loss: 0.1034, Train Steps/Sec: 1.36, Samples/Sec: 16.29
[[34m2025-06-22 02:30:47[0m] (step=0072400) Train Loss: 0.1153, Train Steps/Sec: 1.24, Samples/Sec: 14.90
[[34m2025-06-22 02:31:56[0m] (step=0072500) Train Loss: 0.1050, Train Steps/Sec: 1.45, Samples/Sec: 17.39
[[34m2025-06-22 02:32:58[0m] (step=0072600) Train Loss: 0.1070, Train Steps/Sec: 1.60, Samples/Sec: 19.19
[[34m2025-06-22 02:34:01[0m] (step=0072700) Train Loss: 0.1002, Train Steps/Sec: 1.59, Samples/Sec: 19.08
[[34m2025-06-22 02:34:09[0m] Beginning epoch 6...
[[34m2025-06-22 02:35:15[0m] (step=0072800) Train Loss: 0.1013, Train Steps/Sec: 1.36, Samples/Sec: 16.27
[[34m2025-06-22 02:36:32[0m] (step=0072900) Train Loss: 0.0992, Train Steps/Sec: 1.30, Samples/Sec: 15.57
[[34m2025-06-22 02:37:45[0m] (step=0073000) Train Loss: 0.1162, Train Steps/Sec: 1.36, Samples/Sec: 16.37
[[34m2025-06-22 02:38:59[0m] (step=0073100) Train Loss: 0.1029, Train Steps/Sec: 1.36, Samples/Sec: 16.35
[[34m2025-06-22 02:40:15[0m] (step=0073200) Train Loss: 0.1139, Train Steps/Sec: 1.31, Samples/Sec: 15.70
[[34m2025-06-22 02:41:21[0m] (step=0073300) Train Loss: 0.1097, Train Steps/Sec: 1.52, Samples/Sec: 18.21
[[34m2025-06-22 02:43:08[0m] (step=0073400) Train Loss: 0.1084, Train Steps/Sec: 0.93, Samples/Sec: 11.19
[[34m2025-06-22 02:44:21[0m] (step=0073500) Train Loss: 0.1092, Train Steps/Sec: 1.38, Samples/Sec: 16.55
[[34m2025-06-22 02:45:41[0m] (step=0073600) Train Loss: 0.1069, Train Steps/Sec: 1.25, Samples/Sec: 14.97
[[34m2025-06-22 02:46:46[0m] (step=0073700) Train Loss: 0.1154, Train Steps/Sec: 1.53, Samples/Sec: 18.34
[[34m2025-06-22 02:47:55[0m] (step=0073800) Train Loss: 0.1037, Train Steps/Sec: 1.46, Samples/Sec: 17.58
[[34m2025-06-22 02:48:57[0m] (step=0073900) Train Loss: 0.1157, Train Steps/Sec: 1.59, Samples/Sec: 19.12
[[34m2025-06-22 02:50:01[0m] (step=0074000) Train Loss: 0.1028, Train Steps/Sec: 1.58, Samples/Sec: 18.94
[[34m2025-06-22 02:50:21[0m] Saved checkpoint to logs/nwm_cdit_wuhan_union/checkpoints/latest.pth.tar
[[34m2025-06-22 02:51:30[0m] (step=0074100) Train Loss: 0.1105, Train Steps/Sec: 1.13, Samples/Sec: 13.51
[[34m2025-06-22 02:52:31[0m] (step=0074200) Train Loss: 0.1001, Train Steps/Sec: 1.62, Samples/Sec: 19.39
[[34m2025-06-22 02:53:35[0m] (step=0074300) Train Loss: 0.1061, Train Steps/Sec: 1.57, Samples/Sec: 18.80
[[34m2025-06-22 02:54:38[0m] (step=0074400) Train Loss: 0.1098, Train Steps/Sec: 1.59, Samples/Sec: 19.08
[[34m2025-06-22 02:55:41[0m] (step=0074500) Train Loss: 0.1094, Train Steps/Sec: 1.60, Samples/Sec: 19.18
[[34m2025-06-22 02:56:54[0m] (step=0074600) Train Loss: 0.0934, Train Steps/Sec: 1.36, Samples/Sec: 16.28
[[34m2025-06-22 02:57:58[0m] (step=0074700) Train Loss: 0.1076, Train Steps/Sec: 1.58, Samples/Sec: 18.94
[[34m2025-06-22 02:59:01[0m] (step=0074800) Train Loss: 0.1039, Train Steps/Sec: 1.59, Samples/Sec: 19.09
[[34m2025-06-22 03:00:10[0m] (step=0074900) Train Loss: 0.1153, Train Steps/Sec: 1.43, Samples/Sec: 17.19
[[34m2025-06-22 03:01:15[0m] (step=0075000) Train Loss: 0.0975, Train Steps/Sec: 1.56, Samples/Sec: 18.66
[[34m2025-06-22 03:02:19[0m] (step=0075100) Train Loss: 0.1105, Train Steps/Sec: 1.56, Samples/Sec: 18.69
[[34m2025-06-22 03:03:24[0m] (step=0075200) Train Loss: 0.1025, Train Steps/Sec: 1.55, Samples/Sec: 18.57
[[34m2025-06-22 03:04:26[0m] (step=0075300) Train Loss: 0.1062, Train Steps/Sec: 1.59, Samples/Sec: 19.10
[[34m2025-06-22 03:05:31[0m] (step=0075400) Train Loss: 0.1074, Train Steps/Sec: 1.56, Samples/Sec: 18.72
[[34m2025-06-22 03:06:33[0m] (step=0075500) Train Loss: 0.1070, Train Steps/Sec: 1.61, Samples/Sec: 19.26
[[34m2025-06-22 03:07:36[0m] (step=0075600) Train Loss: 0.1080, Train Steps/Sec: 1.59, Samples/Sec: 19.06
[[34m2025-06-22 03:08:37[0m] (step=0075700) Train Loss: 0.1074, Train Steps/Sec: 1.62, Samples/Sec: 19.48
[[34m2025-06-22 03:09:40[0m] (step=0075800) Train Loss: 0.1078, Train Steps/Sec: 1.61, Samples/Sec: 19.32
[[34m2025-06-22 03:10:41[0m] (step=0075900) Train Loss: 0.1111, Train Steps/Sec: 1.62, Samples/Sec: 19.41
[[34m2025-06-22 03:11:43[0m] (step=0076000) Train Loss: 0.1036, Train Steps/Sec: 1.62, Samples/Sec: 19.45
[[34m2025-06-22 03:12:00[0m] Saved checkpoint to logs/nwm_cdit_wuhan_union/checkpoints/latest.pth.tar
[[34m2025-06-22 03:13:02[0m] (step=0076100) Train Loss: 0.1025, Train Steps/Sec: 1.27, Samples/Sec: 15.21
[[34m2025-06-22 03:14:05[0m] (step=0076200) Train Loss: 0.1018, Train Steps/Sec: 1.58, Samples/Sec: 18.97
[[34m2025-06-22 03:15:06[0m] (step=0076300) Train Loss: 0.0998, Train Steps/Sec: 1.64, Samples/Sec: 19.65
[[34m2025-06-22 03:16:08[0m] (step=0076400) Train Loss: 0.1177, Train Steps/Sec: 1.62, Samples/Sec: 19.49
[[34m2025-06-22 03:17:09[0m] (step=0076500) Train Loss: 0.1003, Train Steps/Sec: 1.64, Samples/Sec: 19.71
[[34m2025-06-22 03:18:09[0m] (step=0076600) Train Loss: 0.1048, Train Steps/Sec: 1.65, Samples/Sec: 19.85
[[34m2025-06-22 03:19:10[0m] (step=0076700) Train Loss: 0.1072, Train Steps/Sec: 1.65, Samples/Sec: 19.83
[[34m2025-06-22 03:20:12[0m] (step=0076800) Train Loss: 0.1035, Train Steps/Sec: 1.62, Samples/Sec: 19.39
[[34m2025-06-22 03:21:13[0m] (step=0076900) Train Loss: 0.1142, Train Steps/Sec: 1.64, Samples/Sec: 19.62
[[34m2025-06-22 03:22:16[0m] (step=0077000) Train Loss: 0.1027, Train Steps/Sec: 1.58, Samples/Sec: 18.91
[[34m2025-06-22 03:23:18[0m] (step=0077100) Train Loss: 0.1007, Train Steps/Sec: 1.62, Samples/Sec: 19.45
[[34m2025-06-22 03:24:18[0m] (step=0077200) Train Loss: 0.1068, Train Steps/Sec: 1.65, Samples/Sec: 19.81
[[34m2025-06-22 03:25:30[0m] (step=0077300) Train Loss: 0.1025, Train Steps/Sec: 1.39, Samples/Sec: 16.69
[[34m2025-06-22 03:26:39[0m] (step=0077400) Train Loss: 0.1026, Train Steps/Sec: 1.46, Samples/Sec: 17.47
[[34m2025-06-22 03:27:42[0m] (step=0077500) Train Loss: 0.1114, Train Steps/Sec: 1.60, Samples/Sec: 19.18
[[34m2025-06-22 03:28:45[0m] (step=0077600) Train Loss: 0.1080, Train Steps/Sec: 1.58, Samples/Sec: 18.95
[[34m2025-06-22 03:29:47[0m] (step=0077700) Train Loss: 0.1092, Train Steps/Sec: 1.61, Samples/Sec: 19.32
[[34m2025-06-22 03:30:49[0m] (step=0077800) Train Loss: 0.1057, Train Steps/Sec: 1.60, Samples/Sec: 19.21
[[34m2025-06-22 03:31:52[0m] (step=0077900) Train Loss: 0.1079, Train Steps/Sec: 1.61, Samples/Sec: 19.28
[[34m2025-06-22 03:32:59[0m] (step=0078000) Train Loss: 0.1100, Train Steps/Sec: 1.48, Samples/Sec: 17.75
[[34m2025-06-22 03:33:16[0m] Saved checkpoint to logs/nwm_cdit_wuhan_union/checkpoints/latest.pth.tar
[[34m2025-06-22 03:34:18[0m] (step=0078100) Train Loss: 0.1018, Train Steps/Sec: 1.26, Samples/Sec: 15.17
[[34m2025-06-22 03:35:21[0m] (step=0078200) Train Loss: 0.1175, Train Steps/Sec: 1.59, Samples/Sec: 19.07
[[34m2025-06-22 03:36:23[0m] (step=0078300) Train Loss: 0.1111, Train Steps/Sec: 1.61, Samples/Sec: 19.35
[[34m2025-06-22 03:37:26[0m] (step=0078400) Train Loss: 0.0949, Train Steps/Sec: 1.60, Samples/Sec: 19.15
[[34m2025-06-22 03:38:28[0m] (step=0078500) Train Loss: 0.0970, Train Steps/Sec: 1.62, Samples/Sec: 19.44
[[34m2025-06-22 03:39:30[0m] (step=0078600) Train Loss: 0.1097, Train Steps/Sec: 1.62, Samples/Sec: 19.40
[[34m2025-06-22 03:40:31[0m] (step=0078700) Train Loss: 0.1126, Train Steps/Sec: 1.64, Samples/Sec: 19.63
[[34m2025-06-22 03:41:32[0m] (step=0078800) Train Loss: 0.0999, Train Steps/Sec: 1.62, Samples/Sec: 19.46
[[34m2025-06-22 03:42:35[0m] (step=0078900) Train Loss: 0.1045, Train Steps/Sec: 1.59, Samples/Sec: 19.11
[[34m2025-06-22 03:43:36[0m] (step=0079000) Train Loss: 0.0874, Train Steps/Sec: 1.64, Samples/Sec: 19.64
[[34m2025-06-22 03:44:36[0m] (step=0079100) Train Loss: 0.1123, Train Steps/Sec: 1.66, Samples/Sec: 19.96
[[34m2025-06-22 03:45:37[0m] (step=0079200) Train Loss: 0.1117, Train Steps/Sec: 1.65, Samples/Sec: 19.75
[[34m2025-06-22 03:46:39[0m] (step=0079300) Train Loss: 0.1041, Train Steps/Sec: 1.63, Samples/Sec: 19.50
[[34m2025-06-22 03:47:41[0m] (step=0079400) Train Loss: 0.1110, Train Steps/Sec: 1.61, Samples/Sec: 19.32
[[34m2025-06-22 03:48:44[0m] (step=0079500) Train Loss: 0.1046, Train Steps/Sec: 1.59, Samples/Sec: 19.06
[[34m2025-06-22 03:49:48[0m] (step=0079600) Train Loss: 0.1057, Train Steps/Sec: 1.55, Samples/Sec: 18.59
[[34m2025-06-22 03:50:52[0m] (step=0079700) Train Loss: 0.1037, Train Steps/Sec: 1.56, Samples/Sec: 18.72
[[34m2025-06-22 03:51:56[0m] (step=0079800) Train Loss: 0.0994, Train Steps/Sec: 1.56, Samples/Sec: 18.75
[[34m2025-06-22 03:53:00[0m] (step=0079900) Train Loss: 0.1143, Train Steps/Sec: 1.59, Samples/Sec: 19.03
[[34m2025-06-22 03:54:05[0m] (step=0080000) Train Loss: 0.1072, Train Steps/Sec: 1.52, Samples/Sec: 18.24
[[34m2025-06-22 03:54:43[0m] Saved checkpoint to logs/nwm_cdit_wuhan_union/checkpoints/0080000.pth.tar
Using cache found in ./models/facebookresearch_dino_main
[[34m2025-06-22 03:54:47[0m] Already found a `peft_config` attribute in the model. This will lead to having multiple adapters in the model. Make sure to know what you are doing!
[[34m2025-06-22 03:57:24[0m] (step=0080000) Perceptual Loss: 0.2750, Eval Time: 161.75
[[34m2025-06-22 03:58:29[0m] (step=0080100) Train Loss: 0.1059, Train Steps/Sec: 0.38, Samples/Sec: 4.55
[[34m2025-06-22 03:59:34[0m] (step=0080200) Train Loss: 0.0939, Train Steps/Sec: 1.54, Samples/Sec: 18.50
[[34m2025-06-22 04:00:39[0m] (step=0080300) Train Loss: 0.1065, Train Steps/Sec: 1.55, Samples/Sec: 18.61
[[34m2025-06-22 04:01:59[0m] (step=0080400) Train Loss: 0.1104, Train Steps/Sec: 1.25, Samples/Sec: 14.95
[[34m2025-06-22 04:03:11[0m] (step=0080500) Train Loss: 0.1101, Train Steps/Sec: 1.38, Samples/Sec: 16.60
[[34m2025-06-22 04:05:08[0m] (step=0080600) Train Loss: 0.1018, Train Steps/Sec: 0.86, Samples/Sec: 10.27
[[34m2025-06-22 04:06:56[0m] (step=0080700) Train Loss: 0.1175, Train Steps/Sec: 0.92, Samples/Sec: 11.07
[[34m2025-06-22 04:08:23[0m] (step=0080800) Train Loss: 0.1088, Train Steps/Sec: 1.16, Samples/Sec: 13.87
[[34m2025-06-22 04:09:52[0m] (step=0080900) Train Loss: 0.1034, Train Steps/Sec: 1.13, Samples/Sec: 13.52
[[34m2025-06-22 04:10:57[0m] (step=0081000) Train Loss: 0.0895, Train Steps/Sec: 1.54, Samples/Sec: 18.47
[[34m2025-06-22 04:12:24[0m] (step=0081100) Train Loss: 0.1142, Train Steps/Sec: 1.15, Samples/Sec: 13.78
[[34m2025-06-22 04:13:31[0m] (step=0081200) Train Loss: 0.1152, Train Steps/Sec: 1.48, Samples/Sec: 17.71
[[34m2025-06-22 04:14:33[0m] (step=0081300) Train Loss: 0.1168, Train Steps/Sec: 1.61, Samples/Sec: 19.36
[[34m2025-06-22 04:15:40[0m] (step=0081400) Train Loss: 0.1086, Train Steps/Sec: 1.51, Samples/Sec: 18.15
[[34m2025-06-22 04:16:42[0m] (step=0081500) Train Loss: 0.1056, Train Steps/Sec: 1.61, Samples/Sec: 19.37
[[34m2025-06-22 04:17:44[0m] (step=0081600) Train Loss: 0.1052, Train Steps/Sec: 1.59, Samples/Sec: 19.08
[[34m2025-06-22 04:18:46[0m] (step=0081700) Train Loss: 0.0996, Train Steps/Sec: 1.62, Samples/Sec: 19.40
[[34m2025-06-22 04:19:49[0m] (step=0081800) Train Loss: 0.1102, Train Steps/Sec: 1.60, Samples/Sec: 19.18
[[34m2025-06-22 04:20:54[0m] (step=0081900) Train Loss: 0.1154, Train Steps/Sec: 1.54, Samples/Sec: 18.46
[[34m2025-06-22 04:21:57[0m] (step=0082000) Train Loss: 0.1088, Train Steps/Sec: 1.59, Samples/Sec: 19.04
[[34m2025-06-22 04:22:14[0m] Saved checkpoint to logs/nwm_cdit_wuhan_union/checkpoints/latest.pth.tar
[[34m2025-06-22 04:23:42[0m] (step=0082100) Train Loss: 0.1073, Train Steps/Sec: 0.95, Samples/Sec: 11.44
[[34m2025-06-22 04:25:09[0m] (step=0082200) Train Loss: 0.1102, Train Steps/Sec: 1.15, Samples/Sec: 13.84
[[34m2025-06-22 04:26:31[0m] (step=0082300) Train Loss: 0.0968, Train Steps/Sec: 1.21, Samples/Sec: 14.51
[[34m2025-06-22 04:28:01[0m] (step=0082400) Train Loss: 0.1002, Train Steps/Sec: 1.11, Samples/Sec: 13.33
[[34m2025-06-22 04:29:43[0m] (step=0082500) Train Loss: 0.0990, Train Steps/Sec: 0.99, Samples/Sec: 11.85
[[34m2025-06-22 04:31:14[0m] (step=0082600) Train Loss: 0.1173, Train Steps/Sec: 1.09, Samples/Sec: 13.10
[[34m2025-06-22 04:32:39[0m] (step=0082700) Train Loss: 0.1098, Train Steps/Sec: 1.18, Samples/Sec: 14.21
[[34m2025-06-22 04:33:50[0m] (step=0082800) Train Loss: 0.1206, Train Steps/Sec: 1.40, Samples/Sec: 16.74
[[34m2025-06-22 04:34:54[0m] (step=0082900) Train Loss: 0.0924, Train Steps/Sec: 1.57, Samples/Sec: 18.83
[[34m2025-06-22 04:36:24[0m] (step=0083000) Train Loss: 0.1104, Train Steps/Sec: 1.12, Samples/Sec: 13.39
[[34m2025-06-22 04:37:59[0m] (step=0083100) Train Loss: 0.1036, Train Steps/Sec: 1.05, Samples/Sec: 12.58
[[34m2025-06-22 04:39:34[0m] (step=0083200) Train Loss: 0.0996, Train Steps/Sec: 1.05, Samples/Sec: 12.57
[[34m2025-06-22 04:40:56[0m] (step=0083300) Train Loss: 0.1054, Train Steps/Sec: 1.23, Samples/Sec: 14.72
[[34m2025-06-22 04:42:35[0m] (step=0083400) Train Loss: 0.0968, Train Steps/Sec: 1.01, Samples/Sec: 12.17
[[34m2025-06-22 04:43:59[0m] (step=0083500) Train Loss: 0.1074, Train Steps/Sec: 1.19, Samples/Sec: 14.30
[[34m2025-06-22 04:45:20[0m] (step=0083600) Train Loss: 0.1086, Train Steps/Sec: 1.22, Samples/Sec: 14.69
[[34m2025-06-22 04:46:56[0m] (step=0083700) Train Loss: 0.1025, Train Steps/Sec: 1.04, Samples/Sec: 12.51
[[34m2025-06-22 04:48:24[0m] (step=0083800) Train Loss: 0.1012, Train Steps/Sec: 1.13, Samples/Sec: 13.61
[[34m2025-06-22 04:49:49[0m] (step=0083900) Train Loss: 0.1037, Train Steps/Sec: 1.18, Samples/Sec: 14.21
[[34m2025-06-22 04:51:11[0m] (step=0084000) Train Loss: 0.1043, Train Steps/Sec: 1.21, Samples/Sec: 14.51
[[34m2025-06-22 04:51:30[0m] Saved checkpoint to logs/nwm_cdit_wuhan_union/checkpoints/latest.pth.tar
[[34m2025-06-22 04:52:37[0m] (step=0084100) Train Loss: 0.0923, Train Steps/Sec: 1.18, Samples/Sec: 14.11
[[34m2025-06-22 04:53:42[0m] (step=0084200) Train Loss: 0.1099, Train Steps/Sec: 1.54, Samples/Sec: 18.47
[[34m2025-06-22 04:54:45[0m] (step=0084300) Train Loss: 0.1118, Train Steps/Sec: 1.56, Samples/Sec: 18.77
[[34m2025-06-22 04:55:56[0m] (step=0084400) Train Loss: 0.1130, Train Steps/Sec: 1.42, Samples/Sec: 17.09
[[34m2025-06-22 04:56:57[0m] (step=0084500) Train Loss: 0.1054, Train Steps/Sec: 1.64, Samples/Sec: 19.66
[[34m2025-06-22 04:58:15[0m] (step=0084600) Train Loss: 0.1014, Train Steps/Sec: 1.27, Samples/Sec: 15.27
[[34m2025-06-22 04:59:22[0m] (step=0084700) Train Loss: 0.1145, Train Steps/Sec: 1.51, Samples/Sec: 18.11
[[34m2025-06-22 05:00:23[0m] (step=0084800) Train Loss: 0.1030, Train Steps/Sec: 1.62, Samples/Sec: 19.40
[[34m2025-06-22 05:00:42[0m] Beginning epoch 7...
[[34m2025-06-22 05:01:32[0m] (step=0084900) Train Loss: 0.1062, Train Steps/Sec: 1.45, Samples/Sec: 17.41
[[34m2025-06-22 05:02:34[0m] (step=0085000) Train Loss: 0.1007, Train Steps/Sec: 1.63, Samples/Sec: 19.56
[[34m2025-06-22 05:03:36[0m] (step=0085100) Train Loss: 0.1083, Train Steps/Sec: 1.62, Samples/Sec: 19.40
[[34m2025-06-22 05:04:37[0m] (step=0085200) Train Loss: 0.0992, Train Steps/Sec: 1.63, Samples/Sec: 19.56
[[34m2025-06-22 05:05:39[0m] (step=0085300) Train Loss: 0.1096, Train Steps/Sec: 1.61, Samples/Sec: 19.32
[[34m2025-06-22 05:07:19[0m] (step=0085400) Train Loss: 0.1024, Train Steps/Sec: 1.00, Samples/Sec: 12.04
[[34m2025-06-22 05:08:39[0m] (step=0085500) Train Loss: 0.1057, Train Steps/Sec: 1.24, Samples/Sec: 14.88
[[34m2025-06-22 05:09:41[0m] (step=0085600) Train Loss: 0.1015, Train Steps/Sec: 1.61, Samples/Sec: 19.33
[[34m2025-06-22 05:10:49[0m] (step=0085700) Train Loss: 0.1039, Train Steps/Sec: 1.49, Samples/Sec: 17.84
[[34m2025-06-22 05:11:53[0m] (step=0085800) Train Loss: 0.0993, Train Steps/Sec: 1.56, Samples/Sec: 18.77
[[34m2025-06-22 05:12:57[0m] (step=0085900) Train Loss: 0.1154, Train Steps/Sec: 1.56, Samples/Sec: 18.76
[[34m2025-06-22 05:13:59[0m] (step=0086000) Train Loss: 0.1023, Train Steps/Sec: 1.61, Samples/Sec: 19.31
[[34m2025-06-22 05:14:46[0m] Saved checkpoint to logs/nwm_cdit_wuhan_union/checkpoints/latest.pth.tar
[[34m2025-06-22 05:15:50[0m] (step=0086100) Train Loss: 0.1028, Train Steps/Sec: 0.90, Samples/Sec: 10.79
[[34m2025-06-22 05:16:53[0m] (step=0086200) Train Loss: 0.1112, Train Steps/Sec: 1.57, Samples/Sec: 18.90
[[34m2025-06-22 05:17:56[0m] (step=0086300) Train Loss: 0.0960, Train Steps/Sec: 1.59, Samples/Sec: 19.12
[[34m2025-06-22 05:18:57[0m] (step=0086400) Train Loss: 0.1051, Train Steps/Sec: 1.65, Samples/Sec: 19.86
[[34m2025-06-22 05:20:07[0m] (step=0086500) Train Loss: 0.1014, Train Steps/Sec: 1.42, Samples/Sec: 17.10
[[34m2025-06-22 05:21:16[0m] (step=0086600) Train Loss: 0.1088, Train Steps/Sec: 1.45, Samples/Sec: 17.35
[[34m2025-06-22 05:22:31[0m] (step=0086700) Train Loss: 0.0971, Train Steps/Sec: 1.34, Samples/Sec: 16.11
[[34m2025-06-22 05:23:31[0m] (step=0086800) Train Loss: 0.0936, Train Steps/Sec: 1.64, Samples/Sec: 19.68
[[34m2025-06-22 05:24:44[0m] (step=0086900) Train Loss: 0.1076, Train Steps/Sec: 1.38, Samples/Sec: 16.58
[[34m2025-06-22 05:26:02[0m] (step=0087000) Train Loss: 0.0948, Train Steps/Sec: 1.28, Samples/Sec: 15.42
[[34m2025-06-22 05:27:10[0m] (step=0087100) Train Loss: 0.1088, Train Steps/Sec: 1.47, Samples/Sec: 17.61
[[34m2025-06-22 05:28:30[0m] (step=0087200) Train Loss: 0.0983, Train Steps/Sec: 1.25, Samples/Sec: 14.95
[[34m2025-06-22 05:29:56[0m] (step=0087300) Train Loss: 0.1162, Train Steps/Sec: 1.16, Samples/Sec: 13.95
[[34m2025-06-22 05:30:57[0m] (step=0087400) Train Loss: 0.1040, Train Steps/Sec: 1.63, Samples/Sec: 19.57
[[34m2025-06-22 05:32:17[0m] (step=0087500) Train Loss: 0.1075, Train Steps/Sec: 1.26, Samples/Sec: 15.14
[[34m2025-06-22 05:33:24[0m] (step=0087600) Train Loss: 0.0988, Train Steps/Sec: 1.48, Samples/Sec: 17.78
[[34m2025-06-22 05:34:29[0m] (step=0087700) Train Loss: 0.1107, Train Steps/Sec: 1.55, Samples/Sec: 18.61
[[34m2025-06-22 05:35:49[0m] (step=0087800) Train Loss: 0.1111, Train Steps/Sec: 1.24, Samples/Sec: 14.90
[[34m2025-06-22 05:36:51[0m] (step=0087900) Train Loss: 0.1081, Train Steps/Sec: 1.62, Samples/Sec: 19.50
[[34m2025-06-22 05:37:53[0m] (step=0088000) Train Loss: 0.1026, Train Steps/Sec: 1.62, Samples/Sec: 19.40
[[34m2025-06-22 05:38:11[0m] Saved checkpoint to logs/nwm_cdit_wuhan_union/checkpoints/latest.pth.tar
[[34m2025-06-22 05:39:13[0m] (step=0088100) Train Loss: 0.1048, Train Steps/Sec: 1.25, Samples/Sec: 14.99
[[34m2025-06-22 05:40:14[0m] (step=0088200) Train Loss: 0.1092, Train Steps/Sec: 1.64, Samples/Sec: 19.64
[[34m2025-06-22 05:41:16[0m] (step=0088300) Train Loss: 0.1040, Train Steps/Sec: 1.60, Samples/Sec: 19.16
[[34m2025-06-22 05:42:18[0m] (step=0088400) Train Loss: 0.1097, Train Steps/Sec: 1.62, Samples/Sec: 19.43
[[34m2025-06-22 05:43:21[0m] (step=0088500) Train Loss: 0.0945, Train Steps/Sec: 1.58, Samples/Sec: 18.97
[[34m2025-06-22 05:44:24[0m] (step=0088600) Train Loss: 0.0985, Train Steps/Sec: 1.59, Samples/Sec: 19.09
[[34m2025-06-22 05:45:27[0m] (step=0088700) Train Loss: 0.1064, Train Steps/Sec: 1.60, Samples/Sec: 19.19
[[34m2025-06-22 05:46:29[0m] (step=0088800) Train Loss: 0.1019, Train Steps/Sec: 1.61, Samples/Sec: 19.27
[[34m2025-06-22 05:47:30[0m] (step=0088900) Train Loss: 0.1125, Train Steps/Sec: 1.63, Samples/Sec: 19.58
[[34m2025-06-22 05:48:32[0m] (step=0089000) Train Loss: 0.1059, Train Steps/Sec: 1.64, Samples/Sec: 19.63
[[34m2025-06-22 05:49:32[0m] (step=0089100) Train Loss: 0.1023, Train Steps/Sec: 1.65, Samples/Sec: 19.78
[[34m2025-06-22 05:50:33[0m] (step=0089200) Train Loss: 0.1038, Train Steps/Sec: 1.64, Samples/Sec: 19.72
[[34m2025-06-22 05:51:34[0m] (step=0089300) Train Loss: 0.1059, Train Steps/Sec: 1.63, Samples/Sec: 19.58
[[34m2025-06-22 05:52:35[0m] (step=0089400) Train Loss: 0.1032, Train Steps/Sec: 1.65, Samples/Sec: 19.76
[[34m2025-06-22 05:53:36[0m] (step=0089500) Train Loss: 0.0999, Train Steps/Sec: 1.63, Samples/Sec: 19.56
[[34m2025-06-22 05:54:39[0m] (step=0089600) Train Loss: 0.1071, Train Steps/Sec: 1.60, Samples/Sec: 19.15
[[34m2025-06-22 05:55:40[0m] (step=0089700) Train Loss: 0.1035, Train Steps/Sec: 1.63, Samples/Sec: 19.55
[[34m2025-06-22 05:56:43[0m] (step=0089800) Train Loss: 0.1108, Train Steps/Sec: 1.61, Samples/Sec: 19.32
[[34m2025-06-22 05:57:44[0m] (step=0089900) Train Loss: 0.1126, Train Steps/Sec: 1.63, Samples/Sec: 19.57
[[34m2025-06-22 05:58:46[0m] (step=0090000) Train Loss: 0.1120, Train Steps/Sec: 1.62, Samples/Sec: 19.49
[[34m2025-06-22 05:59:02[0m] Saved checkpoint to logs/nwm_cdit_wuhan_union/checkpoints/latest.pth.tar
Using cache found in ./models/facebookresearch_dino_main
[[34m2025-06-22 05:59:06[0m] Already found a `peft_config` attribute in the model. This will lead to having multiple adapters in the model. Make sure to know what you are doing!
[[34m2025-06-22 06:01:28[0m] (step=0090000) Perceptual Loss: 0.2670, Eval Time: 146.66
[[34m2025-06-22 06:02:30[0m] (step=0090100) Train Loss: 0.1033, Train Steps/Sec: 0.45, Samples/Sec: 5.35
[[34m2025-06-22 06:03:31[0m] (step=0090200) Train Loss: 0.1050, Train Steps/Sec: 1.63, Samples/Sec: 19.52
[[34m2025-06-22 06:04:32[0m] (step=0090300) Train Loss: 0.0973, Train Steps/Sec: 1.64, Samples/Sec: 19.69
[[34m2025-06-22 06:05:33[0m] (step=0090400) Train Loss: 0.1150, Train Steps/Sec: 1.65, Samples/Sec: 19.76
[[34m2025-06-22 06:06:34[0m] (step=0090500) Train Loss: 0.0978, Train Steps/Sec: 1.65, Samples/Sec: 19.78
[[34m2025-06-22 06:07:35[0m] (step=0090600) Train Loss: 0.1017, Train Steps/Sec: 1.62, Samples/Sec: 19.47
[[34m2025-06-22 06:08:37[0m] (step=0090700) Train Loss: 0.1124, Train Steps/Sec: 1.62, Samples/Sec: 19.47
[[34m2025-06-22 06:09:39[0m] (step=0090800) Train Loss: 0.0965, Train Steps/Sec: 1.62, Samples/Sec: 19.46
[[34m2025-06-22 06:10:41[0m] (step=0090900) Train Loss: 0.0958, Train Steps/Sec: 1.61, Samples/Sec: 19.30
[[34m2025-06-22 06:11:42[0m] (step=0091000) Train Loss: 0.1071, Train Steps/Sec: 1.62, Samples/Sec: 19.50
[[34m2025-06-22 06:12:43[0m] (step=0091100) Train Loss: 0.0927, Train Steps/Sec: 1.66, Samples/Sec: 19.87
[[34m2025-06-22 06:13:45[0m] (step=0091200) Train Loss: 0.1052, Train Steps/Sec: 1.61, Samples/Sec: 19.29
[[34m2025-06-22 06:14:46[0m] (step=0091300) Train Loss: 0.0948, Train Steps/Sec: 1.65, Samples/Sec: 19.81
[[34m2025-06-22 06:15:47[0m] (step=0091400) Train Loss: 0.1027, Train Steps/Sec: 1.64, Samples/Sec: 19.71
[[34m2025-06-22 06:16:47[0m] (step=0091500) Train Loss: 0.1053, Train Steps/Sec: 1.65, Samples/Sec: 19.74
[[34m2025-06-22 06:17:50[0m] (step=0091600) Train Loss: 0.0994, Train Steps/Sec: 1.60, Samples/Sec: 19.24
[[34m2025-06-22 06:18:50[0m] (step=0091700) Train Loss: 0.1118, Train Steps/Sec: 1.66, Samples/Sec: 19.90
[[34m2025-06-22 06:19:52[0m] (step=0091800) Train Loss: 0.1077, Train Steps/Sec: 1.63, Samples/Sec: 19.51
[[34m2025-06-22 06:20:52[0m] (step=0091900) Train Loss: 0.1011, Train Steps/Sec: 1.65, Samples/Sec: 19.78
[[34m2025-06-22 06:21:52[0m] (step=0092000) Train Loss: 0.1114, Train Steps/Sec: 1.67, Samples/Sec: 20.08
[[34m2025-06-22 06:22:11[0m] Saved checkpoint to logs/nwm_cdit_wuhan_union/checkpoints/latest.pth.tar
[[34m2025-06-22 06:23:13[0m] (step=0092100) Train Loss: 0.1046, Train Steps/Sec: 1.24, Samples/Sec: 14.85
[[34m2025-06-22 06:24:13[0m] (step=0092200) Train Loss: 0.1023, Train Steps/Sec: 1.65, Samples/Sec: 19.83
[[34m2025-06-22 06:25:15[0m] (step=0092300) Train Loss: 0.1095, Train Steps/Sec: 1.63, Samples/Sec: 19.58
[[34m2025-06-22 06:26:16[0m] (step=0092400) Train Loss: 0.1037, Train Steps/Sec: 1.63, Samples/Sec: 19.55
[[34m2025-06-22 06:27:18[0m] (step=0092500) Train Loss: 0.0971, Train Steps/Sec: 1.62, Samples/Sec: 19.41
[[34m2025-06-22 06:28:20[0m] (step=0092600) Train Loss: 0.1051, Train Steps/Sec: 1.62, Samples/Sec: 19.42
[[34m2025-06-22 06:29:21[0m] (step=0092700) Train Loss: 0.1121, Train Steps/Sec: 1.63, Samples/Sec: 19.56
[[34m2025-06-22 06:30:21[0m] (step=0092800) Train Loss: 0.0931, Train Steps/Sec: 1.66, Samples/Sec: 19.87
[[34m2025-06-22 06:31:22[0m] (step=0092900) Train Loss: 0.1019, Train Steps/Sec: 1.64, Samples/Sec: 19.70
[[34m2025-06-22 06:32:22[0m] (step=0093000) Train Loss: 0.1067, Train Steps/Sec: 1.67, Samples/Sec: 20.06
[[34m2025-06-22 06:33:24[0m] (step=0093100) Train Loss: 0.0969, Train Steps/Sec: 1.62, Samples/Sec: 19.43
[[34m2025-06-22 06:34:26[0m] (step=0093200) Train Loss: 0.1138, Train Steps/Sec: 1.61, Samples/Sec: 19.29
[[34m2025-06-22 06:35:27[0m] (step=0093300) Train Loss: 0.0955, Train Steps/Sec: 1.64, Samples/Sec: 19.65
[[34m2025-06-22 06:36:30[0m] (step=0093400) Train Loss: 0.1075, Train Steps/Sec: 1.58, Samples/Sec: 19.01
[[34m2025-06-22 06:37:33[0m] (step=0093500) Train Loss: 0.1067, Train Steps/Sec: 1.60, Samples/Sec: 19.18
[[34m2025-06-22 06:38:34[0m] (step=0093600) Train Loss: 0.1043, Train Steps/Sec: 1.64, Samples/Sec: 19.65
[[34m2025-06-22 06:39:34[0m] (step=0093700) Train Loss: 0.1072, Train Steps/Sec: 1.66, Samples/Sec: 19.87
[[34m2025-06-22 06:40:35[0m] (step=0093800) Train Loss: 0.1050, Train Steps/Sec: 1.66, Samples/Sec: 19.88
[[34m2025-06-22 06:41:37[0m] (step=0093900) Train Loss: 0.0905, Train Steps/Sec: 1.61, Samples/Sec: 19.37
[[34m2025-06-22 06:42:39[0m] (step=0094000) Train Loss: 0.1054, Train Steps/Sec: 1.61, Samples/Sec: 19.34
[[34m2025-06-22 06:42:54[0m] Saved checkpoint to logs/nwm_cdit_wuhan_union/checkpoints/latest.pth.tar
[[34m2025-06-22 06:43:54[0m] (step=0094100) Train Loss: 0.1134, Train Steps/Sec: 1.32, Samples/Sec: 15.85
[[34m2025-06-22 06:44:54[0m] (step=0094200) Train Loss: 0.1114, Train Steps/Sec: 1.67, Samples/Sec: 20.01
[[34m2025-06-22 06:45:55[0m] (step=0094300) Train Loss: 0.0996, Train Steps/Sec: 1.65, Samples/Sec: 19.78
[[34m2025-06-22 06:46:56[0m] (step=0094400) Train Loss: 0.0975, Train Steps/Sec: 1.65, Samples/Sec: 19.74
[[34m2025-06-22 06:47:56[0m] (step=0094500) Train Loss: 0.0971, Train Steps/Sec: 1.65, Samples/Sec: 19.82
[[34m2025-06-22 06:48:58[0m] (step=0094600) Train Loss: 0.1058, Train Steps/Sec: 1.62, Samples/Sec: 19.46
[[34m2025-06-22 06:49:59[0m] (step=0094700) Train Loss: 0.1135, Train Steps/Sec: 1.65, Samples/Sec: 19.77
[[34m2025-06-22 06:50:59[0m] (step=0094800) Train Loss: 0.0988, Train Steps/Sec: 1.66, Samples/Sec: 19.91
[[34m2025-06-22 06:52:00[0m] (step=0094900) Train Loss: 0.1134, Train Steps/Sec: 1.65, Samples/Sec: 19.76
[[34m2025-06-22 06:53:01[0m] (step=0095000) Train Loss: 0.1021, Train Steps/Sec: 1.64, Samples/Sec: 19.67
[[34m2025-06-22 06:54:02[0m] (step=0095100) Train Loss: 0.1026, Train Steps/Sec: 1.62, Samples/Sec: 19.48
[[34m2025-06-22 06:55:05[0m] (step=0095200) Train Loss: 0.0974, Train Steps/Sec: 1.60, Samples/Sec: 19.20
[[34m2025-06-22 06:56:08[0m] (step=0095300) Train Loss: 0.1024, Train Steps/Sec: 1.60, Samples/Sec: 19.14
[[34m2025-06-22 06:57:10[0m] (step=0095400) Train Loss: 0.1055, Train Steps/Sec: 1.60, Samples/Sec: 19.14
[[34m2025-06-22 06:58:11[0m] (step=0095500) Train Loss: 0.1021, Train Steps/Sec: 1.65, Samples/Sec: 19.82
[[34m2025-06-22 06:59:13[0m] (step=0095600) Train Loss: 0.0962, Train Steps/Sec: 1.62, Samples/Sec: 19.38
[[34m2025-06-22 07:00:14[0m] (step=0095700) Train Loss: 0.1044, Train Steps/Sec: 1.64, Samples/Sec: 19.62
[[34m2025-06-22 07:01:14[0m] (step=0095800) Train Loss: 0.1074, Train Steps/Sec: 1.65, Samples/Sec: 19.83
[[34m2025-06-22 07:02:16[0m] (step=0095900) Train Loss: 0.1096, Train Steps/Sec: 1.63, Samples/Sec: 19.56
[[34m2025-06-22 07:03:17[0m] (step=0096000) Train Loss: 0.1029, Train Steps/Sec: 1.63, Samples/Sec: 19.50
[[34m2025-06-22 07:03:33[0m] Saved checkpoint to logs/nwm_cdit_wuhan_union/checkpoints/latest.pth.tar
[[34m2025-06-22 07:04:34[0m] (step=0096100) Train Loss: 0.0966, Train Steps/Sec: 1.30, Samples/Sec: 15.64
[[34m2025-06-22 07:05:34[0m] (step=0096200) Train Loss: 0.1021, Train Steps/Sec: 1.66, Samples/Sec: 19.89
[[34m2025-06-22 07:06:35[0m] (step=0096300) Train Loss: 0.1013, Train Steps/Sec: 1.64, Samples/Sec: 19.65
[[34m2025-06-22 07:07:37[0m] (step=0096400) Train Loss: 0.1100, Train Steps/Sec: 1.62, Samples/Sec: 19.46
[[34m2025-06-22 07:08:38[0m] (step=0096500) Train Loss: 0.0991, Train Steps/Sec: 1.63, Samples/Sec: 19.54
[[34m2025-06-22 07:09:40[0m] (step=0096600) Train Loss: 0.1013, Train Steps/Sec: 1.63, Samples/Sec: 19.53
[[34m2025-06-22 07:10:40[0m] (step=0096700) Train Loss: 0.0940, Train Steps/Sec: 1.67, Samples/Sec: 20.02
[[34m2025-06-22 07:11:41[0m] (step=0096800) Train Loss: 0.1025, Train Steps/Sec: 1.62, Samples/Sec: 19.47
[[34m2025-06-22 07:12:42[0m] (step=0096900) Train Loss: 0.0956, Train Steps/Sec: 1.65, Samples/Sec: 19.82
[[34m2025-06-22 07:13:12[0m] Beginning epoch 8...
[[34m2025-06-22 07:13:45[0m] (step=0097000) Train Loss: 0.1067, Train Steps/Sec: 1.58, Samples/Sec: 18.94
[[34m2025-06-22 07:14:47[0m] (step=0097100) Train Loss: 0.0947, Train Steps/Sec: 1.63, Samples/Sec: 19.57
[[34m2025-06-22 07:15:47[0m] (step=0097200) Train Loss: 0.1076, Train Steps/Sec: 1.66, Samples/Sec: 19.89
[[34m2025-06-22 07:16:47[0m] (step=0097300) Train Loss: 0.1047, Train Steps/Sec: 1.67, Samples/Sec: 20.05
[[34m2025-06-22 07:17:47[0m] (step=0097400) Train Loss: 0.1069, Train Steps/Sec: 1.65, Samples/Sec: 19.83
[[34m2025-06-22 07:18:47[0m] (step=0097500) Train Loss: 0.1089, Train Steps/Sec: 1.69, Samples/Sec: 20.24
[[34m2025-06-22 07:19:47[0m] (step=0097600) Train Loss: 0.1154, Train Steps/Sec: 1.66, Samples/Sec: 19.96
[[34m2025-06-22 07:20:47[0m] (step=0097700) Train Loss: 0.0997, Train Steps/Sec: 1.65, Samples/Sec: 19.82
[[34m2025-06-22 07:21:47[0m] (step=0097800) Train Loss: 0.0986, Train Steps/Sec: 1.67, Samples/Sec: 20.05
[[34m2025-06-22 07:22:48[0m] (step=0097900) Train Loss: 0.1068, Train Steps/Sec: 1.65, Samples/Sec: 19.78
[[34m2025-06-22 07:23:49[0m] (step=0098000) Train Loss: 0.1059, Train Steps/Sec: 1.62, Samples/Sec: 19.49
[[34m2025-06-22 07:24:05[0m] Saved checkpoint to logs/nwm_cdit_wuhan_union/checkpoints/latest.pth.tar
[[34m2025-06-22 07:25:06[0m] (step=0098100) Train Loss: 0.1138, Train Steps/Sec: 1.31, Samples/Sec: 15.71
[[34m2025-06-22 07:26:06[0m] (step=0098200) Train Loss: 0.0992, Train Steps/Sec: 1.66, Samples/Sec: 19.89
[[34m2025-06-22 07:27:06[0m] (step=0098300) Train Loss: 0.1043, Train Steps/Sec: 1.66, Samples/Sec: 19.90
[[34m2025-06-22 07:28:07[0m] (step=0098400) Train Loss: 0.1069, Train Steps/Sec: 1.65, Samples/Sec: 19.80
[[34m2025-06-22 07:29:08[0m] (step=0098500) Train Loss: 0.0988, Train Steps/Sec: 1.64, Samples/Sec: 19.72
[[34m2025-06-22 07:30:09[0m] (step=0098600) Train Loss: 0.1019, Train Steps/Sec: 1.64, Samples/Sec: 19.63
[[34m2025-06-22 07:31:09[0m] (step=0098700) Train Loss: 0.0854, Train Steps/Sec: 1.66, Samples/Sec: 19.88
[[34m2025-06-22 07:32:09[0m] (step=0098800) Train Loss: 0.1058, Train Steps/Sec: 1.69, Samples/Sec: 20.26
[[34m2025-06-22 07:33:09[0m] (step=0098900) Train Loss: 0.1146, Train Steps/Sec: 1.66, Samples/Sec: 19.88
[[34m2025-06-22 07:34:10[0m] (step=0099000) Train Loss: 0.1128, Train Steps/Sec: 1.63, Samples/Sec: 19.59
[[34m2025-06-22 07:35:10[0m] (step=0099100) Train Loss: 0.1031, Train Steps/Sec: 1.66, Samples/Sec: 19.94
[[34m2025-06-22 07:36:12[0m] (step=0099200) Train Loss: 0.1120, Train Steps/Sec: 1.63, Samples/Sec: 19.51
[[34m2025-06-22 07:37:12[0m] (step=0099300) Train Loss: 0.0999, Train Steps/Sec: 1.66, Samples/Sec: 19.93
[[34m2025-06-22 07:38:13[0m] (step=0099400) Train Loss: 0.0946, Train Steps/Sec: 1.65, Samples/Sec: 19.82
[[34m2025-06-22 07:39:13[0m] (step=0099500) Train Loss: 0.0961, Train Steps/Sec: 1.67, Samples/Sec: 20.02
[[34m2025-06-22 07:40:13[0m] (step=0099600) Train Loss: 0.0995, Train Steps/Sec: 1.65, Samples/Sec: 19.75
[[34m2025-06-22 07:41:13[0m] (step=0099700) Train Loss: 0.1075, Train Steps/Sec: 1.67, Samples/Sec: 20.06
[[34m2025-06-22 07:42:13[0m] (step=0099800) Train Loss: 0.1081, Train Steps/Sec: 1.66, Samples/Sec: 19.93
[[34m2025-06-22 07:43:14[0m] (step=0099900) Train Loss: 0.0967, Train Steps/Sec: 1.64, Samples/Sec: 19.68
[[34m2025-06-22 07:44:14[0m] (step=0100000) Train Loss: 0.1061, Train Steps/Sec: 1.67, Samples/Sec: 20.04
[[34m2025-06-22 07:44:45[0m] Saved checkpoint to logs/nwm_cdit_wuhan_union/checkpoints/0100000.pth.tar
Using cache found in ./models/facebookresearch_dino_main
[[34m2025-06-22 07:44:48[0m] Already found a `peft_config` attribute in the model. This will lead to having multiple adapters in the model. Make sure to know what you are doing!
[[34m2025-06-22 07:47:11[0m] (step=0100000) Perceptual Loss: 0.2669, Eval Time: 146.55
[[34m2025-06-22 07:48:11[0m] (step=0100100) Train Loss: 0.0903, Train Steps/Sec: 0.42, Samples/Sec: 5.06
[[34m2025-06-22 07:49:10[0m] (step=0100200) Train Loss: 0.1061, Train Steps/Sec: 1.69, Samples/Sec: 20.29
[[34m2025-06-22 07:50:10[0m] (step=0100300) Train Loss: 0.0905, Train Steps/Sec: 1.67, Samples/Sec: 19.99
[[34m2025-06-22 07:51:10[0m] (step=0100400) Train Loss: 0.1008, Train Steps/Sec: 1.67, Samples/Sec: 20.03
[[34m2025-06-22 07:52:11[0m] (step=0100500) Train Loss: 0.0972, Train Steps/Sec: 1.64, Samples/Sec: 19.70
[[34m2025-06-22 07:53:13[0m] (step=0100600) Train Loss: 0.0986, Train Steps/Sec: 1.63, Samples/Sec: 19.58
[[34m2025-06-22 07:54:13[0m] (step=0100700) Train Loss: 0.1075, Train Steps/Sec: 1.65, Samples/Sec: 19.78
[[34m2025-06-22 07:55:14[0m] (step=0100800) Train Loss: 0.1188, Train Steps/Sec: 1.64, Samples/Sec: 19.64
[[34m2025-06-22 07:56:15[0m] (step=0100900) Train Loss: 0.1083, Train Steps/Sec: 1.66, Samples/Sec: 19.93
[[34m2025-06-22 07:57:16[0m] (step=0101000) Train Loss: 0.1028, Train Steps/Sec: 1.64, Samples/Sec: 19.64
[[34m2025-06-22 07:58:16[0m] (step=0101100) Train Loss: 0.1011, Train Steps/Sec: 1.66, Samples/Sec: 19.97
[[34m2025-06-22 07:59:17[0m] (step=0101200) Train Loss: 0.0938, Train Steps/Sec: 1.64, Samples/Sec: 19.71
[[34m2025-06-22 08:00:17[0m] (step=0101300) Train Loss: 0.1108, Train Steps/Sec: 1.65, Samples/Sec: 19.77
[[34m2025-06-22 08:01:19[0m] (step=0101400) Train Loss: 0.0896, Train Steps/Sec: 1.64, Samples/Sec: 19.63
[[34m2025-06-22 08:02:17[0m] (step=0101500) Train Loss: 0.1040, Train Steps/Sec: 1.71, Samples/Sec: 20.48
[[34m2025-06-22 08:03:17[0m] (step=0101600) Train Loss: 0.1010, Train Steps/Sec: 1.66, Samples/Sec: 19.87
[[34m2025-06-22 08:04:17[0m] (step=0101700) Train Loss: 0.1001, Train Steps/Sec: 1.67, Samples/Sec: 20.01
[[34m2025-06-22 08:05:17[0m] (step=0101800) Train Loss: 0.1079, Train Steps/Sec: 1.68, Samples/Sec: 20.12
[[34m2025-06-22 08:06:17[0m] (step=0101900) Train Loss: 0.0944, Train Steps/Sec: 1.68, Samples/Sec: 20.12
[[34m2025-06-22 08:07:16[0m] (step=0102000) Train Loss: 0.0959, Train Steps/Sec: 1.69, Samples/Sec: 20.25
[[34m2025-06-22 08:07:33[0m] Saved checkpoint to logs/nwm_cdit_wuhan_union/checkpoints/latest.pth.tar
[[34m2025-06-22 08:08:33[0m] (step=0102100) Train Loss: 0.1049, Train Steps/Sec: 1.30, Samples/Sec: 15.65
[[34m2025-06-22 08:09:33[0m] (step=0102200) Train Loss: 0.0969, Train Steps/Sec: 1.66, Samples/Sec: 19.90
[[34m2025-06-22 08:10:32[0m] (step=0102300) Train Loss: 0.1000, Train Steps/Sec: 1.68, Samples/Sec: 20.20
[[34m2025-06-22 08:11:32[0m] (step=0102400) Train Loss: 0.0991, Train Steps/Sec: 1.67, Samples/Sec: 20.06
[[34m2025-06-22 08:12:32[0m] (step=0102500) Train Loss: 0.0951, Train Steps/Sec: 1.67, Samples/Sec: 20.00
[[34m2025-06-22 08:13:33[0m] (step=0102600) Train Loss: 0.1015, Train Steps/Sec: 1.64, Samples/Sec: 19.73
[[34m2025-06-22 08:14:34[0m] (step=0102700) Train Loss: 0.0937, Train Steps/Sec: 1.64, Samples/Sec: 19.74
[[34m2025-06-22 08:15:34[0m] (step=0102800) Train Loss: 0.0936, Train Steps/Sec: 1.65, Samples/Sec: 19.79
[[34m2025-06-22 08:16:35[0m] (step=0102900) Train Loss: 0.1058, Train Steps/Sec: 1.64, Samples/Sec: 19.69
[[34m2025-06-22 08:17:36[0m] (step=0103000) Train Loss: 0.0975, Train Steps/Sec: 1.64, Samples/Sec: 19.73
[[34m2025-06-22 08:18:36[0m] (step=0103100) Train Loss: 0.1158, Train Steps/Sec: 1.67, Samples/Sec: 20.07
[[34m2025-06-22 08:19:35[0m] (step=0103200) Train Loss: 0.0967, Train Steps/Sec: 1.69, Samples/Sec: 20.26
[[34m2025-06-22 08:20:35[0m] (step=0103300) Train Loss: 0.1060, Train Steps/Sec: 1.67, Samples/Sec: 20.01
[[34m2025-06-22 08:21:36[0m] (step=0103400) Train Loss: 0.0980, Train Steps/Sec: 1.65, Samples/Sec: 19.84
[[34m2025-06-22 08:22:35[0m] (step=0103500) Train Loss: 0.0993, Train Steps/Sec: 1.67, Samples/Sec: 20.07
[[34m2025-06-22 08:23:36[0m] (step=0103600) Train Loss: 0.0985, Train Steps/Sec: 1.65, Samples/Sec: 19.80
[[34m2025-06-22 08:24:36[0m] (step=0103700) Train Loss: 0.1000, Train Steps/Sec: 1.66, Samples/Sec: 19.92
[[34m2025-06-22 08:25:36[0m] (step=0103800) Train Loss: 0.0967, Train Steps/Sec: 1.67, Samples/Sec: 20.01
[[34m2025-06-22 08:26:36[0m] (step=0103900) Train Loss: 0.0985, Train Steps/Sec: 1.68, Samples/Sec: 20.11
[[34m2025-06-22 08:27:36[0m] (step=0104000) Train Loss: 0.0988, Train Steps/Sec: 1.66, Samples/Sec: 19.94
[[34m2025-06-22 08:27:53[0m] Saved checkpoint to logs/nwm_cdit_wuhan_union/checkpoints/latest.pth.tar
[[34m2025-06-22 08:28:52[0m] (step=0104100) Train Loss: 0.1072, Train Steps/Sec: 1.31, Samples/Sec: 15.74
[[34m2025-06-22 08:29:52[0m] (step=0104200) Train Loss: 0.0920, Train Steps/Sec: 1.67, Samples/Sec: 20.00
[[34m2025-06-22 08:30:53[0m] (step=0104300) Train Loss: 0.0938, Train Steps/Sec: 1.65, Samples/Sec: 19.84
[[34m2025-06-22 08:31:52[0m] (step=0104400) Train Loss: 0.1067, Train Steps/Sec: 1.68, Samples/Sec: 20.20
[[34m2025-06-22 08:32:51[0m] (step=0104500) Train Loss: 0.0958, Train Steps/Sec: 1.69, Samples/Sec: 20.30
[[34m2025-06-22 08:33:51[0m] (step=0104600) Train Loss: 0.1010, Train Steps/Sec: 1.67, Samples/Sec: 20.05
[[34m2025-06-22 08:34:50[0m] (step=0104700) Train Loss: 0.0979, Train Steps/Sec: 1.69, Samples/Sec: 20.32
[[34m2025-06-22 08:35:51[0m] (step=0104800) Train Loss: 0.1034, Train Steps/Sec: 1.66, Samples/Sec: 19.96
[[34m2025-06-22 08:36:50[0m] (step=0104900) Train Loss: 0.1025, Train Steps/Sec: 1.67, Samples/Sec: 20.01
[[34m2025-06-22 08:37:50[0m] (step=0105000) Train Loss: 0.1080, Train Steps/Sec: 1.68, Samples/Sec: 20.11
[[34m2025-06-22 08:38:49[0m] (step=0105100) Train Loss: 0.1100, Train Steps/Sec: 1.69, Samples/Sec: 20.33
[[34m2025-06-22 08:39:49[0m] (step=0105200) Train Loss: 0.1122, Train Steps/Sec: 1.68, Samples/Sec: 20.21
[[34m2025-06-22 08:40:49[0m] (step=0105300) Train Loss: 0.0989, Train Steps/Sec: 1.66, Samples/Sec: 19.89
[[34m2025-06-22 08:41:49[0m] (step=0105400) Train Loss: 0.1109, Train Steps/Sec: 1.67, Samples/Sec: 20.05
[[34m2025-06-22 08:42:49[0m] (step=0105500) Train Loss: 0.1036, Train Steps/Sec: 1.67, Samples/Sec: 20.01
[[34m2025-06-22 08:43:49[0m] (step=0105600) Train Loss: 0.1065, Train Steps/Sec: 1.66, Samples/Sec: 19.91
[[34m2025-06-22 08:44:49[0m] (step=0105700) Train Loss: 0.0986, Train Steps/Sec: 1.66, Samples/Sec: 19.87
[[34m2025-06-22 08:45:49[0m] (step=0105800) Train Loss: 0.1063, Train Steps/Sec: 1.67, Samples/Sec: 20.08
[[34m2025-06-22 08:46:48[0m] (step=0105900) Train Loss: 0.1098, Train Steps/Sec: 1.69, Samples/Sec: 20.23
[[34m2025-06-22 08:47:48[0m] (step=0106000) Train Loss: 0.0903, Train Steps/Sec: 1.69, Samples/Sec: 20.30
[[34m2025-06-22 08:48:03[0m] Saved checkpoint to logs/nwm_cdit_wuhan_union/checkpoints/latest.pth.tar
[[34m2025-06-22 08:49:03[0m] (step=0106100) Train Loss: 0.0928, Train Steps/Sec: 1.33, Samples/Sec: 16.01
[[34m2025-06-22 08:50:02[0m] (step=0106200) Train Loss: 0.0920, Train Steps/Sec: 1.68, Samples/Sec: 20.18
[[34m2025-06-22 08:51:01[0m] (step=0106300) Train Loss: 0.1105, Train Steps/Sec: 1.68, Samples/Sec: 20.20
[[34m2025-06-22 08:52:02[0m] (step=0106400) Train Loss: 0.1040, Train Steps/Sec: 1.65, Samples/Sec: 19.83
[[34m2025-06-22 08:53:02[0m] (step=0106500) Train Loss: 0.1096, Train Steps/Sec: 1.67, Samples/Sec: 19.98
[[34m2025-06-22 08:54:03[0m] (step=0106600) Train Loss: 0.0994, Train Steps/Sec: 1.64, Samples/Sec: 19.69
[[34m2025-06-22 08:55:04[0m] (step=0106700) Train Loss: 0.1032, Train Steps/Sec: 1.63, Samples/Sec: 19.57
[[34m2025-06-22 08:56:05[0m] (step=0106800) Train Loss: 0.0918, Train Steps/Sec: 1.64, Samples/Sec: 19.72
[[34m2025-06-22 08:57:06[0m] (step=0106900) Train Loss: 0.1006, Train Steps/Sec: 1.65, Samples/Sec: 19.80
[[34m2025-06-22 08:58:06[0m] (step=0107000) Train Loss: 0.1044, Train Steps/Sec: 1.67, Samples/Sec: 20.08
[[34m2025-06-22 08:59:06[0m] (step=0107100) Train Loss: 0.1005, Train Steps/Sec: 1.66, Samples/Sec: 19.91
[[34m2025-06-22 09:00:05[0m] (step=0107200) Train Loss: 0.0977, Train Steps/Sec: 1.69, Samples/Sec: 20.24
[[34m2025-06-22 09:01:04[0m] (step=0107300) Train Loss: 0.0965, Train Steps/Sec: 1.69, Samples/Sec: 20.34
[[34m2025-06-22 09:02:03[0m] (step=0107400) Train Loss: 0.1006, Train Steps/Sec: 1.69, Samples/Sec: 20.33
[[34m2025-06-22 09:03:03[0m] (step=0107500) Train Loss: 0.0932, Train Steps/Sec: 1.67, Samples/Sec: 20.08
[[34m2025-06-22 09:04:03[0m] (step=0107600) Train Loss: 0.0959, Train Steps/Sec: 1.66, Samples/Sec: 19.92
[[34m2025-06-22 09:05:02[0m] (step=0107700) Train Loss: 0.0993, Train Steps/Sec: 1.68, Samples/Sec: 20.21
[[34m2025-06-22 09:06:02[0m] (step=0107800) Train Loss: 0.0986, Train Steps/Sec: 1.68, Samples/Sec: 20.18
[[34m2025-06-22 09:07:01[0m] (step=0107900) Train Loss: 0.0962, Train Steps/Sec: 1.69, Samples/Sec: 20.32
[[34m2025-06-22 09:08:01[0m] (step=0108000) Train Loss: 0.0943, Train Steps/Sec: 1.67, Samples/Sec: 20.06
[[34m2025-06-22 09:08:17[0m] Saved checkpoint to logs/nwm_cdit_wuhan_union/checkpoints/latest.pth.tar
[[34m2025-06-22 09:09:18[0m] (step=0108100) Train Loss: 0.1058, Train Steps/Sec: 1.30, Samples/Sec: 15.60
[[34m2025-06-22 09:10:17[0m] (step=0108200) Train Loss: 0.0993, Train Steps/Sec: 1.69, Samples/Sec: 20.28
[[34m2025-06-22 09:11:17[0m] (step=0108300) Train Loss: 0.0946, Train Steps/Sec: 1.67, Samples/Sec: 20.06
[[34m2025-06-22 09:12:17[0m] (step=0108400) Train Loss: 0.1003, Train Steps/Sec: 1.66, Samples/Sec: 19.95
[[34m2025-06-22 09:13:17[0m] (step=0108500) Train Loss: 0.1050, Train Steps/Sec: 1.66, Samples/Sec: 19.90
[[34m2025-06-22 09:14:17[0m] (step=0108600) Train Loss: 0.0923, Train Steps/Sec: 1.67, Samples/Sec: 20.00
[[34m2025-06-22 09:15:17[0m] (step=0108700) Train Loss: 0.0956, Train Steps/Sec: 1.66, Samples/Sec: 19.92
[[34m2025-06-22 09:16:18[0m] (step=0108800) Train Loss: 0.1037, Train Steps/Sec: 1.65, Samples/Sec: 19.79
[[34m2025-06-22 09:17:17[0m] (step=0108900) Train Loss: 0.1006, Train Steps/Sec: 1.70, Samples/Sec: 20.44
[[34m2025-06-22 09:18:15[0m] (step=0109000) Train Loss: 0.1008, Train Steps/Sec: 1.71, Samples/Sec: 20.48
[[34m2025-06-22 09:18:56[0m] Beginning epoch 9...
[[34m2025-06-22 09:19:18[0m] (step=0109100) Train Loss: 0.0940, Train Steps/Sec: 1.59, Samples/Sec: 19.12
[[34m2025-06-22 09:20:18[0m] (step=0109200) Train Loss: 0.1003, Train Steps/Sec: 1.66, Samples/Sec: 19.95
[[34m2025-06-22 09:21:18[0m] (step=0109300) Train Loss: 0.0911, Train Steps/Sec: 1.68, Samples/Sec: 20.18
[[34m2025-06-22 09:22:18[0m] (step=0109400) Train Loss: 0.0887, Train Steps/Sec: 1.66, Samples/Sec: 19.90
[[34m2025-06-22 09:23:18[0m] (step=0109500) Train Loss: 0.1004, Train Steps/Sec: 1.66, Samples/Sec: 19.87
[[34m2025-06-22 09:24:18[0m] (step=0109600) Train Loss: 0.1112, Train Steps/Sec: 1.67, Samples/Sec: 20.06
[[34m2025-06-22 09:25:19[0m] (step=0109700) Train Loss: 0.1002, Train Steps/Sec: 1.66, Samples/Sec: 19.90
[[34m2025-06-22 09:26:19[0m] (step=0109800) Train Loss: 0.1086, Train Steps/Sec: 1.67, Samples/Sec: 19.99
[[34m2025-06-22 09:27:18[0m] (step=0109900) Train Loss: 0.0969, Train Steps/Sec: 1.68, Samples/Sec: 20.10
[[34m2025-06-22 09:28:19[0m] (step=0110000) Train Loss: 0.1020, Train Steps/Sec: 1.66, Samples/Sec: 19.94
[[34m2025-06-22 09:28:35[0m] Saved checkpoint to logs/nwm_cdit_wuhan_union/checkpoints/latest.pth.tar
Using cache found in ./models/facebookresearch_dino_main
[[34m2025-06-22 09:28:37[0m] Already found a `peft_config` attribute in the model. This will lead to having multiple adapters in the model. Make sure to know what you are doing!
[[34m2025-06-22 09:31:01[0m] (step=0110000) Perceptual Loss: 0.1996, Eval Time: 146.70
[[34m2025-06-22 09:32:01[0m] (step=0110100) Train Loss: 0.0927, Train Steps/Sec: 0.45, Samples/Sec: 5.39
[[34m2025-06-22 09:33:00[0m] (step=0110200) Train Loss: 0.0918, Train Steps/Sec: 1.70, Samples/Sec: 20.35
[[34m2025-06-22 09:34:01[0m] (step=0110300) Train Loss: 0.0996, Train Steps/Sec: 1.64, Samples/Sec: 19.72
[[34m2025-06-22 09:35:00[0m] (step=0110400) Train Loss: 0.0950, Train Steps/Sec: 1.69, Samples/Sec: 20.23
[[34m2025-06-22 09:36:01[0m] (step=0110500) Train Loss: 0.0918, Train Steps/Sec: 1.65, Samples/Sec: 19.76
[[34m2025-06-22 09:37:00[0m] (step=0110600) Train Loss: 0.0992, Train Steps/Sec: 1.68, Samples/Sec: 20.12
[[34m2025-06-22 09:38:01[0m] (step=0110700) Train Loss: 0.0993, Train Steps/Sec: 1.65, Samples/Sec: 19.82
[[34m2025-06-22 09:39:01[0m] (step=0110800) Train Loss: 0.0994, Train Steps/Sec: 1.67, Samples/Sec: 20.01
[[34m2025-06-22 09:40:02[0m] (step=0110900) Train Loss: 0.0935, Train Steps/Sec: 1.65, Samples/Sec: 19.83
[[34m2025-06-22 09:41:03[0m] (step=0111000) Train Loss: 0.1022, Train Steps/Sec: 1.62, Samples/Sec: 19.48
[[34m2025-06-22 09:42:04[0m] (step=0111100) Train Loss: 0.1001, Train Steps/Sec: 1.64, Samples/Sec: 19.69
[[34m2025-06-22 09:43:03[0m] (step=0111200) Train Loss: 0.0950, Train Steps/Sec: 1.69, Samples/Sec: 20.31
[[34m2025-06-22 09:44:03[0m] (step=0111300) Train Loss: 0.1088, Train Steps/Sec: 1.67, Samples/Sec: 19.98
[[34m2025-06-22 09:45:03[0m] (step=0111400) Train Loss: 0.0945, Train Steps/Sec: 1.66, Samples/Sec: 19.90
[[34m2025-06-22 09:46:04[0m] (step=0111500) Train Loss: 0.0995, Train Steps/Sec: 1.66, Samples/Sec: 19.98
[[34m2025-06-22 09:47:04[0m] (step=0111600) Train Loss: 0.0959, Train Steps/Sec: 1.66, Samples/Sec: 19.95
[[34m2025-06-22 09:48:03[0m] (step=0111700) Train Loss: 0.1056, Train Steps/Sec: 1.68, Samples/Sec: 20.21
[[34m2025-06-22 09:49:03[0m] (step=0111800) Train Loss: 0.1005, Train Steps/Sec: 1.66, Samples/Sec: 19.95
[[34m2025-06-22 09:50:03[0m] (step=0111900) Train Loss: 0.0953, Train Steps/Sec: 1.68, Samples/Sec: 20.10
[[34m2025-06-22 09:51:03[0m] (step=0112000) Train Loss: 0.1008, Train Steps/Sec: 1.66, Samples/Sec: 19.92
[[34m2025-06-22 09:51:19[0m] Saved checkpoint to logs/nwm_cdit_wuhan_union/checkpoints/latest.pth.tar
[[34m2025-06-22 09:52:19[0m] (step=0112100) Train Loss: 0.0972, Train Steps/Sec: 1.31, Samples/Sec: 15.73
[[34m2025-06-22 09:53:19[0m] (step=0112200) Train Loss: 0.0999, Train Steps/Sec: 1.68, Samples/Sec: 20.12
[[34m2025-06-22 09:54:18[0m] (step=0112300) Train Loss: 0.1021, Train Steps/Sec: 1.69, Samples/Sec: 20.31
[[34m2025-06-22 09:55:17[0m] (step=0112400) Train Loss: 0.1018, Train Steps/Sec: 1.69, Samples/Sec: 20.28
[[34m2025-06-22 09:56:17[0m] (step=0112500) Train Loss: 0.0986, Train Steps/Sec: 1.69, Samples/Sec: 20.23
[[34m2025-06-22 09:57:16[0m] (step=0112600) Train Loss: 0.1001, Train Steps/Sec: 1.69, Samples/Sec: 20.31
[[34m2025-06-22 09:58:15[0m] (step=0112700) Train Loss: 0.0969, Train Steps/Sec: 1.70, Samples/Sec: 20.34
[[34m2025-06-22 09:59:14[0m] (step=0112800) Train Loss: 0.1001, Train Steps/Sec: 1.69, Samples/Sec: 20.29
[[34m2025-06-22 10:00:13[0m] (step=0112900) Train Loss: 0.1036, Train Steps/Sec: 1.70, Samples/Sec: 20.42
[[34m2025-06-22 10:01:12[0m] (step=0113000) Train Loss: 0.1043, Train Steps/Sec: 1.69, Samples/Sec: 20.22
[[34m2025-06-22 10:02:11[0m] (step=0113100) Train Loss: 0.0982, Train Steps/Sec: 1.68, Samples/Sec: 20.19
[[34m2025-06-22 10:03:10[0m] (step=0113200) Train Loss: 0.1018, Train Steps/Sec: 1.69, Samples/Sec: 20.32
[[34m2025-06-22 10:04:10[0m] (step=0113300) Train Loss: 0.0959, Train Steps/Sec: 1.68, Samples/Sec: 20.22
[[34m2025-06-22 10:05:09[0m] (step=0113400) Train Loss: 0.0993, Train Steps/Sec: 1.69, Samples/Sec: 20.33
[[34m2025-06-22 10:06:09[0m] (step=0113500) Train Loss: 0.0954, Train Steps/Sec: 1.67, Samples/Sec: 20.08
[[34m2025-06-22 10:07:08[0m] (step=0113600) Train Loss: 0.0989, Train Steps/Sec: 1.70, Samples/Sec: 20.38
[[34m2025-06-22 10:08:07[0m] (step=0113700) Train Loss: 0.0898, Train Steps/Sec: 1.69, Samples/Sec: 20.32
[[34m2025-06-22 10:09:05[0m] (step=0113800) Train Loss: 0.1001, Train Steps/Sec: 1.70, Samples/Sec: 20.38
[[34m2025-06-22 10:10:04[0m] (step=0113900) Train Loss: 0.0917, Train Steps/Sec: 1.69, Samples/Sec: 20.33
[[34m2025-06-22 10:11:04[0m] (step=0114000) Train Loss: 0.0964, Train Steps/Sec: 1.69, Samples/Sec: 20.27
[[34m2025-06-22 10:11:19[0m] Saved checkpoint to logs/nwm_cdit_wuhan_union/checkpoints/latest.pth.tar
[[34m2025-06-22 10:12:19[0m] (step=0114100) Train Loss: 0.0963, Train Steps/Sec: 1.33, Samples/Sec: 15.92
[[34m2025-06-22 10:13:18[0m] (step=0114200) Train Loss: 0.0917, Train Steps/Sec: 1.70, Samples/Sec: 20.42
[[34m2025-06-22 10:14:17[0m] (step=0114300) Train Loss: 0.1055, Train Steps/Sec: 1.69, Samples/Sec: 20.31
[[34m2025-06-22 10:15:17[0m] (step=0114400) Train Loss: 0.0864, Train Steps/Sec: 1.68, Samples/Sec: 20.13
[[34m2025-06-22 10:16:16[0m] (step=0114500) Train Loss: 0.1039, Train Steps/Sec: 1.67, Samples/Sec: 20.06
[[34m2025-06-22 10:17:16[0m] (step=0114600) Train Loss: 0.1042, Train Steps/Sec: 1.69, Samples/Sec: 20.26
[[34m2025-06-22 10:18:15[0m] (step=0114700) Train Loss: 0.1055, Train Steps/Sec: 1.67, Samples/Sec: 20.09
[[34m2025-06-22 10:19:14[0m] (step=0114800) Train Loss: 0.1029, Train Steps/Sec: 1.69, Samples/Sec: 20.34
[[34m2025-06-22 10:20:13[0m] (step=0114900) Train Loss: 0.1082, Train Steps/Sec: 1.69, Samples/Sec: 20.29
[[34m2025-06-22 10:21:14[0m] (step=0115000) Train Loss: 0.0965, Train Steps/Sec: 1.65, Samples/Sec: 19.80
[[34m2025-06-22 10:22:14[0m] (step=0115100) Train Loss: 0.0913, Train Steps/Sec: 1.68, Samples/Sec: 20.13
[[34m2025-06-22 10:23:14[0m] (step=0115200) Train Loss: 0.0948, Train Steps/Sec: 1.67, Samples/Sec: 19.98
[[34m2025-06-22 10:24:14[0m] (step=0115300) Train Loss: 0.0953, Train Steps/Sec: 1.65, Samples/Sec: 19.83
[[34m2025-06-22 10:25:16[0m] (step=0115400) Train Loss: 0.1057, Train Steps/Sec: 1.63, Samples/Sec: 19.51
[[34m2025-06-22 10:26:15[0m] (step=0115500) Train Loss: 0.0966, Train Steps/Sec: 1.68, Samples/Sec: 20.18
[[34m2025-06-22 10:27:15[0m] (step=0115600) Train Loss: 0.1086, Train Steps/Sec: 1.67, Samples/Sec: 20.09
[[34m2025-06-22 10:28:15[0m] (step=0115700) Train Loss: 0.1111, Train Steps/Sec: 1.65, Samples/Sec: 19.86
[[34m2025-06-22 10:29:16[0m] (step=0115800) Train Loss: 0.1054, Train Steps/Sec: 1.65, Samples/Sec: 19.78
[[34m2025-06-22 10:30:17[0m] (step=0115900) Train Loss: 0.0918, Train Steps/Sec: 1.65, Samples/Sec: 19.84
[[34m2025-06-22 10:31:17[0m] (step=0116000) Train Loss: 0.0899, Train Steps/Sec: 1.64, Samples/Sec: 19.72
[[34m2025-06-22 10:31:38[0m] Saved checkpoint to logs/nwm_cdit_wuhan_union/checkpoints/latest.pth.tar
[[34m2025-06-22 10:32:40[0m] (step=0116100) Train Loss: 0.0933, Train Steps/Sec: 1.21, Samples/Sec: 14.48
[[34m2025-06-22 10:33:42[0m] (step=0116200) Train Loss: 0.1021, Train Steps/Sec: 1.62, Samples/Sec: 19.39
[[34m2025-06-22 10:34:43[0m] (step=0116300) Train Loss: 0.0919, Train Steps/Sec: 1.63, Samples/Sec: 19.60
[[34m2025-06-22 10:35:44[0m] (step=0116400) Train Loss: 0.1065, Train Steps/Sec: 1.66, Samples/Sec: 19.89
[[34m2025-06-22 10:36:45[0m] (step=0116500) Train Loss: 0.1037, Train Steps/Sec: 1.63, Samples/Sec: 19.58
[[34m2025-06-22 10:37:45[0m] (step=0116600) Train Loss: 0.1028, Train Steps/Sec: 1.67, Samples/Sec: 20.04
[[34m2025-06-22 10:38:46[0m] (step=0116700) Train Loss: 0.0938, Train Steps/Sec: 1.65, Samples/Sec: 19.76
[[34m2025-06-22 10:39:45[0m] (step=0116800) Train Loss: 0.0971, Train Steps/Sec: 1.67, Samples/Sec: 20.09
[[34m2025-06-22 10:40:45[0m] (step=0116900) Train Loss: 0.1050, Train Steps/Sec: 1.67, Samples/Sec: 20.05
[[34m2025-06-22 10:41:44[0m] (step=0117000) Train Loss: 0.1062, Train Steps/Sec: 1.70, Samples/Sec: 20.39
[[34m2025-06-22 10:42:44[0m] (step=0117100) Train Loss: 0.0972, Train Steps/Sec: 1.66, Samples/Sec: 19.92
[[34m2025-06-22 10:43:44[0m] (step=0117200) Train Loss: 0.1002, Train Steps/Sec: 1.67, Samples/Sec: 20.01
[[34m2025-06-22 10:44:46[0m] (step=0117300) Train Loss: 0.0921, Train Steps/Sec: 1.61, Samples/Sec: 19.37
[[34m2025-06-22 10:45:47[0m] (step=0117400) Train Loss: 0.0945, Train Steps/Sec: 1.65, Samples/Sec: 19.79
[[34m2025-06-22 10:46:47[0m] (step=0117500) Train Loss: 0.1093, Train Steps/Sec: 1.66, Samples/Sec: 19.95
[[34m2025-06-22 10:47:46[0m] (step=0117600) Train Loss: 0.1056, Train Steps/Sec: 1.68, Samples/Sec: 20.20
[[34m2025-06-22 10:48:46[0m] (step=0117700) Train Loss: 0.1026, Train Steps/Sec: 1.67, Samples/Sec: 20.02
[[34m2025-06-22 10:49:45[0m] (step=0117800) Train Loss: 0.0930, Train Steps/Sec: 1.70, Samples/Sec: 20.41
[[34m2025-06-22 10:50:44[0m] (step=0117900) Train Loss: 0.0932, Train Steps/Sec: 1.69, Samples/Sec: 20.22
[[34m2025-06-22 10:51:44[0m] (step=0118000) Train Loss: 0.0934, Train Steps/Sec: 1.67, Samples/Sec: 20.01
[[34m2025-06-22 10:52:00[0m] Saved checkpoint to logs/nwm_cdit_wuhan_union/checkpoints/latest.pth.tar
[[34m2025-06-22 10:52:59[0m] (step=0118100) Train Loss: 0.1006, Train Steps/Sec: 1.34, Samples/Sec: 16.12
[[34m2025-06-22 10:53:58[0m] (step=0118200) Train Loss: 0.0939, Train Steps/Sec: 1.70, Samples/Sec: 20.37
[[34m2025-06-22 10:54:59[0m] (step=0118300) Train Loss: 0.0947, Train Steps/Sec: 1.65, Samples/Sec: 19.75
[[34m2025-06-22 10:55:58[0m] (step=0118400) Train Loss: 0.1094, Train Steps/Sec: 1.67, Samples/Sec: 20.10
[[34m2025-06-22 10:56:57[0m] (step=0118500) Train Loss: 0.1021, Train Steps/Sec: 1.69, Samples/Sec: 20.28
[[34m2025-06-22 10:57:58[0m] (step=0118600) Train Loss: 0.1006, Train Steps/Sec: 1.65, Samples/Sec: 19.85
[[34m2025-06-22 10:58:57[0m] (step=0118700) Train Loss: 0.0992, Train Steps/Sec: 1.69, Samples/Sec: 20.32
[[34m2025-06-22 10:59:56[0m] (step=0118800) Train Loss: 0.0948, Train Steps/Sec: 1.69, Samples/Sec: 20.29
[[34m2025-06-22 11:00:56[0m] (step=0118900) Train Loss: 0.1065, Train Steps/Sec: 1.66, Samples/Sec: 19.94
[[34m2025-06-22 11:01:56[0m] (step=0119000) Train Loss: 0.1006, Train Steps/Sec: 1.66, Samples/Sec: 19.94
[[34m2025-06-22 11:02:57[0m] (step=0119100) Train Loss: 0.1125, Train Steps/Sec: 1.67, Samples/Sec: 19.99
[[34m2025-06-22 11:03:57[0m] (step=0119200) Train Loss: 0.1088, Train Steps/Sec: 1.66, Samples/Sec: 19.96
[[34m2025-06-22 11:04:57[0m] (step=0119300) Train Loss: 0.0977, Train Steps/Sec: 1.67, Samples/Sec: 20.02
[[34m2025-06-22 11:05:57[0m] (step=0119400) Train Loss: 0.1004, Train Steps/Sec: 1.67, Samples/Sec: 20.00
[[34m2025-06-22 11:06:57[0m] (step=0119500) Train Loss: 0.1042, Train Steps/Sec: 1.64, Samples/Sec: 19.72
[[34m2025-06-22 11:07:58[0m] (step=0119600) Train Loss: 0.0926, Train Steps/Sec: 1.64, Samples/Sec: 19.73
[[34m2025-06-22 11:08:58[0m] (step=0119700) Train Loss: 0.1148, Train Steps/Sec: 1.67, Samples/Sec: 20.05
[[34m2025-06-22 11:09:58[0m] (step=0119800) Train Loss: 0.0915, Train Steps/Sec: 1.67, Samples/Sec: 20.02
[[34m2025-06-22 11:10:57[0m] (step=0119900) Train Loss: 0.0964, Train Steps/Sec: 1.69, Samples/Sec: 20.23
[[34m2025-06-22 11:11:58[0m] (step=0120000) Train Loss: 0.1004, Train Steps/Sec: 1.66, Samples/Sec: 19.92
[[34m2025-06-22 11:12:29[0m] Saved checkpoint to logs/nwm_cdit_wuhan_union/checkpoints/0120000.pth.tar
Using cache found in ./models/facebookresearch_dino_main
[[34m2025-06-22 11:12:32[0m] Already found a `peft_config` attribute in the model. This will lead to having multiple adapters in the model. Make sure to know what you are doing!
[[34m2025-06-22 11:14:54[0m] (step=0120000) Perceptual Loss: 0.2654, Eval Time: 145.07
[[34m2025-06-22 11:15:55[0m] (step=0120100) Train Loss: 0.1015, Train Steps/Sec: 0.42, Samples/Sec: 5.06
[[34m2025-06-22 11:16:54[0m] (step=0120200) Train Loss: 0.1018, Train Steps/Sec: 1.69, Samples/Sec: 20.23
[[34m2025-06-22 11:17:55[0m] (step=0120300) Train Loss: 0.0971, Train Steps/Sec: 1.65, Samples/Sec: 19.83
[[34m2025-06-22 11:18:56[0m] (step=0120400) Train Loss: 0.0953, Train Steps/Sec: 1.64, Samples/Sec: 19.64
[[34m2025-06-22 11:19:57[0m] (step=0120500) Train Loss: 0.0905, Train Steps/Sec: 1.63, Samples/Sec: 19.62
[[34m2025-06-22 11:20:58[0m] (step=0120600) Train Loss: 0.0940, Train Steps/Sec: 1.64, Samples/Sec: 19.67
[[34m2025-06-22 11:21:59[0m] (step=0120700) Train Loss: 0.0921, Train Steps/Sec: 1.63, Samples/Sec: 19.61
[[34m2025-06-22 11:22:59[0m] (step=0120800) Train Loss: 0.1065, Train Steps/Sec: 1.67, Samples/Sec: 20.09
[[34m2025-06-22 11:23:59[0m] (step=0120900) Train Loss: 0.0938, Train Steps/Sec: 1.66, Samples/Sec: 19.93
[[34m2025-06-22 11:24:59[0m] (step=0121000) Train Loss: 0.0977, Train Steps/Sec: 1.68, Samples/Sec: 20.15
[[34m2025-06-22 11:26:00[0m] (step=0121100) Train Loss: 0.0945, Train Steps/Sec: 1.64, Samples/Sec: 19.72
[[34m2025-06-22 11:26:53[0m] Beginning epoch 10...
[[34m2025-06-22 11:27:04[0m] (step=0121200) Train Loss: 0.1010, Train Steps/Sec: 1.56, Samples/Sec: 18.72
[[34m2025-06-22 11:28:04[0m] (step=0121300) Train Loss: 0.0942, Train Steps/Sec: 1.67, Samples/Sec: 20.08
[[34m2025-06-22 11:29:04[0m] (step=0121400) Train Loss: 0.0996, Train Steps/Sec: 1.66, Samples/Sec: 19.96
[[34m2025-06-22 11:30:03[0m] (step=0121500) Train Loss: 0.0941, Train Steps/Sec: 1.68, Samples/Sec: 20.16
[[34m2025-06-22 11:31:03[0m] (step=0121600) Train Loss: 0.1059, Train Steps/Sec: 1.67, Samples/Sec: 20.06
[[34m2025-06-22 11:32:03[0m] (step=0121700) Train Loss: 0.0892, Train Steps/Sec: 1.67, Samples/Sec: 20.05
[[34m2025-06-22 11:33:04[0m] (step=0121800) Train Loss: 0.0976, Train Steps/Sec: 1.63, Samples/Sec: 19.54
[[34m2025-06-22 11:34:04[0m] (step=0121900) Train Loss: 0.0993, Train Steps/Sec: 1.66, Samples/Sec: 19.97
[[34m2025-06-22 11:35:05[0m] (step=0122000) Train Loss: 0.0963, Train Steps/Sec: 1.66, Samples/Sec: 19.93
[[34m2025-06-22 11:35:20[0m] Saved checkpoint to logs/nwm_cdit_wuhan_union/checkpoints/latest.pth.tar
[[34m2025-06-22 11:36:20[0m] (step=0122100) Train Loss: 0.0921, Train Steps/Sec: 1.33, Samples/Sec: 15.99
[[34m2025-06-22 11:37:20[0m] (step=0122200) Train Loss: 0.0930, Train Steps/Sec: 1.65, Samples/Sec: 19.76
[[34m2025-06-22 11:38:20[0m] (step=0122300) Train Loss: 0.1048, Train Steps/Sec: 1.67, Samples/Sec: 20.05
[[34m2025-06-22 11:39:20[0m] (step=0122400) Train Loss: 0.1007, Train Steps/Sec: 1.68, Samples/Sec: 20.14
[[34m2025-06-22 11:40:20[0m] (step=0122500) Train Loss: 0.1014, Train Steps/Sec: 1.66, Samples/Sec: 19.91
[[34m2025-06-22 11:41:20[0m] (step=0122600) Train Loss: 0.1059, Train Steps/Sec: 1.67, Samples/Sec: 20.06
[[34m2025-06-22 11:42:19[0m] (step=0122700) Train Loss: 0.1058, Train Steps/Sec: 1.69, Samples/Sec: 20.24
[[34m2025-06-22 11:43:18[0m] (step=0122800) Train Loss: 0.0961, Train Steps/Sec: 1.69, Samples/Sec: 20.26
[[34m2025-06-22 11:44:18[0m] (step=0122900) Train Loss: 0.0928, Train Steps/Sec: 1.69, Samples/Sec: 20.27
[[34m2025-06-22 11:45:16[0m] (step=0123000) Train Loss: 0.0981, Train Steps/Sec: 1.70, Samples/Sec: 20.39
[[34m2025-06-22 11:46:15[0m] (step=0123100) Train Loss: 0.0952, Train Steps/Sec: 1.70, Samples/Sec: 20.43
[[34m2025-06-22 11:47:15[0m] (step=0123200) Train Loss: 0.1037, Train Steps/Sec: 1.67, Samples/Sec: 20.05
[[34m2025-06-22 11:48:14[0m] (step=0123300) Train Loss: 0.0962, Train Steps/Sec: 1.70, Samples/Sec: 20.36
[[34m2025-06-22 11:49:13[0m] (step=0123400) Train Loss: 0.0898, Train Steps/Sec: 1.70, Samples/Sec: 20.36
[[34m2025-06-22 11:50:12[0m] (step=0123500) Train Loss: 0.1010, Train Steps/Sec: 1.69, Samples/Sec: 20.23
[[34m2025-06-22 11:51:12[0m] (step=0123600) Train Loss: 0.0926, Train Steps/Sec: 1.68, Samples/Sec: 20.22
[[34m2025-06-22 11:52:11[0m] (step=0123700) Train Loss: 0.1028, Train Steps/Sec: 1.68, Samples/Sec: 20.21
[[34m2025-06-22 11:53:10[0m] (step=0123800) Train Loss: 0.0923, Train Steps/Sec: 1.70, Samples/Sec: 20.39
[[34m2025-06-22 11:54:09[0m] (step=0123900) Train Loss: 0.1065, Train Steps/Sec: 1.69, Samples/Sec: 20.34
[[34m2025-06-22 11:55:06[0m] (step=0124000) Train Loss: 0.1074, Train Steps/Sec: 1.73, Samples/Sec: 20.82
[[34m2025-06-22 11:55:22[0m] Saved checkpoint to logs/nwm_cdit_wuhan_union/checkpoints/latest.pth.tar
[[34m2025-06-22 11:56:21[0m] (step=0124100) Train Loss: 0.0885, Train Steps/Sec: 1.34, Samples/Sec: 16.06
[[34m2025-06-22 11:57:21[0m] (step=0124200) Train Loss: 0.0908, Train Steps/Sec: 1.68, Samples/Sec: 20.19
[[34m2025-06-22 11:58:20[0m] (step=0124300) Train Loss: 0.0914, Train Steps/Sec: 1.70, Samples/Sec: 20.37
[[34m2025-06-22 11:59:18[0m] (step=0124400) Train Loss: 0.0957, Train Steps/Sec: 1.70, Samples/Sec: 20.44
[[34m2025-06-22 12:00:17[0m] (step=0124500) Train Loss: 0.0963, Train Steps/Sec: 1.70, Samples/Sec: 20.37
[[34m2025-06-22 12:01:16[0m] (step=0124600) Train Loss: 0.1011, Train Steps/Sec: 1.70, Samples/Sec: 20.42
[[34m2025-06-22 12:02:16[0m] (step=0124700) Train Loss: 0.0889, Train Steps/Sec: 1.68, Samples/Sec: 20.13
[[34m2025-06-22 12:03:15[0m] (step=0124800) Train Loss: 0.0980, Train Steps/Sec: 1.70, Samples/Sec: 20.34
[[34m2025-06-22 12:04:12[0m] (step=0124900) Train Loss: 0.0991, Train Steps/Sec: 1.73, Samples/Sec: 20.76
[[34m2025-06-22 12:05:13[0m] (step=0125000) Train Loss: 0.0937, Train Steps/Sec: 1.64, Samples/Sec: 19.71
[[34m2025-06-22 12:06:22[0m] (step=0125100) Train Loss: 0.0995, Train Steps/Sec: 1.45, Samples/Sec: 17.41
[[34m2025-06-22 12:07:25[0m] (step=0125200) Train Loss: 0.0960, Train Steps/Sec: 1.60, Samples/Sec: 19.22
[[34m2025-06-22 12:08:24[0m] (step=0125300) Train Loss: 0.0962, Train Steps/Sec: 1.69, Samples/Sec: 20.32
[[34m2025-06-22 12:09:23[0m] (step=0125400) Train Loss: 0.0944, Train Steps/Sec: 1.68, Samples/Sec: 20.16
[[34m2025-06-22 12:10:24[0m] (step=0125500) Train Loss: 0.0977, Train Steps/Sec: 1.66, Samples/Sec: 19.87
[[34m2025-06-22 12:11:23[0m] (step=0125600) Train Loss: 0.0949, Train Steps/Sec: 1.68, Samples/Sec: 20.17
[[34m2025-06-22 12:12:22[0m] (step=0125700) Train Loss: 0.1028, Train Steps/Sec: 1.68, Samples/Sec: 20.20
[[34m2025-06-22 12:13:22[0m] (step=0125800) Train Loss: 0.0932, Train Steps/Sec: 1.67, Samples/Sec: 20.02
[[34m2025-06-22 12:14:23[0m] (step=0125900) Train Loss: 0.0971, Train Steps/Sec: 1.66, Samples/Sec: 19.93
[[34m2025-06-22 12:15:22[0m] (step=0126000) Train Loss: 0.1017, Train Steps/Sec: 1.68, Samples/Sec: 20.11
[[34m2025-06-22 12:15:37[0m] Saved checkpoint to logs/nwm_cdit_wuhan_union/checkpoints/latest.pth.tar
[[34m2025-06-22 12:16:37[0m] (step=0126100) Train Loss: 0.1000, Train Steps/Sec: 1.34, Samples/Sec: 16.08
[[34m2025-06-22 12:17:36[0m] (step=0126200) Train Loss: 0.1051, Train Steps/Sec: 1.68, Samples/Sec: 20.20
[[34m2025-06-22 12:18:36[0m] (step=0126300) Train Loss: 0.1104, Train Steps/Sec: 1.68, Samples/Sec: 20.22
[[34m2025-06-22 12:19:35[0m] (step=0126400) Train Loss: 0.1056, Train Steps/Sec: 1.69, Samples/Sec: 20.22
[[34m2025-06-22 12:20:35[0m] (step=0126500) Train Loss: 0.1029, Train Steps/Sec: 1.68, Samples/Sec: 20.12
[[34m2025-06-22 12:21:33[0m] (step=0126600) Train Loss: 0.0938, Train Steps/Sec: 1.70, Samples/Sec: 20.41
[[34m2025-06-22 12:22:32[0m] (step=0126700) Train Loss: 0.0974, Train Steps/Sec: 1.70, Samples/Sec: 20.37
[[34m2025-06-22 12:23:32[0m] (step=0126800) Train Loss: 0.0851, Train Steps/Sec: 1.69, Samples/Sec: 20.27
[[34m2025-06-22 12:24:31[0m] (step=0126900) Train Loss: 0.0974, Train Steps/Sec: 1.68, Samples/Sec: 20.18
[[34m2025-06-22 12:25:30[0m] (step=0127000) Train Loss: 0.0831, Train Steps/Sec: 1.69, Samples/Sec: 20.30
[[34m2025-06-22 12:26:29[0m] (step=0127100) Train Loss: 0.1020, Train Steps/Sec: 1.71, Samples/Sec: 20.46
[[34m2025-06-22 12:27:28[0m] (step=0127200) Train Loss: 0.1020, Train Steps/Sec: 1.69, Samples/Sec: 20.32
[[34m2025-06-22 12:28:28[0m] (step=0127300) Train Loss: 0.1039, Train Steps/Sec: 1.67, Samples/Sec: 20.02
[[34m2025-06-22 12:29:27[0m] (step=0127400) Train Loss: 0.0979, Train Steps/Sec: 1.68, Samples/Sec: 20.17
[[34m2025-06-22 12:30:27[0m] (step=0127500) Train Loss: 0.0956, Train Steps/Sec: 1.67, Samples/Sec: 20.00
[[34m2025-06-22 12:31:27[0m] (step=0127600) Train Loss: 0.0816, Train Steps/Sec: 1.67, Samples/Sec: 20.02
[[34m2025-06-22 12:32:27[0m] (step=0127700) Train Loss: 0.0948, Train Steps/Sec: 1.66, Samples/Sec: 19.96
[[34m2025-06-22 12:33:28[0m] (step=0127800) Train Loss: 0.1034, Train Steps/Sec: 1.64, Samples/Sec: 19.73
[[34m2025-06-22 12:34:27[0m] (step=0127900) Train Loss: 0.1018, Train Steps/Sec: 1.69, Samples/Sec: 20.26
[[34m2025-06-22 12:35:27[0m] (step=0128000) Train Loss: 0.0931, Train Steps/Sec: 1.67, Samples/Sec: 20.02
[[34m2025-06-22 12:35:45[0m] Saved checkpoint to logs/nwm_cdit_wuhan_union/checkpoints/latest.pth.tar
[[34m2025-06-22 12:36:45[0m] (step=0128100) Train Loss: 0.0865, Train Steps/Sec: 1.28, Samples/Sec: 15.41
[[34m2025-06-22 12:37:46[0m] (step=0128200) Train Loss: 0.1022, Train Steps/Sec: 1.65, Samples/Sec: 19.78
[[34m2025-06-22 12:38:46[0m] (step=0128300) Train Loss: 0.0909, Train Steps/Sec: 1.68, Samples/Sec: 20.12
[[34m2025-06-22 12:39:46[0m] (step=0128400) Train Loss: 0.0852, Train Steps/Sec: 1.67, Samples/Sec: 20.00
[[34m2025-06-22 12:40:45[0m] (step=0128500) Train Loss: 0.0884, Train Steps/Sec: 1.69, Samples/Sec: 20.27
[[34m2025-06-22 12:41:44[0m] (step=0128600) Train Loss: 0.1007, Train Steps/Sec: 1.69, Samples/Sec: 20.29
[[34m2025-06-22 12:42:44[0m] (step=0128700) Train Loss: 0.1038, Train Steps/Sec: 1.67, Samples/Sec: 20.05
[[34m2025-06-22 12:43:44[0m] (step=0128800) Train Loss: 0.1005, Train Steps/Sec: 1.66, Samples/Sec: 19.88
[[34m2025-06-22 12:44:44[0m] (step=0128900) Train Loss: 0.1018, Train Steps/Sec: 1.67, Samples/Sec: 20.01
[[34m2025-06-22 12:45:44[0m] (step=0129000) Train Loss: 0.0971, Train Steps/Sec: 1.67, Samples/Sec: 20.06
[[34m2025-06-22 12:46:43[0m] (step=0129100) Train Loss: 0.0996, Train Steps/Sec: 1.68, Samples/Sec: 20.14
[[34m2025-06-22 12:47:43[0m] (step=0129200) Train Loss: 0.0996, Train Steps/Sec: 1.68, Samples/Sec: 20.11
[[34m2025-06-22 12:48:43[0m] (step=0129300) Train Loss: 0.0985, Train Steps/Sec: 1.67, Samples/Sec: 20.01
[[34m2025-06-22 12:49:43[0m] (step=0129400) Train Loss: 0.0963, Train Steps/Sec: 1.67, Samples/Sec: 20.08
[[34m2025-06-22 12:50:43[0m] (step=0129500) Train Loss: 0.0937, Train Steps/Sec: 1.67, Samples/Sec: 20.08
[[34m2025-06-22 12:51:42[0m] (step=0129600) Train Loss: 0.0985, Train Steps/Sec: 1.67, Samples/Sec: 20.10
[[34m2025-06-22 12:52:42[0m] (step=0129700) Train Loss: 0.0986, Train Steps/Sec: 1.68, Samples/Sec: 20.13
[[34m2025-06-22 12:53:41[0m] (step=0129800) Train Loss: 0.1014, Train Steps/Sec: 1.70, Samples/Sec: 20.35
[[34m2025-06-22 12:54:41[0m] (step=0129900) Train Loss: 0.0924, Train Steps/Sec: 1.68, Samples/Sec: 20.12
[[34m2025-06-22 12:55:40[0m] (step=0130000) Train Loss: 0.1022, Train Steps/Sec: 1.69, Samples/Sec: 20.29
[[34m2025-06-22 12:55:55[0m] Saved checkpoint to logs/nwm_cdit_wuhan_union/checkpoints/latest.pth.tar
Using cache found in ./models/facebookresearch_dino_main
[[34m2025-06-22 12:55:58[0m] Already found a `peft_config` attribute in the model. This will lead to having multiple adapters in the model. Make sure to know what you are doing!
[[34m2025-06-22 12:58:21[0m] (step=0130000) Perceptual Loss: 0.2116, Eval Time: 146.23
[[34m2025-06-22 12:59:20[0m] (step=0130100) Train Loss: 0.0893, Train Steps/Sec: 0.45, Samples/Sec: 5.45
[[34m2025-06-22 13:00:24[0m] (step=0130200) Train Loss: 0.0922, Train Steps/Sec: 1.57, Samples/Sec: 18.83
[[34m2025-06-22 13:01:36[0m] (step=0130300) Train Loss: 0.1053, Train Steps/Sec: 1.39, Samples/Sec: 16.64
[[34m2025-06-22 13:02:48[0m] (step=0130400) Train Loss: 0.0980, Train Steps/Sec: 1.39, Samples/Sec: 16.63
[[34m2025-06-22 13:04:00[0m] (step=0130500) Train Loss: 0.0941, Train Steps/Sec: 1.39, Samples/Sec: 16.68
[[34m2025-06-22 13:05:06[0m] (step=0130600) Train Loss: 0.0983, Train Steps/Sec: 1.52, Samples/Sec: 18.29
[[34m2025-06-22 13:06:06[0m] (step=0130700) Train Loss: 0.0980, Train Steps/Sec: 1.66, Samples/Sec: 19.92
[[34m2025-06-22 13:07:07[0m] (step=0130800) Train Loss: 0.0981, Train Steps/Sec: 1.65, Samples/Sec: 19.75
[[34m2025-06-22 13:08:07[0m] (step=0130900) Train Loss: 0.1008, Train Steps/Sec: 1.66, Samples/Sec: 19.96
[[34m2025-06-22 13:09:08[0m] (step=0131000) Train Loss: 0.0991, Train Steps/Sec: 1.64, Samples/Sec: 19.65
[[34m2025-06-22 13:10:09[0m] (step=0131100) Train Loss: 0.0948, Train Steps/Sec: 1.64, Samples/Sec: 19.64
[[34m2025-06-22 13:11:10[0m] (step=0131200) Train Loss: 0.0981, Train Steps/Sec: 1.64, Samples/Sec: 19.71
[[34m2025-06-22 13:12:11[0m] (step=0131300) Train Loss: 0.1006, Train Steps/Sec: 1.63, Samples/Sec: 19.56
[[34m2025-06-22 13:13:12[0m] (step=0131400) Train Loss: 0.1057, Train Steps/Sec: 1.63, Samples/Sec: 19.59
[[34m2025-06-22 13:14:14[0m] (step=0131500) Train Loss: 0.0985, Train Steps/Sec: 1.63, Samples/Sec: 19.53
[[34m2025-06-22 13:15:15[0m] (step=0131600) Train Loss: 0.0903, Train Steps/Sec: 1.64, Samples/Sec: 19.70
[[34m2025-06-22 13:16:17[0m] (step=0131700) Train Loss: 0.1036, Train Steps/Sec: 1.62, Samples/Sec: 19.41
[[34m2025-06-22 13:17:16[0m] (step=0131800) Train Loss: 0.1073, Train Steps/Sec: 1.68, Samples/Sec: 20.10
[[34m2025-06-22 13:18:17[0m] (step=0131900) Train Loss: 0.0969, Train Steps/Sec: 1.65, Samples/Sec: 19.81
[[34m2025-06-22 13:19:17[0m] (step=0132000) Train Loss: 0.0870, Train Steps/Sec: 1.65, Samples/Sec: 19.77
[[34m2025-06-22 13:19:35[0m] Saved checkpoint to logs/nwm_cdit_wuhan_union/checkpoints/latest.pth.tar
[[34m2025-06-22 13:20:35[0m] (step=0132100) Train Loss: 0.0998, Train Steps/Sec: 1.29, Samples/Sec: 15.42
[[34m2025-06-22 13:21:35[0m] (step=0132200) Train Loss: 0.1053, Train Steps/Sec: 1.67, Samples/Sec: 20.07
[[34m2025-06-22 13:22:36[0m] (step=0132300) Train Loss: 0.0854, Train Steps/Sec: 1.64, Samples/Sec: 19.72
[[34m2025-06-22 13:23:35[0m] (step=0132400) Train Loss: 0.0835, Train Steps/Sec: 1.68, Samples/Sec: 20.14
[[34m2025-06-22 13:24:36[0m] (step=0132500) Train Loss: 0.0963, Train Steps/Sec: 1.65, Samples/Sec: 19.86
[[34m2025-06-22 13:25:37[0m] (step=0132600) Train Loss: 0.0917, Train Steps/Sec: 1.64, Samples/Sec: 19.68
[[34m2025-06-22 13:26:37[0m] (step=0132700) Train Loss: 0.0978, Train Steps/Sec: 1.65, Samples/Sec: 19.85
[[34m2025-06-22 13:27:37[0m] (step=0132800) Train Loss: 0.0931, Train Steps/Sec: 1.69, Samples/Sec: 20.24
[[34m2025-06-22 13:28:37[0m] (step=0132900) Train Loss: 0.0987, Train Steps/Sec: 1.65, Samples/Sec: 19.74
[[34m2025-06-22 13:29:38[0m] (step=0133000) Train Loss: 0.0928, Train Steps/Sec: 1.66, Samples/Sec: 19.92
[[34m2025-06-22 13:30:37[0m] (step=0133100) Train Loss: 0.0969, Train Steps/Sec: 1.68, Samples/Sec: 20.18
[[34m2025-06-22 13:31:38[0m] (step=0133200) Train Loss: 0.0971, Train Steps/Sec: 1.65, Samples/Sec: 19.76
[[34m2025-06-22 13:32:37[0m] (step=0133300) Train Loss: 0.0973, Train Steps/Sec: 1.70, Samples/Sec: 20.40
[[34m2025-06-22 13:32:41[0m] Beginning epoch 11...
[[34m2025-06-22 13:33:41[0m] (step=0133400) Train Loss: 0.0924, Train Steps/Sec: 1.55, Samples/Sec: 18.57
[[34m2025-06-22 13:34:42[0m] (step=0133500) Train Loss: 0.0977, Train Steps/Sec: 1.66, Samples/Sec: 19.92
[[34m2025-06-22 13:35:42[0m] (step=0133600) Train Loss: 0.1041, Train Steps/Sec: 1.67, Samples/Sec: 20.00
[[34m2025-06-22 13:36:42[0m] (step=0133700) Train Loss: 0.1054, Train Steps/Sec: 1.66, Samples/Sec: 19.95
[[34m2025-06-22 13:37:41[0m] (step=0133800) Train Loss: 0.0884, Train Steps/Sec: 1.70, Samples/Sec: 20.37
[[34m2025-06-22 13:38:40[0m] (step=0133900) Train Loss: 0.1030, Train Steps/Sec: 1.69, Samples/Sec: 20.25
[[34m2025-06-22 13:39:40[0m] (step=0134000) Train Loss: 0.0935, Train Steps/Sec: 1.65, Samples/Sec: 19.80
[[34m2025-06-22 13:39:56[0m] Saved checkpoint to logs/nwm_cdit_wuhan_union/checkpoints/latest.pth.tar
[[34m2025-06-22 13:40:57[0m] (step=0134100) Train Loss: 0.0974, Train Steps/Sec: 1.31, Samples/Sec: 15.77
[[34m2025-06-22 13:41:57[0m] (step=0134200) Train Loss: 0.0975, Train Steps/Sec: 1.65, Samples/Sec: 19.83
[[34m2025-06-22 13:42:57[0m] (step=0134300) Train Loss: 0.0971, Train Steps/Sec: 1.67, Samples/Sec: 20.06
[[34m2025-06-22 13:43:58[0m] (step=0134400) Train Loss: 0.1027, Train Steps/Sec: 1.64, Samples/Sec: 19.71
[[34m2025-06-22 13:44:58[0m] (step=0134500) Train Loss: 0.1024, Train Steps/Sec: 1.65, Samples/Sec: 19.81
[[34m2025-06-22 13:46:01[0m] (step=0134600) Train Loss: 0.0912, Train Steps/Sec: 1.61, Samples/Sec: 19.29
[[34m2025-06-22 13:47:02[0m] (step=0134700) Train Loss: 0.0939, Train Steps/Sec: 1.64, Samples/Sec: 19.68
[[34m2025-06-22 13:48:03[0m] (step=0134800) Train Loss: 0.0973, Train Steps/Sec: 1.63, Samples/Sec: 19.59
[[34m2025-06-22 13:49:04[0m] (step=0134900) Train Loss: 0.1027, Train Steps/Sec: 1.64, Samples/Sec: 19.64
[[34m2025-06-22 13:50:05[0m] (step=0135000) Train Loss: 0.0962, Train Steps/Sec: 1.63, Samples/Sec: 19.57
[[34m2025-06-22 13:51:05[0m] (step=0135100) Train Loss: 0.0978, Train Steps/Sec: 1.66, Samples/Sec: 19.92
[[34m2025-06-22 13:52:06[0m] (step=0135200) Train Loss: 0.0933, Train Steps/Sec: 1.66, Samples/Sec: 19.96
[[34m2025-06-22 13:53:07[0m] (step=0135300) Train Loss: 0.0903, Train Steps/Sec: 1.64, Samples/Sec: 19.64
[[34m2025-06-22 13:54:07[0m] (step=0135400) Train Loss: 0.0906, Train Steps/Sec: 1.67, Samples/Sec: 20.06
[[34m2025-06-22 13:55:07[0m] (step=0135500) Train Loss: 0.1052, Train Steps/Sec: 1.66, Samples/Sec: 19.89
[[34m2025-06-22 13:56:08[0m] (step=0135600) Train Loss: 0.1016, Train Steps/Sec: 1.64, Samples/Sec: 19.62
[[34m2025-06-22 13:57:08[0m] (step=0135700) Train Loss: 0.0974, Train Steps/Sec: 1.68, Samples/Sec: 20.12
[[34m2025-06-22 13:58:09[0m] (step=0135800) Train Loss: 0.0963, Train Steps/Sec: 1.62, Samples/Sec: 19.49
[[34m2025-06-22 13:59:09[0m] (step=0135900) Train Loss: 0.0991, Train Steps/Sec: 1.67, Samples/Sec: 20.09
[[34m2025-06-22 14:00:10[0m] (step=0136000) Train Loss: 0.1075, Train Steps/Sec: 1.64, Samples/Sec: 19.65
[[34m2025-06-22 14:00:33[0m] Saved checkpoint to logs/nwm_cdit_wuhan_union/checkpoints/latest.pth.tar
[[34m2025-06-22 14:01:33[0m] (step=0136100) Train Loss: 0.0876, Train Steps/Sec: 1.21, Samples/Sec: 14.48
[[34m2025-06-22 14:02:34[0m] (step=0136200) Train Loss: 0.0999, Train Steps/Sec: 1.63, Samples/Sec: 19.53
[[34m2025-06-22 14:03:34[0m] (step=0136300) Train Loss: 0.1089, Train Steps/Sec: 1.68, Samples/Sec: 20.16
[[34m2025-06-22 14:04:34[0m] (step=0136400) Train Loss: 0.0967, Train Steps/Sec: 1.66, Samples/Sec: 19.98
[[34m2025-06-22 14:05:34[0m] (step=0136500) Train Loss: 0.1055, Train Steps/Sec: 1.67, Samples/Sec: 19.99
[[34m2025-06-22 14:06:33[0m] (step=0136600) Train Loss: 0.1019, Train Steps/Sec: 1.69, Samples/Sec: 20.31
[[34m2025-06-22 14:07:34[0m] (step=0136700) Train Loss: 0.0986, Train Steps/Sec: 1.65, Samples/Sec: 19.80
[[34m2025-06-22 14:08:34[0m] (step=0136800) Train Loss: 0.0954, Train Steps/Sec: 1.66, Samples/Sec: 19.91
[[34m2025-06-22 14:09:37[0m] (step=0136900) Train Loss: 0.0998, Train Steps/Sec: 1.60, Samples/Sec: 19.20
[[34m2025-06-22 14:10:37[0m] (step=0137000) Train Loss: 0.1039, Train Steps/Sec: 1.66, Samples/Sec: 19.93
[[34m2025-06-22 14:11:38[0m] (step=0137100) Train Loss: 0.1037, Train Steps/Sec: 1.63, Samples/Sec: 19.58
[[34m2025-06-22 14:12:39[0m] (step=0137200) Train Loss: 0.0972, Train Steps/Sec: 1.65, Samples/Sec: 19.78
[[34m2025-06-22 14:13:39[0m] (step=0137300) Train Loss: 0.0908, Train Steps/Sec: 1.65, Samples/Sec: 19.80
[[34m2025-06-22 14:14:41[0m] (step=0137400) Train Loss: 0.0914, Train Steps/Sec: 1.63, Samples/Sec: 19.50
[[34m2025-06-22 14:15:43[0m] (step=0137500) Train Loss: 0.0955, Train Steps/Sec: 1.62, Samples/Sec: 19.42
[[34m2025-06-22 14:16:43[0m] (step=0137600) Train Loss: 0.0933, Train Steps/Sec: 1.66, Samples/Sec: 19.92
[[34m2025-06-22 14:17:43[0m] (step=0137700) Train Loss: 0.0935, Train Steps/Sec: 1.66, Samples/Sec: 19.90
[[34m2025-06-22 14:18:44[0m] (step=0137800) Train Loss: 0.0923, Train Steps/Sec: 1.64, Samples/Sec: 19.70
[[34m2025-06-22 14:19:44[0m] (step=0137900) Train Loss: 0.1002, Train Steps/Sec: 1.66, Samples/Sec: 19.87
[[34m2025-06-22 14:20:45[0m] (step=0138000) Train Loss: 0.0975, Train Steps/Sec: 1.65, Samples/Sec: 19.81
[[34m2025-06-22 14:21:02[0m] Saved checkpoint to logs/nwm_cdit_wuhan_union/checkpoints/latest.pth.tar
[[34m2025-06-22 14:22:02[0m] (step=0138100) Train Loss: 0.0927, Train Steps/Sec: 1.30, Samples/Sec: 15.64
[[34m2025-06-22 14:23:01[0m] (step=0138200) Train Loss: 0.1033, Train Steps/Sec: 1.68, Samples/Sec: 20.12
[[34m2025-06-22 14:24:01[0m] (step=0138300) Train Loss: 0.0976, Train Steps/Sec: 1.69, Samples/Sec: 20.28
[[34m2025-06-22 14:25:02[0m] (step=0138400) Train Loss: 0.0811, Train Steps/Sec: 1.64, Samples/Sec: 19.62
[[34m2025-06-22 14:26:03[0m] (step=0138500) Train Loss: 0.0852, Train Steps/Sec: 1.64, Samples/Sec: 19.71
[[34m2025-06-22 14:27:02[0m] (step=0138600) Train Loss: 0.0926, Train Steps/Sec: 1.68, Samples/Sec: 20.18
[[34m2025-06-22 14:28:01[0m] (step=0138700) Train Loss: 0.0896, Train Steps/Sec: 1.70, Samples/Sec: 20.37
[[34m2025-06-22 14:29:02[0m] (step=0138800) Train Loss: 0.0883, Train Steps/Sec: 1.64, Samples/Sec: 19.66
[[34m2025-06-22 14:30:03[0m] (step=0138900) Train Loss: 0.0918, Train Steps/Sec: 1.64, Samples/Sec: 19.69
[[34m2025-06-22 14:31:05[0m] (step=0139000) Train Loss: 0.0932, Train Steps/Sec: 1.62, Samples/Sec: 19.45
[[34m2025-06-22 14:32:07[0m] (step=0139100) Train Loss: 0.0975, Train Steps/Sec: 1.60, Samples/Sec: 19.25
[[34m2025-06-22 14:33:07[0m] (step=0139200) Train Loss: 0.1021, Train Steps/Sec: 1.67, Samples/Sec: 20.02
[[34m2025-06-22 14:34:07[0m] (step=0139300) Train Loss: 0.0999, Train Steps/Sec: 1.65, Samples/Sec: 19.85
[[34m2025-06-22 14:35:08[0m] (step=0139400) Train Loss: 0.0910, Train Steps/Sec: 1.65, Samples/Sec: 19.76
[[34m2025-06-22 14:36:09[0m] (step=0139500) Train Loss: 0.0952, Train Steps/Sec: 1.63, Samples/Sec: 19.59
[[34m2025-06-22 14:37:17[0m] (step=0139600) Train Loss: 0.0856, Train Steps/Sec: 1.48, Samples/Sec: 17.78
[[34m2025-06-22 14:38:20[0m] (step=0139700) Train Loss: 0.0990, Train Steps/Sec: 1.59, Samples/Sec: 19.12
[[34m2025-06-22 14:39:24[0m] (step=0139800) Train Loss: 0.0944, Train Steps/Sec: 1.56, Samples/Sec: 18.72
[[34m2025-06-22 14:40:27[0m] (step=0139900) Train Loss: 0.0897, Train Steps/Sec: 1.58, Samples/Sec: 18.97
[[34m2025-06-22 14:41:29[0m] (step=0140000) Train Loss: 0.0911, Train Steps/Sec: 1.61, Samples/Sec: 19.33
[[34m2025-06-22 14:42:02[0m] Saved checkpoint to logs/nwm_cdit_wuhan_union/checkpoints/0140000.pth.tar
Using cache found in ./models/facebookresearch_dino_main
[[34m2025-06-22 14:42:05[0m] Already found a `peft_config` attribute in the model. This will lead to having multiple adapters in the model. Make sure to know what you are doing!
[[34m2025-06-22 14:44:30[0m] (step=0140000) Perceptual Loss: 0.2264, Eval Time: 147.90
[[34m2025-06-22 14:45:34[0m] (step=0140100) Train Loss: 0.0933, Train Steps/Sec: 0.41, Samples/Sec: 4.91
[[34m2025-06-22 14:46:36[0m] (step=0140200) Train Loss: 0.0862, Train Steps/Sec: 1.61, Samples/Sec: 19.27
[[34m2025-06-22 14:47:42[0m] (step=0140300) Train Loss: 0.0927, Train Steps/Sec: 1.51, Samples/Sec: 18.11
[[34m2025-06-22 14:48:50[0m] (step=0140400) Train Loss: 0.1035, Train Steps/Sec: 1.46, Samples/Sec: 17.58
[[34m2025-06-22 14:49:54[0m] (step=0140500) Train Loss: 0.0851, Train Steps/Sec: 1.58, Samples/Sec: 18.98
[[34m2025-06-22 14:50:58[0m] (step=0140600) Train Loss: 0.0915, Train Steps/Sec: 1.55, Samples/Sec: 18.62
[[34m2025-06-22 14:52:02[0m] (step=0140700) Train Loss: 0.0927, Train Steps/Sec: 1.57, Samples/Sec: 18.80
[[34m2025-06-22 14:53:03[0m] (step=0140800) Train Loss: 0.1006, Train Steps/Sec: 1.64, Samples/Sec: 19.74
[[34m2025-06-22 14:54:05[0m] (step=0140900) Train Loss: 0.1000, Train Steps/Sec: 1.60, Samples/Sec: 19.24
[[34m2025-06-22 14:55:12[0m] (step=0141000) Train Loss: 0.0926, Train Steps/Sec: 1.49, Samples/Sec: 17.89
[[34m2025-06-22 14:56:19[0m] (step=0141100) Train Loss: 0.0971, Train Steps/Sec: 1.49, Samples/Sec: 17.86
[[34m2025-06-22 14:57:31[0m] (step=0141200) Train Loss: 0.0959, Train Steps/Sec: 1.40, Samples/Sec: 16.84
[[34m2025-06-22 14:58:36[0m] (step=0141300) Train Loss: 0.0872, Train Steps/Sec: 1.52, Samples/Sec: 18.20
[[34m2025-06-22 14:59:45[0m] (step=0141400) Train Loss: 0.0909, Train Steps/Sec: 1.45, Samples/Sec: 17.44
[[34m2025-06-22 15:00:46[0m] (step=0141500) Train Loss: 0.1017, Train Steps/Sec: 1.65, Samples/Sec: 19.78
[[34m2025-06-22 15:01:46[0m] (step=0141600) Train Loss: 0.1031, Train Steps/Sec: 1.66, Samples/Sec: 19.91
[[34m2025-06-22 15:02:47[0m] (step=0141700) Train Loss: 0.0952, Train Steps/Sec: 1.65, Samples/Sec: 19.81
[[34m2025-06-22 15:03:47[0m] (step=0141800) Train Loss: 0.0994, Train Steps/Sec: 1.67, Samples/Sec: 20.08
[[34m2025-06-22 15:04:47[0m] (step=0141900) Train Loss: 0.0887, Train Steps/Sec: 1.64, Samples/Sec: 19.71
[[34m2025-06-22 15:05:48[0m] (step=0142000) Train Loss: 0.0973, Train Steps/Sec: 1.66, Samples/Sec: 19.98
[[34m2025-06-22 15:06:06[0m] Saved checkpoint to logs/nwm_cdit_wuhan_union/checkpoints/latest.pth.tar
[[34m2025-06-22 15:07:08[0m] (step=0142100) Train Loss: 0.0932, Train Steps/Sec: 1.25, Samples/Sec: 14.95
[[34m2025-06-22 15:08:08[0m] (step=0142200) Train Loss: 0.0935, Train Steps/Sec: 1.67, Samples/Sec: 19.99
[[34m2025-06-22 15:09:08[0m] (step=0142300) Train Loss: 0.0964, Train Steps/Sec: 1.67, Samples/Sec: 20.03
[[34m2025-06-22 15:10:10[0m] (step=0142400) Train Loss: 0.0913, Train Steps/Sec: 1.60, Samples/Sec: 19.19
[[34m2025-06-22 15:11:15[0m] (step=0142500) Train Loss: 0.0917, Train Steps/Sec: 1.54, Samples/Sec: 18.52
[[34m2025-06-22 15:12:23[0m] (step=0142600) Train Loss: 0.1032, Train Steps/Sec: 1.48, Samples/Sec: 17.77
[[34m2025-06-22 15:13:31[0m] (step=0142700) Train Loss: 0.1070, Train Steps/Sec: 1.47, Samples/Sec: 17.61
[[34m2025-06-22 15:14:37[0m] (step=0142800) Train Loss: 0.0945, Train Steps/Sec: 1.50, Samples/Sec: 18.03
[[34m2025-06-22 15:15:43[0m] (step=0142900) Train Loss: 0.0925, Train Steps/Sec: 1.51, Samples/Sec: 18.17
[[34m2025-06-22 15:16:49[0m] (step=0143000) Train Loss: 0.0955, Train Steps/Sec: 1.51, Samples/Sec: 18.16
[[34m2025-06-22 15:17:55[0m] (step=0143100) Train Loss: 0.1025, Train Steps/Sec: 1.52, Samples/Sec: 18.25
[[34m2025-06-22 15:19:00[0m] (step=0143200) Train Loss: 0.1029, Train Steps/Sec: 1.53, Samples/Sec: 18.40
[[34m2025-06-22 15:20:06[0m] (step=0143300) Train Loss: 0.0927, Train Steps/Sec: 1.52, Samples/Sec: 18.30
[[34m2025-06-22 15:21:13[0m] (step=0143400) Train Loss: 0.0983, Train Steps/Sec: 1.50, Samples/Sec: 18.03
[[34m2025-06-22 15:22:19[0m] (step=0143500) Train Loss: 0.0968, Train Steps/Sec: 1.50, Samples/Sec: 18.01
[[34m2025-06-22 15:23:26[0m] (step=0143600) Train Loss: 0.0858, Train Steps/Sec: 1.49, Samples/Sec: 17.93
[[34m2025-06-22 15:24:32[0m] (step=0143700) Train Loss: 0.0988, Train Steps/Sec: 1.51, Samples/Sec: 18.13
[[34m2025-06-22 15:25:39[0m] (step=0143800) Train Loss: 0.0948, Train Steps/Sec: 1.50, Samples/Sec: 18.04
[[34m2025-06-22 15:26:45[0m] (step=0143900) Train Loss: 0.0870, Train Steps/Sec: 1.51, Samples/Sec: 18.12
[[34m2025-06-22 15:27:53[0m] (step=0144000) Train Loss: 0.1074, Train Steps/Sec: 1.47, Samples/Sec: 17.64
[[34m2025-06-22 15:28:12[0m] Saved checkpoint to logs/nwm_cdit_wuhan_union/checkpoints/latest.pth.tar
[[34m2025-06-22 15:29:19[0m] (step=0144100) Train Loss: 0.1013, Train Steps/Sec: 1.16, Samples/Sec: 13.90
[[34m2025-06-22 15:30:26[0m] (step=0144200) Train Loss: 0.0970, Train Steps/Sec: 1.50, Samples/Sec: 18.04
[[34m2025-06-22 15:31:32[0m] (step=0144300) Train Loss: 0.0978, Train Steps/Sec: 1.51, Samples/Sec: 18.08
[[34m2025-06-22 15:32:38[0m] (step=0144400) Train Loss: 0.1024, Train Steps/Sec: 1.52, Samples/Sec: 18.27
[[34m2025-06-22 15:33:38[0m] (step=0144500) Train Loss: 0.1004, Train Steps/Sec: 1.68, Samples/Sec: 20.13
[[34m2025-06-22 15:34:37[0m] (step=0144600) Train Loss: 0.0944, Train Steps/Sec: 1.67, Samples/Sec: 20.08
[[34m2025-06-22 15:35:39[0m] (step=0144700) Train Loss: 0.0932, Train Steps/Sec: 1.63, Samples/Sec: 19.59
[[34m2025-06-22 15:36:39[0m] (step=0144800) Train Loss: 0.0911, Train Steps/Sec: 1.66, Samples/Sec: 19.93
[[34m2025-06-22 15:37:39[0m] (step=0144900) Train Loss: 0.0932, Train Steps/Sec: 1.66, Samples/Sec: 19.95
[[34m2025-06-22 15:38:40[0m] (step=0145000) Train Loss: 0.1002, Train Steps/Sec: 1.64, Samples/Sec: 19.69
[[34m2025-06-22 15:39:40[0m] (step=0145100) Train Loss: 0.0995, Train Steps/Sec: 1.66, Samples/Sec: 19.87
[[34m2025-06-22 15:40:41[0m] (step=0145200) Train Loss: 0.0887, Train Steps/Sec: 1.65, Samples/Sec: 19.75
[[34m2025-06-22 15:41:45[0m] (step=0145300) Train Loss: 0.0959, Train Steps/Sec: 1.57, Samples/Sec: 18.82
[[34m2025-06-22 15:42:51[0m] (step=0145400) Train Loss: 0.0885, Train Steps/Sec: 1.50, Samples/Sec: 18.01
[[34m2025-06-22 15:43:07[0m] Beginning epoch 12...
[[34m2025-06-22 15:44:01[0m] (step=0145500) Train Loss: 0.0963, Train Steps/Sec: 1.44, Samples/Sec: 17.22
[[34m2025-06-22 15:45:07[0m] (step=0145600) Train Loss: 0.0929, Train Steps/Sec: 1.52, Samples/Sec: 18.23
[[34m2025-06-22 15:46:11[0m] (step=0145700) Train Loss: 0.0926, Train Steps/Sec: 1.55, Samples/Sec: 18.58
[[34m2025-06-22 15:47:17[0m] (step=0145800) Train Loss: 0.0951, Train Steps/Sec: 1.54, Samples/Sec: 18.43
[[34m2025-06-22 15:48:23[0m] (step=0145900) Train Loss: 0.1071, Train Steps/Sec: 1.52, Samples/Sec: 18.20
[[34m2025-06-22 15:49:30[0m] (step=0146000) Train Loss: 0.0858, Train Steps/Sec: 1.48, Samples/Sec: 17.75
[[34m2025-06-22 15:49:48[0m] Saved checkpoint to logs/nwm_cdit_wuhan_union/checkpoints/latest.pth.tar
[[34m2025-06-22 15:50:54[0m] (step=0146100) Train Loss: 0.0893, Train Steps/Sec: 1.20, Samples/Sec: 14.37
[[34m2025-06-22 15:52:01[0m] (step=0146200) Train Loss: 0.0763, Train Steps/Sec: 1.48, Samples/Sec: 17.71
[[34m2025-06-22 15:53:09[0m] (step=0146300) Train Loss: 0.0902, Train Steps/Sec: 1.49, Samples/Sec: 17.84
[[34m2025-06-22 15:54:16[0m] (step=0146400) Train Loss: 0.0884, Train Steps/Sec: 1.48, Samples/Sec: 17.82
[[34m2025-06-22 15:55:23[0m] (step=0146500) Train Loss: 0.0953, Train Steps/Sec: 1.50, Samples/Sec: 18.01
[[34m2025-06-22 15:56:30[0m] (step=0146600) Train Loss: 0.0919, Train Steps/Sec: 1.49, Samples/Sec: 17.90
[[34m2025-06-22 15:57:35[0m] (step=0146700) Train Loss: 0.1050, Train Steps/Sec: 1.52, Samples/Sec: 18.29
[[34m2025-06-22 15:58:40[0m] (step=0146800) Train Loss: 0.0854, Train Steps/Sec: 1.54, Samples/Sec: 18.53
[[34m2025-06-22 15:59:46[0m] (step=0146900) Train Loss: 0.0914, Train Steps/Sec: 1.52, Samples/Sec: 18.29
[[34m2025-06-22 16:00:52[0m] (step=0147000) Train Loss: 0.0945, Train Steps/Sec: 1.51, Samples/Sec: 18.08
[[34m2025-06-22 16:01:55[0m] (step=0147100) Train Loss: 0.0915, Train Steps/Sec: 1.59, Samples/Sec: 19.08
[[34m2025-06-22 16:02:55[0m] (step=0147200) Train Loss: 0.0982, Train Steps/Sec: 1.66, Samples/Sec: 19.88
[[34m2025-06-22 16:03:57[0m] (step=0147300) Train Loss: 0.1017, Train Steps/Sec: 1.62, Samples/Sec: 19.44
[[34m2025-06-22 16:04:56[0m] (step=0147400) Train Loss: 0.0931, Train Steps/Sec: 1.68, Samples/Sec: 20.21
[[34m2025-06-22 16:05:56[0m] (step=0147500) Train Loss: 0.1086, Train Steps/Sec: 1.67, Samples/Sec: 20.03
[[34m2025-06-22 16:06:57[0m] (step=0147600) Train Loss: 0.0993, Train Steps/Sec: 1.66, Samples/Sec: 19.93
[[34m2025-06-22 16:07:56[0m] (step=0147700) Train Loss: 0.0895, Train Steps/Sec: 1.69, Samples/Sec: 20.32
[[34m2025-06-22 16:08:55[0m] (step=0147800) Train Loss: 0.0971, Train Steps/Sec: 1.68, Samples/Sec: 20.10
[[34m2025-06-22 16:09:56[0m] (step=0147900) Train Loss: 0.0929, Train Steps/Sec: 1.65, Samples/Sec: 19.79
[[34m2025-06-22 16:10:57[0m] (step=0148000) Train Loss: 0.0906, Train Steps/Sec: 1.64, Samples/Sec: 19.63
[[34m2025-06-22 16:11:16[0m] Saved checkpoint to logs/nwm_cdit_wuhan_union/checkpoints/latest.pth.tar
[[34m2025-06-22 16:12:16[0m] (step=0148100) Train Loss: 0.0978, Train Steps/Sec: 1.27, Samples/Sec: 15.25
[[34m2025-06-22 16:13:15[0m] (step=0148200) Train Loss: 0.0917, Train Steps/Sec: 1.68, Samples/Sec: 20.15
[[34m2025-06-22 16:14:15[0m] (step=0148300) Train Loss: 0.1003, Train Steps/Sec: 1.68, Samples/Sec: 20.20
[[34m2025-06-22 16:15:13[0m] (step=0148400) Train Loss: 0.0931, Train Steps/Sec: 1.71, Samples/Sec: 20.46
[[34m2025-06-22 16:16:12[0m] (step=0148500) Train Loss: 0.0920, Train Steps/Sec: 1.70, Samples/Sec: 20.34
[[34m2025-06-22 16:17:12[0m] (step=0148600) Train Loss: 0.0975, Train Steps/Sec: 1.68, Samples/Sec: 20.11
[[34m2025-06-22 16:18:12[0m] (step=0148700) Train Loss: 0.0935, Train Steps/Sec: 1.67, Samples/Sec: 20.07
[[34m2025-06-22 16:19:13[0m] (step=0148800) Train Loss: 0.0952, Train Steps/Sec: 1.63, Samples/Sec: 19.50
[[34m2025-06-22 16:20:12[0m] (step=0148900) Train Loss: 0.0886, Train Steps/Sec: 1.69, Samples/Sec: 20.31
[[34m2025-06-22 16:21:12[0m] (step=0149000) Train Loss: 0.0966, Train Steps/Sec: 1.67, Samples/Sec: 20.06
[[34m2025-06-22 16:22:12[0m] (step=0149100) Train Loss: 0.0906, Train Steps/Sec: 1.67, Samples/Sec: 20.01
[[34m2025-06-22 16:23:13[0m] (step=0149200) Train Loss: 0.0989, Train Steps/Sec: 1.66, Samples/Sec: 19.89
[[34m2025-06-22 16:24:12[0m] (step=0149300) Train Loss: 0.0989, Train Steps/Sec: 1.68, Samples/Sec: 20.15
[[34m2025-06-22 16:25:12[0m] (step=0149400) Train Loss: 0.0934, Train Steps/Sec: 1.66, Samples/Sec: 19.96
[[34m2025-06-22 16:26:12[0m] (step=0149500) Train Loss: 0.1031, Train Steps/Sec: 1.67, Samples/Sec: 20.07
[[34m2025-06-22 16:27:13[0m] (step=0149600) Train Loss: 0.0938, Train Steps/Sec: 1.64, Samples/Sec: 19.70
[[34m2025-06-22 16:28:13[0m] (step=0149700) Train Loss: 0.0910, Train Steps/Sec: 1.68, Samples/Sec: 20.11
[[34m2025-06-22 16:29:13[0m] (step=0149800) Train Loss: 0.0976, Train Steps/Sec: 1.65, Samples/Sec: 19.85
[[34m2025-06-22 16:30:13[0m] (step=0149900) Train Loss: 0.0967, Train Steps/Sec: 1.66, Samples/Sec: 19.93
[[34m2025-06-22 16:31:14[0m] (step=0150000) Train Loss: 0.1022, Train Steps/Sec: 1.66, Samples/Sec: 19.92
[[34m2025-06-22 16:31:34[0m] Saved checkpoint to logs/nwm_cdit_wuhan_union/checkpoints/latest.pth.tar
Using cache found in ./models/facebookresearch_dino_main
[[34m2025-06-22 16:31:37[0m] Already found a `peft_config` attribute in the model. This will lead to having multiple adapters in the model. Make sure to know what you are doing!
[[34m2025-06-22 16:34:02[0m] (step=0150000) Perceptual Loss: 0.2167, Eval Time: 148.09
[[34m2025-06-22 16:35:04[0m] (step=0150100) Train Loss: 0.0968, Train Steps/Sec: 0.43, Samples/Sec: 5.20
[[34m2025-06-22 16:36:04[0m] (step=0150200) Train Loss: 0.0983, Train Steps/Sec: 1.66, Samples/Sec: 19.96
[[34m2025-06-22 16:37:06[0m] (step=0150300) Train Loss: 0.0916, Train Steps/Sec: 1.61, Samples/Sec: 19.34
[[34m2025-06-22 16:38:11[0m] (step=0150400) Train Loss: 0.0898, Train Steps/Sec: 1.55, Samples/Sec: 18.54
[[34m2025-06-22 16:39:15[0m] (step=0150500) Train Loss: 0.0937, Train Steps/Sec: 1.56, Samples/Sec: 18.75
[[34m2025-06-22 16:40:17[0m] (step=0150600) Train Loss: 0.0965, Train Steps/Sec: 1.61, Samples/Sec: 19.37
[[34m2025-06-22 16:41:19[0m] (step=0150700) Train Loss: 0.1028, Train Steps/Sec: 1.61, Samples/Sec: 19.27
[[34m2025-06-22 16:42:21[0m] (step=0150800) Train Loss: 0.0860, Train Steps/Sec: 1.62, Samples/Sec: 19.43
[[34m2025-06-22 16:43:24[0m] (step=0150900) Train Loss: 0.0905, Train Steps/Sec: 1.58, Samples/Sec: 18.94
[[34m2025-06-22 16:44:26[0m] (step=0151000) Train Loss: 0.0940, Train Steps/Sec: 1.63, Samples/Sec: 19.53
[[34m2025-06-22 16:45:27[0m] (step=0151100) Train Loss: 0.0870, Train Steps/Sec: 1.65, Samples/Sec: 19.74
[[34m2025-06-22 16:46:29[0m] (step=0151200) Train Loss: 0.1016, Train Steps/Sec: 1.61, Samples/Sec: 19.37
[[34m2025-06-22 16:47:29[0m] (step=0151300) Train Loss: 0.0957, Train Steps/Sec: 1.66, Samples/Sec: 19.89
[[34m2025-06-22 16:48:33[0m] (step=0151400) Train Loss: 0.0827, Train Steps/Sec: 1.55, Samples/Sec: 18.57
[[34m2025-06-22 16:49:36[0m] (step=0151500) Train Loss: 0.0928, Train Steps/Sec: 1.59, Samples/Sec: 19.09
[[34m2025-06-22 16:50:38[0m] (step=0151600) Train Loss: 0.0981, Train Steps/Sec: 1.63, Samples/Sec: 19.60
[[34m2025-06-22 16:51:39[0m] (step=0151700) Train Loss: 0.0897, Train Steps/Sec: 1.62, Samples/Sec: 19.46
[[34m2025-06-22 16:52:39[0m] (step=0151800) Train Loss: 0.0901, Train Steps/Sec: 1.67, Samples/Sec: 20.01
[[34m2025-06-22 16:53:39[0m] (step=0151900) Train Loss: 0.0911, Train Steps/Sec: 1.68, Samples/Sec: 20.15
[[34m2025-06-22 16:54:39[0m] (step=0152000) Train Loss: 0.0855, Train Steps/Sec: 1.66, Samples/Sec: 19.97
[[34m2025-06-22 16:54:54[0m] Saved checkpoint to logs/nwm_cdit_wuhan_union/checkpoints/latest.pth.tar
[[34m2025-06-22 16:55:54[0m] (step=0152100) Train Loss: 0.0879, Train Steps/Sec: 1.33, Samples/Sec: 15.97
[[34m2025-06-22 16:56:52[0m] (step=0152200) Train Loss: 0.0937, Train Steps/Sec: 1.72, Samples/Sec: 20.59
[[34m2025-06-22 16:57:51[0m] (step=0152300) Train Loss: 0.0945, Train Steps/Sec: 1.69, Samples/Sec: 20.29
[[34m2025-06-22 16:58:50[0m] (step=0152400) Train Loss: 0.0943, Train Steps/Sec: 1.70, Samples/Sec: 20.34
[[34m2025-06-22 16:59:52[0m] (step=0152500) Train Loss: 0.0975, Train Steps/Sec: 1.63, Samples/Sec: 19.54
[[34m2025-06-22 17:00:52[0m] (step=0152600) Train Loss: 0.0909, Train Steps/Sec: 1.65, Samples/Sec: 19.86
[[34m2025-06-22 17:01:53[0m] (step=0152700) Train Loss: 0.0923, Train Steps/Sec: 1.63, Samples/Sec: 19.60
[[34m2025-06-22 17:02:57[0m] (step=0152800) Train Loss: 0.1013, Train Steps/Sec: 1.56, Samples/Sec: 18.75
[[34m2025-06-22 17:03:58[0m] (step=0152900) Train Loss: 0.0943, Train Steps/Sec: 1.64, Samples/Sec: 19.72
[[34m2025-06-22 17:04:58[0m] (step=0153000) Train Loss: 0.0867, Train Steps/Sec: 1.67, Samples/Sec: 20.05
[[34m2025-06-22 17:05:59[0m] (step=0153100) Train Loss: 0.0903, Train Steps/Sec: 1.64, Samples/Sec: 19.68
[[34m2025-06-22 17:07:00[0m] (step=0153200) Train Loss: 0.0988, Train Steps/Sec: 1.65, Samples/Sec: 19.74
[[34m2025-06-22 17:08:01[0m] (step=0153300) Train Loss: 0.0904, Train Steps/Sec: 1.64, Samples/Sec: 19.73
[[34m2025-06-22 17:09:02[0m] (step=0153400) Train Loss: 0.0934, Train Steps/Sec: 1.62, Samples/Sec: 19.44
[[34m2025-06-22 17:10:03[0m] (step=0153500) Train Loss: 0.0988, Train Steps/Sec: 1.65, Samples/Sec: 19.84
[[34m2025-06-22 17:11:03[0m] (step=0153600) Train Loss: 0.1031, Train Steps/Sec: 1.67, Samples/Sec: 20.01
[[34m2025-06-22 17:12:05[0m] (step=0153700) Train Loss: 0.0915, Train Steps/Sec: 1.61, Samples/Sec: 19.33
[[34m2025-06-22 17:13:05[0m] (step=0153800) Train Loss: 0.0880, Train Steps/Sec: 1.66, Samples/Sec: 19.91
[[34m2025-06-22 17:14:07[0m] (step=0153900) Train Loss: 0.0901, Train Steps/Sec: 1.63, Samples/Sec: 19.57
[[34m2025-06-22 17:15:08[0m] (step=0154000) Train Loss: 0.0898, Train Steps/Sec: 1.63, Samples/Sec: 19.57
[[34m2025-06-22 17:15:25[0m] Saved checkpoint to logs/nwm_cdit_wuhan_union/checkpoints/latest.pth.tar
[[34m2025-06-22 17:16:24[0m] (step=0154100) Train Loss: 0.0954, Train Steps/Sec: 1.32, Samples/Sec: 15.81
[[34m2025-06-22 17:17:24[0m] (step=0154200) Train Loss: 0.1025, Train Steps/Sec: 1.67, Samples/Sec: 20.09
[[34m2025-06-22 17:18:25[0m] (step=0154300) Train Loss: 0.1033, Train Steps/Sec: 1.64, Samples/Sec: 19.63
[[34m2025-06-22 17:19:25[0m] (step=0154400) Train Loss: 0.0975, Train Steps/Sec: 1.66, Samples/Sec: 19.94
[[34m2025-06-22 17:20:25[0m] (step=0154500) Train Loss: 0.0960, Train Steps/Sec: 1.68, Samples/Sec: 20.10
[[34m2025-06-22 17:21:26[0m] (step=0154600) Train Loss: 0.0937, Train Steps/Sec: 1.64, Samples/Sec: 19.69
[[34m2025-06-22 17:22:27[0m] (step=0154700) Train Loss: 0.0949, Train Steps/Sec: 1.63, Samples/Sec: 19.53
[[34m2025-06-22 17:23:28[0m] (step=0154800) Train Loss: 0.0962, Train Steps/Sec: 1.65, Samples/Sec: 19.75
[[34m2025-06-22 17:24:28[0m] (step=0154900) Train Loss: 0.0962, Train Steps/Sec: 1.66, Samples/Sec: 19.92
[[34m2025-06-22 17:25:28[0m] (step=0155000) Train Loss: 0.0897, Train Steps/Sec: 1.65, Samples/Sec: 19.85
[[34m2025-06-22 17:26:28[0m] (step=0155100) Train Loss: 0.0864, Train Steps/Sec: 1.67, Samples/Sec: 20.08
[[34m2025-06-22 17:27:28[0m] (step=0155200) Train Loss: 0.0995, Train Steps/Sec: 1.68, Samples/Sec: 20.11
[[34m2025-06-22 17:28:28[0m] (step=0155300) Train Loss: 0.0900, Train Steps/Sec: 1.67, Samples/Sec: 20.08
[[34m2025-06-22 17:29:27[0m] (step=0155400) Train Loss: 0.1018, Train Steps/Sec: 1.69, Samples/Sec: 20.25
[[34m2025-06-22 17:30:27[0m] (step=0155500) Train Loss: 0.0972, Train Steps/Sec: 1.68, Samples/Sec: 20.13
[[34m2025-06-22 17:31:27[0m] (step=0155600) Train Loss: 0.0886, Train Steps/Sec: 1.64, Samples/Sec: 19.72
