[2025-08-13 02:00:06,526] torch.distributed.run: [WARNING] 
[2025-08-13 02:00:06,526] torch.distributed.run: [WARNING] *****************************************
[2025-08-13 02:00:06,526] torch.distributed.run: [WARNING] Setting OMP_NUM_THREADS environment variable for each process to be 1 in default, to avoid your system being overloaded, please further tune the variable for optimal performance in your application as needed. 
[2025-08-13 02:00:06,526] torch.distributed.run: [WARNING] *****************************************
[[34m2025-08-13 02:00:10[0m] Experiment directory created at logs/nwm_cdit_airvln_v6_1
[[34m2025-08-13 02:00:31[0m] CDiT Parameters: 1,012,010,144
[[34m2025-08-13 02:11:22[0m] Dataset contains 337,818 images
[[34m2025-08-13 02:11:22[0m] Training for 300 epochs...
[[34m2025-08-13 02:11:22[0m] Beginning epoch 0...
[[34m2025-08-13 02:17:00[0m] (step=0000100) Train Loss: 0.3503, Train Steps/Sec: 0.30, Samples/Sec: 4.74
[[34m2025-08-13 02:17:36[0m] (step=0000200) Train Loss: 0.2181, Train Steps/Sec: 2.79, Samples/Sec: 44.59
[[34m2025-08-13 02:18:12[0m] (step=0000300) Train Loss: 0.2047, Train Steps/Sec: 2.76, Samples/Sec: 44.15
[[34m2025-08-13 02:18:48[0m] (step=0000400) Train Loss: 0.1957, Train Steps/Sec: 2.80, Samples/Sec: 44.75
[[34m2025-08-13 02:19:23[0m] (step=0000500) Train Loss: 0.2007, Train Steps/Sec: 2.81, Samples/Sec: 44.98
[[34m2025-08-13 02:19:59[0m] (step=0000600) Train Loss: 0.2015, Train Steps/Sec: 2.81, Samples/Sec: 44.89
[[34m2025-08-13 02:20:34[0m] (step=0000700) Train Loss: 0.1973, Train Steps/Sec: 2.80, Samples/Sec: 44.77
[[34m2025-08-13 02:21:11[0m] (step=0000800) Train Loss: 0.2021, Train Steps/Sec: 2.74, Samples/Sec: 43.81
[[34m2025-08-13 02:21:47[0m] (step=0000900) Train Loss: 0.2031, Train Steps/Sec: 2.77, Samples/Sec: 44.30
[[34m2025-08-13 02:22:23[0m] (step=0001000) Train Loss: 0.1994, Train Steps/Sec: 2.75, Samples/Sec: 44.06
[[34m2025-08-13 02:23:00[0m] (step=0001100) Train Loss: 0.1961, Train Steps/Sec: 2.73, Samples/Sec: 43.64
[[34m2025-08-13 02:23:36[0m] (step=0001200) Train Loss: 0.1810, Train Steps/Sec: 2.79, Samples/Sec: 44.57
[[34m2025-08-13 02:24:12[0m] (step=0001300) Train Loss: 0.1882, Train Steps/Sec: 2.79, Samples/Sec: 44.67
[[34m2025-08-13 02:24:48[0m] (step=0001400) Train Loss: 0.1763, Train Steps/Sec: 2.78, Samples/Sec: 44.50
[[34m2025-08-13 02:25:23[0m] (step=0001500) Train Loss: 0.1769, Train Steps/Sec: 2.80, Samples/Sec: 44.85
[[34m2025-08-13 02:25:59[0m] (step=0001600) Train Loss: 0.1817, Train Steps/Sec: 2.79, Samples/Sec: 44.61
[[34m2025-08-13 02:26:35[0m] (step=0001700) Train Loss: 0.1828, Train Steps/Sec: 2.78, Samples/Sec: 44.50
[[34m2025-08-13 02:27:11[0m] (step=0001800) Train Loss: 0.1894, Train Steps/Sec: 2.79, Samples/Sec: 44.62
[[34m2025-08-13 02:27:47[0m] (step=0001900) Train Loss: 0.1924, Train Steps/Sec: 2.80, Samples/Sec: 44.80
[[34m2025-08-13 02:28:23[0m] (step=0002000) Train Loss: 0.1800, Train Steps/Sec: 2.77, Samples/Sec: 44.33
[[34m2025-08-13 02:28:59[0m] (step=0002100) Train Loss: 0.1673, Train Steps/Sec: 2.77, Samples/Sec: 44.36
[[34m2025-08-13 02:29:35[0m] (step=0002200) Train Loss: 0.1757, Train Steps/Sec: 2.81, Samples/Sec: 44.96
[[34m2025-08-13 02:30:11[0m] (step=0002300) Train Loss: 0.1768, Train Steps/Sec: 2.76, Samples/Sec: 44.22
[[34m2025-08-13 02:30:47[0m] (step=0002400) Train Loss: 0.1704, Train Steps/Sec: 2.78, Samples/Sec: 44.45
[[34m2025-08-13 02:31:22[0m] (step=0002500) Train Loss: 0.1612, Train Steps/Sec: 2.82, Samples/Sec: 45.19
[[34m2025-08-13 02:31:58[0m] (step=0002600) Train Loss: 0.1743, Train Steps/Sec: 2.82, Samples/Sec: 45.11
[[34m2025-08-13 02:32:34[0m] (step=0002700) Train Loss: 0.1803, Train Steps/Sec: 2.77, Samples/Sec: 44.27
[[34m2025-08-13 02:33:09[0m] (step=0002800) Train Loss: 0.1805, Train Steps/Sec: 2.83, Samples/Sec: 45.30
[[34m2025-08-13 02:33:45[0m] (step=0002900) Train Loss: 0.1621, Train Steps/Sec: 2.80, Samples/Sec: 44.74
[[34m2025-08-13 02:34:21[0m] (step=0003000) Train Loss: 0.1623, Train Steps/Sec: 2.81, Samples/Sec: 45.01
[[34m2025-08-13 02:34:56[0m] (step=0003100) Train Loss: 0.1655, Train Steps/Sec: 2.80, Samples/Sec: 44.84
[[34m2025-08-13 02:35:32[0m] (step=0003200) Train Loss: 0.1726, Train Steps/Sec: 2.79, Samples/Sec: 44.70
[[34m2025-08-13 02:36:08[0m] (step=0003300) Train Loss: 0.1583, Train Steps/Sec: 2.79, Samples/Sec: 44.68
[[34m2025-08-13 02:36:44[0m] (step=0003400) Train Loss: 0.1648, Train Steps/Sec: 2.74, Samples/Sec: 43.80
[[34m2025-08-13 02:37:20[0m] (step=0003500) Train Loss: 0.1626, Train Steps/Sec: 2.78, Samples/Sec: 44.53
[[34m2025-08-13 02:37:56[0m] (step=0003600) Train Loss: 0.1551, Train Steps/Sec: 2.80, Samples/Sec: 44.82
[[34m2025-08-13 02:38:32[0m] (step=0003700) Train Loss: 0.1537, Train Steps/Sec: 2.81, Samples/Sec: 44.88
[[34m2025-08-13 02:39:08[0m] (step=0003800) Train Loss: 0.1650, Train Steps/Sec: 2.75, Samples/Sec: 44.04
[[34m2025-08-13 02:39:44[0m] (step=0003900) Train Loss: 0.1672, Train Steps/Sec: 2.77, Samples/Sec: 44.38
[[34m2025-08-13 02:40:21[0m] (step=0004000) Train Loss: 0.1646, Train Steps/Sec: 2.75, Samples/Sec: 43.93
[[34m2025-08-13 02:40:57[0m] (step=0004100) Train Loss: 0.1564, Train Steps/Sec: 2.74, Samples/Sec: 43.86
[[34m2025-08-13 02:41:33[0m] (step=0004200) Train Loss: 0.1722, Train Steps/Sec: 2.79, Samples/Sec: 44.67
[[34m2025-08-13 02:42:09[0m] (step=0004300) Train Loss: 0.1706, Train Steps/Sec: 2.80, Samples/Sec: 44.75
[[34m2025-08-13 02:42:44[0m] (step=0004400) Train Loss: 0.1523, Train Steps/Sec: 2.80, Samples/Sec: 44.82
[[34m2025-08-13 02:43:20[0m] (step=0004500) Train Loss: 0.1611, Train Steps/Sec: 2.79, Samples/Sec: 44.64
[[34m2025-08-13 02:43:56[0m] (step=0004600) Train Loss: 0.1546, Train Steps/Sec: 2.78, Samples/Sec: 44.45
[[34m2025-08-13 02:44:33[0m] (step=0004700) Train Loss: 0.1412, Train Steps/Sec: 2.73, Samples/Sec: 43.73
[[34m2025-08-13 02:45:09[0m] (step=0004800) Train Loss: 0.1413, Train Steps/Sec: 2.78, Samples/Sec: 44.46
[[34m2025-08-13 02:45:45[0m] (step=0004900) Train Loss: 0.1474, Train Steps/Sec: 2.79, Samples/Sec: 44.71
[[34m2025-08-13 02:46:20[0m] (step=0005000) Train Loss: 0.1392, Train Steps/Sec: 2.80, Samples/Sec: 44.76
[[34m2025-08-13 02:46:57[0m] (step=0005100) Train Loss: 0.1567, Train Steps/Sec: 2.76, Samples/Sec: 44.18
[[34m2025-08-13 02:47:33[0m] (step=0005200) Train Loss: 0.1600, Train Steps/Sec: 2.77, Samples/Sec: 44.34
[[34m2025-08-13 02:48:09[0m] (step=0005300) Train Loss: 0.1535, Train Steps/Sec: 2.78, Samples/Sec: 44.46
[[34m2025-08-13 02:48:45[0m] (step=0005400) Train Loss: 0.1486, Train Steps/Sec: 2.77, Samples/Sec: 44.32
[[34m2025-08-13 02:49:20[0m] (step=0005500) Train Loss: 0.1555, Train Steps/Sec: 2.82, Samples/Sec: 45.15
[[34m2025-08-13 02:49:56[0m] (step=0005600) Train Loss: 0.1537, Train Steps/Sec: 2.77, Samples/Sec: 44.39
[[34m2025-08-13 02:50:32[0m] (step=0005700) Train Loss: 0.1488, Train Steps/Sec: 2.77, Samples/Sec: 44.34
[[34m2025-08-13 02:51:08[0m] (step=0005800) Train Loss: 0.1582, Train Steps/Sec: 2.77, Samples/Sec: 44.28
[[34m2025-08-13 02:51:44[0m] (step=0005900) Train Loss: 0.1640, Train Steps/Sec: 2.78, Samples/Sec: 44.51
[[34m2025-08-13 02:52:21[0m] (step=0006000) Train Loss: 0.1547, Train Steps/Sec: 2.73, Samples/Sec: 43.70
[[34m2025-08-13 02:52:57[0m] (step=0006100) Train Loss: 0.1414, Train Steps/Sec: 2.76, Samples/Sec: 44.20
[[34m2025-08-13 02:53:33[0m] (step=0006200) Train Loss: 0.1419, Train Steps/Sec: 2.77, Samples/Sec: 44.30
[[34m2025-08-13 02:54:09[0m] (step=0006300) Train Loss: 0.1468, Train Steps/Sec: 2.78, Samples/Sec: 44.54
[[34m2025-08-13 02:54:45[0m] (step=0006400) Train Loss: 0.1620, Train Steps/Sec: 2.77, Samples/Sec: 44.36
[[34m2025-08-13 02:55:21[0m] (step=0006500) Train Loss: 0.1413, Train Steps/Sec: 2.81, Samples/Sec: 44.97
[[34m2025-08-13 02:55:57[0m] (step=0006600) Train Loss: 0.1447, Train Steps/Sec: 2.75, Samples/Sec: 43.94
[[34m2025-08-13 02:56:33[0m] (step=0006700) Train Loss: 0.1373, Train Steps/Sec: 2.81, Samples/Sec: 44.94
[[34m2025-08-13 02:57:09[0m] (step=0006800) Train Loss: 0.1377, Train Steps/Sec: 2.80, Samples/Sec: 44.84
[[34m2025-08-13 02:57:44[0m] (step=0006900) Train Loss: 0.1357, Train Steps/Sec: 2.80, Samples/Sec: 44.73
[[34m2025-08-13 02:58:20[0m] (step=0007000) Train Loss: 0.1358, Train Steps/Sec: 2.79, Samples/Sec: 44.60
[[34m2025-08-13 02:58:56[0m] (step=0007100) Train Loss: 0.1373, Train Steps/Sec: 2.77, Samples/Sec: 44.38
[[34m2025-08-13 02:59:33[0m] (step=0007200) Train Loss: 0.1443, Train Steps/Sec: 2.77, Samples/Sec: 44.38
[[34m2025-08-13 03:00:09[0m] (step=0007300) Train Loss: 0.1341, Train Steps/Sec: 2.73, Samples/Sec: 43.68
[[34m2025-08-13 03:00:45[0m] (step=0007400) Train Loss: 0.1334, Train Steps/Sec: 2.76, Samples/Sec: 44.11
[[34m2025-08-13 03:01:22[0m] (step=0007500) Train Loss: 0.1345, Train Steps/Sec: 2.77, Samples/Sec: 44.31
[[34m2025-08-13 03:01:57[0m] (step=0007600) Train Loss: 0.1416, Train Steps/Sec: 2.79, Samples/Sec: 44.57
[[34m2025-08-13 03:02:33[0m] (step=0007700) Train Loss: 0.1364, Train Steps/Sec: 2.79, Samples/Sec: 44.62
[[34m2025-08-13 03:03:09[0m] (step=0007800) Train Loss: 0.1400, Train Steps/Sec: 2.79, Samples/Sec: 44.56
[[34m2025-08-13 03:03:46[0m] (step=0007900) Train Loss: 0.1365, Train Steps/Sec: 2.74, Samples/Sec: 43.92
[[34m2025-08-13 03:04:22[0m] (step=0008000) Train Loss: 0.1331, Train Steps/Sec: 2.79, Samples/Sec: 44.65
[[34m2025-08-13 03:04:57[0m] (step=0008100) Train Loss: 0.1384, Train Steps/Sec: 2.80, Samples/Sec: 44.78
[[34m2025-08-13 03:05:33[0m] (step=0008200) Train Loss: 0.1230, Train Steps/Sec: 2.80, Samples/Sec: 44.79
[[34m2025-08-13 03:06:08[0m] (step=0008300) Train Loss: 0.1323, Train Steps/Sec: 2.82, Samples/Sec: 45.15
[[34m2025-08-13 03:06:44[0m] (step=0008400) Train Loss: 0.1364, Train Steps/Sec: 2.82, Samples/Sec: 45.06
[[34m2025-08-13 03:07:20[0m] (step=0008500) Train Loss: 0.1491, Train Steps/Sec: 2.76, Samples/Sec: 44.11
[[34m2025-08-13 03:07:57[0m] (step=0008600) Train Loss: 0.1396, Train Steps/Sec: 2.73, Samples/Sec: 43.65
[[34m2025-08-13 03:08:33[0m] (step=0008700) Train Loss: 0.1312, Train Steps/Sec: 2.80, Samples/Sec: 44.76
[[34m2025-08-13 03:09:09[0m] (step=0008800) Train Loss: 0.1342, Train Steps/Sec: 2.78, Samples/Sec: 44.44
[[34m2025-08-13 03:09:44[0m] (step=0008900) Train Loss: 0.1378, Train Steps/Sec: 2.81, Samples/Sec: 44.90
[[34m2025-08-13 03:10:20[0m] (step=0009000) Train Loss: 0.1421, Train Steps/Sec: 2.78, Samples/Sec: 44.53
[[34m2025-08-13 03:10:56[0m] (step=0009100) Train Loss: 0.1315, Train Steps/Sec: 2.80, Samples/Sec: 44.75
[[34m2025-08-13 03:11:32[0m] (step=0009200) Train Loss: 0.1292, Train Steps/Sec: 2.76, Samples/Sec: 44.11
[[34m2025-08-13 03:12:08[0m] (step=0009300) Train Loss: 0.1299, Train Steps/Sec: 2.77, Samples/Sec: 44.31
[[34m2025-08-13 03:12:45[0m] (step=0009400) Train Loss: 0.1455, Train Steps/Sec: 2.73, Samples/Sec: 43.74
[[34m2025-08-13 03:13:21[0m] (step=0009500) Train Loss: 0.1382, Train Steps/Sec: 2.78, Samples/Sec: 44.43
[[34m2025-08-13 03:13:57[0m] (step=0009600) Train Loss: 0.1305, Train Steps/Sec: 2.76, Samples/Sec: 44.17
[[34m2025-08-13 03:14:34[0m] (step=0009700) Train Loss: 0.1304, Train Steps/Sec: 2.74, Samples/Sec: 43.80
[[34m2025-08-13 03:15:10[0m] (step=0009800) Train Loss: 0.1375, Train Steps/Sec: 2.77, Samples/Sec: 44.25
[[34m2025-08-13 03:15:47[0m] (step=0009900) Train Loss: 0.1370, Train Steps/Sec: 2.72, Samples/Sec: 43.52
[[34m2025-08-13 03:16:23[0m] (step=0010000) Train Loss: 0.1278, Train Steps/Sec: 2.79, Samples/Sec: 44.64
Using cache found in ./models/facebookresearch_dino_main
Using cache found in ./models/facebookresearch_dino_main
Using cache found in ./models/facebookresearch_dino_main
/data1/zwc/miniconda3/envs/nwm2/lib/python3.8/site-packages/torch/_utils.py:831: UserWarning: TypedStorage is deprecated. It will be removed in the future and UntypedStorage will be the only storage class. This should only matter to you if you are using storages directly.  To access UntypedStorage directly, use tensor.untyped_storage() instead of tensor.storage()
  return self.fget.__get__(instance, owner)()
/data1/zwc/miniconda3/envs/nwm2/lib/python3.8/site-packages/torch/_utils.py:831: UserWarning: TypedStorage is deprecated. It will be removed in the future and UntypedStorage will be the only storage class. This should only matter to you if you are using storages directly.  To access UntypedStorage directly, use tensor.untyped_storage() instead of tensor.storage()
  return self.fget.__get__(instance, owner)()
/data1/zwc/miniconda3/envs/nwm2/lib/python3.8/site-packages/torch/_utils.py:831: UserWarning: TypedStorage is deprecated. It will be removed in the future and UntypedStorage will be the only storage class. This should only matter to you if you are using storages directly.  To access UntypedStorage directly, use tensor.untyped_storage() instead of tensor.storage()
  return self.fget.__get__(instance, owner)()
/data1/zwc/miniconda3/envs/nwm2/lib/python3.8/site-packages/torch/nn/utils/weight_norm.py:30: UserWarning: torch.nn.utils.weight_norm is deprecated in favor of torch.nn.utils.parametrizations.weight_norm.
  warnings.warn("torch.nn.utils.weight_norm is deprecated in favor of torch.nn.utils.parametrizations.weight_norm.")
/data1/zwc/miniconda3/envs/nwm2/lib/python3.8/site-packages/torch/nn/utils/weight_norm.py:30: UserWarning: torch.nn.utils.weight_norm is deprecated in favor of torch.nn.utils.parametrizations.weight_norm.
  warnings.warn("torch.nn.utils.weight_norm is deprecated in favor of torch.nn.utils.parametrizations.weight_norm.")
/data1/zwc/miniconda3/envs/nwm2/lib/python3.8/site-packages/torch/nn/utils/weight_norm.py:30: UserWarning: torch.nn.utils.weight_norm is deprecated in favor of torch.nn.utils.parametrizations.weight_norm.
  warnings.warn("torch.nn.utils.weight_norm is deprecated in favor of torch.nn.utils.parametrizations.weight_norm.")
[[34m2025-08-13 03:16:41[0m] Saved checkpoint to logs/nwm_cdit_airvln_v6_1/checkpoints/latest.pth.tar
Using cache found in ./models/facebookresearch_dino_main
/data1/zwc/miniconda3/envs/nwm2/lib/python3.8/site-packages/torch/_utils.py:831: UserWarning: TypedStorage is deprecated. It will be removed in the future and UntypedStorage will be the only storage class. This should only matter to you if you are using storages directly.  To access UntypedStorage directly, use tensor.untyped_storage() instead of tensor.storage()
  return self.fget.__get__(instance, owner)()
/data1/zwc/miniconda3/envs/nwm2/lib/python3.8/site-packages/torch/nn/utils/weight_norm.py:30: UserWarning: torch.nn.utils.weight_norm is deprecated in favor of torch.nn.utils.parametrizations.weight_norm.
  warnings.warn("torch.nn.utils.weight_norm is deprecated in favor of torch.nn.utils.parametrizations.weight_norm.")
[[34m2025-08-13 03:16:45[0m] Already found a `peft_config` attribute in the model. This will lead to having multiple adapters in the model. Make sure to know what you are doing!
[[34m2025-08-13 03:18:12[0m] (step=0010000) Perceptual Loss: 0.8373, Eval Time: 91.01
[[34m2025-08-13 03:18:49[0m] (step=0010100) Train Loss: 0.1323, Train Steps/Sec: 0.68, Samples/Sec: 10.95
[[34m2025-08-13 03:19:25[0m] (step=0010200) Train Loss: 0.1297, Train Steps/Sec: 2.79, Samples/Sec: 44.58
[[34m2025-08-13 03:20:01[0m] (step=0010300) Train Loss: 0.1269, Train Steps/Sec: 2.75, Samples/Sec: 43.95
[[34m2025-08-13 03:20:37[0m] (step=0010400) Train Loss: 0.1236, Train Steps/Sec: 2.75, Samples/Sec: 44.01
[[34m2025-08-13 03:21:13[0m] (step=0010500) Train Loss: 0.1224, Train Steps/Sec: 2.82, Samples/Sec: 45.13
[[34m2025-08-13 03:21:49[0m] (step=0010600) Train Loss: 0.1337, Train Steps/Sec: 2.78, Samples/Sec: 44.49
[[34m2025-08-13 03:22:25[0m] (step=0010700) Train Loss: 0.1279, Train Steps/Sec: 2.75, Samples/Sec: 43.97
[[34m2025-08-13 03:23:02[0m] (step=0010800) Train Loss: 0.1342, Train Steps/Sec: 2.71, Samples/Sec: 43.43
[[34m2025-08-13 03:23:38[0m] (step=0010900) Train Loss: 0.1389, Train Steps/Sec: 2.75, Samples/Sec: 43.98
[[34m2025-08-13 03:24:15[0m] (step=0011000) Train Loss: 0.1342, Train Steps/Sec: 2.72, Samples/Sec: 43.60
[[34m2025-08-13 03:24:52[0m] (step=0011100) Train Loss: 0.1234, Train Steps/Sec: 2.71, Samples/Sec: 43.32
[[34m2025-08-13 03:25:28[0m] (step=0011200) Train Loss: 0.1344, Train Steps/Sec: 2.77, Samples/Sec: 44.39
[[34m2025-08-13 03:26:04[0m] (step=0011300) Train Loss: 0.1272, Train Steps/Sec: 2.76, Samples/Sec: 44.11
[[34m2025-08-13 03:26:42[0m] (step=0011400) Train Loss: 0.1343, Train Steps/Sec: 2.66, Samples/Sec: 42.55
[[34m2025-08-13 03:27:19[0m] (step=0011500) Train Loss: 0.1207, Train Steps/Sec: 2.72, Samples/Sec: 43.59
[[34m2025-08-13 03:27:55[0m] (step=0011600) Train Loss: 0.1271, Train Steps/Sec: 2.76, Samples/Sec: 44.12
[[34m2025-08-13 03:28:32[0m] (step=0011700) Train Loss: 0.1267, Train Steps/Sec: 2.72, Samples/Sec: 43.55
[[34m2025-08-13 03:29:08[0m] (step=0011800) Train Loss: 0.1296, Train Steps/Sec: 2.77, Samples/Sec: 44.30
[[34m2025-08-13 03:29:45[0m] (step=0011900) Train Loss: 0.1230, Train Steps/Sec: 2.72, Samples/Sec: 43.53
[[34m2025-08-13 03:30:21[0m] (step=0012000) Train Loss: 0.1270, Train Steps/Sec: 2.77, Samples/Sec: 44.26
[[34m2025-08-13 03:30:58[0m] (step=0012100) Train Loss: 0.1326, Train Steps/Sec: 2.68, Samples/Sec: 42.89
[[34m2025-08-13 03:31:35[0m] (step=0012200) Train Loss: 0.1342, Train Steps/Sec: 2.73, Samples/Sec: 43.72
[[34m2025-08-13 03:32:12[0m] (step=0012300) Train Loss: 0.1339, Train Steps/Sec: 2.70, Samples/Sec: 43.19
[[34m2025-08-13 03:32:48[0m] (step=0012400) Train Loss: 0.1366, Train Steps/Sec: 2.77, Samples/Sec: 44.34
[[34m2025-08-13 03:33:24[0m] (step=0012500) Train Loss: 0.1292, Train Steps/Sec: 2.78, Samples/Sec: 44.48
[[34m2025-08-13 03:34:00[0m] (step=0012600) Train Loss: 0.1267, Train Steps/Sec: 2.76, Samples/Sec: 44.18
[[34m2025-08-13 03:34:37[0m] (step=0012700) Train Loss: 0.1245, Train Steps/Sec: 2.73, Samples/Sec: 43.65
[[34m2025-08-13 03:35:14[0m] (step=0012800) Train Loss: 0.1420, Train Steps/Sec: 2.71, Samples/Sec: 43.28
[[34m2025-08-13 03:35:50[0m] (step=0012900) Train Loss: 0.1140, Train Steps/Sec: 2.77, Samples/Sec: 44.25
[[34m2025-08-13 03:36:27[0m] (step=0013000) Train Loss: 0.1229, Train Steps/Sec: 2.72, Samples/Sec: 43.47
[[34m2025-08-13 03:37:03[0m] (step=0013100) Train Loss: 0.1240, Train Steps/Sec: 2.73, Samples/Sec: 43.66
[[34m2025-08-13 03:37:40[0m] (step=0013200) Train Loss: 0.1330, Train Steps/Sec: 2.73, Samples/Sec: 43.72
[[34m2025-08-13 03:38:17[0m] (step=0013300) Train Loss: 0.1223, Train Steps/Sec: 2.71, Samples/Sec: 43.35
[[34m2025-08-13 03:38:54[0m] (step=0013400) Train Loss: 0.1343, Train Steps/Sec: 2.70, Samples/Sec: 43.20
[[34m2025-08-13 03:39:31[0m] (step=0013500) Train Loss: 0.1312, Train Steps/Sec: 2.70, Samples/Sec: 43.26
[[34m2025-08-13 03:40:08[0m] (step=0013600) Train Loss: 0.1227, Train Steps/Sec: 2.67, Samples/Sec: 42.76
[[34m2025-08-13 03:40:45[0m] (step=0013700) Train Loss: 0.1287, Train Steps/Sec: 2.76, Samples/Sec: 44.18
[[34m2025-08-13 03:41:21[0m] (step=0013800) Train Loss: 0.1281, Train Steps/Sec: 2.74, Samples/Sec: 43.85
[[34m2025-08-13 03:41:58[0m] (step=0013900) Train Loss: 0.1193, Train Steps/Sec: 2.73, Samples/Sec: 43.70
[[34m2025-08-13 03:42:35[0m] (step=0014000) Train Loss: 0.1297, Train Steps/Sec: 2.69, Samples/Sec: 43.08
[[34m2025-08-13 03:43:12[0m] (step=0014100) Train Loss: 0.1345, Train Steps/Sec: 2.73, Samples/Sec: 43.67
[[34m2025-08-13 03:43:48[0m] (step=0014200) Train Loss: 0.1134, Train Steps/Sec: 2.78, Samples/Sec: 44.43
[[34m2025-08-13 03:44:25[0m] (step=0014300) Train Loss: 0.1259, Train Steps/Sec: 2.66, Samples/Sec: 42.56
[[34m2025-08-13 03:45:03[0m] (step=0014400) Train Loss: 0.1270, Train Steps/Sec: 2.67, Samples/Sec: 42.72
[[34m2025-08-13 03:45:40[0m] (step=0014500) Train Loss: 0.1241, Train Steps/Sec: 2.68, Samples/Sec: 42.86
[[34m2025-08-13 03:46:17[0m] (step=0014600) Train Loss: 0.1380, Train Steps/Sec: 2.68, Samples/Sec: 42.82
[[34m2025-08-13 03:46:55[0m] (step=0014700) Train Loss: 0.1298, Train Steps/Sec: 2.64, Samples/Sec: 42.23
[[34m2025-08-13 03:47:32[0m] (step=0014800) Train Loss: 0.1296, Train Steps/Sec: 2.73, Samples/Sec: 43.61
[[34m2025-08-13 03:48:08[0m] (step=0014900) Train Loss: 0.1226, Train Steps/Sec: 2.74, Samples/Sec: 43.86
[[34m2025-08-13 03:48:46[0m] (step=0015000) Train Loss: 0.1375, Train Steps/Sec: 2.63, Samples/Sec: 42.09
[[34m2025-08-13 03:49:23[0m] (step=0015100) Train Loss: 0.1338, Train Steps/Sec: 2.74, Samples/Sec: 43.77
[[34m2025-08-13 03:50:00[0m] (step=0015200) Train Loss: 0.1306, Train Steps/Sec: 2.72, Samples/Sec: 43.45
[[34m2025-08-13 03:50:36[0m] (step=0015300) Train Loss: 0.1262, Train Steps/Sec: 2.74, Samples/Sec: 43.89
[[34m2025-08-13 03:51:13[0m] (step=0015400) Train Loss: 0.1270, Train Steps/Sec: 2.75, Samples/Sec: 43.96
[[34m2025-08-13 03:51:50[0m] (step=0015500) Train Loss: 0.1259, Train Steps/Sec: 2.69, Samples/Sec: 43.01
[[34m2025-08-13 03:52:27[0m] (step=0015600) Train Loss: 0.1236, Train Steps/Sec: 2.67, Samples/Sec: 42.68
[[34m2025-08-13 03:53:04[0m] (step=0015700) Train Loss: 0.1380, Train Steps/Sec: 2.75, Samples/Sec: 43.94
[[34m2025-08-13 03:53:40[0m] (step=0015800) Train Loss: 0.1220, Train Steps/Sec: 2.75, Samples/Sec: 43.98
[[34m2025-08-13 03:54:16[0m] (step=0015900) Train Loss: 0.1281, Train Steps/Sec: 2.79, Samples/Sec: 44.66
[[34m2025-08-13 03:54:52[0m] (step=0016000) Train Loss: 0.1195, Train Steps/Sec: 2.79, Samples/Sec: 44.67
[[34m2025-08-13 03:55:28[0m] (step=0016100) Train Loss: 0.1275, Train Steps/Sec: 2.74, Samples/Sec: 43.86
[[34m2025-08-13 03:56:04[0m] (step=0016200) Train Loss: 0.1292, Train Steps/Sec: 2.77, Samples/Sec: 44.39
[[34m2025-08-13 03:56:41[0m] (step=0016300) Train Loss: 0.1180, Train Steps/Sec: 2.75, Samples/Sec: 44.07
[[34m2025-08-13 03:57:17[0m] (step=0016400) Train Loss: 0.1170, Train Steps/Sec: 2.73, Samples/Sec: 43.74
[[34m2025-08-13 03:57:54[0m] (step=0016500) Train Loss: 0.1281, Train Steps/Sec: 2.76, Samples/Sec: 44.17
[[34m2025-08-13 03:58:31[0m] (step=0016600) Train Loss: 0.1338, Train Steps/Sec: 2.65, Samples/Sec: 42.45
[[34m2025-08-13 03:59:08[0m] (step=0016700) Train Loss: 0.1326, Train Steps/Sec: 2.74, Samples/Sec: 43.87
[[34m2025-08-13 03:59:45[0m] (step=0016800) Train Loss: 0.1211, Train Steps/Sec: 2.70, Samples/Sec: 43.26
[[34m2025-08-13 04:00:21[0m] (step=0016900) Train Loss: 0.1159, Train Steps/Sec: 2.75, Samples/Sec: 44.08
[[34m2025-08-13 04:00:58[0m] (step=0017000) Train Loss: 0.1167, Train Steps/Sec: 2.73, Samples/Sec: 43.75
[[34m2025-08-13 04:01:34[0m] (step=0017100) Train Loss: 0.1272, Train Steps/Sec: 2.73, Samples/Sec: 43.72
[[34m2025-08-13 04:02:11[0m] (step=0017200) Train Loss: 0.1237, Train Steps/Sec: 2.75, Samples/Sec: 43.98
[[34m2025-08-13 04:02:47[0m] (step=0017300) Train Loss: 0.1226, Train Steps/Sec: 2.74, Samples/Sec: 43.76
[[34m2025-08-13 04:03:24[0m] (step=0017400) Train Loss: 0.1231, Train Steps/Sec: 2.73, Samples/Sec: 43.72
[[34m2025-08-13 04:04:00[0m] (step=0017500) Train Loss: 0.1134, Train Steps/Sec: 2.77, Samples/Sec: 44.34
[[34m2025-08-13 04:04:37[0m] (step=0017600) Train Loss: 0.1250, Train Steps/Sec: 2.70, Samples/Sec: 43.17
[[34m2025-08-13 04:05:13[0m] (step=0017700) Train Loss: 0.1175, Train Steps/Sec: 2.77, Samples/Sec: 44.33
[[34m2025-08-13 04:05:50[0m] (step=0017800) Train Loss: 0.1151, Train Steps/Sec: 2.73, Samples/Sec: 43.64
[[34m2025-08-13 04:06:26[0m] (step=0017900) Train Loss: 0.1229, Train Steps/Sec: 2.75, Samples/Sec: 44.05
[[34m2025-08-13 04:07:03[0m] (step=0018000) Train Loss: 0.1170, Train Steps/Sec: 2.74, Samples/Sec: 43.80
[[34m2025-08-13 04:07:39[0m] (step=0018100) Train Loss: 0.1178, Train Steps/Sec: 2.72, Samples/Sec: 43.58
[[34m2025-08-13 04:08:16[0m] (step=0018200) Train Loss: 0.1176, Train Steps/Sec: 2.73, Samples/Sec: 43.73
[[34m2025-08-13 04:08:53[0m] (step=0018300) Train Loss: 0.1210, Train Steps/Sec: 2.71, Samples/Sec: 43.39
[[34m2025-08-13 04:09:30[0m] (step=0018400) Train Loss: 0.1261, Train Steps/Sec: 2.67, Samples/Sec: 42.66
[[34m2025-08-13 04:10:06[0m] (step=0018500) Train Loss: 0.1258, Train Steps/Sec: 2.77, Samples/Sec: 44.28
[[34m2025-08-13 04:10:43[0m] (step=0018600) Train Loss: 0.1293, Train Steps/Sec: 2.73, Samples/Sec: 43.65
[[34m2025-08-13 04:11:20[0m] (step=0018700) Train Loss: 0.1278, Train Steps/Sec: 2.68, Samples/Sec: 42.84
[[34m2025-08-13 04:11:57[0m] (step=0018800) Train Loss: 0.1252, Train Steps/Sec: 2.71, Samples/Sec: 43.36
[[34m2025-08-13 04:12:35[0m] (step=0018900) Train Loss: 0.1215, Train Steps/Sec: 2.67, Samples/Sec: 42.73
[[34m2025-08-13 04:13:12[0m] (step=0019000) Train Loss: 0.1163, Train Steps/Sec: 2.71, Samples/Sec: 43.35
[[34m2025-08-13 04:13:48[0m] (step=0019100) Train Loss: 0.1098, Train Steps/Sec: 2.76, Samples/Sec: 44.24
[[34m2025-08-13 04:14:25[0m] (step=0019200) Train Loss: 0.1225, Train Steps/Sec: 2.69, Samples/Sec: 42.97
[[34m2025-08-13 04:15:02[0m] (step=0019300) Train Loss: 0.1212, Train Steps/Sec: 2.73, Samples/Sec: 43.63
[[34m2025-08-13 04:15:39[0m] (step=0019400) Train Loss: 0.1139, Train Steps/Sec: 2.71, Samples/Sec: 43.37
[[34m2025-08-13 04:16:16[0m] (step=0019500) Train Loss: 0.1287, Train Steps/Sec: 2.70, Samples/Sec: 43.13
[[34m2025-08-13 04:16:53[0m] (step=0019600) Train Loss: 0.1224, Train Steps/Sec: 2.69, Samples/Sec: 43.01
[[34m2025-08-13 04:17:30[0m] (step=0019700) Train Loss: 0.1246, Train Steps/Sec: 2.74, Samples/Sec: 43.88
[[34m2025-08-13 04:18:06[0m] (step=0019800) Train Loss: 0.1256, Train Steps/Sec: 2.71, Samples/Sec: 43.34
[[34m2025-08-13 04:18:43[0m] (step=0019900) Train Loss: 0.1256, Train Steps/Sec: 2.75, Samples/Sec: 44.05
[[34m2025-08-13 04:19:19[0m] (step=0020000) Train Loss: 0.1184, Train Steps/Sec: 2.73, Samples/Sec: 43.67
Using cache found in ./models/facebookresearch_dino_main
Using cache found in ./models/facebookresearch_dino_main
Using cache found in ./models/facebookresearch_dino_main
[[34m2025-08-13 04:19:52[0m] Saved checkpoint to logs/nwm_cdit_airvln_v6_1/checkpoints/latest.pth.tar
Using cache found in ./models/facebookresearch_dino_main
[[34m2025-08-13 04:20:07[0m] Already found a `peft_config` attribute in the model. This will lead to having multiple adapters in the model. Make sure to know what you are doing!
[[34m2025-08-13 04:21:40[0m] (step=0020000) Perceptual Loss: 0.6224, Eval Time: 108.25
[[34m2025-08-13 04:22:19[0m] (step=0020100) Train Loss: 0.1204, Train Steps/Sec: 0.56, Samples/Sec: 8.93
[[34m2025-08-13 04:22:56[0m] (step=0020200) Train Loss: 0.1133, Train Steps/Sec: 2.68, Samples/Sec: 42.83
[[34m2025-08-13 04:23:32[0m] (step=0020300) Train Loss: 0.1084, Train Steps/Sec: 2.74, Samples/Sec: 43.89
[[34m2025-08-13 04:24:09[0m] (step=0020400) Train Loss: 0.1325, Train Steps/Sec: 2.70, Samples/Sec: 43.16
[[34m2025-08-13 04:24:46[0m] (step=0020500) Train Loss: 0.1321, Train Steps/Sec: 2.76, Samples/Sec: 44.15
[[34m2025-08-13 04:25:23[0m] (step=0020600) Train Loss: 0.1177, Train Steps/Sec: 2.72, Samples/Sec: 43.44
[[34m2025-08-13 04:25:59[0m] (step=0020700) Train Loss: 0.1102, Train Steps/Sec: 2.76, Samples/Sec: 44.11
[[34m2025-08-13 04:26:36[0m] (step=0020800) Train Loss: 0.1207, Train Steps/Sec: 2.67, Samples/Sec: 42.68
[[34m2025-08-13 04:27:13[0m] (step=0020900) Train Loss: 0.1188, Train Steps/Sec: 2.72, Samples/Sec: 43.51
[[34m2025-08-13 04:27:50[0m] (step=0021000) Train Loss: 0.1270, Train Steps/Sec: 2.71, Samples/Sec: 43.39
[[34m2025-08-13 04:28:27[0m] (step=0021100) Train Loss: 0.1267, Train Steps/Sec: 2.73, Samples/Sec: 43.75
[[34m2025-08-13 04:29:03[0m] (step=0021200) Train Loss: 0.1259, Train Steps/Sec: 2.75, Samples/Sec: 44.04
[[34m2025-08-13 04:29:39[0m] (step=0021300) Train Loss: 0.1121, Train Steps/Sec: 2.74, Samples/Sec: 43.80
[[34m2025-08-13 04:30:16[0m] (step=0021400) Train Loss: 0.1192, Train Steps/Sec: 2.72, Samples/Sec: 43.58
[[34m2025-08-13 04:30:53[0m] (step=0021500) Train Loss: 0.1190, Train Steps/Sec: 2.69, Samples/Sec: 43.04
[[34m2025-08-13 04:31:30[0m] (step=0021600) Train Loss: 0.1238, Train Steps/Sec: 2.75, Samples/Sec: 44.08
[[34m2025-08-13 04:32:06[0m] (step=0021700) Train Loss: 0.1168, Train Steps/Sec: 2.72, Samples/Sec: 43.50
[[34m2025-08-13 04:32:42[0m] (step=0021800) Train Loss: 0.1236, Train Steps/Sec: 2.81, Samples/Sec: 45.01
[[34m2025-08-13 04:33:18[0m] (step=0021900) Train Loss: 0.1226, Train Steps/Sec: 2.81, Samples/Sec: 45.00
[[34m2025-08-13 04:33:54[0m] (step=0022000) Train Loss: 0.1201, Train Steps/Sec: 2.76, Samples/Sec: 44.16
[[34m2025-08-13 04:34:31[0m] (step=0022100) Train Loss: 0.1109, Train Steps/Sec: 2.72, Samples/Sec: 43.55
[[34m2025-08-13 04:35:07[0m] (step=0022200) Train Loss: 0.1220, Train Steps/Sec: 2.76, Samples/Sec: 44.20
[[34m2025-08-13 04:35:42[0m] (step=0022300) Train Loss: 0.1198, Train Steps/Sec: 2.81, Samples/Sec: 44.97
[[34m2025-08-13 04:36:18[0m] (step=0022400) Train Loss: 0.1219, Train Steps/Sec: 2.80, Samples/Sec: 44.79
[[34m2025-08-13 04:36:54[0m] (step=0022500) Train Loss: 0.1203, Train Steps/Sec: 2.80, Samples/Sec: 44.72
[[34m2025-08-13 04:37:30[0m] (step=0022600) Train Loss: 0.1195, Train Steps/Sec: 2.77, Samples/Sec: 44.33
[[34m2025-08-13 04:38:06[0m] (step=0022700) Train Loss: 0.1085, Train Steps/Sec: 2.76, Samples/Sec: 44.18
[[34m2025-08-13 04:38:42[0m] (step=0022800) Train Loss: 0.1156, Train Steps/Sec: 2.76, Samples/Sec: 44.11
[[34m2025-08-13 04:39:18[0m] (step=0022900) Train Loss: 0.1089, Train Steps/Sec: 2.79, Samples/Sec: 44.69
[[34m2025-08-13 04:39:55[0m] (step=0023000) Train Loss: 0.1102, Train Steps/Sec: 2.76, Samples/Sec: 44.14
[[34m2025-08-13 04:40:31[0m] (step=0023100) Train Loss: 0.1230, Train Steps/Sec: 2.76, Samples/Sec: 44.22
[[34m2025-08-13 04:41:07[0m] (step=0023200) Train Loss: 0.1156, Train Steps/Sec: 2.79, Samples/Sec: 44.69
[[34m2025-08-13 04:41:42[0m] (step=0023300) Train Loss: 0.1175, Train Steps/Sec: 2.78, Samples/Sec: 44.51
[[34m2025-08-13 04:42:19[0m] (step=0023400) Train Loss: 0.1287, Train Steps/Sec: 2.75, Samples/Sec: 43.96
[[34m2025-08-13 04:42:56[0m] (step=0023500) Train Loss: 0.1186, Train Steps/Sec: 2.72, Samples/Sec: 43.47
[[34m2025-08-13 04:43:31[0m] (step=0023600) Train Loss: 0.1219, Train Steps/Sec: 2.79, Samples/Sec: 44.72
[[34m2025-08-13 04:44:08[0m] (step=0023700) Train Loss: 0.1224, Train Steps/Sec: 2.76, Samples/Sec: 44.21
[[34m2025-08-13 04:44:43[0m] (step=0023800) Train Loss: 0.1203, Train Steps/Sec: 2.79, Samples/Sec: 44.71
[[34m2025-08-13 04:45:19[0m] (step=0023900) Train Loss: 0.1116, Train Steps/Sec: 2.79, Samples/Sec: 44.65
[[34m2025-08-13 04:45:55[0m] (step=0024000) Train Loss: 0.1242, Train Steps/Sec: 2.77, Samples/Sec: 44.26
[[34m2025-08-13 04:46:31[0m] (step=0024100) Train Loss: 0.1232, Train Steps/Sec: 2.78, Samples/Sec: 44.46
[[34m2025-08-13 04:47:08[0m] (step=0024200) Train Loss: 0.1215, Train Steps/Sec: 2.76, Samples/Sec: 44.23
[[34m2025-08-13 04:47:44[0m] (step=0024300) Train Loss: 0.1150, Train Steps/Sec: 2.79, Samples/Sec: 44.57
[[34m2025-08-13 04:48:20[0m] (step=0024400) Train Loss: 0.1137, Train Steps/Sec: 2.76, Samples/Sec: 44.09
[[34m2025-08-13 04:48:56[0m] (step=0024500) Train Loss: 0.1269, Train Steps/Sec: 2.75, Samples/Sec: 43.98
[[34m2025-08-13 04:49:33[0m] (step=0024600) Train Loss: 0.1250, Train Steps/Sec: 2.75, Samples/Sec: 44.06
[[34m2025-08-13 04:50:09[0m] (step=0024700) Train Loss: 0.1225, Train Steps/Sec: 2.75, Samples/Sec: 43.95
[[34m2025-08-13 04:50:46[0m] (step=0024800) Train Loss: 0.1280, Train Steps/Sec: 2.74, Samples/Sec: 43.82
[[34m2025-08-13 04:51:23[0m] (step=0024900) Train Loss: 0.1177, Train Steps/Sec: 2.70, Samples/Sec: 43.18
[[34m2025-08-13 04:51:59[0m] (step=0025000) Train Loss: 0.1237, Train Steps/Sec: 2.76, Samples/Sec: 44.10
[[34m2025-08-13 04:52:35[0m] (step=0025100) Train Loss: 0.1209, Train Steps/Sec: 2.78, Samples/Sec: 44.41
[[34m2025-08-13 04:53:10[0m] (step=0025200) Train Loss: 0.1202, Train Steps/Sec: 2.82, Samples/Sec: 45.15
[[34m2025-08-13 04:53:46[0m] (step=0025300) Train Loss: 0.1158, Train Steps/Sec: 2.81, Samples/Sec: 44.99
[[34m2025-08-13 04:54:22[0m] (step=0025400) Train Loss: 0.1148, Train Steps/Sec: 2.75, Samples/Sec: 44.00
[[34m2025-08-13 04:54:59[0m] (step=0025500) Train Loss: 0.1197, Train Steps/Sec: 2.75, Samples/Sec: 44.06
[[34m2025-08-13 04:55:35[0m] (step=0025600) Train Loss: 0.1219, Train Steps/Sec: 2.74, Samples/Sec: 43.90
[[34m2025-08-13 04:56:11[0m] (step=0025700) Train Loss: 0.1288, Train Steps/Sec: 2.78, Samples/Sec: 44.43
[[34m2025-08-13 04:56:47[0m] (step=0025800) Train Loss: 0.1116, Train Steps/Sec: 2.77, Samples/Sec: 44.39
[[34m2025-08-13 04:57:23[0m] (step=0025900) Train Loss: 0.1116, Train Steps/Sec: 2.77, Samples/Sec: 44.26
[[34m2025-08-13 04:57:59[0m] (step=0026000) Train Loss: 0.1206, Train Steps/Sec: 2.81, Samples/Sec: 45.03
[[34m2025-08-13 04:58:36[0m] (step=0026100) Train Loss: 0.1139, Train Steps/Sec: 2.72, Samples/Sec: 43.47
[[34m2025-08-13 04:59:11[0m] (step=0026200) Train Loss: 0.1122, Train Steps/Sec: 2.83, Samples/Sec: 45.27
[[34m2025-08-13 04:59:47[0m] (step=0026300) Train Loss: 0.1164, Train Steps/Sec: 2.75, Samples/Sec: 44.03
[[34m2025-08-13 05:00:24[0m] (step=0026400) Train Loss: 0.1169, Train Steps/Sec: 2.72, Samples/Sec: 43.57
[[34m2025-08-13 05:01:00[0m] (step=0026500) Train Loss: 0.1241, Train Steps/Sec: 2.77, Samples/Sec: 44.32
[[34m2025-08-13 05:01:37[0m] (step=0026600) Train Loss: 0.1190, Train Steps/Sec: 2.73, Samples/Sec: 43.70
[[34m2025-08-13 05:02:13[0m] (step=0026700) Train Loss: 0.1072, Train Steps/Sec: 2.79, Samples/Sec: 44.58
[[34m2025-08-13 05:02:49[0m] (step=0026800) Train Loss: 0.1223, Train Steps/Sec: 2.75, Samples/Sec: 43.96
[[34m2025-08-13 05:03:26[0m] (step=0026900) Train Loss: 0.1090, Train Steps/Sec: 2.75, Samples/Sec: 43.95
[[34m2025-08-13 05:04:02[0m] (step=0027000) Train Loss: 0.1108, Train Steps/Sec: 2.73, Samples/Sec: 43.63
[[34m2025-08-13 05:04:39[0m] (step=0027100) Train Loss: 0.1124, Train Steps/Sec: 2.74, Samples/Sec: 43.78
[[34m2025-08-13 05:05:15[0m] (step=0027200) Train Loss: 0.1152, Train Steps/Sec: 2.75, Samples/Sec: 44.03
[[34m2025-08-13 05:05:51[0m] (step=0027300) Train Loss: 0.1133, Train Steps/Sec: 2.76, Samples/Sec: 44.20
[[34m2025-08-13 05:06:28[0m] (step=0027400) Train Loss: 0.1115, Train Steps/Sec: 2.76, Samples/Sec: 44.21
[[34m2025-08-13 05:07:04[0m] (step=0027500) Train Loss: 0.1082, Train Steps/Sec: 2.76, Samples/Sec: 44.23
[[34m2025-08-13 05:07:40[0m] (step=0027600) Train Loss: 0.1141, Train Steps/Sec: 2.76, Samples/Sec: 44.19
[[34m2025-08-13 05:08:16[0m] (step=0027700) Train Loss: 0.1169, Train Steps/Sec: 2.74, Samples/Sec: 43.80
[[34m2025-08-13 05:08:53[0m] (step=0027800) Train Loss: 0.1187, Train Steps/Sec: 2.75, Samples/Sec: 43.95
[[34m2025-08-13 05:09:29[0m] (step=0027900) Train Loss: 0.1158, Train Steps/Sec: 2.75, Samples/Sec: 43.98
[[34m2025-08-13 05:10:06[0m] (step=0028000) Train Loss: 0.1114, Train Steps/Sec: 2.75, Samples/Sec: 44.01
[[34m2025-08-13 05:10:43[0m] (step=0028100) Train Loss: 0.1096, Train Steps/Sec: 2.70, Samples/Sec: 43.19
[[34m2025-08-13 05:11:19[0m] (step=0028200) Train Loss: 0.1203, Train Steps/Sec: 2.74, Samples/Sec: 43.78
[[34m2025-08-13 05:11:56[0m] (step=0028300) Train Loss: 0.1204, Train Steps/Sec: 2.74, Samples/Sec: 43.84
[[34m2025-08-13 05:12:32[0m] (step=0028400) Train Loss: 0.1200, Train Steps/Sec: 2.74, Samples/Sec: 43.82
[[34m2025-08-13 05:13:09[0m] (step=0028500) Train Loss: 0.1142, Train Steps/Sec: 2.74, Samples/Sec: 43.80
[[34m2025-08-13 05:13:45[0m] (step=0028600) Train Loss: 0.1175, Train Steps/Sec: 2.73, Samples/Sec: 43.71
[[34m2025-08-13 05:14:22[0m] (step=0028700) Train Loss: 0.1105, Train Steps/Sec: 2.76, Samples/Sec: 44.19
[[34m2025-08-13 05:14:59[0m] (step=0028800) Train Loss: 0.1111, Train Steps/Sec: 2.70, Samples/Sec: 43.21
[[34m2025-08-13 05:15:35[0m] (step=0028900) Train Loss: 0.0979, Train Steps/Sec: 2.78, Samples/Sec: 44.40
[[34m2025-08-13 05:16:11[0m] (step=0029000) Train Loss: 0.1248, Train Steps/Sec: 2.79, Samples/Sec: 44.60
[[34m2025-08-13 05:16:46[0m] (step=0029100) Train Loss: 0.1129, Train Steps/Sec: 2.78, Samples/Sec: 44.55
[[34m2025-08-13 05:17:22[0m] (step=0029200) Train Loss: 0.1076, Train Steps/Sec: 2.79, Samples/Sec: 44.68
[[34m2025-08-13 05:17:58[0m] (step=0029300) Train Loss: 0.1241, Train Steps/Sec: 2.77, Samples/Sec: 44.35
[[34m2025-08-13 05:18:35[0m] (step=0029400) Train Loss: 0.1044, Train Steps/Sec: 2.72, Samples/Sec: 43.57
[[34m2025-08-13 05:19:12[0m] (step=0029500) Train Loss: 0.1121, Train Steps/Sec: 2.75, Samples/Sec: 43.99
[[34m2025-08-13 05:19:48[0m] (step=0029600) Train Loss: 0.1188, Train Steps/Sec: 2.75, Samples/Sec: 44.07
[[34m2025-08-13 05:20:24[0m] (step=0029700) Train Loss: 0.0995, Train Steps/Sec: 2.74, Samples/Sec: 43.89
[[34m2025-08-13 05:21:01[0m] (step=0029800) Train Loss: 0.1101, Train Steps/Sec: 2.75, Samples/Sec: 44.03
[[34m2025-08-13 05:21:37[0m] (step=0029900) Train Loss: 0.1144, Train Steps/Sec: 2.75, Samples/Sec: 43.99
[[34m2025-08-13 05:22:13[0m] (step=0030000) Train Loss: 0.1168, Train Steps/Sec: 2.75, Samples/Sec: 44.04
Using cache found in ./models/facebookresearch_dino_main
Using cache found in ./models/facebookresearch_dino_main
Using cache found in ./models/facebookresearch_dino_main
[[34m2025-08-13 05:22:30[0m] Saved checkpoint to logs/nwm_cdit_airvln_v6_1/checkpoints/latest.pth.tar
Using cache found in ./models/facebookresearch_dino_main
[[34m2025-08-13 05:22:33[0m] Already found a `peft_config` attribute in the model. This will lead to having multiple adapters in the model. Make sure to know what you are doing!
[[34m2025-08-13 05:23:58[0m] (step=0030000) Perceptual Loss: 0.4212, Eval Time: 88.03
[[34m2025-08-13 05:24:35[0m] (step=0030100) Train Loss: 0.1200, Train Steps/Sec: 0.71, Samples/Sec: 11.32
[[34m2025-08-13 05:25:11[0m] (step=0030200) Train Loss: 0.1217, Train Steps/Sec: 2.75, Samples/Sec: 43.97
[[34m2025-08-13 05:25:47[0m] (step=0030300) Train Loss: 0.1028, Train Steps/Sec: 2.76, Samples/Sec: 44.19
[[34m2025-08-13 05:26:24[0m] (step=0030400) Train Loss: 0.1080, Train Steps/Sec: 2.74, Samples/Sec: 43.87
[[34m2025-08-13 05:27:00[0m] (step=0030500) Train Loss: 0.1108, Train Steps/Sec: 2.74, Samples/Sec: 43.85
[[34m2025-08-13 05:27:36[0m] (step=0030600) Train Loss: 0.1046, Train Steps/Sec: 2.77, Samples/Sec: 44.36
[[34m2025-08-13 05:28:13[0m] (step=0030700) Train Loss: 0.1124, Train Steps/Sec: 2.69, Samples/Sec: 43.01
[[34m2025-08-13 05:28:50[0m] (step=0030800) Train Loss: 0.1066, Train Steps/Sec: 2.75, Samples/Sec: 43.95
[[34m2025-08-13 05:29:26[0m] (step=0030900) Train Loss: 0.1215, Train Steps/Sec: 2.76, Samples/Sec: 44.17
[[34m2025-08-13 05:30:02[0m] (step=0031000) Train Loss: 0.1083, Train Steps/Sec: 2.75, Samples/Sec: 44.06
[[34m2025-08-13 05:30:39[0m] (step=0031100) Train Loss: 0.1063, Train Steps/Sec: 2.71, Samples/Sec: 43.38
[[34m2025-08-13 05:31:15[0m] (step=0031200) Train Loss: 0.1203, Train Steps/Sec: 2.77, Samples/Sec: 44.30
[[34m2025-08-13 05:31:52[0m] (step=0031300) Train Loss: 0.1201, Train Steps/Sec: 2.74, Samples/Sec: 43.86
[[34m2025-08-13 05:32:28[0m] (step=0031400) Train Loss: 0.1148, Train Steps/Sec: 2.74, Samples/Sec: 43.89
[[34m2025-08-13 05:33:05[0m] (step=0031500) Train Loss: 0.1153, Train Steps/Sec: 2.74, Samples/Sec: 43.87
[[34m2025-08-13 05:33:41[0m] (step=0031600) Train Loss: 0.1187, Train Steps/Sec: 2.76, Samples/Sec: 44.19
[[34m2025-08-13 05:34:17[0m] (step=0031700) Train Loss: 0.1111, Train Steps/Sec: 2.79, Samples/Sec: 44.70
[[34m2025-08-13 05:34:53[0m] (step=0031800) Train Loss: 0.0984, Train Steps/Sec: 2.75, Samples/Sec: 44.02
[[34m2025-08-13 05:35:30[0m] (step=0031900) Train Loss: 0.1071, Train Steps/Sec: 2.74, Samples/Sec: 43.86
[[34m2025-08-13 05:36:06[0m] (step=0032000) Train Loss: 0.1074, Train Steps/Sec: 2.74, Samples/Sec: 43.84
[[34m2025-08-13 05:36:43[0m] (step=0032100) Train Loss: 0.1172, Train Steps/Sec: 2.73, Samples/Sec: 43.71
[[34m2025-08-13 05:37:19[0m] (step=0032200) Train Loss: 0.1206, Train Steps/Sec: 2.79, Samples/Sec: 44.57
[[34m2025-08-13 05:37:55[0m] (step=0032300) Train Loss: 0.1188, Train Steps/Sec: 2.78, Samples/Sec: 44.46
[[34m2025-08-13 05:38:31[0m] (step=0032400) Train Loss: 0.1141, Train Steps/Sec: 2.73, Samples/Sec: 43.62
[[34m2025-08-13 05:39:08[0m] (step=0032500) Train Loss: 0.1113, Train Steps/Sec: 2.72, Samples/Sec: 43.52
[[34m2025-08-13 05:39:44[0m] (step=0032600) Train Loss: 0.1149, Train Steps/Sec: 2.77, Samples/Sec: 44.40
[[34m2025-08-13 05:40:21[0m] (step=0032700) Train Loss: 0.1159, Train Steps/Sec: 2.70, Samples/Sec: 43.22
[[34m2025-08-13 05:40:57[0m] (step=0032800) Train Loss: 0.0982, Train Steps/Sec: 2.79, Samples/Sec: 44.61
[[34m2025-08-13 05:41:33[0m] (step=0032900) Train Loss: 0.1150, Train Steps/Sec: 2.76, Samples/Sec: 44.11
[[34m2025-08-13 05:42:10[0m] (step=0033000) Train Loss: 0.1146, Train Steps/Sec: 2.76, Samples/Sec: 44.21
[[34m2025-08-13 05:42:46[0m] (step=0033100) Train Loss: 0.1139, Train Steps/Sec: 2.76, Samples/Sec: 44.21
[[34m2025-08-13 05:43:23[0m] (step=0033200) Train Loss: 0.1096, Train Steps/Sec: 2.71, Samples/Sec: 43.42
[[34m2025-08-13 05:44:01[0m] (step=0033300) Train Loss: 0.1158, Train Steps/Sec: 2.58, Samples/Sec: 41.30
[[34m2025-08-13 05:44:38[0m] (step=0033400) Train Loss: 0.1140, Train Steps/Sec: 2.73, Samples/Sec: 43.71
[[34m2025-08-13 05:45:14[0m] (step=0033500) Train Loss: 0.1161, Train Steps/Sec: 2.78, Samples/Sec: 44.41
[[34m2025-08-13 05:45:50[0m] (step=0033600) Train Loss: 0.1159, Train Steps/Sec: 2.76, Samples/Sec: 44.23
[[34m2025-08-13 05:46:27[0m] (step=0033700) Train Loss: 0.1092, Train Steps/Sec: 2.71, Samples/Sec: 43.37
[[34m2025-08-13 05:47:04[0m] (step=0033800) Train Loss: 0.1138, Train Steps/Sec: 2.70, Samples/Sec: 43.20
[[34m2025-08-13 05:47:41[0m] (step=0033900) Train Loss: 0.1074, Train Steps/Sec: 2.72, Samples/Sec: 43.48
[[34m2025-08-13 05:48:20[0m] (step=0034000) Train Loss: 0.1191, Train Steps/Sec: 2.56, Samples/Sec: 40.98
[[34m2025-08-13 05:48:57[0m] (step=0034100) Train Loss: 0.1045, Train Steps/Sec: 2.75, Samples/Sec: 43.92
[[34m2025-08-13 05:49:33[0m] (step=0034200) Train Loss: 0.1198, Train Steps/Sec: 2.73, Samples/Sec: 43.63
[[34m2025-08-13 05:50:09[0m] (step=0034300) Train Loss: 0.1130, Train Steps/Sec: 2.76, Samples/Sec: 44.17
[[34m2025-08-13 05:50:46[0m] (step=0034400) Train Loss: 0.1092, Train Steps/Sec: 2.77, Samples/Sec: 44.36
[[34m2025-08-13 05:51:22[0m] (step=0034500) Train Loss: 0.1059, Train Steps/Sec: 2.73, Samples/Sec: 43.66
[[34m2025-08-13 05:51:58[0m] (step=0034600) Train Loss: 0.1069, Train Steps/Sec: 2.77, Samples/Sec: 44.36
[[34m2025-08-13 05:52:35[0m] (step=0034700) Train Loss: 0.1059, Train Steps/Sec: 2.72, Samples/Sec: 43.45
[[34m2025-08-13 05:53:11[0m] (step=0034800) Train Loss: 0.1195, Train Steps/Sec: 2.77, Samples/Sec: 44.33
[[34m2025-08-13 05:53:50[0m] (step=0034900) Train Loss: 0.1072, Train Steps/Sec: 2.60, Samples/Sec: 41.58
[[34m2025-08-13 05:54:26[0m] (step=0035000) Train Loss: 0.1035, Train Steps/Sec: 2.74, Samples/Sec: 43.81
[[34m2025-08-13 05:55:03[0m] (step=0035100) Train Loss: 0.1009, Train Steps/Sec: 2.75, Samples/Sec: 44.02
[[34m2025-08-13 05:55:39[0m] (step=0035200) Train Loss: 0.0995, Train Steps/Sec: 2.74, Samples/Sec: 43.86
[[34m2025-08-13 05:56:16[0m] (step=0035300) Train Loss: 0.1058, Train Steps/Sec: 2.74, Samples/Sec: 43.80
[[34m2025-08-13 05:56:52[0m] (step=0035400) Train Loss: 0.1099, Train Steps/Sec: 2.73, Samples/Sec: 43.66
[[34m2025-08-13 05:57:29[0m] (step=0035500) Train Loss: 0.1204, Train Steps/Sec: 2.74, Samples/Sec: 43.85
[[34m2025-08-13 05:58:05[0m] (step=0035600) Train Loss: 0.1159, Train Steps/Sec: 2.77, Samples/Sec: 44.32
[[34m2025-08-13 05:58:41[0m] (step=0035700) Train Loss: 0.0945, Train Steps/Sec: 2.77, Samples/Sec: 44.31
[[34m2025-08-13 05:59:17[0m] (step=0035800) Train Loss: 0.1082, Train Steps/Sec: 2.77, Samples/Sec: 44.32
[[34m2025-08-13 05:59:55[0m] (step=0035900) Train Loss: 0.0996, Train Steps/Sec: 2.67, Samples/Sec: 42.67
[[34m2025-08-13 06:00:32[0m] (step=0036000) Train Loss: 0.1199, Train Steps/Sec: 2.66, Samples/Sec: 42.58
[[34m2025-08-13 06:01:09[0m] (step=0036100) Train Loss: 0.1118, Train Steps/Sec: 2.71, Samples/Sec: 43.35
[[34m2025-08-13 06:01:46[0m] (step=0036200) Train Loss: 0.1180, Train Steps/Sec: 2.72, Samples/Sec: 43.50
[[34m2025-08-13 06:02:22[0m] (step=0036300) Train Loss: 0.1197, Train Steps/Sec: 2.75, Samples/Sec: 44.08
[[34m2025-08-13 06:02:58[0m] (step=0036400) Train Loss: 0.1069, Train Steps/Sec: 2.76, Samples/Sec: 44.18
[[34m2025-08-13 06:03:35[0m] (step=0036500) Train Loss: 0.1111, Train Steps/Sec: 2.74, Samples/Sec: 43.88
[[34m2025-08-13 06:04:12[0m] (step=0036600) Train Loss: 0.1180, Train Steps/Sec: 2.70, Samples/Sec: 43.16
[[34m2025-08-13 06:04:49[0m] (step=0036700) Train Loss: 0.1095, Train Steps/Sec: 2.71, Samples/Sec: 43.41
[[34m2025-08-13 06:05:25[0m] (step=0036800) Train Loss: 0.1131, Train Steps/Sec: 2.74, Samples/Sec: 43.86
[[34m2025-08-13 06:06:02[0m] (step=0036900) Train Loss: 0.1142, Train Steps/Sec: 2.70, Samples/Sec: 43.23
[[34m2025-08-13 06:06:39[0m] (step=0037000) Train Loss: 0.1073, Train Steps/Sec: 2.75, Samples/Sec: 43.97
[[34m2025-08-13 06:07:15[0m] (step=0037100) Train Loss: 0.1170, Train Steps/Sec: 2.78, Samples/Sec: 44.50
[[34m2025-08-13 06:07:51[0m] (step=0037200) Train Loss: 0.1061, Train Steps/Sec: 2.74, Samples/Sec: 43.82
[[34m2025-08-13 06:08:28[0m] (step=0037300) Train Loss: 0.1114, Train Steps/Sec: 2.74, Samples/Sec: 43.89
[[34m2025-08-13 06:09:04[0m] (step=0037400) Train Loss: 0.1105, Train Steps/Sec: 2.73, Samples/Sec: 43.71
[[34m2025-08-13 06:09:41[0m] (step=0037500) Train Loss: 0.1165, Train Steps/Sec: 2.73, Samples/Sec: 43.66
[[34m2025-08-13 06:10:18[0m] (step=0037600) Train Loss: 0.1179, Train Steps/Sec: 2.71, Samples/Sec: 43.39
[[34m2025-08-13 06:10:55[0m] (step=0037700) Train Loss: 0.1003, Train Steps/Sec: 2.72, Samples/Sec: 43.50
[[34m2025-08-13 06:11:32[0m] (step=0037800) Train Loss: 0.1126, Train Steps/Sec: 2.71, Samples/Sec: 43.38
[[34m2025-08-13 06:12:08[0m] (step=0037900) Train Loss: 0.1064, Train Steps/Sec: 2.73, Samples/Sec: 43.71
[[34m2025-08-13 06:12:45[0m] (step=0038000) Train Loss: 0.1025, Train Steps/Sec: 2.71, Samples/Sec: 43.32
[[34m2025-08-13 06:13:22[0m] (step=0038100) Train Loss: 0.1101, Train Steps/Sec: 2.74, Samples/Sec: 43.87
[[34m2025-08-13 06:13:58[0m] (step=0038200) Train Loss: 0.1120, Train Steps/Sec: 2.74, Samples/Sec: 43.82
[[34m2025-08-13 06:14:34[0m] (step=0038300) Train Loss: 0.1091, Train Steps/Sec: 2.76, Samples/Sec: 44.15
[[34m2025-08-13 06:15:11[0m] (step=0038400) Train Loss: 0.1054, Train Steps/Sec: 2.73, Samples/Sec: 43.70
[[34m2025-08-13 06:15:47[0m] (step=0038500) Train Loss: 0.1058, Train Steps/Sec: 2.77, Samples/Sec: 44.35
[[34m2025-08-13 06:16:24[0m] (step=0038600) Train Loss: 0.1170, Train Steps/Sec: 2.70, Samples/Sec: 43.20
[[34m2025-08-13 06:17:01[0m] (step=0038700) Train Loss: 0.1046, Train Steps/Sec: 2.69, Samples/Sec: 43.05
[[34m2025-08-13 06:17:38[0m] (step=0038800) Train Loss: 0.1071, Train Steps/Sec: 2.73, Samples/Sec: 43.68
[[34m2025-08-13 06:18:14[0m] (step=0038900) Train Loss: 0.1019, Train Steps/Sec: 2.74, Samples/Sec: 43.77
[[34m2025-08-13 06:18:51[0m] (step=0039000) Train Loss: 0.1088, Train Steps/Sec: 2.73, Samples/Sec: 43.69
[[34m2025-08-13 06:19:28[0m] (step=0039100) Train Loss: 0.1128, Train Steps/Sec: 2.74, Samples/Sec: 43.87
[[34m2025-08-13 06:20:04[0m] (step=0039200) Train Loss: 0.1072, Train Steps/Sec: 2.76, Samples/Sec: 44.09
[[34m2025-08-13 06:20:41[0m] (step=0039300) Train Loss: 0.1153, Train Steps/Sec: 2.70, Samples/Sec: 43.21
[[34m2025-08-13 06:21:17[0m] (step=0039400) Train Loss: 0.1027, Train Steps/Sec: 2.76, Samples/Sec: 44.23
[[34m2025-08-13 06:21:53[0m] (step=0039500) Train Loss: 0.1100, Train Steps/Sec: 2.75, Samples/Sec: 44.06
[[34m2025-08-13 06:22:30[0m] (step=0039600) Train Loss: 0.1112, Train Steps/Sec: 2.74, Samples/Sec: 43.77
[[34m2025-08-13 06:23:07[0m] (step=0039700) Train Loss: 0.1175, Train Steps/Sec: 2.74, Samples/Sec: 43.80
[[34m2025-08-13 06:23:43[0m] (step=0039800) Train Loss: 0.1046, Train Steps/Sec: 2.74, Samples/Sec: 43.77
[[34m2025-08-13 06:24:19[0m] (step=0039900) Train Loss: 0.1169, Train Steps/Sec: 2.75, Samples/Sec: 43.98
[[34m2025-08-13 06:24:57[0m] (step=0040000) Train Loss: 0.1082, Train Steps/Sec: 2.68, Samples/Sec: 42.95
Using cache found in ./models/facebookresearch_dino_main
Using cache found in ./models/facebookresearch_dino_main
Using cache found in ./models/facebookresearch_dino_main
[[34m2025-08-13 06:25:14[0m] Saved checkpoint to logs/nwm_cdit_airvln_v6_1/checkpoints/latest.pth.tar
Using cache found in ./models/facebookresearch_dino_main
[[34m2025-08-13 06:25:17[0m] Already found a `peft_config` attribute in the model. This will lead to having multiple adapters in the model. Make sure to know what you are doing!
[[34m2025-08-13 06:26:43[0m] (step=0040000) Perceptual Loss: 0.3224, Eval Time: 88.52
[[34m2025-08-13 06:27:20[0m] (step=0040100) Train Loss: 0.1070, Train Steps/Sec: 0.70, Samples/Sec: 11.20
[[34m2025-08-13 06:27:57[0m] (step=0040200) Train Loss: 0.1056, Train Steps/Sec: 2.68, Samples/Sec: 42.95
[[34m2025-08-13 06:28:34[0m] (step=0040300) Train Loss: 0.1031, Train Steps/Sec: 2.71, Samples/Sec: 43.33
[[34m2025-08-13 06:29:12[0m] (step=0040400) Train Loss: 0.1041, Train Steps/Sec: 2.65, Samples/Sec: 42.39
[[34m2025-08-13 06:29:50[0m] (step=0040500) Train Loss: 0.1162, Train Steps/Sec: 2.61, Samples/Sec: 41.70
[[34m2025-08-13 06:30:26[0m] (step=0040600) Train Loss: 0.1206, Train Steps/Sec: 2.74, Samples/Sec: 43.85
[[34m2025-08-13 06:31:03[0m] (step=0040700) Train Loss: 0.1044, Train Steps/Sec: 2.71, Samples/Sec: 43.40
[[34m2025-08-13 06:31:40[0m] (step=0040800) Train Loss: 0.1109, Train Steps/Sec: 2.74, Samples/Sec: 43.86
[[34m2025-08-13 06:32:17[0m] (step=0040900) Train Loss: 0.1010, Train Steps/Sec: 2.67, Samples/Sec: 42.70
[[34m2025-08-13 06:32:54[0m] (step=0041000) Train Loss: 0.1163, Train Steps/Sec: 2.75, Samples/Sec: 44.00
[[34m2025-08-13 06:33:31[0m] (step=0041100) Train Loss: 0.1133, Train Steps/Sec: 2.66, Samples/Sec: 42.64
[[34m2025-08-13 06:34:09[0m] (step=0041200) Train Loss: 0.1036, Train Steps/Sec: 2.65, Samples/Sec: 42.38
[[34m2025-08-13 06:34:46[0m] (step=0041300) Train Loss: 0.1013, Train Steps/Sec: 2.71, Samples/Sec: 43.43
[[34m2025-08-13 06:35:22[0m] (step=0041400) Train Loss: 0.1099, Train Steps/Sec: 2.77, Samples/Sec: 44.35
[[34m2025-08-13 06:35:58[0m] (step=0041500) Train Loss: 0.1076, Train Steps/Sec: 2.73, Samples/Sec: 43.71
[[34m2025-08-13 06:36:35[0m] (step=0041600) Train Loss: 0.1054, Train Steps/Sec: 2.73, Samples/Sec: 43.74
[[34m2025-08-13 06:37:12[0m] (step=0041700) Train Loss: 0.1116, Train Steps/Sec: 2.73, Samples/Sec: 43.74
[[34m2025-08-13 06:37:49[0m] (step=0041800) Train Loss: 0.1088, Train Steps/Sec: 2.67, Samples/Sec: 42.69
[[34m2025-08-13 06:38:25[0m] (step=0041900) Train Loss: 0.1087, Train Steps/Sec: 2.75, Samples/Sec: 44.04
[[34m2025-08-13 06:39:02[0m] (step=0042000) Train Loss: 0.1038, Train Steps/Sec: 2.75, Samples/Sec: 43.97
[[34m2025-08-13 06:39:38[0m] (step=0042100) Train Loss: 0.1129, Train Steps/Sec: 2.75, Samples/Sec: 43.98
[[34m2025-08-13 06:40:16[0m] (step=0042200) Train Loss: 0.1029, Train Steps/Sec: 2.67, Samples/Sec: 42.77
[[34m2025-08-13 06:40:53[0m] (step=0042300) Train Loss: 0.1143, Train Steps/Sec: 2.69, Samples/Sec: 43.06
[[34m2025-08-13 06:41:29[0m] (step=0042400) Train Loss: 0.1138, Train Steps/Sec: 2.73, Samples/Sec: 43.71
[[34m2025-08-13 06:42:06[0m] (step=0042500) Train Loss: 0.1004, Train Steps/Sec: 2.75, Samples/Sec: 44.04
[[34m2025-08-13 06:42:43[0m] (step=0042600) Train Loss: 0.1097, Train Steps/Sec: 2.72, Samples/Sec: 43.45
[[34m2025-08-13 06:43:19[0m] (step=0042700) Train Loss: 0.1177, Train Steps/Sec: 2.77, Samples/Sec: 44.32
[[34m2025-08-13 06:43:55[0m] (step=0042800) Train Loss: 0.1095, Train Steps/Sec: 2.74, Samples/Sec: 43.82
[[34m2025-08-13 06:44:32[0m] (step=0042900) Train Loss: 0.1085, Train Steps/Sec: 2.71, Samples/Sec: 43.32
[[34m2025-08-13 06:45:09[0m] (step=0043000) Train Loss: 0.0999, Train Steps/Sec: 2.74, Samples/Sec: 43.85
[[34m2025-08-13 06:45:45[0m] (step=0043100) Train Loss: 0.1106, Train Steps/Sec: 2.72, Samples/Sec: 43.54
[[34m2025-08-13 06:46:22[0m] (step=0043200) Train Loss: 0.1051, Train Steps/Sec: 2.71, Samples/Sec: 43.30
[[34m2025-08-13 06:46:58[0m] (step=0043300) Train Loss: 0.1132, Train Steps/Sec: 2.77, Samples/Sec: 44.39
[[34m2025-08-13 06:47:35[0m] (step=0043400) Train Loss: 0.0985, Train Steps/Sec: 2.77, Samples/Sec: 44.26
[[34m2025-08-13 06:48:11[0m] (step=0043500) Train Loss: 0.1056, Train Steps/Sec: 2.75, Samples/Sec: 44.06
[[34m2025-08-13 06:48:48[0m] (step=0043600) Train Loss: 0.1157, Train Steps/Sec: 2.73, Samples/Sec: 43.73
[[34m2025-08-13 06:49:24[0m] (step=0043700) Train Loss: 0.1108, Train Steps/Sec: 2.74, Samples/Sec: 43.90
[[34m2025-08-13 06:50:01[0m] (step=0043800) Train Loss: 0.1063, Train Steps/Sec: 2.74, Samples/Sec: 43.84
[[34m2025-08-13 06:50:38[0m] (step=0043900) Train Loss: 0.1035, Train Steps/Sec: 2.67, Samples/Sec: 42.70
[[34m2025-08-13 06:51:14[0m] (step=0044000) Train Loss: 0.1050, Train Steps/Sec: 2.74, Samples/Sec: 43.88
[[34m2025-08-13 06:51:50[0m] (step=0044100) Train Loss: 0.1097, Train Steps/Sec: 2.78, Samples/Sec: 44.51
[[34m2025-08-13 06:52:27[0m] (step=0044200) Train Loss: 0.1033, Train Steps/Sec: 2.73, Samples/Sec: 43.60
[[34m2025-08-13 06:53:04[0m] (step=0044300) Train Loss: 0.1036, Train Steps/Sec: 2.70, Samples/Sec: 43.15
[[34m2025-08-13 06:53:41[0m] (step=0044400) Train Loss: 0.1100, Train Steps/Sec: 2.74, Samples/Sec: 43.90
[[34m2025-08-13 06:54:17[0m] (step=0044500) Train Loss: 0.1104, Train Steps/Sec: 2.75, Samples/Sec: 43.93
[[34m2025-08-13 06:54:54[0m] (step=0044600) Train Loss: 0.1063, Train Steps/Sec: 2.74, Samples/Sec: 43.77
[[34m2025-08-13 06:55:30[0m] (step=0044700) Train Loss: 0.1036, Train Steps/Sec: 2.76, Samples/Sec: 44.12
[[34m2025-08-13 06:56:07[0m] (step=0044800) Train Loss: 0.1208, Train Steps/Sec: 2.69, Samples/Sec: 43.07
[[34m2025-08-13 06:56:44[0m] (step=0044900) Train Loss: 0.1111, Train Steps/Sec: 2.69, Samples/Sec: 43.02
[[34m2025-08-13 06:57:21[0m] (step=0045000) Train Loss: 0.1135, Train Steps/Sec: 2.74, Samples/Sec: 43.90
[[34m2025-08-13 06:57:57[0m] (step=0045100) Train Loss: 0.1232, Train Steps/Sec: 2.73, Samples/Sec: 43.60
[[34m2025-08-13 06:58:34[0m] (step=0045200) Train Loss: 0.1075, Train Steps/Sec: 2.70, Samples/Sec: 43.25
[[34m2025-08-13 06:59:11[0m] (step=0045300) Train Loss: 0.1066, Train Steps/Sec: 2.77, Samples/Sec: 44.37
[[34m2025-08-13 06:59:47[0m] (step=0045400) Train Loss: 0.1029, Train Steps/Sec: 2.75, Samples/Sec: 44.02
[[34m2025-08-13 07:00:23[0m] (step=0045500) Train Loss: 0.0953, Train Steps/Sec: 2.75, Samples/Sec: 43.94
[[34m2025-08-13 07:01:00[0m] (step=0045600) Train Loss: 0.1034, Train Steps/Sec: 2.73, Samples/Sec: 43.62
[[34m2025-08-13 07:01:36[0m] (step=0045700) Train Loss: 0.1088, Train Steps/Sec: 2.80, Samples/Sec: 44.73
[[34m2025-08-13 07:02:13[0m] (step=0045800) Train Loss: 0.1067, Train Steps/Sec: 2.72, Samples/Sec: 43.54
[[34m2025-08-13 07:02:49[0m] (step=0045900) Train Loss: 0.1050, Train Steps/Sec: 2.72, Samples/Sec: 43.52
[[34m2025-08-13 07:03:25[0m] (step=0046000) Train Loss: 0.1073, Train Steps/Sec: 2.76, Samples/Sec: 44.23
[[34m2025-08-13 07:04:02[0m] (step=0046100) Train Loss: 0.1061, Train Steps/Sec: 2.74, Samples/Sec: 43.92
[[34m2025-08-13 07:04:39[0m] (step=0046200) Train Loss: 0.1058, Train Steps/Sec: 2.69, Samples/Sec: 42.97
[[34m2025-08-13 07:05:15[0m] (step=0046300) Train Loss: 0.1047, Train Steps/Sec: 2.77, Samples/Sec: 44.29
[[34m2025-08-13 07:05:52[0m] (step=0046400) Train Loss: 0.1121, Train Steps/Sec: 2.72, Samples/Sec: 43.55
[[34m2025-08-13 07:06:29[0m] (step=0046500) Train Loss: 0.1147, Train Steps/Sec: 2.67, Samples/Sec: 42.79
[[34m2025-08-13 07:07:06[0m] (step=0046600) Train Loss: 0.1102, Train Steps/Sec: 2.77, Samples/Sec: 44.28
[[34m2025-08-13 07:07:42[0m] (step=0046700) Train Loss: 0.1062, Train Steps/Sec: 2.74, Samples/Sec: 43.81
[[34m2025-08-13 07:08:19[0m] (step=0046800) Train Loss: 0.1116, Train Steps/Sec: 2.74, Samples/Sec: 43.81
[[34m2025-08-13 07:08:55[0m] (step=0046900) Train Loss: 0.1039, Train Steps/Sec: 2.73, Samples/Sec: 43.73
[[34m2025-08-13 07:09:32[0m] (step=0047000) Train Loss: 0.1201, Train Steps/Sec: 2.74, Samples/Sec: 43.84
[[34m2025-08-13 07:10:09[0m] (step=0047100) Train Loss: 0.1122, Train Steps/Sec: 2.70, Samples/Sec: 43.17
[[34m2025-08-13 07:10:45[0m] (step=0047200) Train Loss: 0.1046, Train Steps/Sec: 2.76, Samples/Sec: 44.12
[[34m2025-08-13 07:11:22[0m] (step=0047300) Train Loss: 0.1033, Train Steps/Sec: 2.72, Samples/Sec: 43.54
[[34m2025-08-13 07:11:58[0m] (step=0047400) Train Loss: 0.1054, Train Steps/Sec: 2.73, Samples/Sec: 43.72
[[34m2025-08-13 07:12:34[0m] (step=0047500) Train Loss: 0.1091, Train Steps/Sec: 2.81, Samples/Sec: 44.92
[[34m2025-08-13 07:13:10[0m] (step=0047600) Train Loss: 0.1016, Train Steps/Sec: 2.78, Samples/Sec: 44.45
[[34m2025-08-13 07:13:46[0m] (step=0047700) Train Loss: 0.1156, Train Steps/Sec: 2.76, Samples/Sec: 44.19
[[34m2025-08-13 07:14:23[0m] (step=0047800) Train Loss: 0.1020, Train Steps/Sec: 2.75, Samples/Sec: 44.02
[[34m2025-08-13 07:14:59[0m] (step=0047900) Train Loss: 0.0996, Train Steps/Sec: 2.74, Samples/Sec: 43.84
[[34m2025-08-13 07:15:35[0m] (step=0048000) Train Loss: 0.1092, Train Steps/Sec: 2.77, Samples/Sec: 44.36
[[34m2025-08-13 07:16:12[0m] (step=0048100) Train Loss: 0.1112, Train Steps/Sec: 2.75, Samples/Sec: 44.06
[[34m2025-08-13 07:16:48[0m] (step=0048200) Train Loss: 0.1172, Train Steps/Sec: 2.72, Samples/Sec: 43.53
[[34m2025-08-13 07:17:25[0m] (step=0048300) Train Loss: 0.1081, Train Steps/Sec: 2.75, Samples/Sec: 43.92
[[34m2025-08-13 07:18:01[0m] (step=0048400) Train Loss: 0.1002, Train Steps/Sec: 2.75, Samples/Sec: 43.99
[[34m2025-08-13 07:18:38[0m] (step=0048500) Train Loss: 0.1071, Train Steps/Sec: 2.68, Samples/Sec: 42.90
[[34m2025-08-13 07:19:15[0m] (step=0048600) Train Loss: 0.1035, Train Steps/Sec: 2.73, Samples/Sec: 43.76
[[34m2025-08-13 07:19:52[0m] (step=0048700) Train Loss: 0.0967, Train Steps/Sec: 2.70, Samples/Sec: 43.28
[[34m2025-08-13 07:20:29[0m] (step=0048800) Train Loss: 0.1071, Train Steps/Sec: 2.72, Samples/Sec: 43.58
[[34m2025-08-13 07:21:05[0m] (step=0048900) Train Loss: 0.0975, Train Steps/Sec: 2.72, Samples/Sec: 43.51
[[34m2025-08-13 07:21:43[0m] (step=0049000) Train Loss: 0.1062, Train Steps/Sec: 2.70, Samples/Sec: 43.16
[[34m2025-08-13 07:22:19[0m] (step=0049100) Train Loss: 0.1034, Train Steps/Sec: 2.74, Samples/Sec: 43.82
[[34m2025-08-13 07:22:55[0m] (step=0049200) Train Loss: 0.1141, Train Steps/Sec: 2.79, Samples/Sec: 44.66
[[34m2025-08-13 07:23:31[0m] (step=0049300) Train Loss: 0.1026, Train Steps/Sec: 2.79, Samples/Sec: 44.67
[[34m2025-08-13 07:24:07[0m] (step=0049400) Train Loss: 0.1066, Train Steps/Sec: 2.78, Samples/Sec: 44.52
[[34m2025-08-13 07:24:43[0m] (step=0049500) Train Loss: 0.1095, Train Steps/Sec: 2.76, Samples/Sec: 44.16
[[34m2025-08-13 07:25:20[0m] (step=0049600) Train Loss: 0.1111, Train Steps/Sec: 2.73, Samples/Sec: 43.72
[[34m2025-08-13 07:25:56[0m] (step=0049700) Train Loss: 0.1027, Train Steps/Sec: 2.77, Samples/Sec: 44.37
[[34m2025-08-13 07:26:32[0m] (step=0049800) Train Loss: 0.1074, Train Steps/Sec: 2.72, Samples/Sec: 43.50
[[34m2025-08-13 07:27:09[0m] (step=0049900) Train Loss: 0.0968, Train Steps/Sec: 2.73, Samples/Sec: 43.75
[[34m2025-08-13 07:27:46[0m] (step=0050000) Train Loss: 0.1048, Train Steps/Sec: 2.73, Samples/Sec: 43.63
Using cache found in ./models/facebookresearch_dino_main
Using cache found in ./models/facebookresearch_dino_main
Using cache found in ./models/facebookresearch_dino_main
[[34m2025-08-13 07:28:07[0m] Saved checkpoint to logs/nwm_cdit_airvln_v6_1/checkpoints/latest.pth.tar
Using cache found in ./models/facebookresearch_dino_main
[[34m2025-08-13 07:28:13[0m] Already found a `peft_config` attribute in the model. This will lead to having multiple adapters in the model. Make sure to know what you are doing!
[[34m2025-08-13 07:29:41[0m] (step=0050000) Perceptual Loss: 0.3314, Eval Time: 93.83
[[34m2025-08-13 07:30:17[0m] (step=0050100) Train Loss: 0.1093, Train Steps/Sec: 0.66, Samples/Sec: 10.54
[[34m2025-08-13 07:30:53[0m] (step=0050200) Train Loss: 0.1061, Train Steps/Sec: 2.77, Samples/Sec: 44.34
[[34m2025-08-13 07:31:30[0m] (step=0050300) Train Loss: 0.1035, Train Steps/Sec: 2.73, Samples/Sec: 43.64
[[34m2025-08-13 07:32:07[0m] (step=0050400) Train Loss: 0.1033, Train Steps/Sec: 2.71, Samples/Sec: 43.33
[[34m2025-08-13 07:32:44[0m] (step=0050500) Train Loss: 0.1053, Train Steps/Sec: 2.74, Samples/Sec: 43.82
[[34m2025-08-13 07:33:20[0m] (step=0050600) Train Loss: 0.0951, Train Steps/Sec: 2.75, Samples/Sec: 44.02
[[34m2025-08-13 07:33:56[0m] (step=0050700) Train Loss: 0.1135, Train Steps/Sec: 2.74, Samples/Sec: 43.84
[[34m2025-08-13 07:34:33[0m] (step=0050800) Train Loss: 0.1055, Train Steps/Sec: 2.71, Samples/Sec: 43.41
[[34m2025-08-13 07:35:10[0m] (step=0050900) Train Loss: 0.1054, Train Steps/Sec: 2.74, Samples/Sec: 43.86
[[34m2025-08-13 07:35:47[0m] (step=0051000) Train Loss: 0.1025, Train Steps/Sec: 2.67, Samples/Sec: 42.79
[[34m2025-08-13 07:36:24[0m] (step=0051100) Train Loss: 0.1081, Train Steps/Sec: 2.71, Samples/Sec: 43.43
[[34m2025-08-13 07:37:01[0m] (step=0051200) Train Loss: 0.1070, Train Steps/Sec: 2.71, Samples/Sec: 43.35
[[34m2025-08-13 07:37:37[0m] (step=0051300) Train Loss: 0.0996, Train Steps/Sec: 2.76, Samples/Sec: 44.20
[[34m2025-08-13 07:38:14[0m] (step=0051400) Train Loss: 0.1098, Train Steps/Sec: 2.75, Samples/Sec: 44.04
[[34m2025-08-13 07:38:50[0m] (step=0051500) Train Loss: 0.1065, Train Steps/Sec: 2.73, Samples/Sec: 43.74
[[34m2025-08-13 07:39:26[0m] (step=0051600) Train Loss: 0.1028, Train Steps/Sec: 2.75, Samples/Sec: 43.99
[[34m2025-08-13 07:40:04[0m] (step=0051700) Train Loss: 0.1060, Train Steps/Sec: 2.68, Samples/Sec: 42.85
[[34m2025-08-13 07:40:40[0m] (step=0051800) Train Loss: 0.0971, Train Steps/Sec: 2.74, Samples/Sec: 43.90
[[34m2025-08-13 07:41:16[0m] (step=0051900) Train Loss: 0.1118, Train Steps/Sec: 2.78, Samples/Sec: 44.46
[[34m2025-08-13 07:41:53[0m] (step=0052000) Train Loss: 0.0983, Train Steps/Sec: 2.73, Samples/Sec: 43.66
[[34m2025-08-13 07:42:30[0m] (step=0052100) Train Loss: 0.1005, Train Steps/Sec: 2.69, Samples/Sec: 42.97
[[34m2025-08-13 07:43:06[0m] (step=0052200) Train Loss: 0.1054, Train Steps/Sec: 2.75, Samples/Sec: 44.06
[[34m2025-08-13 07:43:44[0m] (step=0052300) Train Loss: 0.1141, Train Steps/Sec: 2.65, Samples/Sec: 42.37
[[34m2025-08-13 07:44:21[0m] (step=0052400) Train Loss: 0.1018, Train Steps/Sec: 2.75, Samples/Sec: 43.95
[[34m2025-08-13 07:44:57[0m] (step=0052500) Train Loss: 0.0959, Train Steps/Sec: 2.75, Samples/Sec: 44.06
[[34m2025-08-13 07:45:34[0m] (step=0052600) Train Loss: 0.1084, Train Steps/Sec: 2.71, Samples/Sec: 43.42
[[34m2025-08-13 07:46:11[0m] (step=0052700) Train Loss: 0.1062, Train Steps/Sec: 2.73, Samples/Sec: 43.63
[[34m2025-08-13 07:46:47[0m] (step=0052800) Train Loss: 0.1021, Train Steps/Sec: 2.74, Samples/Sec: 43.89
[[34m2025-08-13 07:47:24[0m] (step=0052900) Train Loss: 0.1132, Train Steps/Sec: 2.73, Samples/Sec: 43.67
[[34m2025-08-13 07:48:00[0m] (step=0053000) Train Loss: 0.1062, Train Steps/Sec: 2.72, Samples/Sec: 43.57
[[34m2025-08-13 07:48:37[0m] (step=0053100) Train Loss: 0.1036, Train Steps/Sec: 2.72, Samples/Sec: 43.44
[[34m2025-08-13 07:49:14[0m] (step=0053200) Train Loss: 0.1123, Train Steps/Sec: 2.69, Samples/Sec: 43.04
[[34m2025-08-13 07:49:51[0m] (step=0053300) Train Loss: 0.1020, Train Steps/Sec: 2.71, Samples/Sec: 43.35
[[34m2025-08-13 07:50:27[0m] (step=0053400) Train Loss: 0.0949, Train Steps/Sec: 2.78, Samples/Sec: 44.48
[[34m2025-08-13 07:51:03[0m] (step=0053500) Train Loss: 0.1041, Train Steps/Sec: 2.78, Samples/Sec: 44.54
[[34m2025-08-13 07:51:40[0m] (step=0053600) Train Loss: 0.1101, Train Steps/Sec: 2.75, Samples/Sec: 44.04
[[34m2025-08-13 07:52:16[0m] (step=0053700) Train Loss: 0.0981, Train Steps/Sec: 2.73, Samples/Sec: 43.66
[[34m2025-08-13 07:52:53[0m] (step=0053800) Train Loss: 0.1109, Train Steps/Sec: 2.73, Samples/Sec: 43.65
[[34m2025-08-13 07:53:30[0m] (step=0053900) Train Loss: 0.1095, Train Steps/Sec: 2.69, Samples/Sec: 43.11
[[34m2025-08-13 07:54:07[0m] (step=0054000) Train Loss: 0.1022, Train Steps/Sec: 2.73, Samples/Sec: 43.64
[[34m2025-08-13 07:54:43[0m] (step=0054100) Train Loss: 0.0946, Train Steps/Sec: 2.75, Samples/Sec: 44.05
[[34m2025-08-13 07:55:20[0m] (step=0054200) Train Loss: 0.1103, Train Steps/Sec: 2.73, Samples/Sec: 43.64
[[34m2025-08-13 07:55:57[0m] (step=0054300) Train Loss: 0.1011, Train Steps/Sec: 2.69, Samples/Sec: 43.01
[[34m2025-08-13 07:56:33[0m] (step=0054400) Train Loss: 0.0901, Train Steps/Sec: 2.79, Samples/Sec: 44.67
[[34m2025-08-13 07:57:09[0m] (step=0054500) Train Loss: 0.0951, Train Steps/Sec: 2.76, Samples/Sec: 44.19
[[34m2025-08-13 07:57:45[0m] (step=0054600) Train Loss: 0.1032, Train Steps/Sec: 2.77, Samples/Sec: 44.31
[[34m2025-08-13 07:58:21[0m] (step=0054700) Train Loss: 0.1006, Train Steps/Sec: 2.75, Samples/Sec: 44.03
[[34m2025-08-13 07:58:58[0m] (step=0054800) Train Loss: 0.1018, Train Steps/Sec: 2.75, Samples/Sec: 43.98
[[34m2025-08-13 07:59:34[0m] (step=0054900) Train Loss: 0.1080, Train Steps/Sec: 2.76, Samples/Sec: 44.19
[[34m2025-08-13 08:00:11[0m] (step=0055000) Train Loss: 0.1064, Train Steps/Sec: 2.72, Samples/Sec: 43.47
[[34m2025-08-13 08:00:47[0m] (step=0055100) Train Loss: 0.1006, Train Steps/Sec: 2.73, Samples/Sec: 43.65
[[34m2025-08-13 08:01:24[0m] (step=0055200) Train Loss: 0.0926, Train Steps/Sec: 2.71, Samples/Sec: 43.43
[[34m2025-08-13 08:02:01[0m] (step=0055300) Train Loss: 0.1052, Train Steps/Sec: 2.74, Samples/Sec: 43.81
[[34m2025-08-13 08:02:37[0m] (step=0055400) Train Loss: 0.1062, Train Steps/Sec: 2.76, Samples/Sec: 44.13
[[34m2025-08-13 08:03:13[0m] (step=0055500) Train Loss: 0.1098, Train Steps/Sec: 2.76, Samples/Sec: 44.11
[[34m2025-08-13 08:03:50[0m] (step=0055600) Train Loss: 0.1059, Train Steps/Sec: 2.73, Samples/Sec: 43.60
[[34m2025-08-13 08:04:27[0m] (step=0055700) Train Loss: 0.0995, Train Steps/Sec: 2.72, Samples/Sec: 43.46
[[34m2025-08-13 08:05:04[0m] (step=0055800) Train Loss: 0.1014, Train Steps/Sec: 2.73, Samples/Sec: 43.68
[[34m2025-08-13 08:05:40[0m] (step=0055900) Train Loss: 0.1037, Train Steps/Sec: 2.72, Samples/Sec: 43.52
[[34m2025-08-13 08:06:17[0m] (step=0056000) Train Loss: 0.1064, Train Steps/Sec: 2.70, Samples/Sec: 43.25
[[34m2025-08-13 08:06:54[0m] (step=0056100) Train Loss: 0.1051, Train Steps/Sec: 2.73, Samples/Sec: 43.75
[[34m2025-08-13 08:07:30[0m] (step=0056200) Train Loss: 0.1047, Train Steps/Sec: 2.75, Samples/Sec: 43.98
[[34m2025-08-13 08:08:07[0m] (step=0056300) Train Loss: 0.1087, Train Steps/Sec: 2.74, Samples/Sec: 43.77
[[34m2025-08-13 08:08:43[0m] (step=0056400) Train Loss: 0.1108, Train Steps/Sec: 2.76, Samples/Sec: 44.12
[[34m2025-08-13 08:09:20[0m] (step=0056500) Train Loss: 0.1054, Train Steps/Sec: 2.75, Samples/Sec: 43.97
[[34m2025-08-13 08:09:56[0m] (step=0056600) Train Loss: 0.0990, Train Steps/Sec: 2.72, Samples/Sec: 43.46
[[34m2025-08-13 08:10:33[0m] (step=0056700) Train Loss: 0.1052, Train Steps/Sec: 2.72, Samples/Sec: 43.51
[[34m2025-08-13 08:11:10[0m] (step=0056800) Train Loss: 0.1071, Train Steps/Sec: 2.75, Samples/Sec: 43.94
[[34m2025-08-13 08:11:46[0m] (step=0056900) Train Loss: 0.1050, Train Steps/Sec: 2.76, Samples/Sec: 44.12
[[34m2025-08-13 08:12:23[0m] (step=0057000) Train Loss: 0.0962, Train Steps/Sec: 2.70, Samples/Sec: 43.13
[[34m2025-08-13 08:12:59[0m] (step=0057100) Train Loss: 0.1116, Train Steps/Sec: 2.74, Samples/Sec: 43.90
[[34m2025-08-13 08:13:36[0m] (step=0057200) Train Loss: 0.1000, Train Steps/Sec: 2.75, Samples/Sec: 44.04
[[34m2025-08-13 08:14:13[0m] (step=0057300) Train Loss: 0.0953, Train Steps/Sec: 2.71, Samples/Sec: 43.39
[[34m2025-08-13 08:14:49[0m] (step=0057400) Train Loss: 0.1002, Train Steps/Sec: 2.73, Samples/Sec: 43.62
[[34m2025-08-13 08:15:26[0m] (step=0057500) Train Loss: 0.1029, Train Steps/Sec: 2.73, Samples/Sec: 43.71
[[34m2025-08-13 08:16:02[0m] (step=0057600) Train Loss: 0.1113, Train Steps/Sec: 2.74, Samples/Sec: 43.80
[[34m2025-08-13 08:16:39[0m] (step=0057700) Train Loss: 0.0929, Train Steps/Sec: 2.74, Samples/Sec: 43.86
[[34m2025-08-13 08:17:16[0m] (step=0057800) Train Loss: 0.1052, Train Steps/Sec: 2.74, Samples/Sec: 43.76
[[34m2025-08-13 08:17:52[0m] (step=0057900) Train Loss: 0.0991, Train Steps/Sec: 2.74, Samples/Sec: 43.89
[[34m2025-08-13 08:18:28[0m] (step=0058000) Train Loss: 0.1158, Train Steps/Sec: 2.74, Samples/Sec: 43.85
[[34m2025-08-13 08:19:05[0m] (step=0058100) Train Loss: 0.1012, Train Steps/Sec: 2.76, Samples/Sec: 44.23
[[34m2025-08-13 08:19:42[0m] (step=0058200) Train Loss: 0.1055, Train Steps/Sec: 2.71, Samples/Sec: 43.31
[[34m2025-08-13 08:20:19[0m] (step=0058300) Train Loss: 0.1179, Train Steps/Sec: 2.69, Samples/Sec: 42.97
[[34m2025-08-13 08:20:56[0m] (step=0058400) Train Loss: 0.0935, Train Steps/Sec: 2.69, Samples/Sec: 42.97
[[34m2025-08-13 08:21:32[0m] (step=0058500) Train Loss: 0.0966, Train Steps/Sec: 2.75, Samples/Sec: 43.99
[[34m2025-08-13 08:22:09[0m] (step=0058600) Train Loss: 0.0972, Train Steps/Sec: 2.76, Samples/Sec: 44.16
[[34m2025-08-13 08:22:46[0m] (step=0058700) Train Loss: 0.1031, Train Steps/Sec: 2.71, Samples/Sec: 43.39
[[34m2025-08-13 08:23:22[0m] (step=0058800) Train Loss: 0.1051, Train Steps/Sec: 2.75, Samples/Sec: 43.94
[[34m2025-08-13 08:23:58[0m] (step=0058900) Train Loss: 0.1019, Train Steps/Sec: 2.80, Samples/Sec: 44.74
[[34m2025-08-13 08:24:34[0m] (step=0059000) Train Loss: 0.0959, Train Steps/Sec: 2.74, Samples/Sec: 43.77
[[34m2025-08-13 08:25:12[0m] (step=0059100) Train Loss: 0.1096, Train Steps/Sec: 2.64, Samples/Sec: 42.31
[[34m2025-08-13 08:25:51[0m] (step=0059200) Train Loss: 0.1001, Train Steps/Sec: 2.59, Samples/Sec: 41.46
[[34m2025-08-13 08:26:27[0m] (step=0059300) Train Loss: 0.0973, Train Steps/Sec: 2.74, Samples/Sec: 43.77
[[34m2025-08-13 08:27:03[0m] (step=0059400) Train Loss: 0.1070, Train Steps/Sec: 2.78, Samples/Sec: 44.41
[[34m2025-08-13 08:27:40[0m] (step=0059500) Train Loss: 0.1064, Train Steps/Sec: 2.73, Samples/Sec: 43.69
[[34m2025-08-13 08:28:17[0m] (step=0059600) Train Loss: 0.1004, Train Steps/Sec: 2.73, Samples/Sec: 43.67
[[34m2025-08-13 08:28:53[0m] (step=0059700) Train Loss: 0.1033, Train Steps/Sec: 2.76, Samples/Sec: 44.16
[[34m2025-08-13 08:29:29[0m] (step=0059800) Train Loss: 0.1004, Train Steps/Sec: 2.76, Samples/Sec: 44.18
[[34m2025-08-13 08:30:05[0m] (step=0059900) Train Loss: 0.1019, Train Steps/Sec: 2.75, Samples/Sec: 44.04
[[34m2025-08-13 08:30:41[0m] (step=0060000) Train Loss: 0.1038, Train Steps/Sec: 2.78, Samples/Sec: 44.43
Using cache found in ./models/facebookresearch_dino_main
Using cache found in ./models/facebookresearch_dino_main
Using cache found in ./models/facebookresearch_dino_main
[[34m2025-08-13 08:30:58[0m] Saved checkpoint to logs/nwm_cdit_airvln_v6_1/checkpoints/latest.pth.tar
Using cache found in ./models/facebookresearch_dino_main
[[34m2025-08-13 08:31:01[0m] Already found a `peft_config` attribute in the model. This will lead to having multiple adapters in the model. Make sure to know what you are doing!
[[34m2025-08-13 08:32:26[0m] (step=0060000) Perceptual Loss: 0.2516, Eval Time: 88.04
[[34m2025-08-13 08:33:02[0m] (step=0060100) Train Loss: 0.0977, Train Steps/Sec: 0.71, Samples/Sec: 11.34
[[34m2025-08-13 08:33:40[0m] (step=0060200) Train Loss: 0.1070, Train Steps/Sec: 2.66, Samples/Sec: 42.62
[[34m2025-08-13 08:34:17[0m] (step=0060300) Train Loss: 0.0973, Train Steps/Sec: 2.71, Samples/Sec: 43.37
[[34m2025-08-13 08:34:54[0m] (step=0060400) Train Loss: 0.0991, Train Steps/Sec: 2.66, Samples/Sec: 42.64
[[34m2025-08-13 08:35:31[0m] (step=0060500) Train Loss: 0.1008, Train Steps/Sec: 2.75, Samples/Sec: 44.01
[[34m2025-08-13 08:36:07[0m] (step=0060600) Train Loss: 0.0959, Train Steps/Sec: 2.78, Samples/Sec: 44.54
[[34m2025-08-13 08:36:43[0m] (step=0060700) Train Loss: 0.1004, Train Steps/Sec: 2.74, Samples/Sec: 43.78
[[34m2025-08-13 08:37:21[0m] (step=0060800) Train Loss: 0.1060, Train Steps/Sec: 2.68, Samples/Sec: 42.91
[[34m2025-08-13 08:37:57[0m] (step=0060900) Train Loss: 0.0992, Train Steps/Sec: 2.74, Samples/Sec: 43.89
[[34m2025-08-13 08:38:34[0m] (step=0061000) Train Loss: 0.1096, Train Steps/Sec: 2.69, Samples/Sec: 42.98
[[34m2025-08-13 08:39:11[0m] (step=0061100) Train Loss: 0.1031, Train Steps/Sec: 2.71, Samples/Sec: 43.44
[[34m2025-08-13 08:39:47[0m] (step=0061200) Train Loss: 0.1055, Train Steps/Sec: 2.78, Samples/Sec: 44.52
[[34m2025-08-13 08:40:23[0m] (step=0061300) Train Loss: 0.1003, Train Steps/Sec: 2.77, Samples/Sec: 44.25
[[34m2025-08-13 08:41:00[0m] (step=0061400) Train Loss: 0.0943, Train Steps/Sec: 2.74, Samples/Sec: 43.82
[[34m2025-08-13 08:41:36[0m] (step=0061500) Train Loss: 0.1071, Train Steps/Sec: 2.73, Samples/Sec: 43.73
[[34m2025-08-13 08:42:12[0m] (step=0061600) Train Loss: 0.1015, Train Steps/Sec: 2.78, Samples/Sec: 44.52
[[34m2025-08-13 08:42:48[0m] (step=0061700) Train Loss: 0.1013, Train Steps/Sec: 2.80, Samples/Sec: 44.85
[[34m2025-08-13 08:43:25[0m] (step=0061800) Train Loss: 0.1000, Train Steps/Sec: 2.67, Samples/Sec: 42.69
[[34m2025-08-13 08:44:02[0m] (step=0061900) Train Loss: 0.1000, Train Steps/Sec: 2.73, Samples/Sec: 43.70
[[34m2025-08-13 08:44:39[0m] (step=0062000) Train Loss: 0.1207, Train Steps/Sec: 2.74, Samples/Sec: 43.86
[[34m2025-08-13 08:45:15[0m] (step=0062100) Train Loss: 0.1078, Train Steps/Sec: 2.71, Samples/Sec: 43.36
[[34m2025-08-13 08:45:52[0m] (step=0062200) Train Loss: 0.0933, Train Steps/Sec: 2.76, Samples/Sec: 44.19
[[34m2025-08-13 08:46:27[0m] (step=0062300) Train Loss: 0.1078, Train Steps/Sec: 2.80, Samples/Sec: 44.76
[[34m2025-08-13 08:47:04[0m] (step=0062400) Train Loss: 0.1003, Train Steps/Sec: 2.75, Samples/Sec: 44.03
[[34m2025-08-13 08:47:40[0m] (step=0062500) Train Loss: 0.0907, Train Steps/Sec: 2.73, Samples/Sec: 43.67
[[34m2025-08-13 08:48:17[0m] (step=0062600) Train Loss: 0.1097, Train Steps/Sec: 2.77, Samples/Sec: 44.29
[[34m2025-08-13 08:48:54[0m] (step=0062700) Train Loss: 0.1087, Train Steps/Sec: 2.71, Samples/Sec: 43.29
[[34m2025-08-13 08:49:31[0m] (step=0062800) Train Loss: 0.1047, Train Steps/Sec: 2.67, Samples/Sec: 42.72
[[34m2025-08-13 08:50:07[0m] (step=0062900) Train Loss: 0.0969, Train Steps/Sec: 2.75, Samples/Sec: 43.93
[[34m2025-08-13 08:50:44[0m] (step=0063000) Train Loss: 0.1039, Train Steps/Sec: 2.76, Samples/Sec: 44.21
[[34m2025-08-13 08:51:20[0m] (step=0063100) Train Loss: 0.0948, Train Steps/Sec: 2.76, Samples/Sec: 44.14
[[34m2025-08-13 08:51:56[0m] (step=0063200) Train Loss: 0.1066, Train Steps/Sec: 2.75, Samples/Sec: 44.04
[[34m2025-08-13 08:52:33[0m] (step=0063300) Train Loss: 0.1021, Train Steps/Sec: 2.75, Samples/Sec: 44.06
[[34m2025-08-13 08:53:10[0m] (step=0063400) Train Loss: 0.1067, Train Steps/Sec: 2.70, Samples/Sec: 43.25
[[34m2025-08-13 08:53:47[0m] (step=0063500) Train Loss: 0.1028, Train Steps/Sec: 2.71, Samples/Sec: 43.34
[[34m2025-08-13 08:54:23[0m] (step=0063600) Train Loss: 0.0952, Train Steps/Sec: 2.75, Samples/Sec: 44.05
[[34m2025-08-13 08:54:59[0m] (step=0063700) Train Loss: 0.1043, Train Steps/Sec: 2.78, Samples/Sec: 44.50
[[34m2025-08-13 08:55:35[0m] (step=0063800) Train Loss: 0.0998, Train Steps/Sec: 2.73, Samples/Sec: 43.72
[[34m2025-08-13 08:56:12[0m] (step=0063900) Train Loss: 0.0962, Train Steps/Sec: 2.76, Samples/Sec: 44.11
[[34m2025-08-13 08:56:48[0m] (step=0064000) Train Loss: 0.0985, Train Steps/Sec: 2.76, Samples/Sec: 44.12
[[34m2025-08-13 08:57:25[0m] (step=0064100) Train Loss: 0.0986, Train Steps/Sec: 2.74, Samples/Sec: 43.77
[[34m2025-08-13 08:58:01[0m] (step=0064200) Train Loss: 0.1071, Train Steps/Sec: 2.72, Samples/Sec: 43.54
[[34m2025-08-13 08:58:39[0m] (step=0064300) Train Loss: 0.1035, Train Steps/Sec: 2.65, Samples/Sec: 42.36
[[34m2025-08-13 08:59:15[0m] (step=0064400) Train Loss: 0.0971, Train Steps/Sec: 2.77, Samples/Sec: 44.28
[[34m2025-08-13 08:59:51[0m] (step=0064500) Train Loss: 0.1013, Train Steps/Sec: 2.79, Samples/Sec: 44.57
[[34m2025-08-13 09:00:27[0m] (step=0064600) Train Loss: 0.0972, Train Steps/Sec: 2.75, Samples/Sec: 44.03
[[34m2025-08-13 09:01:03[0m] (step=0064700) Train Loss: 0.1072, Train Steps/Sec: 2.78, Samples/Sec: 44.54
[[34m2025-08-13 09:01:41[0m] (step=0064800) Train Loss: 0.0975, Train Steps/Sec: 2.69, Samples/Sec: 42.99
[[34m2025-08-13 09:02:17[0m] (step=0064900) Train Loss: 0.1015, Train Steps/Sec: 2.75, Samples/Sec: 43.93
[[34m2025-08-13 09:02:53[0m] (step=0065000) Train Loss: 0.0954, Train Steps/Sec: 2.76, Samples/Sec: 44.22
[[34m2025-08-13 09:03:30[0m] (step=0065100) Train Loss: 0.1003, Train Steps/Sec: 2.72, Samples/Sec: 43.50
[[34m2025-08-13 09:04:06[0m] (step=0065200) Train Loss: 0.1013, Train Steps/Sec: 2.75, Samples/Sec: 43.92
[[34m2025-08-13 09:04:43[0m] (step=0065300) Train Loss: 0.1044, Train Steps/Sec: 2.73, Samples/Sec: 43.66
[[34m2025-08-13 09:05:20[0m] (step=0065400) Train Loss: 0.0893, Train Steps/Sec: 2.73, Samples/Sec: 43.74
[[34m2025-08-13 09:05:56[0m] (step=0065500) Train Loss: 0.1069, Train Steps/Sec: 2.72, Samples/Sec: 43.57
[[34m2025-08-13 09:06:33[0m] (step=0065600) Train Loss: 0.0956, Train Steps/Sec: 2.76, Samples/Sec: 44.23
[[34m2025-08-13 09:07:09[0m] (step=0065700) Train Loss: 0.1053, Train Steps/Sec: 2.76, Samples/Sec: 44.12
[[34m2025-08-13 09:07:46[0m] (step=0065800) Train Loss: 0.0937, Train Steps/Sec: 2.72, Samples/Sec: 43.59
[[34m2025-08-13 09:08:21[0m] (step=0065900) Train Loss: 0.0952, Train Steps/Sec: 2.80, Samples/Sec: 44.78
[[34m2025-08-13 09:08:57[0m] (step=0066000) Train Loss: 0.0949, Train Steps/Sec: 2.79, Samples/Sec: 44.59
[[34m2025-08-13 09:09:34[0m] (step=0066100) Train Loss: 0.1009, Train Steps/Sec: 2.71, Samples/Sec: 43.34
[[34m2025-08-13 09:10:11[0m] (step=0066200) Train Loss: 0.1054, Train Steps/Sec: 2.74, Samples/Sec: 43.89
[[34m2025-08-13 09:10:47[0m] (step=0066300) Train Loss: 0.1077, Train Steps/Sec: 2.77, Samples/Sec: 44.34
[[34m2025-08-13 09:11:23[0m] (step=0066400) Train Loss: 0.0957, Train Steps/Sec: 2.75, Samples/Sec: 44.00
[[34m2025-08-13 09:11:59[0m] (step=0066500) Train Loss: 0.1011, Train Steps/Sec: 2.79, Samples/Sec: 44.61
[[34m2025-08-13 09:12:36[0m] (step=0066600) Train Loss: 0.0958, Train Steps/Sec: 2.73, Samples/Sec: 43.64
[[34m2025-08-13 09:13:12[0m] (step=0066700) Train Loss: 0.1081, Train Steps/Sec: 2.75, Samples/Sec: 43.96
[[34m2025-08-13 09:13:48[0m] (step=0066800) Train Loss: 0.1092, Train Steps/Sec: 2.77, Samples/Sec: 44.29
[[34m2025-08-13 09:14:24[0m] (step=0066900) Train Loss: 0.0972, Train Steps/Sec: 2.76, Samples/Sec: 44.19
[[34m2025-08-13 09:15:01[0m] (step=0067000) Train Loss: 0.0904, Train Steps/Sec: 2.72, Samples/Sec: 43.58
[[34m2025-08-13 09:15:38[0m] (step=0067100) Train Loss: 0.1045, Train Steps/Sec: 2.72, Samples/Sec: 43.58
[[34m2025-08-13 09:16:15[0m] (step=0067200) Train Loss: 0.0979, Train Steps/Sec: 2.71, Samples/Sec: 43.33
[[34m2025-08-13 09:16:51[0m] (step=0067300) Train Loss: 0.0967, Train Steps/Sec: 2.76, Samples/Sec: 44.13
[[34m2025-08-13 09:17:28[0m] (step=0067400) Train Loss: 0.0999, Train Steps/Sec: 2.73, Samples/Sec: 43.67
[[34m2025-08-13 09:18:04[0m] (step=0067500) Train Loss: 0.0989, Train Steps/Sec: 2.71, Samples/Sec: 43.42
[[34m2025-08-13 09:18:41[0m] (step=0067600) Train Loss: 0.1115, Train Steps/Sec: 2.73, Samples/Sec: 43.61
[[34m2025-08-13 09:19:17[0m] (step=0067700) Train Loss: 0.1125, Train Steps/Sec: 2.78, Samples/Sec: 44.51
[[34m2025-08-13 09:19:54[0m] (step=0067800) Train Loss: 0.0971, Train Steps/Sec: 2.74, Samples/Sec: 43.88
[[34m2025-08-13 09:20:30[0m] (step=0067900) Train Loss: 0.1031, Train Steps/Sec: 2.78, Samples/Sec: 44.55
[[34m2025-08-13 09:21:06[0m] (step=0068000) Train Loss: 0.0994, Train Steps/Sec: 2.75, Samples/Sec: 44.05
[[34m2025-08-13 09:21:43[0m] (step=0068100) Train Loss: 0.0952, Train Steps/Sec: 2.70, Samples/Sec: 43.21
[[34m2025-08-13 09:22:20[0m] (step=0068200) Train Loss: 0.1026, Train Steps/Sec: 2.73, Samples/Sec: 43.65
[[34m2025-08-13 09:22:57[0m] (step=0068300) Train Loss: 0.1054, Train Steps/Sec: 2.66, Samples/Sec: 42.48
[[34m2025-08-13 09:23:34[0m] (step=0068400) Train Loss: 0.0995, Train Steps/Sec: 2.75, Samples/Sec: 44.00
[[34m2025-08-13 09:24:11[0m] (step=0068500) Train Loss: 0.1024, Train Steps/Sec: 2.69, Samples/Sec: 43.09
[[34m2025-08-13 09:24:48[0m] (step=0068600) Train Loss: 0.1000, Train Steps/Sec: 2.69, Samples/Sec: 43.07
[[34m2025-08-13 09:25:25[0m] (step=0068700) Train Loss: 0.1093, Train Steps/Sec: 2.71, Samples/Sec: 43.28
[[34m2025-08-13 09:26:02[0m] (step=0068800) Train Loss: 0.1011, Train Steps/Sec: 2.71, Samples/Sec: 43.39
[[34m2025-08-13 09:26:39[0m] (step=0068900) Train Loss: 0.0999, Train Steps/Sec: 2.72, Samples/Sec: 43.52
[[34m2025-08-13 09:27:14[0m] (step=0069000) Train Loss: 0.1054, Train Steps/Sec: 2.80, Samples/Sec: 44.80
[[34m2025-08-13 09:27:50[0m] (step=0069100) Train Loss: 0.0967, Train Steps/Sec: 2.78, Samples/Sec: 44.44
[[34m2025-08-13 09:28:26[0m] (step=0069200) Train Loss: 0.1024, Train Steps/Sec: 2.78, Samples/Sec: 44.42
[[34m2025-08-13 09:29:03[0m] (step=0069300) Train Loss: 0.1036, Train Steps/Sec: 2.71, Samples/Sec: 43.43
[[34m2025-08-13 09:29:40[0m] (step=0069400) Train Loss: 0.1067, Train Steps/Sec: 2.73, Samples/Sec: 43.75
[[34m2025-08-13 09:30:16[0m] (step=0069500) Train Loss: 0.1041, Train Steps/Sec: 2.75, Samples/Sec: 43.95
[[34m2025-08-13 09:30:53[0m] (step=0069600) Train Loss: 0.0967, Train Steps/Sec: 2.74, Samples/Sec: 43.91
[[34m2025-08-13 09:31:28[0m] (step=0069700) Train Loss: 0.0959, Train Steps/Sec: 2.80, Samples/Sec: 44.74
[[34m2025-08-13 09:32:05[0m] (step=0069800) Train Loss: 0.0951, Train Steps/Sec: 2.75, Samples/Sec: 44.00
[[34m2025-08-13 09:32:41[0m] (step=0069900) Train Loss: 0.1042, Train Steps/Sec: 2.77, Samples/Sec: 44.38
[[34m2025-08-13 09:33:17[0m] (step=0070000) Train Loss: 0.0961, Train Steps/Sec: 2.73, Samples/Sec: 43.71
Using cache found in ./models/facebookresearch_dino_main
Using cache found in ./models/facebookresearch_dino_main
Using cache found in ./models/facebookresearch_dino_main
[[34m2025-08-13 09:33:35[0m] Saved checkpoint to logs/nwm_cdit_airvln_v6_1/checkpoints/latest.pth.tar
Using cache found in ./models/facebookresearch_dino_main
[[34m2025-08-13 09:33:38[0m] Already found a `peft_config` attribute in the model. This will lead to having multiple adapters in the model. Make sure to know what you are doing!
[[34m2025-08-13 09:35:03[0m] (step=0070000) Perceptual Loss: 0.2560, Eval Time: 88.47
[[34m2025-08-13 09:35:40[0m] (step=0070100) Train Loss: 0.1029, Train Steps/Sec: 0.70, Samples/Sec: 11.21
[[34m2025-08-13 09:36:16[0m] (step=0070200) Train Loss: 0.0923, Train Steps/Sec: 2.77, Samples/Sec: 44.26
[[34m2025-08-13 09:36:53[0m] (step=0070300) Train Loss: 0.1006, Train Steps/Sec: 2.74, Samples/Sec: 43.88
[[34m2025-08-13 09:37:29[0m] (step=0070400) Train Loss: 0.1047, Train Steps/Sec: 2.73, Samples/Sec: 43.67
[[34m2025-08-13 09:38:06[0m] (step=0070500) Train Loss: 0.1002, Train Steps/Sec: 2.73, Samples/Sec: 43.72
[[34m2025-08-13 09:38:43[0m] (step=0070600) Train Loss: 0.0986, Train Steps/Sec: 2.72, Samples/Sec: 43.51
[[34m2025-08-13 09:39:20[0m] (step=0070700) Train Loss: 0.1036, Train Steps/Sec: 2.66, Samples/Sec: 42.64
[[34m2025-08-13 09:39:57[0m] (step=0070800) Train Loss: 0.0935, Train Steps/Sec: 2.70, Samples/Sec: 43.24
[[34m2025-08-13 09:40:33[0m] (step=0070900) Train Loss: 0.0955, Train Steps/Sec: 2.79, Samples/Sec: 44.63
[[34m2025-08-13 09:41:10[0m] (step=0071000) Train Loss: 0.1072, Train Steps/Sec: 2.74, Samples/Sec: 43.87
[[34m2025-08-13 09:41:46[0m] (step=0071100) Train Loss: 0.0981, Train Steps/Sec: 2.74, Samples/Sec: 43.77
[[34m2025-08-13 09:42:22[0m] (step=0071200) Train Loss: 0.0964, Train Steps/Sec: 2.77, Samples/Sec: 44.27
[[34m2025-08-13 09:42:58[0m] (step=0071300) Train Loss: 0.0970, Train Steps/Sec: 2.78, Samples/Sec: 44.43
[[34m2025-08-13 09:43:35[0m] (step=0071400) Train Loss: 0.0931, Train Steps/Sec: 2.72, Samples/Sec: 43.55
[[34m2025-08-13 09:44:11[0m] (step=0071500) Train Loss: 0.1048, Train Steps/Sec: 2.82, Samples/Sec: 45.14
[[34m2025-08-13 09:44:47[0m] (step=0071600) Train Loss: 0.0974, Train Steps/Sec: 2.78, Samples/Sec: 44.53
[[34m2025-08-13 09:45:23[0m] (step=0071700) Train Loss: 0.1004, Train Steps/Sec: 2.77, Samples/Sec: 44.28
[[34m2025-08-13 09:46:01[0m] (step=0071800) Train Loss: 0.1042, Train Steps/Sec: 2.59, Samples/Sec: 41.37
[[34m2025-08-13 09:46:38[0m] (step=0071900) Train Loss: 0.1018, Train Steps/Sec: 2.75, Samples/Sec: 44.06
[[34m2025-08-13 09:47:15[0m] (step=0072000) Train Loss: 0.1133, Train Steps/Sec: 2.72, Samples/Sec: 43.54
[[34m2025-08-13 09:47:51[0m] (step=0072100) Train Loss: 0.1044, Train Steps/Sec: 2.74, Samples/Sec: 43.80
[[34m2025-08-13 09:48:27[0m] (step=0072200) Train Loss: 0.0939, Train Steps/Sec: 2.77, Samples/Sec: 44.31
[[34m2025-08-13 09:49:04[0m] (step=0072300) Train Loss: 0.0994, Train Steps/Sec: 2.73, Samples/Sec: 43.74
[[34m2025-08-13 09:49:41[0m] (step=0072400) Train Loss: 0.0981, Train Steps/Sec: 2.69, Samples/Sec: 43.04
[[34m2025-08-13 09:50:18[0m] (step=0072500) Train Loss: 0.1049, Train Steps/Sec: 2.72, Samples/Sec: 43.48
[[34m2025-08-13 09:50:54[0m] (step=0072600) Train Loss: 0.0999, Train Steps/Sec: 2.77, Samples/Sec: 44.33
[[34m2025-08-13 09:51:31[0m] (step=0072700) Train Loss: 0.1024, Train Steps/Sec: 2.69, Samples/Sec: 43.03
[[34m2025-08-13 09:52:09[0m] (step=0072800) Train Loss: 0.1028, Train Steps/Sec: 2.62, Samples/Sec: 41.98
[[34m2025-08-13 09:52:46[0m] (step=0072900) Train Loss: 0.0932, Train Steps/Sec: 2.73, Samples/Sec: 43.66
[[34m2025-08-13 09:53:22[0m] (step=0073000) Train Loss: 0.1018, Train Steps/Sec: 2.74, Samples/Sec: 43.80
[[34m2025-08-13 09:53:59[0m] (step=0073100) Train Loss: 0.0882, Train Steps/Sec: 2.76, Samples/Sec: 44.09
[[34m2025-08-13 09:54:35[0m] (step=0073200) Train Loss: 0.1022, Train Steps/Sec: 2.73, Samples/Sec: 43.71
[[34m2025-08-13 09:55:12[0m] (step=0073300) Train Loss: 0.0954, Train Steps/Sec: 2.76, Samples/Sec: 44.11
[[34m2025-08-13 09:55:48[0m] (step=0073400) Train Loss: 0.0988, Train Steps/Sec: 2.74, Samples/Sec: 43.78
[[34m2025-08-13 09:56:24[0m] (step=0073500) Train Loss: 0.1026, Train Steps/Sec: 2.77, Samples/Sec: 44.27
[[34m2025-08-13 09:57:01[0m] (step=0073600) Train Loss: 0.1037, Train Steps/Sec: 2.71, Samples/Sec: 43.40
[[34m2025-08-13 09:57:38[0m] (step=0073700) Train Loss: 0.1040, Train Steps/Sec: 2.70, Samples/Sec: 43.26
[[34m2025-08-13 09:58:14[0m] (step=0073800) Train Loss: 0.0984, Train Steps/Sec: 2.77, Samples/Sec: 44.30
[[34m2025-08-13 09:58:50[0m] (step=0073900) Train Loss: 0.0965, Train Steps/Sec: 2.77, Samples/Sec: 44.25
[[34m2025-08-13 09:59:28[0m] (step=0074000) Train Loss: 0.1004, Train Steps/Sec: 2.64, Samples/Sec: 42.16
[[34m2025-08-13 10:00:05[0m] (step=0074100) Train Loss: 0.1015, Train Steps/Sec: 2.73, Samples/Sec: 43.63
[[34m2025-08-13 10:00:42[0m] (step=0074200) Train Loss: 0.0928, Train Steps/Sec: 2.72, Samples/Sec: 43.54
[[34m2025-08-13 10:01:19[0m] (step=0074300) Train Loss: 0.0901, Train Steps/Sec: 2.71, Samples/Sec: 43.29
[[34m2025-08-13 10:01:56[0m] (step=0074400) Train Loss: 0.1000, Train Steps/Sec: 2.71, Samples/Sec: 43.32
[[34m2025-08-13 10:02:33[0m] (step=0074500) Train Loss: 0.0935, Train Steps/Sec: 2.69, Samples/Sec: 43.07
[[34m2025-08-13 10:03:09[0m] (step=0074600) Train Loss: 0.0941, Train Steps/Sec: 2.73, Samples/Sec: 43.73
[[34m2025-08-13 10:03:46[0m] (step=0074700) Train Loss: 0.1031, Train Steps/Sec: 2.71, Samples/Sec: 43.38
[[34m2025-08-13 10:04:24[0m] (step=0074800) Train Loss: 0.0976, Train Steps/Sec: 2.69, Samples/Sec: 43.05
[[34m2025-08-13 10:05:00[0m] (step=0074900) Train Loss: 0.0958, Train Steps/Sec: 2.72, Samples/Sec: 43.48
[[34m2025-08-13 10:05:38[0m] (step=0075000) Train Loss: 0.1009, Train Steps/Sec: 2.67, Samples/Sec: 42.74
[[34m2025-08-13 10:06:14[0m] (step=0075100) Train Loss: 0.1005, Train Steps/Sec: 2.74, Samples/Sec: 43.78
[[34m2025-08-13 10:06:51[0m] (step=0075200) Train Loss: 0.0975, Train Steps/Sec: 2.74, Samples/Sec: 43.81
[[34m2025-08-13 10:07:27[0m] (step=0075300) Train Loss: 0.0928, Train Steps/Sec: 2.75, Samples/Sec: 44.03
[[34m2025-08-13 10:08:04[0m] (step=0075400) Train Loss: 0.0903, Train Steps/Sec: 2.70, Samples/Sec: 43.22
[[34m2025-08-13 10:08:41[0m] (step=0075500) Train Loss: 0.0997, Train Steps/Sec: 2.74, Samples/Sec: 43.82
[[34m2025-08-13 10:09:17[0m] (step=0075600) Train Loss: 0.1001, Train Steps/Sec: 2.77, Samples/Sec: 44.36
[[34m2025-08-13 10:09:54[0m] (step=0075700) Train Loss: 0.0941, Train Steps/Sec: 2.71, Samples/Sec: 43.34
[[34m2025-08-13 10:10:30[0m] (step=0075800) Train Loss: 0.0982, Train Steps/Sec: 2.73, Samples/Sec: 43.63
[[34m2025-08-13 10:11:08[0m] (step=0075900) Train Loss: 0.1121, Train Steps/Sec: 2.70, Samples/Sec: 43.19
[[34m2025-08-13 10:11:45[0m] (step=0076000) Train Loss: 0.1139, Train Steps/Sec: 2.65, Samples/Sec: 42.37
[[34m2025-08-13 10:12:23[0m] (step=0076100) Train Loss: 0.1062, Train Steps/Sec: 2.66, Samples/Sec: 42.62
[[34m2025-08-13 10:13:00[0m] (step=0076200) Train Loss: 0.0967, Train Steps/Sec: 2.67, Samples/Sec: 42.73
[[34m2025-08-13 10:13:37[0m] (step=0076300) Train Loss: 0.1047, Train Steps/Sec: 2.74, Samples/Sec: 43.80
[[34m2025-08-13 10:14:14[0m] (step=0076400) Train Loss: 0.1073, Train Steps/Sec: 2.71, Samples/Sec: 43.34
[[34m2025-08-13 10:14:50[0m] (step=0076500) Train Loss: 0.1022, Train Steps/Sec: 2.78, Samples/Sec: 44.42
[[34m2025-08-13 10:15:26[0m] (step=0076600) Train Loss: 0.1161, Train Steps/Sec: 2.75, Samples/Sec: 44.02
[[34m2025-08-13 10:16:03[0m] (step=0076700) Train Loss: 0.1042, Train Steps/Sec: 2.71, Samples/Sec: 43.32
[[34m2025-08-13 10:16:39[0m] (step=0076800) Train Loss: 0.0896, Train Steps/Sec: 2.80, Samples/Sec: 44.80
[[34m2025-08-13 10:17:15[0m] (step=0076900) Train Loss: 0.0969, Train Steps/Sec: 2.75, Samples/Sec: 44.06
[[34m2025-08-13 10:17:52[0m] (step=0077000) Train Loss: 0.0964, Train Steps/Sec: 2.72, Samples/Sec: 43.53
[[34m2025-08-13 10:18:29[0m] (step=0077100) Train Loss: 0.0987, Train Steps/Sec: 2.70, Samples/Sec: 43.24
[[34m2025-08-13 10:19:06[0m] (step=0077200) Train Loss: 0.0946, Train Steps/Sec: 2.71, Samples/Sec: 43.30
[[34m2025-08-13 10:19:43[0m] (step=0077300) Train Loss: 0.0952, Train Steps/Sec: 2.70, Samples/Sec: 43.21
[[34m2025-08-13 10:20:19[0m] (step=0077400) Train Loss: 0.1024, Train Steps/Sec: 2.74, Samples/Sec: 43.92
[[34m2025-08-13 10:20:56[0m] (step=0077500) Train Loss: 0.1049, Train Steps/Sec: 2.71, Samples/Sec: 43.35
[[34m2025-08-13 10:21:32[0m] (step=0077600) Train Loss: 0.1005, Train Steps/Sec: 2.77, Samples/Sec: 44.29
[[34m2025-08-13 10:22:09[0m] (step=0077700) Train Loss: 0.0990, Train Steps/Sec: 2.74, Samples/Sec: 43.91
[[34m2025-08-13 10:22:45[0m] (step=0077800) Train Loss: 0.0965, Train Steps/Sec: 2.73, Samples/Sec: 43.73
[[34m2025-08-13 10:23:23[0m] (step=0077900) Train Loss: 0.1064, Train Steps/Sec: 2.69, Samples/Sec: 42.97
[[34m2025-08-13 10:23:59[0m] (step=0078000) Train Loss: 0.1010, Train Steps/Sec: 2.73, Samples/Sec: 43.65
[[34m2025-08-13 10:24:36[0m] (step=0078100) Train Loss: 0.0971, Train Steps/Sec: 2.74, Samples/Sec: 43.83
[[34m2025-08-13 10:25:12[0m] (step=0078200) Train Loss: 0.0998, Train Steps/Sec: 2.77, Samples/Sec: 44.27
[[34m2025-08-13 10:25:48[0m] (step=0078300) Train Loss: 0.0955, Train Steps/Sec: 2.77, Samples/Sec: 44.34
[[34m2025-08-13 10:26:24[0m] (step=0078400) Train Loss: 0.0919, Train Steps/Sec: 2.77, Samples/Sec: 44.29
[[34m2025-08-13 10:27:01[0m] (step=0078500) Train Loss: 0.0965, Train Steps/Sec: 2.74, Samples/Sec: 43.78
[[34m2025-08-13 10:27:37[0m] (step=0078600) Train Loss: 0.1047, Train Steps/Sec: 2.76, Samples/Sec: 44.24
[[34m2025-08-13 10:28:14[0m] (step=0078700) Train Loss: 0.0954, Train Steps/Sec: 2.73, Samples/Sec: 43.60
[[34m2025-08-13 10:28:51[0m] (step=0078800) Train Loss: 0.1035, Train Steps/Sec: 2.68, Samples/Sec: 42.80
[[34m2025-08-13 10:29:29[0m] (step=0078900) Train Loss: 0.1052, Train Steps/Sec: 2.67, Samples/Sec: 42.78
[[34m2025-08-13 10:30:05[0m] (step=0079000) Train Loss: 0.0971, Train Steps/Sec: 2.72, Samples/Sec: 43.57
[[34m2025-08-13 10:30:42[0m] (step=0079100) Train Loss: 0.0928, Train Steps/Sec: 2.73, Samples/Sec: 43.68
[[34m2025-08-13 10:31:18[0m] (step=0079200) Train Loss: 0.1001, Train Steps/Sec: 2.77, Samples/Sec: 44.30
[[34m2025-08-13 10:31:55[0m] (step=0079300) Train Loss: 0.1003, Train Steps/Sec: 2.73, Samples/Sec: 43.69
[[34m2025-08-13 10:32:31[0m] (step=0079400) Train Loss: 0.1002, Train Steps/Sec: 2.72, Samples/Sec: 43.57
[[34m2025-08-13 10:33:08[0m] (step=0079500) Train Loss: 0.1074, Train Steps/Sec: 2.75, Samples/Sec: 43.94
[[34m2025-08-13 10:33:44[0m] (step=0079600) Train Loss: 0.1013, Train Steps/Sec: 2.75, Samples/Sec: 44.00
[[34m2025-08-13 10:34:21[0m] (step=0079700) Train Loss: 0.0964, Train Steps/Sec: 2.71, Samples/Sec: 43.38
[[34m2025-08-13 10:34:58[0m] (step=0079800) Train Loss: 0.0930, Train Steps/Sec: 2.71, Samples/Sec: 43.37
[[34m2025-08-13 10:35:35[0m] (step=0079900) Train Loss: 0.0963, Train Steps/Sec: 2.69, Samples/Sec: 43.04
[[34m2025-08-13 10:36:13[0m] (step=0080000) Train Loss: 0.1005, Train Steps/Sec: 2.66, Samples/Sec: 42.61
Using cache found in ./models/facebookresearch_dino_main
Using cache found in ./models/facebookresearch_dino_main
Using cache found in ./models/facebookresearch_dino_main
[[34m2025-08-13 10:36:30[0m] Saved checkpoint to logs/nwm_cdit_airvln_v6_1/checkpoints/latest.pth.tar
Using cache found in ./models/facebookresearch_dino_main
[[34m2025-08-13 10:36:33[0m] Already found a `peft_config` attribute in the model. This will lead to having multiple adapters in the model. Make sure to know what you are doing!
[[34m2025-08-13 10:38:00[0m] (step=0080000) Perceptual Loss: 0.2221, Eval Time: 89.89
[[34m2025-08-13 10:38:38[0m] (step=0080100) Train Loss: 0.0999, Train Steps/Sec: 0.69, Samples/Sec: 11.05
[[34m2025-08-13 10:39:14[0m] (step=0080200) Train Loss: 0.0892, Train Steps/Sec: 2.75, Samples/Sec: 44.02
[[34m2025-08-13 10:39:51[0m] (step=0080300) Train Loss: 0.1041, Train Steps/Sec: 2.72, Samples/Sec: 43.55
[[34m2025-08-13 10:40:27[0m] (step=0080400) Train Loss: 0.1111, Train Steps/Sec: 2.75, Samples/Sec: 43.98
[[34m2025-08-13 10:41:04[0m] (step=0080500) Train Loss: 0.1110, Train Steps/Sec: 2.71, Samples/Sec: 43.32
[[34m2025-08-13 10:41:40[0m] (step=0080600) Train Loss: 0.0956, Train Steps/Sec: 2.75, Samples/Sec: 44.02
[[34m2025-08-13 10:42:16[0m] (step=0080700) Train Loss: 0.0974, Train Steps/Sec: 2.78, Samples/Sec: 44.49
[[34m2025-08-13 10:42:53[0m] (step=0080800) Train Loss: 0.0905, Train Steps/Sec: 2.75, Samples/Sec: 43.98
[[34m2025-08-13 10:43:29[0m] (step=0080900) Train Loss: 0.0969, Train Steps/Sec: 2.78, Samples/Sec: 44.44
[[34m2025-08-13 10:44:05[0m] (step=0081000) Train Loss: 0.1006, Train Steps/Sec: 2.76, Samples/Sec: 44.10
[[34m2025-08-13 10:44:41[0m] (step=0081100) Train Loss: 0.0948, Train Steps/Sec: 2.76, Samples/Sec: 44.14
[[34m2025-08-13 10:45:18[0m] (step=0081200) Train Loss: 0.1006, Train Steps/Sec: 2.72, Samples/Sec: 43.49
[[34m2025-08-13 10:45:55[0m] (step=0081300) Train Loss: 0.1092, Train Steps/Sec: 2.74, Samples/Sec: 43.87
[[34m2025-08-13 10:46:31[0m] (step=0081400) Train Loss: 0.1014, Train Steps/Sec: 2.77, Samples/Sec: 44.39
[[34m2025-08-13 10:47:07[0m] (step=0081500) Train Loss: 0.0968, Train Steps/Sec: 2.73, Samples/Sec: 43.71
[[34m2025-08-13 10:47:43[0m] (step=0081600) Train Loss: 0.1040, Train Steps/Sec: 2.79, Samples/Sec: 44.61
[[34m2025-08-13 10:48:19[0m] (step=0081700) Train Loss: 0.0929, Train Steps/Sec: 2.78, Samples/Sec: 44.52
[[34m2025-08-13 10:48:55[0m] (step=0081800) Train Loss: 0.0998, Train Steps/Sec: 2.75, Samples/Sec: 44.00
[[34m2025-08-13 10:49:33[0m] (step=0081900) Train Loss: 0.1083, Train Steps/Sec: 2.69, Samples/Sec: 43.00
[[34m2025-08-13 10:50:09[0m] (step=0082000) Train Loss: 0.1078, Train Steps/Sec: 2.74, Samples/Sec: 43.80
[[34m2025-08-13 10:50:46[0m] (step=0082100) Train Loss: 0.0995, Train Steps/Sec: 2.74, Samples/Sec: 43.79
[[34m2025-08-13 10:51:22[0m] (step=0082200) Train Loss: 0.0988, Train Steps/Sec: 2.76, Samples/Sec: 44.21
[[34m2025-08-13 10:51:59[0m] (step=0082300) Train Loss: 0.0965, Train Steps/Sec: 2.71, Samples/Sec: 43.44
[[34m2025-08-13 10:52:35[0m] (step=0082400) Train Loss: 0.1015, Train Steps/Sec: 2.77, Samples/Sec: 44.28
[[34m2025-08-13 10:53:11[0m] (step=0082500) Train Loss: 0.0936, Train Steps/Sec: 2.75, Samples/Sec: 44.03
[[34m2025-08-13 10:53:48[0m] (step=0082600) Train Loss: 0.0963, Train Steps/Sec: 2.74, Samples/Sec: 43.76
[[34m2025-08-13 10:54:25[0m] (step=0082700) Train Loss: 0.1020, Train Steps/Sec: 2.71, Samples/Sec: 43.35
[[34m2025-08-13 10:55:01[0m] (step=0082800) Train Loss: 0.0985, Train Steps/Sec: 2.75, Samples/Sec: 43.98
[[34m2025-08-13 10:55:38[0m] (step=0082900) Train Loss: 0.0915, Train Steps/Sec: 2.72, Samples/Sec: 43.49
[[34m2025-08-13 10:56:14[0m] (step=0083000) Train Loss: 0.1043, Train Steps/Sec: 2.74, Samples/Sec: 43.84
[[34m2025-08-13 10:56:51[0m] (step=0083100) Train Loss: 0.0947, Train Steps/Sec: 2.70, Samples/Sec: 43.18
[[34m2025-08-13 10:57:29[0m] (step=0083200) Train Loss: 0.1009, Train Steps/Sec: 2.68, Samples/Sec: 42.89
[[34m2025-08-13 10:58:06[0m] (step=0083300) Train Loss: 0.1035, Train Steps/Sec: 2.71, Samples/Sec: 43.41
[[34m2025-08-13 10:58:42[0m] (step=0083400) Train Loss: 0.1023, Train Steps/Sec: 2.75, Samples/Sec: 44.03
[[34m2025-08-13 10:59:19[0m] (step=0083500) Train Loss: 0.0982, Train Steps/Sec: 2.71, Samples/Sec: 43.35
[[34m2025-08-13 10:59:55[0m] (step=0083600) Train Loss: 0.1035, Train Steps/Sec: 2.75, Samples/Sec: 43.97
[[34m2025-08-13 11:00:33[0m] (step=0083700) Train Loss: 0.0985, Train Steps/Sec: 2.68, Samples/Sec: 42.84
[[34m2025-08-13 11:01:10[0m] (step=0083800) Train Loss: 0.0920, Train Steps/Sec: 2.70, Samples/Sec: 43.15
[[34m2025-08-13 11:01:47[0m] (step=0083900) Train Loss: 0.1046, Train Steps/Sec: 2.68, Samples/Sec: 42.91
[[34m2025-08-13 11:02:23[0m] (step=0084000) Train Loss: 0.0962, Train Steps/Sec: 2.77, Samples/Sec: 44.29
[[34m2025-08-13 11:02:59[0m] (step=0084100) Train Loss: 0.0855, Train Steps/Sec: 2.76, Samples/Sec: 44.21
[[34m2025-08-13 11:03:36[0m] (step=0084200) Train Loss: 0.1031, Train Steps/Sec: 2.75, Samples/Sec: 43.96
[[34m2025-08-13 11:04:13[0m] (step=0084300) Train Loss: 0.1008, Train Steps/Sec: 2.72, Samples/Sec: 43.50
[[34m2025-08-13 11:04:49[0m] (step=0084400) Train Loss: 0.0994, Train Steps/Sec: 2.75, Samples/Sec: 44.02
[[34m2025-08-13 11:05:09[0m] Beginning epoch 1...
[[34m2025-08-13 11:05:29[0m] (step=0084500) Train Loss: 0.1025, Train Steps/Sec: 2.49, Samples/Sec: 39.86
[[34m2025-08-13 11:06:06[0m] (step=0084600) Train Loss: 0.0981, Train Steps/Sec: 2.72, Samples/Sec: 43.58
[[34m2025-08-13 11:06:43[0m] (step=0084700) Train Loss: 0.0969, Train Steps/Sec: 2.72, Samples/Sec: 43.55
[[34m2025-08-13 11:07:19[0m] (step=0084800) Train Loss: 0.1058, Train Steps/Sec: 2.77, Samples/Sec: 44.38
[[34m2025-08-13 11:07:55[0m] (step=0084900) Train Loss: 0.1081, Train Steps/Sec: 2.74, Samples/Sec: 43.80
[[34m2025-08-13 11:08:31[0m] (step=0085000) Train Loss: 0.1026, Train Steps/Sec: 2.79, Samples/Sec: 44.71
[[34m2025-08-13 11:09:07[0m] (step=0085100) Train Loss: 0.0972, Train Steps/Sec: 2.76, Samples/Sec: 44.10
[[34m2025-08-13 11:09:44[0m] (step=0085200) Train Loss: 0.1006, Train Steps/Sec: 2.74, Samples/Sec: 43.88
[[34m2025-08-13 11:10:20[0m] (step=0085300) Train Loss: 0.1004, Train Steps/Sec: 2.75, Samples/Sec: 44.08
[[34m2025-08-13 11:10:56[0m] (step=0085400) Train Loss: 0.0943, Train Steps/Sec: 2.78, Samples/Sec: 44.48
[[34m2025-08-13 11:11:32[0m] (step=0085500) Train Loss: 0.0962, Train Steps/Sec: 2.76, Samples/Sec: 44.22
[[34m2025-08-13 11:12:08[0m] (step=0085600) Train Loss: 0.0970, Train Steps/Sec: 2.80, Samples/Sec: 44.74
[[34m2025-08-13 11:12:44[0m] (step=0085700) Train Loss: 0.0965, Train Steps/Sec: 2.77, Samples/Sec: 44.35
[[34m2025-08-13 11:13:21[0m] (step=0085800) Train Loss: 0.0987, Train Steps/Sec: 2.73, Samples/Sec: 43.73
[[34m2025-08-13 11:13:58[0m] (step=0085900) Train Loss: 0.1071, Train Steps/Sec: 2.69, Samples/Sec: 43.03
[[34m2025-08-13 11:14:34[0m] (step=0086000) Train Loss: 0.0861, Train Steps/Sec: 2.74, Samples/Sec: 43.78
[[34m2025-08-13 11:15:12[0m] (step=0086100) Train Loss: 0.1050, Train Steps/Sec: 2.68, Samples/Sec: 42.85
[[34m2025-08-13 11:15:48[0m] (step=0086200) Train Loss: 0.1072, Train Steps/Sec: 2.74, Samples/Sec: 43.92
[[34m2025-08-13 11:16:25[0m] (step=0086300) Train Loss: 0.0840, Train Steps/Sec: 2.72, Samples/Sec: 43.60
[[34m2025-08-13 11:17:02[0m] (step=0086400) Train Loss: 0.0918, Train Steps/Sec: 2.72, Samples/Sec: 43.57
[[34m2025-08-13 11:17:39[0m] (step=0086500) Train Loss: 0.0962, Train Steps/Sec: 2.66, Samples/Sec: 42.53
[[34m2025-08-13 11:18:16[0m] (step=0086600) Train Loss: 0.0977, Train Steps/Sec: 2.74, Samples/Sec: 43.83
[[34m2025-08-13 11:18:52[0m] (step=0086700) Train Loss: 0.0948, Train Steps/Sec: 2.73, Samples/Sec: 43.67
[[34m2025-08-13 11:19:29[0m] (step=0086800) Train Loss: 0.0973, Train Steps/Sec: 2.71, Samples/Sec: 43.32
[[34m2025-08-13 11:20:07[0m] (step=0086900) Train Loss: 0.0958, Train Steps/Sec: 2.68, Samples/Sec: 42.91
[[34m2025-08-13 11:20:43[0m] (step=0087000) Train Loss: 0.0901, Train Steps/Sec: 2.77, Samples/Sec: 44.24
[[34m2025-08-13 11:21:19[0m] (step=0087100) Train Loss: 0.0925, Train Steps/Sec: 2.74, Samples/Sec: 43.84
[[34m2025-08-13 11:21:56[0m] (step=0087200) Train Loss: 0.0975, Train Steps/Sec: 2.72, Samples/Sec: 43.56
[[34m2025-08-13 11:22:32[0m] (step=0087300) Train Loss: 0.0924, Train Steps/Sec: 2.75, Samples/Sec: 44.05
[[34m2025-08-13 11:23:09[0m] (step=0087400) Train Loss: 0.0981, Train Steps/Sec: 2.70, Samples/Sec: 43.20
[[34m2025-08-13 11:23:46[0m] (step=0087500) Train Loss: 0.0988, Train Steps/Sec: 2.76, Samples/Sec: 44.16
[[34m2025-08-13 11:24:22[0m] (step=0087600) Train Loss: 0.0962, Train Steps/Sec: 2.75, Samples/Sec: 44.05
[[34m2025-08-13 11:24:59[0m] (step=0087700) Train Loss: 0.0938, Train Steps/Sec: 2.74, Samples/Sec: 43.77
[[34m2025-08-13 11:25:35[0m] (step=0087800) Train Loss: 0.0973, Train Steps/Sec: 2.74, Samples/Sec: 43.81
[[34m2025-08-13 11:26:12[0m] (step=0087900) Train Loss: 0.0986, Train Steps/Sec: 2.72, Samples/Sec: 43.57
[[34m2025-08-13 11:26:49[0m] (step=0088000) Train Loss: 0.0987, Train Steps/Sec: 2.73, Samples/Sec: 43.62
[[34m2025-08-13 11:27:25[0m] (step=0088100) Train Loss: 0.1030, Train Steps/Sec: 2.72, Samples/Sec: 43.53
[[34m2025-08-13 11:28:02[0m] (step=0088200) Train Loss: 0.1060, Train Steps/Sec: 2.73, Samples/Sec: 43.62
[[34m2025-08-13 11:28:38[0m] (step=0088300) Train Loss: 0.1002, Train Steps/Sec: 2.75, Samples/Sec: 43.92
[[34m2025-08-13 11:29:16[0m] (step=0088400) Train Loss: 0.1060, Train Steps/Sec: 2.68, Samples/Sec: 42.91
[[34m2025-08-13 11:29:53[0m] (step=0088500) Train Loss: 0.0966, Train Steps/Sec: 2.69, Samples/Sec: 42.97
[[34m2025-08-13 11:30:29[0m] (step=0088600) Train Loss: 0.0977, Train Steps/Sec: 2.77, Samples/Sec: 44.25
[[34m2025-08-13 11:31:06[0m] (step=0088700) Train Loss: 0.0949, Train Steps/Sec: 2.73, Samples/Sec: 43.63
[[34m2025-08-13 11:31:43[0m] (step=0088800) Train Loss: 0.0921, Train Steps/Sec: 2.71, Samples/Sec: 43.36
[[34m2025-08-13 11:32:19[0m] (step=0088900) Train Loss: 0.1019, Train Steps/Sec: 2.74, Samples/Sec: 43.88
[[34m2025-08-13 11:32:56[0m] (step=0089000) Train Loss: 0.1070, Train Steps/Sec: 2.73, Samples/Sec: 43.71
[[34m2025-08-13 11:33:33[0m] (step=0089100) Train Loss: 0.0905, Train Steps/Sec: 2.71, Samples/Sec: 43.32
[[34m2025-08-13 11:34:10[0m] (step=0089200) Train Loss: 0.0926, Train Steps/Sec: 2.71, Samples/Sec: 43.42
[[34m2025-08-13 11:34:46[0m] (step=0089300) Train Loss: 0.0947, Train Steps/Sec: 2.75, Samples/Sec: 44.00
[[34m2025-08-13 11:35:23[0m] (step=0089400) Train Loss: 0.0973, Train Steps/Sec: 2.70, Samples/Sec: 43.23
[[34m2025-08-13 11:36:00[0m] (step=0089500) Train Loss: 0.0937, Train Steps/Sec: 2.71, Samples/Sec: 43.28
[[34m2025-08-13 11:36:37[0m] (step=0089600) Train Loss: 0.0996, Train Steps/Sec: 2.71, Samples/Sec: 43.35
[[34m2025-08-13 11:37:13[0m] (step=0089700) Train Loss: 0.1030, Train Steps/Sec: 2.78, Samples/Sec: 44.46
[[34m2025-08-13 11:37:49[0m] (step=0089800) Train Loss: 0.0978, Train Steps/Sec: 2.73, Samples/Sec: 43.70
[[34m2025-08-13 11:38:26[0m] (step=0089900) Train Loss: 0.0969, Train Steps/Sec: 2.76, Samples/Sec: 44.14
[[34m2025-08-13 11:39:03[0m] (step=0090000) Train Loss: 0.1051, Train Steps/Sec: 2.69, Samples/Sec: 43.08
Using cache found in ./models/facebookresearch_dino_main
Using cache found in ./models/facebookresearch_dino_main
Using cache found in ./models/facebookresearch_dino_main
[[34m2025-08-13 11:39:25[0m] Saved checkpoint to logs/nwm_cdit_airvln_v6_1/checkpoints/latest.pth.tar
Using cache found in ./models/facebookresearch_dino_main
[[34m2025-08-13 11:39:30[0m] Already found a `peft_config` attribute in the model. This will lead to having multiple adapters in the model. Make sure to know what you are doing!
[[34m2025-08-13 11:40:57[0m] (step=0090000) Perceptual Loss: 0.1876, Eval Time: 92.02
[[34m2025-08-13 11:41:33[0m] (step=0090100) Train Loss: 0.0989, Train Steps/Sec: 0.67, Samples/Sec: 10.66
[[34m2025-08-13 11:42:10[0m] (step=0090200) Train Loss: 0.0998, Train Steps/Sec: 2.72, Samples/Sec: 43.60
[[34m2025-08-13 11:42:47[0m] (step=0090300) Train Loss: 0.0958, Train Steps/Sec: 2.74, Samples/Sec: 43.84
[[34m2025-08-13 11:43:23[0m] (step=0090400) Train Loss: 0.1065, Train Steps/Sec: 2.72, Samples/Sec: 43.57
[[34m2025-08-13 11:44:00[0m] (step=0090500) Train Loss: 0.0993, Train Steps/Sec: 2.75, Samples/Sec: 43.95
[[34m2025-08-13 11:44:36[0m] (step=0090600) Train Loss: 0.0944, Train Steps/Sec: 2.78, Samples/Sec: 44.50
[[34m2025-08-13 11:45:12[0m] (step=0090700) Train Loss: 0.1044, Train Steps/Sec: 2.78, Samples/Sec: 44.47
[[34m2025-08-13 11:45:48[0m] (step=0090800) Train Loss: 0.0973, Train Steps/Sec: 2.74, Samples/Sec: 43.89
[[34m2025-08-13 11:46:25[0m] (step=0090900) Train Loss: 0.1000, Train Steps/Sec: 2.74, Samples/Sec: 43.91
[[34m2025-08-13 11:47:01[0m] (step=0091000) Train Loss: 0.1059, Train Steps/Sec: 2.75, Samples/Sec: 43.97
[[34m2025-08-13 11:47:37[0m] (step=0091100) Train Loss: 0.0919, Train Steps/Sec: 2.76, Samples/Sec: 44.13
[[34m2025-08-13 11:48:14[0m] (step=0091200) Train Loss: 0.0996, Train Steps/Sec: 2.73, Samples/Sec: 43.75
[[34m2025-08-13 11:48:51[0m] (step=0091300) Train Loss: 0.0999, Train Steps/Sec: 2.71, Samples/Sec: 43.40
[[34m2025-08-13 11:49:27[0m] (step=0091400) Train Loss: 0.0978, Train Steps/Sec: 2.74, Samples/Sec: 43.86
[[34m2025-08-13 11:50:04[0m] (step=0091500) Train Loss: 0.1001, Train Steps/Sec: 2.73, Samples/Sec: 43.65
[[34m2025-08-13 11:50:41[0m] (step=0091600) Train Loss: 0.1040, Train Steps/Sec: 2.72, Samples/Sec: 43.52
[[34m2025-08-13 11:51:18[0m] (step=0091700) Train Loss: 0.0975, Train Steps/Sec: 2.71, Samples/Sec: 43.33
[[34m2025-08-13 11:51:54[0m] (step=0091800) Train Loss: 0.1064, Train Steps/Sec: 2.78, Samples/Sec: 44.46
[[34m2025-08-13 11:52:30[0m] (step=0091900) Train Loss: 0.0986, Train Steps/Sec: 2.73, Samples/Sec: 43.61
[[34m2025-08-13 11:53:07[0m] (step=0092000) Train Loss: 0.1006, Train Steps/Sec: 2.73, Samples/Sec: 43.63
[[34m2025-08-13 11:53:44[0m] (step=0092100) Train Loss: 0.1003, Train Steps/Sec: 2.72, Samples/Sec: 43.60
[[34m2025-08-13 11:54:21[0m] (step=0092200) Train Loss: 0.0889, Train Steps/Sec: 2.70, Samples/Sec: 43.22
[[34m2025-08-13 11:54:57[0m] (step=0092300) Train Loss: 0.0953, Train Steps/Sec: 2.74, Samples/Sec: 43.90
[[34m2025-08-13 11:55:34[0m] (step=0092400) Train Loss: 0.0935, Train Steps/Sec: 2.74, Samples/Sec: 43.78
[[34m2025-08-13 11:56:10[0m] (step=0092500) Train Loss: 0.1007, Train Steps/Sec: 2.78, Samples/Sec: 44.51
[[34m2025-08-13 11:56:46[0m] (step=0092600) Train Loss: 0.0977, Train Steps/Sec: 2.75, Samples/Sec: 44.06
[[34m2025-08-13 11:57:23[0m] (step=0092700) Train Loss: 0.1018, Train Steps/Sec: 2.73, Samples/Sec: 43.68
[[34m2025-08-13 11:58:00[0m] (step=0092800) Train Loss: 0.1021, Train Steps/Sec: 2.72, Samples/Sec: 43.50
[[34m2025-08-13 11:58:37[0m] (step=0092900) Train Loss: 0.0916, Train Steps/Sec: 2.70, Samples/Sec: 43.17
[[34m2025-08-13 11:59:15[0m] (step=0093000) Train Loss: 0.0946, Train Steps/Sec: 2.64, Samples/Sec: 42.29
[[34m2025-08-13 11:59:51[0m] (step=0093100) Train Loss: 0.1022, Train Steps/Sec: 2.77, Samples/Sec: 44.35
[[34m2025-08-13 12:00:27[0m] (step=0093200) Train Loss: 0.1041, Train Steps/Sec: 2.78, Samples/Sec: 44.46
[[34m2025-08-13 12:01:02[0m] (step=0093300) Train Loss: 0.0943, Train Steps/Sec: 2.79, Samples/Sec: 44.72
[[34m2025-08-13 12:01:38[0m] (step=0093400) Train Loss: 0.0945, Train Steps/Sec: 2.79, Samples/Sec: 44.60
[[34m2025-08-13 12:02:14[0m] (step=0093500) Train Loss: 0.0948, Train Steps/Sec: 2.76, Samples/Sec: 44.14
[[34m2025-08-13 12:02:51[0m] (step=0093600) Train Loss: 0.0993, Train Steps/Sec: 2.72, Samples/Sec: 43.59
[[34m2025-08-13 12:03:28[0m] (step=0093700) Train Loss: 0.1037, Train Steps/Sec: 2.68, Samples/Sec: 42.93
[[34m2025-08-13 12:04:05[0m] (step=0093800) Train Loss: 0.0904, Train Steps/Sec: 2.77, Samples/Sec: 44.37
[[34m2025-08-13 12:04:41[0m] (step=0093900) Train Loss: 0.0953, Train Steps/Sec: 2.75, Samples/Sec: 43.96
[[34m2025-08-13 12:05:17[0m] (step=0094000) Train Loss: 0.1031, Train Steps/Sec: 2.75, Samples/Sec: 44.05
[[34m2025-08-13 12:05:54[0m] (step=0094100) Train Loss: 0.0992, Train Steps/Sec: 2.71, Samples/Sec: 43.34
[[34m2025-08-13 12:06:31[0m] (step=0094200) Train Loss: 0.0981, Train Steps/Sec: 2.72, Samples/Sec: 43.48
[[34m2025-08-13 12:07:08[0m] (step=0094300) Train Loss: 0.0958, Train Steps/Sec: 2.72, Samples/Sec: 43.46
[[34m2025-08-13 12:07:46[0m] (step=0094400) Train Loss: 0.0969, Train Steps/Sec: 2.63, Samples/Sec: 42.01
[[34m2025-08-13 12:08:23[0m] (step=0094500) Train Loss: 0.1075, Train Steps/Sec: 2.72, Samples/Sec: 43.44
[[34m2025-08-13 12:09:00[0m] (step=0094600) Train Loss: 0.1045, Train Steps/Sec: 2.71, Samples/Sec: 43.43
[[34m2025-08-13 12:09:36[0m] (step=0094700) Train Loss: 0.1024, Train Steps/Sec: 2.73, Samples/Sec: 43.65
[[34m2025-08-13 12:10:13[0m] (step=0094800) Train Loss: 0.0956, Train Steps/Sec: 2.75, Samples/Sec: 44.07
[[34m2025-08-13 12:10:50[0m] (step=0094900) Train Loss: 0.1051, Train Steps/Sec: 2.70, Samples/Sec: 43.18
[[34m2025-08-13 12:11:27[0m] (step=0095000) Train Loss: 0.0911, Train Steps/Sec: 2.69, Samples/Sec: 43.06
[[34m2025-08-13 12:12:03[0m] (step=0095100) Train Loss: 0.0998, Train Steps/Sec: 2.75, Samples/Sec: 44.02
[[34m2025-08-13 12:12:41[0m] (step=0095200) Train Loss: 0.0996, Train Steps/Sec: 2.66, Samples/Sec: 42.63
[[34m2025-08-13 12:13:17[0m] (step=0095300) Train Loss: 0.0930, Train Steps/Sec: 2.76, Samples/Sec: 44.08
[[34m2025-08-13 12:13:53[0m] (step=0095400) Train Loss: 0.1066, Train Steps/Sec: 2.78, Samples/Sec: 44.49
[[34m2025-08-13 12:14:29[0m] (step=0095500) Train Loss: 0.0981, Train Steps/Sec: 2.75, Samples/Sec: 43.93
[[34m2025-08-13 12:15:06[0m] (step=0095600) Train Loss: 0.1009, Train Steps/Sec: 2.72, Samples/Sec: 43.45
[[34m2025-08-13 12:15:43[0m] (step=0095700) Train Loss: 0.0939, Train Steps/Sec: 2.69, Samples/Sec: 43.05
[[34m2025-08-13 12:16:20[0m] (step=0095800) Train Loss: 0.0977, Train Steps/Sec: 2.76, Samples/Sec: 44.15
[[34m2025-08-13 12:16:56[0m] (step=0095900) Train Loss: 0.0919, Train Steps/Sec: 2.74, Samples/Sec: 43.82
[[34m2025-08-13 12:17:33[0m] (step=0096000) Train Loss: 0.1045, Train Steps/Sec: 2.71, Samples/Sec: 43.28
[[34m2025-08-13 12:18:10[0m] (step=0096100) Train Loss: 0.0894, Train Steps/Sec: 2.74, Samples/Sec: 43.81
[[34m2025-08-13 12:18:47[0m] (step=0096200) Train Loss: 0.0886, Train Steps/Sec: 2.69, Samples/Sec: 43.10
[[34m2025-08-13 12:19:24[0m] (step=0096300) Train Loss: 0.1131, Train Steps/Sec: 2.70, Samples/Sec: 43.21
[[34m2025-08-13 12:20:01[0m] (step=0096400) Train Loss: 0.0994, Train Steps/Sec: 2.70, Samples/Sec: 43.16
[[34m2025-08-13 12:20:38[0m] (step=0096500) Train Loss: 0.0925, Train Steps/Sec: 2.72, Samples/Sec: 43.57
[[34m2025-08-13 12:21:15[0m] (step=0096600) Train Loss: 0.0847, Train Steps/Sec: 2.69, Samples/Sec: 43.01
[[34m2025-08-13 12:21:54[0m] (step=0096700) Train Loss: 0.0995, Train Steps/Sec: 2.59, Samples/Sec: 41.44
[[34m2025-08-13 12:22:31[0m] (step=0096800) Train Loss: 0.0966, Train Steps/Sec: 2.67, Samples/Sec: 42.73
[[34m2025-08-13 12:23:08[0m] (step=0096900) Train Loss: 0.0943, Train Steps/Sec: 2.71, Samples/Sec: 43.44
[[34m2025-08-13 12:23:45[0m] (step=0097000) Train Loss: 0.0959, Train Steps/Sec: 2.68, Samples/Sec: 42.95
[[34m2025-08-13 12:24:22[0m] (step=0097100) Train Loss: 0.0929, Train Steps/Sec: 2.70, Samples/Sec: 43.25
[[34m2025-08-13 12:24:59[0m] (step=0097200) Train Loss: 0.1112, Train Steps/Sec: 2.72, Samples/Sec: 43.57
[[34m2025-08-13 12:25:35[0m] (step=0097300) Train Loss: 0.1064, Train Steps/Sec: 2.75, Samples/Sec: 44.06
[[34m2025-08-13 12:26:12[0m] (step=0097400) Train Loss: 0.0978, Train Steps/Sec: 2.71, Samples/Sec: 43.34
[[34m2025-08-13 12:26:49[0m] (step=0097500) Train Loss: 0.0974, Train Steps/Sec: 2.72, Samples/Sec: 43.55
[[34m2025-08-13 12:27:25[0m] (step=0097600) Train Loss: 0.0970, Train Steps/Sec: 2.74, Samples/Sec: 43.92
[[34m2025-08-13 12:28:02[0m] (step=0097700) Train Loss: 0.0966, Train Steps/Sec: 2.69, Samples/Sec: 43.08
[[34m2025-08-13 12:28:39[0m] (step=0097800) Train Loss: 0.1006, Train Steps/Sec: 2.75, Samples/Sec: 44.04
[[34m2025-08-13 12:29:15[0m] (step=0097900) Train Loss: 0.1039, Train Steps/Sec: 2.74, Samples/Sec: 43.86
[[34m2025-08-13 12:29:52[0m] (step=0098000) Train Loss: 0.1009, Train Steps/Sec: 2.73, Samples/Sec: 43.68
[[34m2025-08-13 12:30:28[0m] (step=0098100) Train Loss: 0.0920, Train Steps/Sec: 2.75, Samples/Sec: 43.96
[[34m2025-08-13 12:31:06[0m] (step=0098200) Train Loss: 0.0992, Train Steps/Sec: 2.68, Samples/Sec: 42.88
[[34m2025-08-13 12:31:43[0m] (step=0098300) Train Loss: 0.0924, Train Steps/Sec: 2.70, Samples/Sec: 43.13
[[34m2025-08-13 12:32:19[0m] (step=0098400) Train Loss: 0.0970, Train Steps/Sec: 2.72, Samples/Sec: 43.51
[[34m2025-08-13 12:32:57[0m] (step=0098500) Train Loss: 0.1004, Train Steps/Sec: 2.69, Samples/Sec: 42.98
[[34m2025-08-13 12:33:33[0m] (step=0098600) Train Loss: 0.0984, Train Steps/Sec: 2.75, Samples/Sec: 43.95
[[34m2025-08-13 12:34:10[0m] (step=0098700) Train Loss: 0.0964, Train Steps/Sec: 2.75, Samples/Sec: 44.00
[[34m2025-08-13 12:34:46[0m] (step=0098800) Train Loss: 0.0877, Train Steps/Sec: 2.73, Samples/Sec: 43.75
[[34m2025-08-13 12:35:22[0m] (step=0098900) Train Loss: 0.0997, Train Steps/Sec: 2.77, Samples/Sec: 44.26
[[34m2025-08-13 12:35:59[0m] (step=0099000) Train Loss: 0.0936, Train Steps/Sec: 2.70, Samples/Sec: 43.16
[[34m2025-08-13 12:36:36[0m] (step=0099100) Train Loss: 0.0968, Train Steps/Sec: 2.72, Samples/Sec: 43.53
[[34m2025-08-13 12:37:13[0m] (step=0099200) Train Loss: 0.0964, Train Steps/Sec: 2.71, Samples/Sec: 43.40
[[34m2025-08-13 12:37:50[0m] (step=0099300) Train Loss: 0.0902, Train Steps/Sec: 2.70, Samples/Sec: 43.25
[[34m2025-08-13 12:38:27[0m] (step=0099400) Train Loss: 0.0926, Train Steps/Sec: 2.70, Samples/Sec: 43.17
[[34m2025-08-13 12:39:03[0m] (step=0099500) Train Loss: 0.0977, Train Steps/Sec: 2.74, Samples/Sec: 43.92
[[34m2025-08-13 12:39:40[0m] (step=0099600) Train Loss: 0.1003, Train Steps/Sec: 2.72, Samples/Sec: 43.54
[[34m2025-08-13 12:40:18[0m] (step=0099700) Train Loss: 0.1015, Train Steps/Sec: 2.65, Samples/Sec: 42.47
[[34m2025-08-13 12:40:55[0m] (step=0099800) Train Loss: 0.1045, Train Steps/Sec: 2.73, Samples/Sec: 43.69
[[34m2025-08-13 12:41:31[0m] (step=0099900) Train Loss: 0.0948, Train Steps/Sec: 2.73, Samples/Sec: 43.62
[[34m2025-08-13 12:42:08[0m] (step=0100000) Train Loss: 0.1010, Train Steps/Sec: 2.72, Samples/Sec: 43.59
Using cache found in ./models/facebookresearch_dino_main
Using cache found in ./models/facebookresearch_dino_main
Using cache found in ./models/facebookresearch_dino_main
[[34m2025-08-13 12:42:51[0m] Saved checkpoint to logs/nwm_cdit_airvln_v6_1/checkpoints/0100000.pth.tar
Using cache found in ./models/facebookresearch_dino_main
[[34m2025-08-13 12:42:56[0m] Already found a `peft_config` attribute in the model. This will lead to having multiple adapters in the model. Make sure to know what you are doing!
[[34m2025-08-13 12:44:24[0m] (step=0100000) Perceptual Loss: 0.2484, Eval Time: 93.31
[[34m2025-08-13 12:45:01[0m] (step=0100100) Train Loss: 0.0970, Train Steps/Sec: 0.58, Samples/Sec: 9.26
[[34m2025-08-13 12:45:38[0m] (step=0100200) Train Loss: 0.0978, Train Steps/Sec: 2.69, Samples/Sec: 43.06
[[34m2025-08-13 12:46:15[0m] (step=0100300) Train Loss: 0.0925, Train Steps/Sec: 2.73, Samples/Sec: 43.75
[[34m2025-08-13 12:46:52[0m] (step=0100400) Train Loss: 0.0894, Train Steps/Sec: 2.69, Samples/Sec: 43.10
[[34m2025-08-13 12:47:28[0m] (step=0100500) Train Loss: 0.1030, Train Steps/Sec: 2.72, Samples/Sec: 43.52
[[34m2025-08-13 12:48:05[0m] (step=0100600) Train Loss: 0.0988, Train Steps/Sec: 2.71, Samples/Sec: 43.39
[[34m2025-08-13 12:48:42[0m] (step=0100700) Train Loss: 0.0886, Train Steps/Sec: 2.75, Samples/Sec: 43.99
[[34m2025-08-13 12:49:18[0m] (step=0100800) Train Loss: 0.0988, Train Steps/Sec: 2.76, Samples/Sec: 44.13
[[34m2025-08-13 12:49:55[0m] (step=0100900) Train Loss: 0.0998, Train Steps/Sec: 2.72, Samples/Sec: 43.47
[[34m2025-08-13 12:50:31[0m] (step=0101000) Train Loss: 0.1101, Train Steps/Sec: 2.76, Samples/Sec: 44.17
[[34m2025-08-13 12:51:08[0m] (step=0101100) Train Loss: 0.1009, Train Steps/Sec: 2.71, Samples/Sec: 43.36
[[34m2025-08-13 12:51:45[0m] (step=0101200) Train Loss: 0.0945, Train Steps/Sec: 2.72, Samples/Sec: 43.48
[[34m2025-08-13 12:52:21[0m] (step=0101300) Train Loss: 0.1012, Train Steps/Sec: 2.74, Samples/Sec: 43.82
[[34m2025-08-13 12:52:58[0m] (step=0101400) Train Loss: 0.0935, Train Steps/Sec: 2.75, Samples/Sec: 44.02
[[34m2025-08-13 12:53:35[0m] (step=0101500) Train Loss: 0.1023, Train Steps/Sec: 2.71, Samples/Sec: 43.31
[[34m2025-08-13 12:54:12[0m] (step=0101600) Train Loss: 0.1000, Train Steps/Sec: 2.69, Samples/Sec: 43.03
[[34m2025-08-13 12:54:48[0m] (step=0101700) Train Loss: 0.0915, Train Steps/Sec: 2.78, Samples/Sec: 44.43
[[34m2025-08-13 12:55:24[0m] (step=0101800) Train Loss: 0.0898, Train Steps/Sec: 2.75, Samples/Sec: 44.00
[[34m2025-08-13 12:56:00[0m] (step=0101900) Train Loss: 0.0942, Train Steps/Sec: 2.76, Samples/Sec: 44.19
[[34m2025-08-13 12:56:37[0m] (step=0102000) Train Loss: 0.0925, Train Steps/Sec: 2.77, Samples/Sec: 44.28
[[34m2025-08-13 12:57:13[0m] (step=0102100) Train Loss: 0.0959, Train Steps/Sec: 2.76, Samples/Sec: 44.11
[[34m2025-08-13 12:57:50[0m] (step=0102200) Train Loss: 0.0929, Train Steps/Sec: 2.69, Samples/Sec: 43.12
[[34m2025-08-13 12:58:27[0m] (step=0102300) Train Loss: 0.1019, Train Steps/Sec: 2.71, Samples/Sec: 43.35
[[34m2025-08-13 12:59:04[0m] (step=0102400) Train Loss: 0.1019, Train Steps/Sec: 2.72, Samples/Sec: 43.53
[[34m2025-08-13 12:59:40[0m] (step=0102500) Train Loss: 0.0920, Train Steps/Sec: 2.74, Samples/Sec: 43.91
[[34m2025-08-13 13:00:16[0m] (step=0102600) Train Loss: 0.0997, Train Steps/Sec: 2.78, Samples/Sec: 44.43
[[34m2025-08-13 13:00:53[0m] (step=0102700) Train Loss: 0.0940, Train Steps/Sec: 2.75, Samples/Sec: 43.94
[[34m2025-08-13 13:01:29[0m] (step=0102800) Train Loss: 0.0949, Train Steps/Sec: 2.72, Samples/Sec: 43.52
[[34m2025-08-13 13:02:06[0m] (step=0102900) Train Loss: 0.0922, Train Steps/Sec: 2.70, Samples/Sec: 43.27
[[34m2025-08-13 13:02:44[0m] (step=0103000) Train Loss: 0.0908, Train Steps/Sec: 2.69, Samples/Sec: 42.98
[[34m2025-08-13 13:03:20[0m] (step=0103100) Train Loss: 0.0887, Train Steps/Sec: 2.74, Samples/Sec: 43.85
[[34m2025-08-13 13:03:57[0m] (step=0103200) Train Loss: 0.0968, Train Steps/Sec: 2.71, Samples/Sec: 43.40
[[34m2025-08-13 13:04:33[0m] (step=0103300) Train Loss: 0.0971, Train Steps/Sec: 2.75, Samples/Sec: 44.00
[[34m2025-08-13 13:05:10[0m] (step=0103400) Train Loss: 0.1011, Train Steps/Sec: 2.70, Samples/Sec: 43.26
[[34m2025-08-13 13:05:47[0m] (step=0103500) Train Loss: 0.0907, Train Steps/Sec: 2.75, Samples/Sec: 43.94
[[34m2025-08-13 13:06:23[0m] (step=0103600) Train Loss: 0.0952, Train Steps/Sec: 2.75, Samples/Sec: 44.07
[[34m2025-08-13 13:06:59[0m] (step=0103700) Train Loss: 0.0937, Train Steps/Sec: 2.75, Samples/Sec: 44.00
[[34m2025-08-13 13:07:37[0m] (step=0103800) Train Loss: 0.1019, Train Steps/Sec: 2.67, Samples/Sec: 42.77
[[34m2025-08-13 13:08:13[0m] (step=0103900) Train Loss: 0.0983, Train Steps/Sec: 2.74, Samples/Sec: 43.84
[[34m2025-08-13 13:08:54[0m] (step=0104000) Train Loss: 0.0956, Train Steps/Sec: 2.48, Samples/Sec: 39.71
[[34m2025-08-13 13:09:31[0m] (step=0104100) Train Loss: 0.0997, Train Steps/Sec: 2.70, Samples/Sec: 43.20
[[34m2025-08-13 13:10:08[0m] (step=0104200) Train Loss: 0.0933, Train Steps/Sec: 2.64, Samples/Sec: 42.31
[[34m2025-08-13 13:10:46[0m] (step=0104300) Train Loss: 0.0962, Train Steps/Sec: 2.69, Samples/Sec: 43.01
[[34m2025-08-13 13:11:23[0m] (step=0104400) Train Loss: 0.0938, Train Steps/Sec: 2.70, Samples/Sec: 43.22
[[34m2025-08-13 13:12:00[0m] (step=0104500) Train Loss: 0.0973, Train Steps/Sec: 2.69, Samples/Sec: 43.07
[[34m2025-08-13 13:12:38[0m] (step=0104600) Train Loss: 0.0988, Train Steps/Sec: 2.65, Samples/Sec: 42.35
[[34m2025-08-13 13:13:14[0m] (step=0104700) Train Loss: 0.0909, Train Steps/Sec: 2.77, Samples/Sec: 44.40
[[34m2025-08-13 13:13:50[0m] (step=0104800) Train Loss: 0.1010, Train Steps/Sec: 2.74, Samples/Sec: 43.87
[[34m2025-08-13 13:14:27[0m] (step=0104900) Train Loss: 0.0832, Train Steps/Sec: 2.74, Samples/Sec: 43.90
[[34m2025-08-13 13:15:03[0m] (step=0105000) Train Loss: 0.0992, Train Steps/Sec: 2.77, Samples/Sec: 44.27
[[34m2025-08-13 13:15:39[0m] (step=0105100) Train Loss: 0.0965, Train Steps/Sec: 2.77, Samples/Sec: 44.27
[[34m2025-08-13 13:16:16[0m] (step=0105200) Train Loss: 0.1010, Train Steps/Sec: 2.70, Samples/Sec: 43.27
[[34m2025-08-13 13:16:52[0m] (step=0105300) Train Loss: 0.1012, Train Steps/Sec: 2.76, Samples/Sec: 44.15
[[34m2025-08-13 13:17:28[0m] (step=0105400) Train Loss: 0.1098, Train Steps/Sec: 2.78, Samples/Sec: 44.47
[[34m2025-08-13 13:18:05[0m] (step=0105500) Train Loss: 0.0930, Train Steps/Sec: 2.72, Samples/Sec: 43.45
[[34m2025-08-13 13:18:41[0m] (step=0105600) Train Loss: 0.1001, Train Steps/Sec: 2.76, Samples/Sec: 44.23
[[34m2025-08-13 13:19:18[0m] (step=0105700) Train Loss: 0.0988, Train Steps/Sec: 2.72, Samples/Sec: 43.47
[[34m2025-08-13 13:19:55[0m] (step=0105800) Train Loss: 0.0977, Train Steps/Sec: 2.73, Samples/Sec: 43.67
[[34m2025-08-13 13:20:32[0m] (step=0105900) Train Loss: 0.0993, Train Steps/Sec: 2.71, Samples/Sec: 43.36
[[34m2025-08-13 13:21:08[0m] (step=0106000) Train Loss: 0.0950, Train Steps/Sec: 2.72, Samples/Sec: 43.48
[[34m2025-08-13 13:21:45[0m] (step=0106100) Train Loss: 0.0975, Train Steps/Sec: 2.74, Samples/Sec: 43.77
[[34m2025-08-13 13:22:22[0m] (step=0106200) Train Loss: 0.0966, Train Steps/Sec: 2.71, Samples/Sec: 43.42
[[34m2025-08-13 13:22:58[0m] (step=0106300) Train Loss: 0.0947, Train Steps/Sec: 2.75, Samples/Sec: 43.94
[[34m2025-08-13 13:23:35[0m] (step=0106400) Train Loss: 0.0976, Train Steps/Sec: 2.73, Samples/Sec: 43.75
[[34m2025-08-13 13:24:12[0m] (step=0106500) Train Loss: 0.0973, Train Steps/Sec: 2.71, Samples/Sec: 43.29
[[34m2025-08-13 13:24:49[0m] (step=0106600) Train Loss: 0.0986, Train Steps/Sec: 2.72, Samples/Sec: 43.49
[[34m2025-08-13 13:25:25[0m] (step=0106700) Train Loss: 0.0998, Train Steps/Sec: 2.75, Samples/Sec: 44.07
[[34m2025-08-13 13:26:02[0m] (step=0106800) Train Loss: 0.0887, Train Steps/Sec: 2.70, Samples/Sec: 43.22
[[34m2025-08-13 13:26:39[0m] (step=0106900) Train Loss: 0.0862, Train Steps/Sec: 2.70, Samples/Sec: 43.27
[[34m2025-08-13 13:27:15[0m] (step=0107000) Train Loss: 0.0946, Train Steps/Sec: 2.77, Samples/Sec: 44.37
[[34m2025-08-13 13:27:52[0m] (step=0107100) Train Loss: 0.0877, Train Steps/Sec: 2.72, Samples/Sec: 43.54
[[34m2025-08-13 13:28:28[0m] (step=0107200) Train Loss: 0.0927, Train Steps/Sec: 2.72, Samples/Sec: 43.56
[[34m2025-08-13 13:29:05[0m] (step=0107300) Train Loss: 0.0930, Train Steps/Sec: 2.75, Samples/Sec: 44.05
[[34m2025-08-13 13:29:41[0m] (step=0107400) Train Loss: 0.0996, Train Steps/Sec: 2.76, Samples/Sec: 44.16
[[34m2025-08-13 13:30:18[0m] (step=0107500) Train Loss: 0.0911, Train Steps/Sec: 2.71, Samples/Sec: 43.31
[[34m2025-08-13 13:30:55[0m] (step=0107600) Train Loss: 0.0990, Train Steps/Sec: 2.71, Samples/Sec: 43.32
[[34m2025-08-13 13:31:32[0m] (step=0107700) Train Loss: 0.0944, Train Steps/Sec: 2.73, Samples/Sec: 43.68
[[34m2025-08-13 13:32:08[0m] (step=0107800) Train Loss: 0.0977, Train Steps/Sec: 2.71, Samples/Sec: 43.39
[[34m2025-08-13 13:32:45[0m] (step=0107900) Train Loss: 0.0959, Train Steps/Sec: 2.72, Samples/Sec: 43.57
[[34m2025-08-13 13:33:22[0m] (step=0108000) Train Loss: 0.0877, Train Steps/Sec: 2.73, Samples/Sec: 43.63
[[34m2025-08-13 13:33:58[0m] (step=0108100) Train Loss: 0.0951, Train Steps/Sec: 2.79, Samples/Sec: 44.68
[[34m2025-08-13 13:34:34[0m] (step=0108200) Train Loss: 0.0991, Train Steps/Sec: 2.73, Samples/Sec: 43.75
[[34m2025-08-13 13:35:10[0m] (step=0108300) Train Loss: 0.0897, Train Steps/Sec: 2.78, Samples/Sec: 44.48
[[34m2025-08-13 13:35:47[0m] (step=0108400) Train Loss: 0.0963, Train Steps/Sec: 2.75, Samples/Sec: 43.97
[[34m2025-08-13 13:36:23[0m] (step=0108500) Train Loss: 0.1028, Train Steps/Sec: 2.75, Samples/Sec: 43.99
[[34m2025-08-13 13:36:59[0m] (step=0108600) Train Loss: 0.0951, Train Steps/Sec: 2.74, Samples/Sec: 43.80
[[34m2025-08-13 13:37:37[0m] (step=0108700) Train Loss: 0.0938, Train Steps/Sec: 2.68, Samples/Sec: 42.80
[[34m2025-08-13 13:38:14[0m] (step=0108800) Train Loss: 0.0937, Train Steps/Sec: 2.70, Samples/Sec: 43.23
[[34m2025-08-13 13:38:51[0m] (step=0108900) Train Loss: 0.0987, Train Steps/Sec: 2.72, Samples/Sec: 43.51
[[34m2025-08-13 13:39:27[0m] (step=0109000) Train Loss: 0.0920, Train Steps/Sec: 2.77, Samples/Sec: 44.34
[[34m2025-08-13 13:40:04[0m] (step=0109100) Train Loss: 0.0916, Train Steps/Sec: 2.70, Samples/Sec: 43.27
[[34m2025-08-13 13:40:41[0m] (step=0109200) Train Loss: 0.0992, Train Steps/Sec: 2.71, Samples/Sec: 43.29
[[34m2025-08-13 13:41:17[0m] (step=0109300) Train Loss: 0.0951, Train Steps/Sec: 2.73, Samples/Sec: 43.73
[[34m2025-08-13 13:41:54[0m] (step=0109400) Train Loss: 0.0896, Train Steps/Sec: 2.72, Samples/Sec: 43.46
[[34m2025-08-13 13:42:31[0m] (step=0109500) Train Loss: 0.0942, Train Steps/Sec: 2.75, Samples/Sec: 43.96
[[34m2025-08-13 13:43:07[0m] (step=0109600) Train Loss: 0.0971, Train Steps/Sec: 2.75, Samples/Sec: 44.08
[[34m2025-08-13 13:43:43[0m] (step=0109700) Train Loss: 0.0956, Train Steps/Sec: 2.78, Samples/Sec: 44.51
[[34m2025-08-13 13:44:19[0m] (step=0109800) Train Loss: 0.0906, Train Steps/Sec: 2.76, Samples/Sec: 44.16
[[34m2025-08-13 13:44:56[0m] (step=0109900) Train Loss: 0.0974, Train Steps/Sec: 2.73, Samples/Sec: 43.60
[[34m2025-08-13 13:45:33[0m] (step=0110000) Train Loss: 0.0952, Train Steps/Sec: 2.72, Samples/Sec: 43.52
Using cache found in ./models/facebookresearch_dino_main
Using cache found in ./models/facebookresearch_dino_main
Using cache found in ./models/facebookresearch_dino_main
[[34m2025-08-13 13:45:50[0m] Saved checkpoint to logs/nwm_cdit_airvln_v6_1/checkpoints/latest.pth.tar
Using cache found in ./models/facebookresearch_dino_main
[[34m2025-08-13 13:45:53[0m] Already found a `peft_config` attribute in the model. This will lead to having multiple adapters in the model. Make sure to know what you are doing!
[[34m2025-08-13 13:47:20[0m] (step=0110000) Perceptual Loss: 0.2116, Eval Time: 90.53
[[34m2025-08-13 13:47:57[0m] (step=0110100) Train Loss: 0.0930, Train Steps/Sec: 0.69, Samples/Sec: 11.06
[[34m2025-08-13 13:48:34[0m] (step=0110200) Train Loss: 0.0991, Train Steps/Sec: 2.71, Samples/Sec: 43.38
[[34m2025-08-13 13:49:11[0m] (step=0110300) Train Loss: 0.0873, Train Steps/Sec: 2.71, Samples/Sec: 43.35
[[34m2025-08-13 13:49:48[0m] (step=0110400) Train Loss: 0.0975, Train Steps/Sec: 2.72, Samples/Sec: 43.58
[[34m2025-08-13 13:50:25[0m] (step=0110500) Train Loss: 0.0874, Train Steps/Sec: 2.67, Samples/Sec: 42.71
[[34m2025-08-13 13:51:02[0m] (step=0110600) Train Loss: 0.0991, Train Steps/Sec: 2.71, Samples/Sec: 43.33
[[34m2025-08-13 13:51:39[0m] (step=0110700) Train Loss: 0.0942, Train Steps/Sec: 2.71, Samples/Sec: 43.41
[[34m2025-08-13 13:52:16[0m] (step=0110800) Train Loss: 0.0936, Train Steps/Sec: 2.71, Samples/Sec: 43.39
[[34m2025-08-13 13:52:53[0m] (step=0110900) Train Loss: 0.0955, Train Steps/Sec: 2.72, Samples/Sec: 43.53
[[34m2025-08-13 13:53:29[0m] (step=0111000) Train Loss: 0.0938, Train Steps/Sec: 2.73, Samples/Sec: 43.67
[[34m2025-08-13 13:54:06[0m] (step=0111100) Train Loss: 0.0890, Train Steps/Sec: 2.72, Samples/Sec: 43.51
[[34m2025-08-13 13:54:43[0m] (step=0111200) Train Loss: 0.0897, Train Steps/Sec: 2.73, Samples/Sec: 43.64
[[34m2025-08-13 13:55:19[0m] (step=0111300) Train Loss: 0.0919, Train Steps/Sec: 2.76, Samples/Sec: 44.22
[[34m2025-08-13 13:55:56[0m] (step=0111400) Train Loss: 0.0879, Train Steps/Sec: 2.68, Samples/Sec: 42.95
[[34m2025-08-13 13:56:33[0m] (step=0111500) Train Loss: 0.0946, Train Steps/Sec: 2.74, Samples/Sec: 43.90
[[34m2025-08-13 13:57:09[0m] (step=0111600) Train Loss: 0.0924, Train Steps/Sec: 2.77, Samples/Sec: 44.38
[[34m2025-08-13 13:57:45[0m] (step=0111700) Train Loss: 0.0922, Train Steps/Sec: 2.77, Samples/Sec: 44.38
[[34m2025-08-13 13:58:21[0m] (step=0111800) Train Loss: 0.0952, Train Steps/Sec: 2.75, Samples/Sec: 44.04
[[34m2025-08-13 13:58:57[0m] (step=0111900) Train Loss: 0.0895, Train Steps/Sec: 2.77, Samples/Sec: 44.27
[[34m2025-08-13 13:59:35[0m] (step=0112000) Train Loss: 0.0959, Train Steps/Sec: 2.67, Samples/Sec: 42.78
[[34m2025-08-13 14:00:11[0m] (step=0112100) Train Loss: 0.0964, Train Steps/Sec: 2.73, Samples/Sec: 43.76
[[34m2025-08-13 14:00:48[0m] (step=0112200) Train Loss: 0.0915, Train Steps/Sec: 2.75, Samples/Sec: 43.98
[[34m2025-08-13 14:01:25[0m] (step=0112300) Train Loss: 0.1000, Train Steps/Sec: 2.71, Samples/Sec: 43.42
[[34m2025-08-13 14:02:01[0m] (step=0112400) Train Loss: 0.0999, Train Steps/Sec: 2.73, Samples/Sec: 43.65
[[34m2025-08-13 14:02:38[0m] (step=0112500) Train Loss: 0.0965, Train Steps/Sec: 2.73, Samples/Sec: 43.63
[[34m2025-08-13 14:03:14[0m] (step=0112600) Train Loss: 0.0983, Train Steps/Sec: 2.76, Samples/Sec: 44.10
[[34m2025-08-13 14:03:51[0m] (step=0112700) Train Loss: 0.0898, Train Steps/Sec: 2.71, Samples/Sec: 43.38
[[34m2025-08-13 14:04:29[0m] (step=0112800) Train Loss: 0.1015, Train Steps/Sec: 2.65, Samples/Sec: 42.37
[[34m2025-08-13 14:05:05[0m] (step=0112900) Train Loss: 0.0885, Train Steps/Sec: 2.77, Samples/Sec: 44.33
[[34m2025-08-13 14:05:42[0m] (step=0113000) Train Loss: 0.0908, Train Steps/Sec: 2.67, Samples/Sec: 42.70
[[34m2025-08-13 14:06:19[0m] (step=0113100) Train Loss: 0.0949, Train Steps/Sec: 2.72, Samples/Sec: 43.53
[[34m2025-08-13 14:06:57[0m] (step=0113200) Train Loss: 0.0831, Train Steps/Sec: 2.66, Samples/Sec: 42.54
[[34m2025-08-13 14:07:34[0m] (step=0113300) Train Loss: 0.0974, Train Steps/Sec: 2.70, Samples/Sec: 43.18
[[34m2025-08-13 14:08:12[0m] (step=0113400) Train Loss: 0.0877, Train Steps/Sec: 2.64, Samples/Sec: 42.31
[[34m2025-08-13 14:08:48[0m] (step=0113500) Train Loss: 0.0906, Train Steps/Sec: 2.76, Samples/Sec: 44.11
[[34m2025-08-13 14:09:24[0m] (step=0113600) Train Loss: 0.0945, Train Steps/Sec: 2.77, Samples/Sec: 44.38
[[34m2025-08-13 14:10:00[0m] (step=0113700) Train Loss: 0.0851, Train Steps/Sec: 2.75, Samples/Sec: 44.05
[[34m2025-08-13 14:10:37[0m] (step=0113800) Train Loss: 0.0927, Train Steps/Sec: 2.74, Samples/Sec: 43.88
[[34m2025-08-13 14:11:13[0m] (step=0113900) Train Loss: 0.0930, Train Steps/Sec: 2.75, Samples/Sec: 43.97
[[34m2025-08-13 14:11:49[0m] (step=0114000) Train Loss: 0.0966, Train Steps/Sec: 2.76, Samples/Sec: 44.17
[[34m2025-08-13 14:12:26[0m] (step=0114100) Train Loss: 0.0841, Train Steps/Sec: 2.72, Samples/Sec: 43.53
[[34m2025-08-13 14:13:02[0m] (step=0114200) Train Loss: 0.0979, Train Steps/Sec: 2.79, Samples/Sec: 44.72
[[34m2025-08-13 14:13:38[0m] (step=0114300) Train Loss: 0.0979, Train Steps/Sec: 2.74, Samples/Sec: 43.87
[[34m2025-08-13 14:14:15[0m] (step=0114400) Train Loss: 0.0885, Train Steps/Sec: 2.72, Samples/Sec: 43.59
[[34m2025-08-13 14:14:52[0m] (step=0114500) Train Loss: 0.1044, Train Steps/Sec: 2.71, Samples/Sec: 43.32
[[34m2025-08-13 14:15:29[0m] (step=0114600) Train Loss: 0.1046, Train Steps/Sec: 2.71, Samples/Sec: 43.38
[[34m2025-08-13 14:16:06[0m] (step=0114700) Train Loss: 0.1020, Train Steps/Sec: 2.68, Samples/Sec: 42.88
[[34m2025-08-13 14:16:44[0m] (step=0114800) Train Loss: 0.0912, Train Steps/Sec: 2.67, Samples/Sec: 42.68
[[34m2025-08-13 14:17:20[0m] (step=0114900) Train Loss: 0.1116, Train Steps/Sec: 2.74, Samples/Sec: 43.89
[[34m2025-08-13 14:17:57[0m] (step=0115000) Train Loss: 0.0964, Train Steps/Sec: 2.71, Samples/Sec: 43.32
[[34m2025-08-13 14:18:34[0m] (step=0115100) Train Loss: 0.0906, Train Steps/Sec: 2.75, Samples/Sec: 44.04
[[34m2025-08-13 14:19:10[0m] (step=0115200) Train Loss: 0.0955, Train Steps/Sec: 2.71, Samples/Sec: 43.39
[[34m2025-08-13 14:19:47[0m] (step=0115300) Train Loss: 0.0986, Train Steps/Sec: 2.73, Samples/Sec: 43.63
[[34m2025-08-13 14:20:25[0m] (step=0115400) Train Loss: 0.0863, Train Steps/Sec: 2.67, Samples/Sec: 42.78
[[34m2025-08-13 14:21:01[0m] (step=0115500) Train Loss: 0.1016, Train Steps/Sec: 2.73, Samples/Sec: 43.60
[[34m2025-08-13 14:21:37[0m] (step=0115600) Train Loss: 0.0982, Train Steps/Sec: 2.78, Samples/Sec: 44.52
[[34m2025-08-13 14:22:14[0m] (step=0115700) Train Loss: 0.1008, Train Steps/Sec: 2.74, Samples/Sec: 43.76
[[34m2025-08-13 14:22:50[0m] (step=0115800) Train Loss: 0.0898, Train Steps/Sec: 2.74, Samples/Sec: 43.78
[[34m2025-08-13 14:23:27[0m] (step=0115900) Train Loss: 0.0897, Train Steps/Sec: 2.73, Samples/Sec: 43.69
[[34m2025-08-13 14:24:04[0m] (step=0116000) Train Loss: 0.0950, Train Steps/Sec: 2.70, Samples/Sec: 43.15
[[34m2025-08-13 14:24:41[0m] (step=0116100) Train Loss: 0.0872, Train Steps/Sec: 2.72, Samples/Sec: 43.59
[[34m2025-08-13 14:25:17[0m] (step=0116200) Train Loss: 0.0842, Train Steps/Sec: 2.73, Samples/Sec: 43.73
[[34m2025-08-13 14:25:57[0m] (step=0116300) Train Loss: 0.0906, Train Steps/Sec: 2.55, Samples/Sec: 40.78
[[34m2025-08-13 14:26:33[0m] (step=0116400) Train Loss: 0.0907, Train Steps/Sec: 2.71, Samples/Sec: 43.44
[[34m2025-08-13 14:27:10[0m] (step=0116500) Train Loss: 0.0894, Train Steps/Sec: 2.70, Samples/Sec: 43.20
[[34m2025-08-13 14:27:47[0m] (step=0116600) Train Loss: 0.0912, Train Steps/Sec: 2.74, Samples/Sec: 43.84
[[34m2025-08-13 14:28:25[0m] (step=0116700) Train Loss: 0.0893, Train Steps/Sec: 2.66, Samples/Sec: 42.62
[[34m2025-08-13 14:29:01[0m] (step=0116800) Train Loss: 0.0938, Train Steps/Sec: 2.74, Samples/Sec: 43.89
[[34m2025-08-13 14:29:37[0m] (step=0116900) Train Loss: 0.1014, Train Steps/Sec: 2.76, Samples/Sec: 44.21
[[34m2025-08-13 14:30:13[0m] (step=0117000) Train Loss: 0.0941, Train Steps/Sec: 2.79, Samples/Sec: 44.63
[[34m2025-08-13 14:30:50[0m] (step=0117100) Train Loss: 0.0947, Train Steps/Sec: 2.73, Samples/Sec: 43.66
[[34m2025-08-13 14:31:26[0m] (step=0117200) Train Loss: 0.0902, Train Steps/Sec: 2.75, Samples/Sec: 44.00
[[34m2025-08-13 14:32:02[0m] (step=0117300) Train Loss: 0.0935, Train Steps/Sec: 2.79, Samples/Sec: 44.57
[[34m2025-08-13 14:32:39[0m] (step=0117400) Train Loss: 0.0873, Train Steps/Sec: 2.71, Samples/Sec: 43.40
[[34m2025-08-13 14:33:15[0m] (step=0117500) Train Loss: 0.0956, Train Steps/Sec: 2.80, Samples/Sec: 44.82
[[34m2025-08-13 14:33:51[0m] (step=0117600) Train Loss: 0.0942, Train Steps/Sec: 2.75, Samples/Sec: 43.96
[[34m2025-08-13 14:34:27[0m] (step=0117700) Train Loss: 0.0889, Train Steps/Sec: 2.77, Samples/Sec: 44.24
[[34m2025-08-13 14:35:04[0m] (step=0117800) Train Loss: 0.0858, Train Steps/Sec: 2.72, Samples/Sec: 43.52
[[34m2025-08-13 14:35:41[0m] (step=0117900) Train Loss: 0.1039, Train Steps/Sec: 2.71, Samples/Sec: 43.37
[[34m2025-08-13 14:36:17[0m] (step=0118000) Train Loss: 0.0868, Train Steps/Sec: 2.75, Samples/Sec: 43.99
[[34m2025-08-13 14:36:54[0m] (step=0118100) Train Loss: 0.0997, Train Steps/Sec: 2.73, Samples/Sec: 43.71
[[34m2025-08-13 14:37:30[0m] (step=0118200) Train Loss: 0.0945, Train Steps/Sec: 2.75, Samples/Sec: 43.93
[[34m2025-08-13 14:38:07[0m] (step=0118300) Train Loss: 0.0939, Train Steps/Sec: 2.74, Samples/Sec: 43.89
[[34m2025-08-13 14:38:43[0m] (step=0118400) Train Loss: 0.0971, Train Steps/Sec: 2.76, Samples/Sec: 44.15
[[34m2025-08-13 14:39:19[0m] (step=0118500) Train Loss: 0.0926, Train Steps/Sec: 2.78, Samples/Sec: 44.42
[[34m2025-08-13 14:39:56[0m] (step=0118600) Train Loss: 0.1022, Train Steps/Sec: 2.72, Samples/Sec: 43.54
[[34m2025-08-13 14:40:33[0m] (step=0118700) Train Loss: 0.0969, Train Steps/Sec: 2.69, Samples/Sec: 43.07
[[34m2025-08-13 14:41:10[0m] (step=0118800) Train Loss: 0.0958, Train Steps/Sec: 2.72, Samples/Sec: 43.47
[[34m2025-08-13 14:41:46[0m] (step=0118900) Train Loss: 0.0915, Train Steps/Sec: 2.78, Samples/Sec: 44.40
[[34m2025-08-13 14:42:22[0m] (step=0119000) Train Loss: 0.0905, Train Steps/Sec: 2.77, Samples/Sec: 44.40
[[34m2025-08-13 14:42:58[0m] (step=0119100) Train Loss: 0.0936, Train Steps/Sec: 2.73, Samples/Sec: 43.73
[[34m2025-08-13 14:43:35[0m] (step=0119200) Train Loss: 0.0991, Train Steps/Sec: 2.77, Samples/Sec: 44.30
[[34m2025-08-13 14:44:12[0m] (step=0119300) Train Loss: 0.0920, Train Steps/Sec: 2.69, Samples/Sec: 43.06
[[34m2025-08-13 14:44:48[0m] (step=0119400) Train Loss: 0.0976, Train Steps/Sec: 2.72, Samples/Sec: 43.59
[[34m2025-08-13 14:45:24[0m] (step=0119500) Train Loss: 0.0966, Train Steps/Sec: 2.79, Samples/Sec: 44.65
[[34m2025-08-13 14:46:00[0m] (step=0119600) Train Loss: 0.0954, Train Steps/Sec: 2.77, Samples/Sec: 44.35
[[34m2025-08-13 14:46:36[0m] (step=0119700) Train Loss: 0.0975, Train Steps/Sec: 2.76, Samples/Sec: 44.24
[[34m2025-08-13 14:47:13[0m] (step=0119800) Train Loss: 0.0977, Train Steps/Sec: 2.72, Samples/Sec: 43.57
[[34m2025-08-13 14:47:49[0m] (step=0119900) Train Loss: 0.0926, Train Steps/Sec: 2.77, Samples/Sec: 44.29
[[34m2025-08-13 14:48:26[0m] (step=0120000) Train Loss: 0.0944, Train Steps/Sec: 2.74, Samples/Sec: 43.83
Using cache found in ./models/facebookresearch_dino_main
Using cache found in ./models/facebookresearch_dino_main
Using cache found in ./models/facebookresearch_dino_main
[[34m2025-08-13 14:48:47[0m] Saved checkpoint to logs/nwm_cdit_airvln_v6_1/checkpoints/latest.pth.tar
Using cache found in ./models/facebookresearch_dino_main
[[34m2025-08-13 14:48:53[0m] Already found a `peft_config` attribute in the model. This will lead to having multiple adapters in the model. Make sure to know what you are doing!
[[34m2025-08-13 14:50:20[0m] (step=0120000) Perceptual Loss: 0.2063, Eval Time: 92.69
[[34m2025-08-13 14:50:57[0m] (step=0120100) Train Loss: 0.0933, Train Steps/Sec: 0.66, Samples/Sec: 10.58
[[34m2025-08-13 14:51:34[0m] (step=0120200) Train Loss: 0.0932, Train Steps/Sec: 2.73, Samples/Sec: 43.69
[[34m2025-08-13 14:52:10[0m] (step=0120300) Train Loss: 0.0865, Train Steps/Sec: 2.75, Samples/Sec: 44.05
[[34m2025-08-13 14:52:47[0m] (step=0120400) Train Loss: 0.0941, Train Steps/Sec: 2.71, Samples/Sec: 43.39
[[34m2025-08-13 14:53:24[0m] (step=0120500) Train Loss: 0.0877, Train Steps/Sec: 2.72, Samples/Sec: 43.48
[[34m2025-08-13 14:54:00[0m] (step=0120600) Train Loss: 0.0886, Train Steps/Sec: 2.75, Samples/Sec: 44.08
[[34m2025-08-13 14:54:37[0m] (step=0120700) Train Loss: 0.0885, Train Steps/Sec: 2.75, Samples/Sec: 43.92
[[34m2025-08-13 14:55:14[0m] (step=0120800) Train Loss: 0.0993, Train Steps/Sec: 2.71, Samples/Sec: 43.33
[[34m2025-08-13 14:55:51[0m] (step=0120900) Train Loss: 0.0878, Train Steps/Sec: 2.69, Samples/Sec: 43.05
[[34m2025-08-13 14:56:28[0m] (step=0121000) Train Loss: 0.0978, Train Steps/Sec: 2.70, Samples/Sec: 43.25
[[34m2025-08-13 14:57:05[0m] (step=0121100) Train Loss: 0.0961, Train Steps/Sec: 2.69, Samples/Sec: 43.01
[[34m2025-08-13 14:57:42[0m] (step=0121200) Train Loss: 0.0853, Train Steps/Sec: 2.70, Samples/Sec: 43.16
[[34m2025-08-13 14:58:19[0m] (step=0121300) Train Loss: 0.0872, Train Steps/Sec: 2.73, Samples/Sec: 43.73
[[34m2025-08-13 14:58:55[0m] (step=0121400) Train Loss: 0.0964, Train Steps/Sec: 2.73, Samples/Sec: 43.70
[[34m2025-08-13 14:59:32[0m] (step=0121500) Train Loss: 0.0853, Train Steps/Sec: 2.71, Samples/Sec: 43.41
[[34m2025-08-13 15:00:09[0m] (step=0121600) Train Loss: 0.0957, Train Steps/Sec: 2.73, Samples/Sec: 43.62
[[34m2025-08-13 15:00:46[0m] (step=0121700) Train Loss: 0.0920, Train Steps/Sec: 2.73, Samples/Sec: 43.70
[[34m2025-08-13 15:01:22[0m] (step=0121800) Train Loss: 0.0993, Train Steps/Sec: 2.74, Samples/Sec: 43.87
[[34m2025-08-13 15:01:59[0m] (step=0121900) Train Loss: 0.0926, Train Steps/Sec: 2.69, Samples/Sec: 43.10
[[34m2025-08-13 15:02:36[0m] (step=0122000) Train Loss: 0.0985, Train Steps/Sec: 2.72, Samples/Sec: 43.46
[[34m2025-08-13 15:03:13[0m] (step=0122100) Train Loss: 0.0932, Train Steps/Sec: 2.70, Samples/Sec: 43.17
[[34m2025-08-13 15:03:49[0m] (step=0122200) Train Loss: 0.0966, Train Steps/Sec: 2.78, Samples/Sec: 44.47
[[34m2025-08-13 15:04:25[0m] (step=0122300) Train Loss: 0.0970, Train Steps/Sec: 2.77, Samples/Sec: 44.25
[[34m2025-08-13 15:05:02[0m] (step=0122400) Train Loss: 0.0878, Train Steps/Sec: 2.71, Samples/Sec: 43.43
[[34m2025-08-13 15:05:39[0m] (step=0122500) Train Loss: 0.1058, Train Steps/Sec: 2.71, Samples/Sec: 43.33
[[34m2025-08-13 15:06:16[0m] (step=0122600) Train Loss: 0.0946, Train Steps/Sec: 2.73, Samples/Sec: 43.65
[[34m2025-08-13 15:06:52[0m] (step=0122700) Train Loss: 0.1001, Train Steps/Sec: 2.75, Samples/Sec: 43.92
[[34m2025-08-13 15:07:29[0m] (step=0122800) Train Loss: 0.0950, Train Steps/Sec: 2.74, Samples/Sec: 43.91
[[34m2025-08-13 15:08:05[0m] (step=0122900) Train Loss: 0.0870, Train Steps/Sec: 2.71, Samples/Sec: 43.34
[[34m2025-08-13 15:08:43[0m] (step=0123000) Train Loss: 0.0900, Train Steps/Sec: 2.69, Samples/Sec: 43.01
[[34m2025-08-13 15:09:19[0m] (step=0123100) Train Loss: 0.0927, Train Steps/Sec: 2.72, Samples/Sec: 43.44
[[34m2025-08-13 15:09:57[0m] (step=0123200) Train Loss: 0.0963, Train Steps/Sec: 2.69, Samples/Sec: 43.01
[[34m2025-08-13 15:10:34[0m] (step=0123300) Train Loss: 0.0927, Train Steps/Sec: 2.71, Samples/Sec: 43.30
[[34m2025-08-13 15:11:10[0m] (step=0123400) Train Loss: 0.0904, Train Steps/Sec: 2.77, Samples/Sec: 44.29
[[34m2025-08-13 15:11:47[0m] (step=0123500) Train Loss: 0.0989, Train Steps/Sec: 2.72, Samples/Sec: 43.45
[[34m2025-08-13 15:12:23[0m] (step=0123600) Train Loss: 0.0837, Train Steps/Sec: 2.75, Samples/Sec: 44.08
[[34m2025-08-13 15:13:01[0m] (step=0123700) Train Loss: 0.1058, Train Steps/Sec: 2.60, Samples/Sec: 41.67
[[34m2025-08-13 15:13:38[0m] (step=0123800) Train Loss: 0.0880, Train Steps/Sec: 2.71, Samples/Sec: 43.42
[[34m2025-08-13 15:14:16[0m] (step=0123900) Train Loss: 0.0958, Train Steps/Sec: 2.68, Samples/Sec: 42.81
[[34m2025-08-13 15:14:52[0m] (step=0124000) Train Loss: 0.1023, Train Steps/Sec: 2.75, Samples/Sec: 43.95
[[34m2025-08-13 15:15:29[0m] (step=0124100) Train Loss: 0.0982, Train Steps/Sec: 2.74, Samples/Sec: 43.82
[[34m2025-08-13 15:16:05[0m] (step=0124200) Train Loss: 0.0931, Train Steps/Sec: 2.74, Samples/Sec: 43.76
[[34m2025-08-13 15:16:42[0m] (step=0124300) Train Loss: 0.0926, Train Steps/Sec: 2.73, Samples/Sec: 43.71
[[34m2025-08-13 15:17:19[0m] (step=0124400) Train Loss: 0.0854, Train Steps/Sec: 2.71, Samples/Sec: 43.39
[[34m2025-08-13 15:17:56[0m] (step=0124500) Train Loss: 0.0929, Train Steps/Sec: 2.70, Samples/Sec: 43.18
[[34m2025-08-13 15:18:32[0m] (step=0124600) Train Loss: 0.0924, Train Steps/Sec: 2.75, Samples/Sec: 44.06
[[34m2025-08-13 15:19:08[0m] (step=0124700) Train Loss: 0.0911, Train Steps/Sec: 2.76, Samples/Sec: 44.19
[[34m2025-08-13 15:19:45[0m] (step=0124800) Train Loss: 0.0940, Train Steps/Sec: 2.75, Samples/Sec: 43.98
[[34m2025-08-13 15:20:20[0m] (step=0124900) Train Loss: 0.0943, Train Steps/Sec: 2.78, Samples/Sec: 44.54
[[34m2025-08-13 15:20:57[0m] (step=0125000) Train Loss: 0.0942, Train Steps/Sec: 2.76, Samples/Sec: 44.17
[[34m2025-08-13 15:21:33[0m] (step=0125100) Train Loss: 0.0903, Train Steps/Sec: 2.79, Samples/Sec: 44.65
[[34m2025-08-13 15:22:09[0m] (step=0125200) Train Loss: 0.0905, Train Steps/Sec: 2.71, Samples/Sec: 43.41
[[34m2025-08-13 15:22:46[0m] (step=0125300) Train Loss: 0.0968, Train Steps/Sec: 2.76, Samples/Sec: 44.11
[[34m2025-08-13 15:23:22[0m] (step=0125400) Train Loss: 0.0907, Train Steps/Sec: 2.75, Samples/Sec: 44.07
[[34m2025-08-13 15:23:59[0m] (step=0125500) Train Loss: 0.0852, Train Steps/Sec: 2.73, Samples/Sec: 43.61
[[34m2025-08-13 15:24:35[0m] (step=0125600) Train Loss: 0.0998, Train Steps/Sec: 2.74, Samples/Sec: 43.90
[[34m2025-08-13 15:25:13[0m] (step=0125700) Train Loss: 0.0993, Train Steps/Sec: 2.66, Samples/Sec: 42.62
[[34m2025-08-13 15:25:50[0m] (step=0125800) Train Loss: 0.0879, Train Steps/Sec: 2.71, Samples/Sec: 43.37
[[34m2025-08-13 15:26:26[0m] (step=0125900) Train Loss: 0.0900, Train Steps/Sec: 2.72, Samples/Sec: 43.54
[[34m2025-08-13 15:27:02[0m] (step=0126000) Train Loss: 0.0922, Train Steps/Sec: 2.78, Samples/Sec: 44.54
[[34m2025-08-13 15:27:39[0m] (step=0126100) Train Loss: 0.0977, Train Steps/Sec: 2.76, Samples/Sec: 44.12
[[34m2025-08-13 15:28:15[0m] (step=0126200) Train Loss: 0.1063, Train Steps/Sec: 2.77, Samples/Sec: 44.36
[[34m2025-08-13 15:28:51[0m] (step=0126300) Train Loss: 0.0997, Train Steps/Sec: 2.76, Samples/Sec: 44.13
[[34m2025-08-13 15:29:27[0m] (step=0126400) Train Loss: 0.0942, Train Steps/Sec: 2.77, Samples/Sec: 44.26
[[34m2025-08-13 15:30:04[0m] (step=0126500) Train Loss: 0.0939, Train Steps/Sec: 2.68, Samples/Sec: 42.88
[[34m2025-08-13 15:30:41[0m] (step=0126600) Train Loss: 0.0902, Train Steps/Sec: 2.76, Samples/Sec: 44.18
[[34m2025-08-13 15:31:17[0m] (step=0126700) Train Loss: 0.0880, Train Steps/Sec: 2.74, Samples/Sec: 43.81
[[34m2025-08-13 15:31:54[0m] (step=0126800) Train Loss: 0.0958, Train Steps/Sec: 2.70, Samples/Sec: 43.25
[[34m2025-08-13 15:32:31[0m] (step=0126900) Train Loss: 0.0977, Train Steps/Sec: 2.72, Samples/Sec: 43.55
[[34m2025-08-13 15:33:08[0m] (step=0127000) Train Loss: 0.0833, Train Steps/Sec: 2.72, Samples/Sec: 43.53
[[34m2025-08-13 15:33:44[0m] (step=0127100) Train Loss: 0.0905, Train Steps/Sec: 2.75, Samples/Sec: 43.98
[[34m2025-08-13 15:34:21[0m] (step=0127200) Train Loss: 0.0908, Train Steps/Sec: 2.70, Samples/Sec: 43.22
[[34m2025-08-13 15:34:57[0m] (step=0127300) Train Loss: 0.0952, Train Steps/Sec: 2.78, Samples/Sec: 44.51
[[34m2025-08-13 15:35:34[0m] (step=0127400) Train Loss: 0.0958, Train Steps/Sec: 2.72, Samples/Sec: 43.57
[[34m2025-08-13 15:36:10[0m] (step=0127500) Train Loss: 0.0920, Train Steps/Sec: 2.74, Samples/Sec: 43.79
[[34m2025-08-13 15:36:46[0m] (step=0127600) Train Loss: 0.0913, Train Steps/Sec: 2.77, Samples/Sec: 44.31
[[34m2025-08-13 15:37:23[0m] (step=0127700) Train Loss: 0.0907, Train Steps/Sec: 2.70, Samples/Sec: 43.18
[[34m2025-08-13 15:38:00[0m] (step=0127800) Train Loss: 0.0954, Train Steps/Sec: 2.73, Samples/Sec: 43.69
[[34m2025-08-13 15:38:36[0m] (step=0127900) Train Loss: 0.0972, Train Steps/Sec: 2.76, Samples/Sec: 44.17
[[34m2025-08-13 15:39:13[0m] (step=0128000) Train Loss: 0.0845, Train Steps/Sec: 2.74, Samples/Sec: 43.87
[[34m2025-08-13 15:39:49[0m] (step=0128100) Train Loss: 0.0844, Train Steps/Sec: 2.74, Samples/Sec: 43.91
[[34m2025-08-13 15:40:26[0m] (step=0128200) Train Loss: 0.0911, Train Steps/Sec: 2.74, Samples/Sec: 43.84
[[34m2025-08-13 15:41:04[0m] (step=0128300) Train Loss: 0.0830, Train Steps/Sec: 2.62, Samples/Sec: 41.93
[[34m2025-08-13 15:41:40[0m] (step=0128400) Train Loss: 0.0874, Train Steps/Sec: 2.74, Samples/Sec: 43.84
[[34m2025-08-13 15:42:18[0m] (step=0128500) Train Loss: 0.0961, Train Steps/Sec: 2.69, Samples/Sec: 43.10
[[34m2025-08-13 15:42:54[0m] (step=0128600) Train Loss: 0.1022, Train Steps/Sec: 2.73, Samples/Sec: 43.64
[[34m2025-08-13 15:43:30[0m] (step=0128700) Train Loss: 0.0921, Train Steps/Sec: 2.77, Samples/Sec: 44.26
[[34m2025-08-13 15:44:07[0m] (step=0128800) Train Loss: 0.1063, Train Steps/Sec: 2.74, Samples/Sec: 43.87
[[34m2025-08-13 15:44:43[0m] (step=0128900) Train Loss: 0.0965, Train Steps/Sec: 2.74, Samples/Sec: 43.86
[[34m2025-08-13 15:45:20[0m] (step=0129000) Train Loss: 0.0997, Train Steps/Sec: 2.73, Samples/Sec: 43.67
[[34m2025-08-13 15:45:57[0m] (step=0129100) Train Loss: 0.0914, Train Steps/Sec: 2.72, Samples/Sec: 43.52
[[34m2025-08-13 15:46:34[0m] (step=0129200) Train Loss: 0.0899, Train Steps/Sec: 2.67, Samples/Sec: 42.68
[[34m2025-08-13 15:47:11[0m] (step=0129300) Train Loss: 0.0854, Train Steps/Sec: 2.74, Samples/Sec: 43.78
[[34m2025-08-13 15:47:47[0m] (step=0129400) Train Loss: 0.0872, Train Steps/Sec: 2.75, Samples/Sec: 44.07
[[34m2025-08-13 15:48:24[0m] (step=0129500) Train Loss: 0.0989, Train Steps/Sec: 2.75, Samples/Sec: 43.96
[[34m2025-08-13 15:49:00[0m] (step=0129600) Train Loss: 0.0883, Train Steps/Sec: 2.74, Samples/Sec: 43.86
[[34m2025-08-13 15:49:37[0m] (step=0129700) Train Loss: 0.0984, Train Steps/Sec: 2.73, Samples/Sec: 43.75
[[34m2025-08-13 15:50:13[0m] (step=0129800) Train Loss: 0.0924, Train Steps/Sec: 2.71, Samples/Sec: 43.39
[[34m2025-08-13 15:50:50[0m] (step=0129900) Train Loss: 0.0917, Train Steps/Sec: 2.73, Samples/Sec: 43.66
[[34m2025-08-13 15:51:27[0m] (step=0130000) Train Loss: 0.0949, Train Steps/Sec: 2.74, Samples/Sec: 43.80
Using cache found in ./models/facebookresearch_dino_main
Using cache found in ./models/facebookresearch_dino_main
Using cache found in ./models/facebookresearch_dino_main
[[34m2025-08-13 15:51:44[0m] Saved checkpoint to logs/nwm_cdit_airvln_v6_1/checkpoints/latest.pth.tar
Using cache found in ./models/facebookresearch_dino_main
[[34m2025-08-13 15:51:47[0m] Already found a `peft_config` attribute in the model. This will lead to having multiple adapters in the model. Make sure to know what you are doing!
[[34m2025-08-13 15:53:15[0m] (step=0130000) Perceptual Loss: 0.2115, Eval Time: 90.97
[[34m2025-08-13 15:53:52[0m] (step=0130100) Train Loss: 0.0802, Train Steps/Sec: 0.69, Samples/Sec: 11.03
[[34m2025-08-13 15:54:28[0m] (step=0130200) Train Loss: 0.0860, Train Steps/Sec: 2.75, Samples/Sec: 44.03
[[34m2025-08-13 15:55:04[0m] (step=0130300) Train Loss: 0.0964, Train Steps/Sec: 2.77, Samples/Sec: 44.39
[[34m2025-08-13 15:55:41[0m] (step=0130400) Train Loss: 0.0954, Train Steps/Sec: 2.71, Samples/Sec: 43.36
[[34m2025-08-13 15:56:17[0m] (step=0130500) Train Loss: 0.0866, Train Steps/Sec: 2.76, Samples/Sec: 44.21
[[34m2025-08-13 15:56:53[0m] (step=0130600) Train Loss: 0.0858, Train Steps/Sec: 2.77, Samples/Sec: 44.29
[[34m2025-08-13 15:57:29[0m] (step=0130700) Train Loss: 0.0981, Train Steps/Sec: 2.77, Samples/Sec: 44.29
[[34m2025-08-13 15:58:06[0m] (step=0130800) Train Loss: 0.0919, Train Steps/Sec: 2.74, Samples/Sec: 43.77
[[34m2025-08-13 15:58:43[0m] (step=0130900) Train Loss: 0.0908, Train Steps/Sec: 2.73, Samples/Sec: 43.73
[[34m2025-08-13 15:59:20[0m] (step=0131000) Train Loss: 0.0960, Train Steps/Sec: 2.70, Samples/Sec: 43.22
[[34m2025-08-13 15:59:56[0m] (step=0131100) Train Loss: 0.0942, Train Steps/Sec: 2.74, Samples/Sec: 43.91
[[34m2025-08-13 16:00:35[0m] (step=0131200) Train Loss: 0.1007, Train Steps/Sec: 2.55, Samples/Sec: 40.85
[[34m2025-08-13 16:01:12[0m] (step=0131300) Train Loss: 0.0950, Train Steps/Sec: 2.70, Samples/Sec: 43.26
[[34m2025-08-13 16:01:49[0m] (step=0131400) Train Loss: 0.0943, Train Steps/Sec: 2.72, Samples/Sec: 43.51
[[34m2025-08-13 16:02:26[0m] (step=0131500) Train Loss: 0.0935, Train Steps/Sec: 2.67, Samples/Sec: 42.74
[[34m2025-08-13 16:03:03[0m] (step=0131600) Train Loss: 0.0943, Train Steps/Sec: 2.72, Samples/Sec: 43.58
[[34m2025-08-13 16:03:40[0m] (step=0131700) Train Loss: 0.0938, Train Steps/Sec: 2.71, Samples/Sec: 43.40
[[34m2025-08-13 16:04:17[0m] (step=0131800) Train Loss: 0.0983, Train Steps/Sec: 2.74, Samples/Sec: 43.78
[[34m2025-08-13 16:04:53[0m] (step=0131900) Train Loss: 0.0918, Train Steps/Sec: 2.72, Samples/Sec: 43.46
[[34m2025-08-13 16:05:30[0m] (step=0132000) Train Loss: 0.0843, Train Steps/Sec: 2.73, Samples/Sec: 43.71
[[34m2025-08-13 16:06:07[0m] (step=0132100) Train Loss: 0.0880, Train Steps/Sec: 2.72, Samples/Sec: 43.54
[[34m2025-08-13 16:06:44[0m] (step=0132200) Train Loss: 0.0978, Train Steps/Sec: 2.72, Samples/Sec: 43.46
[[34m2025-08-13 16:07:21[0m] (step=0132300) Train Loss: 0.0901, Train Steps/Sec: 2.66, Samples/Sec: 42.51
[[34m2025-08-13 16:07:58[0m] (step=0132400) Train Loss: 0.0926, Train Steps/Sec: 2.69, Samples/Sec: 43.09
[[34m2025-08-13 16:08:35[0m] (step=0132500) Train Loss: 0.0891, Train Steps/Sec: 2.74, Samples/Sec: 43.86
[[34m2025-08-13 16:09:11[0m] (step=0132600) Train Loss: 0.1010, Train Steps/Sec: 2.74, Samples/Sec: 43.77
[[34m2025-08-13 16:09:48[0m] (step=0132700) Train Loss: 0.0984, Train Steps/Sec: 2.75, Samples/Sec: 44.00
[[34m2025-08-13 16:10:24[0m] (step=0132800) Train Loss: 0.0967, Train Steps/Sec: 2.74, Samples/Sec: 43.89
[[34m2025-08-13 16:11:01[0m] (step=0132900) Train Loss: 0.0910, Train Steps/Sec: 2.74, Samples/Sec: 43.79
[[34m2025-08-13 16:11:37[0m] (step=0133000) Train Loss: 0.0868, Train Steps/Sec: 2.78, Samples/Sec: 44.45
[[34m2025-08-13 16:12:13[0m] (step=0133100) Train Loss: 0.0900, Train Steps/Sec: 2.73, Samples/Sec: 43.70
[[34m2025-08-13 16:12:51[0m] (step=0133200) Train Loss: 0.0956, Train Steps/Sec: 2.69, Samples/Sec: 43.11
[[34m2025-08-13 16:13:28[0m] (step=0133300) Train Loss: 0.0911, Train Steps/Sec: 2.69, Samples/Sec: 42.99
[[34m2025-08-13 16:14:04[0m] (step=0133400) Train Loss: 0.0972, Train Steps/Sec: 2.77, Samples/Sec: 44.39
[[34m2025-08-13 16:14:40[0m] (step=0133500) Train Loss: 0.0927, Train Steps/Sec: 2.76, Samples/Sec: 44.23
[[34m2025-08-13 16:15:17[0m] (step=0133600) Train Loss: 0.1027, Train Steps/Sec: 2.74, Samples/Sec: 43.84
[[34m2025-08-13 16:15:53[0m] (step=0133700) Train Loss: 0.0995, Train Steps/Sec: 2.73, Samples/Sec: 43.60
[[34m2025-08-13 16:16:30[0m] (step=0133800) Train Loss: 0.0921, Train Steps/Sec: 2.75, Samples/Sec: 44.03
[[34m2025-08-13 16:17:06[0m] (step=0133900) Train Loss: 0.0884, Train Steps/Sec: 2.73, Samples/Sec: 43.73
[[34m2025-08-13 16:17:43[0m] (step=0134000) Train Loss: 0.0974, Train Steps/Sec: 2.73, Samples/Sec: 43.61
[[34m2025-08-13 16:18:19[0m] (step=0134100) Train Loss: 0.0912, Train Steps/Sec: 2.77, Samples/Sec: 44.37
[[34m2025-08-13 16:18:55[0m] (step=0134200) Train Loss: 0.0855, Train Steps/Sec: 2.77, Samples/Sec: 44.28
[[34m2025-08-13 16:19:31[0m] (step=0134300) Train Loss: 0.0978, Train Steps/Sec: 2.75, Samples/Sec: 44.07
[[34m2025-08-13 16:20:08[0m] (step=0134400) Train Loss: 0.0856, Train Steps/Sec: 2.77, Samples/Sec: 44.36
[[34m2025-08-13 16:20:44[0m] (step=0134500) Train Loss: 0.0868, Train Steps/Sec: 2.77, Samples/Sec: 44.37
[[34m2025-08-13 16:21:20[0m] (step=0134600) Train Loss: 0.0920, Train Steps/Sec: 2.74, Samples/Sec: 43.85
[[34m2025-08-13 16:21:57[0m] (step=0134700) Train Loss: 0.0918, Train Steps/Sec: 2.74, Samples/Sec: 43.78
[[34m2025-08-13 16:22:33[0m] (step=0134800) Train Loss: 0.0963, Train Steps/Sec: 2.74, Samples/Sec: 43.79
[[34m2025-08-13 16:23:10[0m] (step=0134900) Train Loss: 0.1002, Train Steps/Sec: 2.74, Samples/Sec: 43.80
[[34m2025-08-13 16:23:47[0m] (step=0135000) Train Loss: 0.0876, Train Steps/Sec: 2.72, Samples/Sec: 43.48
[[34m2025-08-13 16:24:23[0m] (step=0135100) Train Loss: 0.0983, Train Steps/Sec: 2.75, Samples/Sec: 43.96
[[34m2025-08-13 16:24:59[0m] (step=0135200) Train Loss: 0.1054, Train Steps/Sec: 2.80, Samples/Sec: 44.85
[[34m2025-08-13 16:25:36[0m] (step=0135300) Train Loss: 0.0940, Train Steps/Sec: 2.70, Samples/Sec: 43.26
[[34m2025-08-13 16:26:12[0m] (step=0135400) Train Loss: 0.0898, Train Steps/Sec: 2.74, Samples/Sec: 43.86
[[34m2025-08-13 16:26:48[0m] (step=0135500) Train Loss: 0.0928, Train Steps/Sec: 2.77, Samples/Sec: 44.36
[[34m2025-08-13 16:27:24[0m] (step=0135600) Train Loss: 0.0904, Train Steps/Sec: 2.76, Samples/Sec: 44.12
[[34m2025-08-13 16:28:01[0m] (step=0135700) Train Loss: 0.0867, Train Steps/Sec: 2.71, Samples/Sec: 43.37
[[34m2025-08-13 16:28:38[0m] (step=0135800) Train Loss: 0.0911, Train Steps/Sec: 2.73, Samples/Sec: 43.72
[[34m2025-08-13 16:29:14[0m] (step=0135900) Train Loss: 0.0862, Train Steps/Sec: 2.75, Samples/Sec: 43.95
[[34m2025-08-13 16:29:51[0m] (step=0136000) Train Loss: 0.0942, Train Steps/Sec: 2.73, Samples/Sec: 43.68
[[34m2025-08-13 16:30:27[0m] (step=0136100) Train Loss: 0.0900, Train Steps/Sec: 2.78, Samples/Sec: 44.46
[[34m2025-08-13 16:31:04[0m] (step=0136200) Train Loss: 0.0922, Train Steps/Sec: 2.73, Samples/Sec: 43.69
[[34m2025-08-13 16:31:40[0m] (step=0136300) Train Loss: 0.1035, Train Steps/Sec: 2.72, Samples/Sec: 43.56
[[34m2025-08-13 16:32:17[0m] (step=0136400) Train Loss: 0.0921, Train Steps/Sec: 2.75, Samples/Sec: 44.06
[[34m2025-08-13 16:32:53[0m] (step=0136500) Train Loss: 0.0897, Train Steps/Sec: 2.76, Samples/Sec: 44.23
[[34m2025-08-13 16:33:30[0m] (step=0136600) Train Loss: 0.0870, Train Steps/Sec: 2.72, Samples/Sec: 43.53
[[34m2025-08-13 16:34:06[0m] (step=0136700) Train Loss: 0.0926, Train Steps/Sec: 2.76, Samples/Sec: 44.13
[[34m2025-08-13 16:34:43[0m] (step=0136800) Train Loss: 0.0920, Train Steps/Sec: 2.72, Samples/Sec: 43.58
[[34m2025-08-13 16:35:19[0m] (step=0136900) Train Loss: 0.0879, Train Steps/Sec: 2.73, Samples/Sec: 43.61
[[34m2025-08-13 16:35:56[0m] (step=0137000) Train Loss: 0.0816, Train Steps/Sec: 2.72, Samples/Sec: 43.48
[[34m2025-08-13 16:36:33[0m] (step=0137100) Train Loss: 0.0901, Train Steps/Sec: 2.70, Samples/Sec: 43.14
[[34m2025-08-13 16:37:10[0m] (step=0137200) Train Loss: 0.0943, Train Steps/Sec: 2.73, Samples/Sec: 43.63
[[34m2025-08-13 16:37:47[0m] (step=0137300) Train Loss: 0.0959, Train Steps/Sec: 2.73, Samples/Sec: 43.66
[[34m2025-08-13 16:38:24[0m] (step=0137400) Train Loss: 0.0846, Train Steps/Sec: 2.71, Samples/Sec: 43.41
[[34m2025-08-13 16:39:00[0m] (step=0137500) Train Loss: 0.0861, Train Steps/Sec: 2.74, Samples/Sec: 43.77
[[34m2025-08-13 16:39:37[0m] (step=0137600) Train Loss: 0.0876, Train Steps/Sec: 2.73, Samples/Sec: 43.60
[[34m2025-08-13 16:40:14[0m] (step=0137700) Train Loss: 0.0959, Train Steps/Sec: 2.69, Samples/Sec: 43.00
[[34m2025-08-13 16:40:50[0m] (step=0137800) Train Loss: 0.0878, Train Steps/Sec: 2.77, Samples/Sec: 44.31
[[34m2025-08-13 16:41:26[0m] (step=0137900) Train Loss: 0.0916, Train Steps/Sec: 2.75, Samples/Sec: 44.06
[[34m2025-08-13 16:42:03[0m] (step=0138000) Train Loss: 0.0956, Train Steps/Sec: 2.75, Samples/Sec: 44.05
[[34m2025-08-13 16:42:39[0m] (step=0138100) Train Loss: 0.0888, Train Steps/Sec: 2.73, Samples/Sec: 43.70
[[34m2025-08-13 16:43:16[0m] (step=0138200) Train Loss: 0.0936, Train Steps/Sec: 2.74, Samples/Sec: 43.83
[[34m2025-08-13 16:43:52[0m] (step=0138300) Train Loss: 0.0960, Train Steps/Sec: 2.74, Samples/Sec: 43.84
[[34m2025-08-13 16:44:29[0m] (step=0138400) Train Loss: 0.0830, Train Steps/Sec: 2.75, Samples/Sec: 43.97
[[34m2025-08-13 16:45:06[0m] (step=0138500) Train Loss: 0.0926, Train Steps/Sec: 2.72, Samples/Sec: 43.54
[[34m2025-08-13 16:45:42[0m] (step=0138600) Train Loss: 0.0994, Train Steps/Sec: 2.76, Samples/Sec: 44.23
[[34m2025-08-13 16:46:18[0m] (step=0138700) Train Loss: 0.0915, Train Steps/Sec: 2.76, Samples/Sec: 44.11
[[34m2025-08-13 16:46:54[0m] (step=0138800) Train Loss: 0.0939, Train Steps/Sec: 2.75, Samples/Sec: 44.07
[[34m2025-08-13 16:47:31[0m] (step=0138900) Train Loss: 0.0924, Train Steps/Sec: 2.74, Samples/Sec: 43.88
[[34m2025-08-13 16:48:07[0m] (step=0139000) Train Loss: 0.0807, Train Steps/Sec: 2.75, Samples/Sec: 43.94
[[34m2025-08-13 16:48:43[0m] (step=0139100) Train Loss: 0.0910, Train Steps/Sec: 2.77, Samples/Sec: 44.32
[[34m2025-08-13 16:49:20[0m] (step=0139200) Train Loss: 0.0934, Train Steps/Sec: 2.76, Samples/Sec: 44.17
[[34m2025-08-13 16:49:56[0m] (step=0139300) Train Loss: 0.0902, Train Steps/Sec: 2.75, Samples/Sec: 44.00
[[34m2025-08-13 16:50:32[0m] (step=0139400) Train Loss: 0.0895, Train Steps/Sec: 2.76, Samples/Sec: 44.13
[[34m2025-08-13 16:51:08[0m] (step=0139500) Train Loss: 0.0849, Train Steps/Sec: 2.77, Samples/Sec: 44.31
[[34m2025-08-13 16:51:44[0m] (step=0139600) Train Loss: 0.0954, Train Steps/Sec: 2.78, Samples/Sec: 44.51
[[34m2025-08-13 16:52:21[0m] (step=0139700) Train Loss: 0.0894, Train Steps/Sec: 2.74, Samples/Sec: 43.88
[[34m2025-08-13 16:52:57[0m] (step=0139800) Train Loss: 0.0924, Train Steps/Sec: 2.76, Samples/Sec: 44.17
[[34m2025-08-13 16:53:34[0m] (step=0139900) Train Loss: 0.0954, Train Steps/Sec: 2.73, Samples/Sec: 43.72
[[34m2025-08-13 16:54:11[0m] (step=0140000) Train Loss: 0.0933, Train Steps/Sec: 2.69, Samples/Sec: 43.05
Using cache found in ./models/facebookresearch_dino_main
Using cache found in ./models/facebookresearch_dino_main
Using cache found in ./models/facebookresearch_dino_main
[[34m2025-08-13 16:54:32[0m] Saved checkpoint to logs/nwm_cdit_airvln_v6_1/checkpoints/latest.pth.tar
Using cache found in ./models/facebookresearch_dino_main
[[34m2025-08-13 16:54:37[0m] Already found a `peft_config` attribute in the model. This will lead to having multiple adapters in the model. Make sure to know what you are doing!
[[34m2025-08-13 16:56:04[0m] (step=0140000) Perceptual Loss: 0.2323, Eval Time: 91.84
[[34m2025-08-13 16:56:40[0m] (step=0140100) Train Loss: 0.0957, Train Steps/Sec: 0.67, Samples/Sec: 10.70
[[34m2025-08-13 16:57:17[0m] (step=0140200) Train Loss: 0.0927, Train Steps/Sec: 2.71, Samples/Sec: 43.37
[[34m2025-08-13 16:57:53[0m] (step=0140300) Train Loss: 0.0904, Train Steps/Sec: 2.76, Samples/Sec: 44.18
[[34m2025-08-13 16:58:30[0m] (step=0140400) Train Loss: 0.0869, Train Steps/Sec: 2.75, Samples/Sec: 44.04
[[34m2025-08-13 16:59:06[0m] (step=0140500) Train Loss: 0.0923, Train Steps/Sec: 2.78, Samples/Sec: 44.42
[[34m2025-08-13 16:59:42[0m] (step=0140600) Train Loss: 0.0990, Train Steps/Sec: 2.76, Samples/Sec: 44.17
[[34m2025-08-13 17:00:19[0m] (step=0140700) Train Loss: 0.0853, Train Steps/Sec: 2.73, Samples/Sec: 43.66
[[34m2025-08-13 17:00:55[0m] (step=0140800) Train Loss: 0.0951, Train Steps/Sec: 2.76, Samples/Sec: 44.12
[[34m2025-08-13 17:01:32[0m] (step=0140900) Train Loss: 0.0936, Train Steps/Sec: 2.72, Samples/Sec: 43.44
[[34m2025-08-13 17:02:08[0m] (step=0141000) Train Loss: 0.0896, Train Steps/Sec: 2.73, Samples/Sec: 43.72
[[34m2025-08-13 17:02:45[0m] (step=0141100) Train Loss: 0.0869, Train Steps/Sec: 2.73, Samples/Sec: 43.62
[[34m2025-08-13 17:03:22[0m] (step=0141200) Train Loss: 0.0925, Train Steps/Sec: 2.68, Samples/Sec: 42.84
[[34m2025-08-13 17:03:59[0m] (step=0141300) Train Loss: 0.0847, Train Steps/Sec: 2.75, Samples/Sec: 44.03
[[34m2025-08-13 17:04:35[0m] (step=0141400) Train Loss: 0.0859, Train Steps/Sec: 2.79, Samples/Sec: 44.62
[[34m2025-08-13 17:05:12[0m] (step=0141500) Train Loss: 0.0905, Train Steps/Sec: 2.71, Samples/Sec: 43.41
[[34m2025-08-13 17:05:47[0m] (step=0141600) Train Loss: 0.0941, Train Steps/Sec: 2.82, Samples/Sec: 45.07
[[34m2025-08-13 17:06:23[0m] (step=0141700) Train Loss: 0.0894, Train Steps/Sec: 2.75, Samples/Sec: 44.03
[[34m2025-08-13 17:07:00[0m] (step=0141800) Train Loss: 0.1049, Train Steps/Sec: 2.74, Samples/Sec: 43.91
[[34m2025-08-13 17:07:38[0m] (step=0141900) Train Loss: 0.0821, Train Steps/Sec: 2.61, Samples/Sec: 41.71
[[34m2025-08-13 17:08:15[0m] (step=0142000) Train Loss: 0.0987, Train Steps/Sec: 2.70, Samples/Sec: 43.17
[[34m2025-08-13 17:08:51[0m] (step=0142100) Train Loss: 0.0895, Train Steps/Sec: 2.79, Samples/Sec: 44.70
[[34m2025-08-13 17:09:28[0m] (step=0142200) Train Loss: 0.0918, Train Steps/Sec: 2.72, Samples/Sec: 43.48
[[34m2025-08-13 17:10:04[0m] (step=0142300) Train Loss: 0.0947, Train Steps/Sec: 2.77, Samples/Sec: 44.34
[[34m2025-08-13 17:10:42[0m] (step=0142400) Train Loss: 0.0940, Train Steps/Sec: 2.65, Samples/Sec: 42.44
[[34m2025-08-13 17:11:19[0m] (step=0142500) Train Loss: 0.0929, Train Steps/Sec: 2.69, Samples/Sec: 43.05
[[34m2025-08-13 17:11:55[0m] (step=0142600) Train Loss: 0.0908, Train Steps/Sec: 2.75, Samples/Sec: 43.96
[[34m2025-08-13 17:12:31[0m] (step=0142700) Train Loss: 0.0963, Train Steps/Sec: 2.78, Samples/Sec: 44.42
[[34m2025-08-13 17:13:07[0m] (step=0142800) Train Loss: 0.0890, Train Steps/Sec: 2.77, Samples/Sec: 44.25
[[34m2025-08-13 17:13:44[0m] (step=0142900) Train Loss: 0.0871, Train Steps/Sec: 2.73, Samples/Sec: 43.73
[[34m2025-08-13 17:14:20[0m] (step=0143000) Train Loss: 0.0959, Train Steps/Sec: 2.76, Samples/Sec: 44.17
[[34m2025-08-13 17:14:57[0m] (step=0143100) Train Loss: 0.0880, Train Steps/Sec: 2.72, Samples/Sec: 43.45
[[34m2025-08-13 17:15:33[0m] (step=0143200) Train Loss: 0.0997, Train Steps/Sec: 2.81, Samples/Sec: 44.94
[[34m2025-08-13 17:16:09[0m] (step=0143300) Train Loss: 0.0924, Train Steps/Sec: 2.78, Samples/Sec: 44.47
[[34m2025-08-13 17:16:45[0m] (step=0143400) Train Loss: 0.1030, Train Steps/Sec: 2.77, Samples/Sec: 44.35
[[34m2025-08-13 17:17:22[0m] (step=0143500) Train Loss: 0.0974, Train Steps/Sec: 2.70, Samples/Sec: 43.28
[[34m2025-08-13 17:17:58[0m] (step=0143600) Train Loss: 0.0875, Train Steps/Sec: 2.73, Samples/Sec: 43.64
[[34m2025-08-13 17:18:35[0m] (step=0143700) Train Loss: 0.0913, Train Steps/Sec: 2.73, Samples/Sec: 43.75
[[34m2025-08-13 17:19:11[0m] (step=0143800) Train Loss: 0.0875, Train Steps/Sec: 2.77, Samples/Sec: 44.28
[[34m2025-08-13 17:19:48[0m] (step=0143900) Train Loss: 0.0837, Train Steps/Sec: 2.72, Samples/Sec: 43.53
[[34m2025-08-13 17:20:24[0m] (step=0144000) Train Loss: 0.0924, Train Steps/Sec: 2.74, Samples/Sec: 43.86
[[34m2025-08-13 17:21:01[0m] (step=0144100) Train Loss: 0.0948, Train Steps/Sec: 2.75, Samples/Sec: 44.00
[[34m2025-08-13 17:21:38[0m] (step=0144200) Train Loss: 0.0890, Train Steps/Sec: 2.68, Samples/Sec: 42.95
[[34m2025-08-13 17:22:14[0m] (step=0144300) Train Loss: 0.1015, Train Steps/Sec: 2.75, Samples/Sec: 43.94
[[34m2025-08-13 17:22:51[0m] (step=0144400) Train Loss: 0.0949, Train Steps/Sec: 2.75, Samples/Sec: 43.99
[[34m2025-08-13 17:23:27[0m] (step=0144500) Train Loss: 0.0920, Train Steps/Sec: 2.76, Samples/Sec: 44.16
[[34m2025-08-13 17:24:04[0m] (step=0144600) Train Loss: 0.0939, Train Steps/Sec: 2.71, Samples/Sec: 43.38
[[34m2025-08-13 17:24:41[0m] (step=0144700) Train Loss: 0.0876, Train Steps/Sec: 2.71, Samples/Sec: 43.31
[[34m2025-08-13 17:25:18[0m] (step=0144800) Train Loss: 0.0821, Train Steps/Sec: 2.71, Samples/Sec: 43.31
[[34m2025-08-13 17:25:54[0m] (step=0144900) Train Loss: 0.0910, Train Steps/Sec: 2.74, Samples/Sec: 43.90
[[34m2025-08-13 17:26:31[0m] (step=0145000) Train Loss: 0.0868, Train Steps/Sec: 2.76, Samples/Sec: 44.13
[[34m2025-08-13 17:27:07[0m] (step=0145100) Train Loss: 0.0934, Train Steps/Sec: 2.76, Samples/Sec: 44.23
[[34m2025-08-13 17:27:43[0m] (step=0145200) Train Loss: 0.0915, Train Steps/Sec: 2.73, Samples/Sec: 43.69
[[34m2025-08-13 17:28:20[0m] (step=0145300) Train Loss: 0.0969, Train Steps/Sec: 2.75, Samples/Sec: 44.03
[[34m2025-08-13 17:28:56[0m] (step=0145400) Train Loss: 0.0906, Train Steps/Sec: 2.74, Samples/Sec: 43.85
[[34m2025-08-13 17:29:33[0m] (step=0145500) Train Loss: 0.0844, Train Steps/Sec: 2.71, Samples/Sec: 43.41
[[34m2025-08-13 17:30:10[0m] (step=0145600) Train Loss: 0.0965, Train Steps/Sec: 2.72, Samples/Sec: 43.56
[[34m2025-08-13 17:30:46[0m] (step=0145700) Train Loss: 0.0870, Train Steps/Sec: 2.74, Samples/Sec: 43.80
[[34m2025-08-13 17:31:23[0m] (step=0145800) Train Loss: 0.0986, Train Steps/Sec: 2.74, Samples/Sec: 43.84
[[34m2025-08-13 17:32:00[0m] (step=0145900) Train Loss: 0.0871, Train Steps/Sec: 2.69, Samples/Sec: 43.09
[[34m2025-08-13 17:32:36[0m] (step=0146000) Train Loss: 0.0857, Train Steps/Sec: 2.76, Samples/Sec: 44.10
[[34m2025-08-13 17:33:13[0m] (step=0146100) Train Loss: 0.0866, Train Steps/Sec: 2.76, Samples/Sec: 44.12
[[34m2025-08-13 17:33:49[0m] (step=0146200) Train Loss: 0.0944, Train Steps/Sec: 2.71, Samples/Sec: 43.39
[[34m2025-08-13 17:34:26[0m] (step=0146300) Train Loss: 0.0848, Train Steps/Sec: 2.71, Samples/Sec: 43.41
[[34m2025-08-13 17:35:04[0m] (step=0146400) Train Loss: 0.0864, Train Steps/Sec: 2.68, Samples/Sec: 42.86
[[34m2025-08-13 17:35:40[0m] (step=0146500) Train Loss: 0.0882, Train Steps/Sec: 2.79, Samples/Sec: 44.60
[[34m2025-08-13 17:36:16[0m] (step=0146600) Train Loss: 0.0910, Train Steps/Sec: 2.76, Samples/Sec: 44.19
[[34m2025-08-13 17:36:52[0m] (step=0146700) Train Loss: 0.0936, Train Steps/Sec: 2.76, Samples/Sec: 44.20
[[34m2025-08-13 17:37:29[0m] (step=0146800) Train Loss: 0.0928, Train Steps/Sec: 2.70, Samples/Sec: 43.16
[[34m2025-08-13 17:38:06[0m] (step=0146900) Train Loss: 0.1040, Train Steps/Sec: 2.70, Samples/Sec: 43.18
[[34m2025-08-13 17:38:43[0m] (step=0147000) Train Loss: 0.0911, Train Steps/Sec: 2.70, Samples/Sec: 43.12
[[34m2025-08-13 17:39:20[0m] (step=0147100) Train Loss: 0.0875, Train Steps/Sec: 2.71, Samples/Sec: 43.36
[[34m2025-08-13 17:39:56[0m] (step=0147200) Train Loss: 0.0929, Train Steps/Sec: 2.76, Samples/Sec: 44.08
[[34m2025-08-13 17:40:33[0m] (step=0147300) Train Loss: 0.0932, Train Steps/Sec: 2.73, Samples/Sec: 43.65
[[34m2025-08-13 17:41:10[0m] (step=0147400) Train Loss: 0.0919, Train Steps/Sec: 2.73, Samples/Sec: 43.71
[[34m2025-08-13 17:41:46[0m] (step=0147500) Train Loss: 0.0861, Train Steps/Sec: 2.73, Samples/Sec: 43.69
[[34m2025-08-13 17:42:22[0m] (step=0147600) Train Loss: 0.0888, Train Steps/Sec: 2.80, Samples/Sec: 44.77
[[34m2025-08-13 17:42:58[0m] (step=0147700) Train Loss: 0.0853, Train Steps/Sec: 2.78, Samples/Sec: 44.50
[[34m2025-08-13 17:43:35[0m] (step=0147800) Train Loss: 0.0945, Train Steps/Sec: 2.70, Samples/Sec: 43.14
[[34m2025-08-13 17:44:11[0m] (step=0147900) Train Loss: 0.0896, Train Steps/Sec: 2.79, Samples/Sec: 44.57
[[34m2025-08-13 17:44:47[0m] (step=0148000) Train Loss: 0.0962, Train Steps/Sec: 2.75, Samples/Sec: 44.04
[[34m2025-08-13 17:45:24[0m] (step=0148100) Train Loss: 0.0917, Train Steps/Sec: 2.73, Samples/Sec: 43.72
[[34m2025-08-13 17:46:01[0m] (step=0148200) Train Loss: 0.0887, Train Steps/Sec: 2.68, Samples/Sec: 42.94
[[34m2025-08-13 17:46:37[0m] (step=0148300) Train Loss: 0.0895, Train Steps/Sec: 2.77, Samples/Sec: 44.37
[[34m2025-08-13 17:47:13[0m] (step=0148400) Train Loss: 0.0889, Train Steps/Sec: 2.77, Samples/Sec: 44.28
[[34m2025-08-13 17:47:50[0m] (step=0148500) Train Loss: 0.0938, Train Steps/Sec: 2.77, Samples/Sec: 44.24
[[34m2025-08-13 17:48:26[0m] (step=0148600) Train Loss: 0.0919, Train Steps/Sec: 2.76, Samples/Sec: 44.20
[[34m2025-08-13 17:49:02[0m] (step=0148700) Train Loss: 0.0904, Train Steps/Sec: 2.80, Samples/Sec: 44.73
[[34m2025-08-13 17:49:38[0m] (step=0148800) Train Loss: 0.0998, Train Steps/Sec: 2.74, Samples/Sec: 43.76
[[34m2025-08-13 17:50:15[0m] (step=0148900) Train Loss: 0.0979, Train Steps/Sec: 2.72, Samples/Sec: 43.54
[[34m2025-08-13 17:50:52[0m] (step=0149000) Train Loss: 0.0937, Train Steps/Sec: 2.72, Samples/Sec: 43.47
[[34m2025-08-13 17:51:28[0m] (step=0149100) Train Loss: 0.0890, Train Steps/Sec: 2.77, Samples/Sec: 44.36
[[34m2025-08-13 17:52:04[0m] (step=0149200) Train Loss: 0.0842, Train Steps/Sec: 2.77, Samples/Sec: 44.26
[[34m2025-08-13 17:52:40[0m] (step=0149300) Train Loss: 0.1025, Train Steps/Sec: 2.77, Samples/Sec: 44.38
[[34m2025-08-13 17:53:16[0m] (step=0149400) Train Loss: 0.0953, Train Steps/Sec: 2.79, Samples/Sec: 44.59
[[34m2025-08-13 17:53:54[0m] (step=0149500) Train Loss: 0.0918, Train Steps/Sec: 2.66, Samples/Sec: 42.57
[[34m2025-08-13 17:54:30[0m] (step=0149600) Train Loss: 0.0865, Train Steps/Sec: 2.71, Samples/Sec: 43.43
[[34m2025-08-13 17:55:08[0m] (step=0149700) Train Loss: 0.0927, Train Steps/Sec: 2.69, Samples/Sec: 42.98
[[34m2025-08-13 17:55:44[0m] (step=0149800) Train Loss: 0.0909, Train Steps/Sec: 2.73, Samples/Sec: 43.61
[[34m2025-08-13 17:56:21[0m] (step=0149900) Train Loss: 0.0963, Train Steps/Sec: 2.76, Samples/Sec: 44.21
[[34m2025-08-13 17:56:57[0m] (step=0150000) Train Loss: 0.0968, Train Steps/Sec: 2.77, Samples/Sec: 44.28
Using cache found in ./models/facebookresearch_dino_main
Using cache found in ./models/facebookresearch_dino_main
Using cache found in ./models/facebookresearch_dino_main
[[34m2025-08-13 17:57:15[0m] Saved checkpoint to logs/nwm_cdit_airvln_v6_1/checkpoints/latest.pth.tar
Using cache found in ./models/facebookresearch_dino_main
[[34m2025-08-13 17:57:18[0m] Already found a `peft_config` attribute in the model. This will lead to having multiple adapters in the model. Make sure to know what you are doing!
[[34m2025-08-13 17:58:45[0m] (step=0150000) Perceptual Loss: 0.2445, Eval Time: 90.72
[[34m2025-08-13 17:59:22[0m] (step=0150100) Train Loss: 0.0964, Train Steps/Sec: 0.69, Samples/Sec: 10.99
[[34m2025-08-13 17:59:59[0m] (step=0150200) Train Loss: 0.0953, Train Steps/Sec: 2.75, Samples/Sec: 44.05
[[34m2025-08-13 18:00:35[0m] (step=0150300) Train Loss: 0.0989, Train Steps/Sec: 2.72, Samples/Sec: 43.51
[[34m2025-08-13 18:01:13[0m] (step=0150400) Train Loss: 0.0905, Train Steps/Sec: 2.69, Samples/Sec: 43.12
[[34m2025-08-13 18:01:49[0m] (step=0150500) Train Loss: 0.0859, Train Steps/Sec: 2.73, Samples/Sec: 43.66
[[34m2025-08-13 18:02:26[0m] (step=0150600) Train Loss: 0.0892, Train Steps/Sec: 2.73, Samples/Sec: 43.66
[[34m2025-08-13 18:03:03[0m] (step=0150700) Train Loss: 0.0841, Train Steps/Sec: 2.72, Samples/Sec: 43.52
[[34m2025-08-13 18:03:40[0m] (step=0150800) Train Loss: 0.0921, Train Steps/Sec: 2.71, Samples/Sec: 43.32
[[34m2025-08-13 18:04:15[0m] (step=0150900) Train Loss: 0.0936, Train Steps/Sec: 2.79, Samples/Sec: 44.56
[[34m2025-08-13 18:04:52[0m] (step=0151000) Train Loss: 0.0944, Train Steps/Sec: 2.75, Samples/Sec: 43.98
[[34m2025-08-13 18:05:29[0m] (step=0151100) Train Loss: 0.0863, Train Steps/Sec: 2.70, Samples/Sec: 43.20
[[34m2025-08-13 18:06:05[0m] (step=0151200) Train Loss: 0.0957, Train Steps/Sec: 2.76, Samples/Sec: 44.22
[[34m2025-08-13 18:06:42[0m] (step=0151300) Train Loss: 0.0845, Train Steps/Sec: 2.72, Samples/Sec: 43.49
[[34m2025-08-13 18:07:19[0m] (step=0151400) Train Loss: 0.0841, Train Steps/Sec: 2.70, Samples/Sec: 43.25
[[34m2025-08-13 18:07:55[0m] (step=0151500) Train Loss: 0.0928, Train Steps/Sec: 2.77, Samples/Sec: 44.36
[[34m2025-08-13 18:08:32[0m] (step=0151600) Train Loss: 0.0853, Train Steps/Sec: 2.68, Samples/Sec: 42.91
[[34m2025-08-13 18:09:09[0m] (step=0151700) Train Loss: 0.0988, Train Steps/Sec: 2.75, Samples/Sec: 43.92
[[34m2025-08-13 18:09:46[0m] (step=0151800) Train Loss: 0.0892, Train Steps/Sec: 2.67, Samples/Sec: 42.66
[[34m2025-08-13 18:10:22[0m] (step=0151900) Train Loss: 0.0977, Train Steps/Sec: 2.77, Samples/Sec: 44.28
[[34m2025-08-13 18:11:00[0m] (step=0152000) Train Loss: 0.0865, Train Steps/Sec: 2.67, Samples/Sec: 42.77
[[34m2025-08-13 18:11:37[0m] (step=0152100) Train Loss: 0.0796, Train Steps/Sec: 2.65, Samples/Sec: 42.39
[[34m2025-08-13 18:12:14[0m] (step=0152200) Train Loss: 0.0944, Train Steps/Sec: 2.73, Samples/Sec: 43.62
[[34m2025-08-13 18:12:51[0m] (step=0152300) Train Loss: 0.0955, Train Steps/Sec: 2.74, Samples/Sec: 43.79
[[34m2025-08-13 18:13:27[0m] (step=0152400) Train Loss: 0.0962, Train Steps/Sec: 2.74, Samples/Sec: 43.78
[[34m2025-08-13 18:14:04[0m] (step=0152500) Train Loss: 0.0952, Train Steps/Sec: 2.72, Samples/Sec: 43.52
[[34m2025-08-13 18:14:40[0m] (step=0152600) Train Loss: 0.0908, Train Steps/Sec: 2.79, Samples/Sec: 44.56
[[34m2025-08-13 18:15:17[0m] (step=0152700) Train Loss: 0.0891, Train Steps/Sec: 2.68, Samples/Sec: 42.89
[[34m2025-08-13 18:15:54[0m] (step=0152800) Train Loss: 0.0961, Train Steps/Sec: 2.71, Samples/Sec: 43.34
[[34m2025-08-13 18:16:31[0m] (step=0152900) Train Loss: 0.0927, Train Steps/Sec: 2.71, Samples/Sec: 43.31
[[34m2025-08-13 18:17:08[0m] (step=0153000) Train Loss: 0.0985, Train Steps/Sec: 2.73, Samples/Sec: 43.73
[[34m2025-08-13 18:17:44[0m] (step=0153100) Train Loss: 0.0899, Train Steps/Sec: 2.73, Samples/Sec: 43.66
[[34m2025-08-13 18:18:21[0m] (step=0153200) Train Loss: 0.0842, Train Steps/Sec: 2.72, Samples/Sec: 43.45
[[34m2025-08-13 18:18:58[0m] (step=0153300) Train Loss: 0.0893, Train Steps/Sec: 2.74, Samples/Sec: 43.89
[[34m2025-08-13 18:19:35[0m] (step=0153400) Train Loss: 0.0884, Train Steps/Sec: 2.65, Samples/Sec: 42.42
[[34m2025-08-13 18:20:12[0m] (step=0153500) Train Loss: 0.0945, Train Steps/Sec: 2.73, Samples/Sec: 43.68
[[34m2025-08-13 18:20:48[0m] (step=0153600) Train Loss: 0.0910, Train Steps/Sec: 2.78, Samples/Sec: 44.52
[[34m2025-08-13 18:21:24[0m] (step=0153700) Train Loss: 0.0866, Train Steps/Sec: 2.79, Samples/Sec: 44.61
[[34m2025-08-13 18:22:01[0m] (step=0153800) Train Loss: 0.0935, Train Steps/Sec: 2.71, Samples/Sec: 43.35
[[34m2025-08-13 18:22:37[0m] (step=0153900) Train Loss: 0.0968, Train Steps/Sec: 2.74, Samples/Sec: 43.83
[[34m2025-08-13 18:23:15[0m] (step=0154000) Train Loss: 0.0923, Train Steps/Sec: 2.69, Samples/Sec: 43.03
[[34m2025-08-13 18:23:51[0m] (step=0154100) Train Loss: 0.0894, Train Steps/Sec: 2.72, Samples/Sec: 43.54
[[34m2025-08-13 18:24:28[0m] (step=0154200) Train Loss: 0.0867, Train Steps/Sec: 2.72, Samples/Sec: 43.59
[[34m2025-08-13 18:25:04[0m] (step=0154300) Train Loss: 0.0992, Train Steps/Sec: 2.75, Samples/Sec: 44.05
[[34m2025-08-13 18:25:41[0m] (step=0154400) Train Loss: 0.0911, Train Steps/Sec: 2.75, Samples/Sec: 43.94
[[34m2025-08-13 18:26:18[0m] (step=0154500) Train Loss: 0.0906, Train Steps/Sec: 2.69, Samples/Sec: 43.11
[[34m2025-08-13 18:26:54[0m] (step=0154600) Train Loss: 0.1001, Train Steps/Sec: 2.74, Samples/Sec: 43.81
[[34m2025-08-13 18:27:32[0m] (step=0154700) Train Loss: 0.0965, Train Steps/Sec: 2.68, Samples/Sec: 42.84
[[34m2025-08-13 18:28:08[0m] (step=0154800) Train Loss: 0.0877, Train Steps/Sec: 2.75, Samples/Sec: 43.93
[[34m2025-08-13 18:28:45[0m] (step=0154900) Train Loss: 0.0875, Train Steps/Sec: 2.71, Samples/Sec: 43.34
[[34m2025-08-13 18:29:22[0m] (step=0155000) Train Loss: 0.0890, Train Steps/Sec: 2.74, Samples/Sec: 43.85
[[34m2025-08-13 18:29:59[0m] (step=0155100) Train Loss: 0.0914, Train Steps/Sec: 2.68, Samples/Sec: 42.94
[[34m2025-08-13 18:30:36[0m] (step=0155200) Train Loss: 0.0863, Train Steps/Sec: 2.70, Samples/Sec: 43.19
[[34m2025-08-13 18:31:12[0m] (step=0155300) Train Loss: 0.0925, Train Steps/Sec: 2.76, Samples/Sec: 44.10
[[34m2025-08-13 18:31:49[0m] (step=0155400) Train Loss: 0.0850, Train Steps/Sec: 2.74, Samples/Sec: 43.91
[[34m2025-08-13 18:32:25[0m] (step=0155500) Train Loss: 0.0912, Train Steps/Sec: 2.76, Samples/Sec: 44.14
[[34m2025-08-13 18:33:02[0m] (step=0155600) Train Loss: 0.0994, Train Steps/Sec: 2.68, Samples/Sec: 42.82
[[34m2025-08-13 18:33:39[0m] (step=0155700) Train Loss: 0.0911, Train Steps/Sec: 2.73, Samples/Sec: 43.74
[[34m2025-08-13 18:34:15[0m] (step=0155800) Train Loss: 0.0914, Train Steps/Sec: 2.75, Samples/Sec: 44.05
[[34m2025-08-13 18:34:52[0m] (step=0155900) Train Loss: 0.0871, Train Steps/Sec: 2.73, Samples/Sec: 43.74
[[34m2025-08-13 18:35:28[0m] (step=0156000) Train Loss: 0.0871, Train Steps/Sec: 2.74, Samples/Sec: 43.87
[[34m2025-08-13 18:36:05[0m] (step=0156100) Train Loss: 0.0880, Train Steps/Sec: 2.74, Samples/Sec: 43.82
[[34m2025-08-13 18:36:41[0m] (step=0156200) Train Loss: 0.0971, Train Steps/Sec: 2.79, Samples/Sec: 44.56
[[34m2025-08-13 18:37:17[0m] (step=0156300) Train Loss: 0.0870, Train Steps/Sec: 2.73, Samples/Sec: 43.63
[[34m2025-08-13 18:37:54[0m] (step=0156400) Train Loss: 0.0989, Train Steps/Sec: 2.73, Samples/Sec: 43.71
[[34m2025-08-13 18:38:31[0m] (step=0156500) Train Loss: 0.0852, Train Steps/Sec: 2.69, Samples/Sec: 43.08
[[34m2025-08-13 18:39:08[0m] (step=0156600) Train Loss: 0.0912, Train Steps/Sec: 2.71, Samples/Sec: 43.43
[[34m2025-08-13 18:39:45[0m] (step=0156700) Train Loss: 0.0941, Train Steps/Sec: 2.72, Samples/Sec: 43.56
[[34m2025-08-13 18:40:21[0m] (step=0156800) Train Loss: 0.1015, Train Steps/Sec: 2.73, Samples/Sec: 43.74
[[34m2025-08-13 18:40:57[0m] (step=0156900) Train Loss: 0.0935, Train Steps/Sec: 2.77, Samples/Sec: 44.40
[[34m2025-08-13 18:41:34[0m] (step=0157000) Train Loss: 0.0867, Train Steps/Sec: 2.75, Samples/Sec: 44.05
[[34m2025-08-13 18:42:10[0m] (step=0157100) Train Loss: 0.0912, Train Steps/Sec: 2.79, Samples/Sec: 44.64
[[34m2025-08-13 18:42:46[0m] (step=0157200) Train Loss: 0.0972, Train Steps/Sec: 2.76, Samples/Sec: 44.19
[[34m2025-08-13 18:43:22[0m] (step=0157300) Train Loss: 0.0927, Train Steps/Sec: 2.73, Samples/Sec: 43.65
[[34m2025-08-13 18:43:59[0m] (step=0157400) Train Loss: 0.0975, Train Steps/Sec: 2.75, Samples/Sec: 43.99
[[34m2025-08-13 18:44:35[0m] (step=0157500) Train Loss: 0.0876, Train Steps/Sec: 2.79, Samples/Sec: 44.59
[[34m2025-08-13 18:45:11[0m] (step=0157600) Train Loss: 0.0866, Train Steps/Sec: 2.73, Samples/Sec: 43.64
[[34m2025-08-13 18:45:48[0m] (step=0157700) Train Loss: 0.0900, Train Steps/Sec: 2.76, Samples/Sec: 44.23
[[34m2025-08-13 18:46:24[0m] (step=0157800) Train Loss: 0.0958, Train Steps/Sec: 2.72, Samples/Sec: 43.54
[[34m2025-08-13 18:47:00[0m] (step=0157900) Train Loss: 0.0892, Train Steps/Sec: 2.77, Samples/Sec: 44.30
[[34m2025-08-13 18:47:37[0m] (step=0158000) Train Loss: 0.0836, Train Steps/Sec: 2.71, Samples/Sec: 43.44
[[34m2025-08-13 18:48:13[0m] (step=0158100) Train Loss: 0.0864, Train Steps/Sec: 2.77, Samples/Sec: 44.34
[[34m2025-08-13 18:48:50[0m] (step=0158200) Train Loss: 0.0893, Train Steps/Sec: 2.75, Samples/Sec: 43.97
[[34m2025-08-13 18:49:26[0m] (step=0158300) Train Loss: 0.0967, Train Steps/Sec: 2.74, Samples/Sec: 43.79
[[34m2025-08-13 18:50:03[0m] (step=0158400) Train Loss: 0.0878, Train Steps/Sec: 2.71, Samples/Sec: 43.29
[[34m2025-08-13 18:50:39[0m] (step=0158500) Train Loss: 0.0850, Train Steps/Sec: 2.77, Samples/Sec: 44.24
[[34m2025-08-13 18:51:16[0m] (step=0158600) Train Loss: 0.0786, Train Steps/Sec: 2.75, Samples/Sec: 43.94
[[34m2025-08-13 18:51:53[0m] (step=0158700) Train Loss: 0.0745, Train Steps/Sec: 2.72, Samples/Sec: 43.48
[[34m2025-08-13 18:52:29[0m] (step=0158800) Train Loss: 0.0851, Train Steps/Sec: 2.73, Samples/Sec: 43.74
[[34m2025-08-13 18:53:06[0m] (step=0158900) Train Loss: 0.0989, Train Steps/Sec: 2.73, Samples/Sec: 43.63
[[34m2025-08-13 18:53:43[0m] (step=0159000) Train Loss: 0.0929, Train Steps/Sec: 2.71, Samples/Sec: 43.32
[[34m2025-08-13 18:54:20[0m] (step=0159100) Train Loss: 0.0921, Train Steps/Sec: 2.68, Samples/Sec: 42.83
[[34m2025-08-13 18:54:57[0m] (step=0159200) Train Loss: 0.0837, Train Steps/Sec: 2.73, Samples/Sec: 43.68
[[34m2025-08-13 18:55:34[0m] (step=0159300) Train Loss: 0.0916, Train Steps/Sec: 2.70, Samples/Sec: 43.24
[[34m2025-08-13 18:56:10[0m] (step=0159400) Train Loss: 0.0898, Train Steps/Sec: 2.75, Samples/Sec: 44.02
[[34m2025-08-13 18:56:46[0m] (step=0159500) Train Loss: 0.0841, Train Steps/Sec: 2.76, Samples/Sec: 44.14
[[34m2025-08-13 18:57:24[0m] (step=0159600) Train Loss: 0.0881, Train Steps/Sec: 2.64, Samples/Sec: 42.31
[[34m2025-08-13 18:58:01[0m] (step=0159700) Train Loss: 0.0907, Train Steps/Sec: 2.75, Samples/Sec: 44.04
[[34m2025-08-13 18:58:39[0m] (step=0159800) Train Loss: 0.0920, Train Steps/Sec: 2.63, Samples/Sec: 42.05
[[34m2025-08-13 18:59:16[0m] (step=0159900) Train Loss: 0.0888, Train Steps/Sec: 2.69, Samples/Sec: 43.02
[[34m2025-08-13 18:59:53[0m] (step=0160000) Train Loss: 0.0980, Train Steps/Sec: 2.71, Samples/Sec: 43.38
Using cache found in ./models/facebookresearch_dino_main
Using cache found in ./models/facebookresearch_dino_main
Using cache found in ./models/facebookresearch_dino_main
[[34m2025-08-13 19:00:23[0m] Saved checkpoint to logs/nwm_cdit_airvln_v6_1/checkpoints/latest.pth.tar
Using cache found in ./models/facebookresearch_dino_main
[[34m2025-08-13 19:00:30[0m] Already found a `peft_config` attribute in the model. This will lead to having multiple adapters in the model. Make sure to know what you are doing!
[[34m2025-08-13 19:01:58[0m] (step=0160000) Perceptual Loss: 0.2048, Eval Time: 94.97
[[34m2025-08-13 19:02:35[0m] (step=0160100) Train Loss: 0.0888, Train Steps/Sec: 0.62, Samples/Sec: 9.89
[[34m2025-08-13 19:03:11[0m] (step=0160200) Train Loss: 0.0821, Train Steps/Sec: 2.75, Samples/Sec: 43.97
[[34m2025-08-13 19:03:47[0m] (step=0160300) Train Loss: 0.1017, Train Steps/Sec: 2.77, Samples/Sec: 44.26
[[34m2025-08-13 19:04:24[0m] (step=0160400) Train Loss: 0.0937, Train Steps/Sec: 2.69, Samples/Sec: 43.12
[[34m2025-08-13 19:05:02[0m] (step=0160500) Train Loss: 0.0992, Train Steps/Sec: 2.68, Samples/Sec: 42.87
[[34m2025-08-13 19:05:38[0m] (step=0160600) Train Loss: 0.0901, Train Steps/Sec: 2.75, Samples/Sec: 43.98
[[34m2025-08-13 19:06:15[0m] (step=0160700) Train Loss: 0.0946, Train Steps/Sec: 2.73, Samples/Sec: 43.60
[[34m2025-08-13 19:06:51[0m] (step=0160800) Train Loss: 0.0985, Train Steps/Sec: 2.73, Samples/Sec: 43.70
[[34m2025-08-13 19:07:28[0m] (step=0160900) Train Loss: 0.0942, Train Steps/Sec: 2.70, Samples/Sec: 43.16
[[34m2025-08-13 19:08:05[0m] (step=0161000) Train Loss: 0.0883, Train Steps/Sec: 2.75, Samples/Sec: 43.95
[[34m2025-08-13 19:08:41[0m] (step=0161100) Train Loss: 0.0967, Train Steps/Sec: 2.74, Samples/Sec: 43.82
[[34m2025-08-13 19:09:19[0m] (step=0161200) Train Loss: 0.0878, Train Steps/Sec: 2.67, Samples/Sec: 42.70
[[34m2025-08-13 19:09:56[0m] (step=0161300) Train Loss: 0.0858, Train Steps/Sec: 2.72, Samples/Sec: 43.52
[[34m2025-08-13 19:10:33[0m] (step=0161400) Train Loss: 0.0901, Train Steps/Sec: 2.67, Samples/Sec: 42.77
[[34m2025-08-13 19:11:10[0m] (step=0161500) Train Loss: 0.0912, Train Steps/Sec: 2.71, Samples/Sec: 43.30
[[34m2025-08-13 19:11:47[0m] (step=0161600) Train Loss: 0.0826, Train Steps/Sec: 2.70, Samples/Sec: 43.25
[[34m2025-08-13 19:12:23[0m] (step=0161700) Train Loss: 0.0895, Train Steps/Sec: 2.75, Samples/Sec: 44.00
[[34m2025-08-13 19:13:00[0m] (step=0161800) Train Loss: 0.0904, Train Steps/Sec: 2.75, Samples/Sec: 43.96
[[34m2025-08-13 19:13:38[0m] (step=0161900) Train Loss: 0.0872, Train Steps/Sec: 2.61, Samples/Sec: 41.77
[[34m2025-08-13 19:14:15[0m] (step=0162000) Train Loss: 0.0831, Train Steps/Sec: 2.68, Samples/Sec: 42.91
[[34m2025-08-13 19:14:53[0m] (step=0162100) Train Loss: 0.0919, Train Steps/Sec: 2.67, Samples/Sec: 42.65
[[34m2025-08-13 19:15:30[0m] (step=0162200) Train Loss: 0.0963, Train Steps/Sec: 2.68, Samples/Sec: 42.81
[[34m2025-08-13 19:16:07[0m] (step=0162300) Train Loss: 0.0872, Train Steps/Sec: 2.70, Samples/Sec: 43.27
[[34m2025-08-13 19:16:45[0m] (step=0162400) Train Loss: 0.0881, Train Steps/Sec: 2.66, Samples/Sec: 42.55
[[34m2025-08-13 19:17:22[0m] (step=0162500) Train Loss: 0.0898, Train Steps/Sec: 2.69, Samples/Sec: 43.04
[[34m2025-08-13 19:17:59[0m] (step=0162600) Train Loss: 0.0942, Train Steps/Sec: 2.74, Samples/Sec: 43.88
[[34m2025-08-13 19:18:35[0m] (step=0162700) Train Loss: 0.0889, Train Steps/Sec: 2.74, Samples/Sec: 43.81
[[34m2025-08-13 19:19:11[0m] (step=0162800) Train Loss: 0.0976, Train Steps/Sec: 2.75, Samples/Sec: 43.97
[[34m2025-08-13 19:19:48[0m] (step=0162900) Train Loss: 0.0875, Train Steps/Sec: 2.73, Samples/Sec: 43.65
[[34m2025-08-13 19:20:25[0m] (step=0163000) Train Loss: 0.0834, Train Steps/Sec: 2.72, Samples/Sec: 43.46
[[34m2025-08-13 19:21:02[0m] (step=0163100) Train Loss: 0.0908, Train Steps/Sec: 2.73, Samples/Sec: 43.61
[[34m2025-08-13 19:21:39[0m] (step=0163200) Train Loss: 0.0839, Train Steps/Sec: 2.69, Samples/Sec: 43.04
[[34m2025-08-13 19:22:16[0m] (step=0163300) Train Loss: 0.0871, Train Steps/Sec: 2.70, Samples/Sec: 43.28
[[34m2025-08-13 19:22:53[0m] (step=0163400) Train Loss: 0.0862, Train Steps/Sec: 2.72, Samples/Sec: 43.57
[[34m2025-08-13 19:23:30[0m] (step=0163500) Train Loss: 0.0908, Train Steps/Sec: 2.70, Samples/Sec: 43.27
[[34m2025-08-13 19:24:06[0m] (step=0163600) Train Loss: 0.0842, Train Steps/Sec: 2.70, Samples/Sec: 43.28
[[34m2025-08-13 19:24:44[0m] (step=0163700) Train Loss: 0.0912, Train Steps/Sec: 2.70, Samples/Sec: 43.18
[[34m2025-08-13 19:25:20[0m] (step=0163800) Train Loss: 0.0963, Train Steps/Sec: 2.73, Samples/Sec: 43.66
[[34m2025-08-13 19:25:57[0m] (step=0163900) Train Loss: 0.1002, Train Steps/Sec: 2.72, Samples/Sec: 43.55
[[34m2025-08-13 19:26:35[0m] (step=0164000) Train Loss: 0.0968, Train Steps/Sec: 2.63, Samples/Sec: 42.01
[[34m2025-08-13 19:27:12[0m] (step=0164100) Train Loss: 0.0816, Train Steps/Sec: 2.68, Samples/Sec: 42.84
[[34m2025-08-13 19:27:50[0m] (step=0164200) Train Loss: 0.0901, Train Steps/Sec: 2.67, Samples/Sec: 42.78
[[34m2025-08-13 19:28:27[0m] (step=0164300) Train Loss: 0.0892, Train Steps/Sec: 2.69, Samples/Sec: 43.07
[[34m2025-08-13 19:29:04[0m] (step=0164400) Train Loss: 0.0982, Train Steps/Sec: 2.71, Samples/Sec: 43.36
[[34m2025-08-13 19:29:42[0m] (step=0164500) Train Loss: 0.0858, Train Steps/Sec: 2.64, Samples/Sec: 42.28
[[34m2025-08-13 19:30:18[0m] (step=0164600) Train Loss: 0.0952, Train Steps/Sec: 2.77, Samples/Sec: 44.29
[[34m2025-08-13 19:30:55[0m] (step=0164700) Train Loss: 0.0939, Train Steps/Sec: 2.71, Samples/Sec: 43.37
[[34m2025-08-13 19:31:31[0m] (step=0164800) Train Loss: 0.0906, Train Steps/Sec: 2.76, Samples/Sec: 44.12
[[34m2025-08-13 19:32:08[0m] (step=0164900) Train Loss: 0.0917, Train Steps/Sec: 2.74, Samples/Sec: 43.80
[[34m2025-08-13 19:32:44[0m] (step=0165000) Train Loss: 0.0824, Train Steps/Sec: 2.76, Samples/Sec: 44.21
[[34m2025-08-13 19:33:20[0m] (step=0165100) Train Loss: 0.0967, Train Steps/Sec: 2.74, Samples/Sec: 43.86
[[34m2025-08-13 19:33:57[0m] (step=0165200) Train Loss: 0.0876, Train Steps/Sec: 2.73, Samples/Sec: 43.63
[[34m2025-08-13 19:34:33[0m] (step=0165300) Train Loss: 0.0911, Train Steps/Sec: 2.76, Samples/Sec: 44.19
[[34m2025-08-13 19:35:10[0m] (step=0165400) Train Loss: 0.0948, Train Steps/Sec: 2.72, Samples/Sec: 43.58
[[34m2025-08-13 19:35:46[0m] (step=0165500) Train Loss: 0.0847, Train Steps/Sec: 2.74, Samples/Sec: 43.77
[[34m2025-08-13 19:36:23[0m] (step=0165600) Train Loss: 0.0865, Train Steps/Sec: 2.74, Samples/Sec: 43.86
[[34m2025-08-13 19:36:59[0m] (step=0165700) Train Loss: 0.0898, Train Steps/Sec: 2.76, Samples/Sec: 44.18
[[34m2025-08-13 19:37:36[0m] (step=0165800) Train Loss: 0.0945, Train Steps/Sec: 2.73, Samples/Sec: 43.62
[[34m2025-08-13 19:38:13[0m] (step=0165900) Train Loss: 0.0917, Train Steps/Sec: 2.68, Samples/Sec: 42.90
[[34m2025-08-13 19:38:50[0m] (step=0166000) Train Loss: 0.0942, Train Steps/Sec: 2.71, Samples/Sec: 43.40
[[34m2025-08-13 19:39:27[0m] (step=0166100) Train Loss: 0.0991, Train Steps/Sec: 2.72, Samples/Sec: 43.45
[[34m2025-08-13 19:40:03[0m] (step=0166200) Train Loss: 0.0914, Train Steps/Sec: 2.78, Samples/Sec: 44.49
[[34m2025-08-13 19:40:39[0m] (step=0166300) Train Loss: 0.0940, Train Steps/Sec: 2.73, Samples/Sec: 43.67
[[34m2025-08-13 19:41:16[0m] (step=0166400) Train Loss: 0.0914, Train Steps/Sec: 2.77, Samples/Sec: 44.29
[[34m2025-08-13 19:41:53[0m] (step=0166500) Train Loss: 0.0918, Train Steps/Sec: 2.68, Samples/Sec: 42.92
[[34m2025-08-13 19:42:29[0m] (step=0166600) Train Loss: 0.0882, Train Steps/Sec: 2.76, Samples/Sec: 44.11
[[34m2025-08-13 19:43:06[0m] (step=0166700) Train Loss: 0.0851, Train Steps/Sec: 2.73, Samples/Sec: 43.66
[[34m2025-08-13 19:43:42[0m] (step=0166800) Train Loss: 0.0994, Train Steps/Sec: 2.74, Samples/Sec: 43.84
[[34m2025-08-13 19:44:19[0m] (step=0166900) Train Loss: 0.0919, Train Steps/Sec: 2.70, Samples/Sec: 43.24
[[34m2025-08-13 19:44:55[0m] (step=0167000) Train Loss: 0.0904, Train Steps/Sec: 2.77, Samples/Sec: 44.26
[[34m2025-08-13 19:45:33[0m] (step=0167100) Train Loss: 0.0800, Train Steps/Sec: 2.66, Samples/Sec: 42.59
[[34m2025-08-13 19:46:10[0m] (step=0167200) Train Loss: 0.0896, Train Steps/Sec: 2.68, Samples/Sec: 42.94
[[34m2025-08-13 19:46:47[0m] (step=0167300) Train Loss: 0.0837, Train Steps/Sec: 2.74, Samples/Sec: 43.77
[[34m2025-08-13 19:47:24[0m] (step=0167400) Train Loss: 0.0930, Train Steps/Sec: 2.68, Samples/Sec: 42.82
[[34m2025-08-13 19:48:00[0m] (step=0167500) Train Loss: 0.0997, Train Steps/Sec: 2.77, Samples/Sec: 44.30
[[34m2025-08-13 19:48:37[0m] (step=0167600) Train Loss: 0.0925, Train Steps/Sec: 2.74, Samples/Sec: 43.89
[[34m2025-08-13 19:49:14[0m] (step=0167700) Train Loss: 0.0906, Train Steps/Sec: 2.73, Samples/Sec: 43.62
[[34m2025-08-13 19:49:51[0m] (step=0167800) Train Loss: 0.0922, Train Steps/Sec: 2.70, Samples/Sec: 43.27
[[34m2025-08-13 19:50:28[0m] (step=0167900) Train Loss: 0.0973, Train Steps/Sec: 2.70, Samples/Sec: 43.15
[[34m2025-08-13 19:51:04[0m] (step=0168000) Train Loss: 0.0950, Train Steps/Sec: 2.73, Samples/Sec: 43.72
[[34m2025-08-13 19:51:41[0m] (step=0168100) Train Loss: 0.0868, Train Steps/Sec: 2.72, Samples/Sec: 43.47
[[34m2025-08-13 19:52:18[0m] (step=0168200) Train Loss: 0.0929, Train Steps/Sec: 2.68, Samples/Sec: 42.88
[[34m2025-08-13 19:52:58[0m] (step=0168300) Train Loss: 0.0891, Train Steps/Sec: 2.55, Samples/Sec: 40.84
[[34m2025-08-13 19:53:35[0m] (step=0168400) Train Loss: 0.0847, Train Steps/Sec: 2.68, Samples/Sec: 42.86
[[34m2025-08-13 19:54:12[0m] (step=0168500) Train Loss: 0.0899, Train Steps/Sec: 2.70, Samples/Sec: 43.18
[[34m2025-08-13 19:54:50[0m] (step=0168600) Train Loss: 0.0835, Train Steps/Sec: 2.64, Samples/Sec: 42.18
[[34m2025-08-13 19:55:27[0m] (step=0168700) Train Loss: 0.0933, Train Steps/Sec: 2.71, Samples/Sec: 43.32
[[34m2025-08-13 19:56:03[0m] (step=0168800) Train Loss: 0.0925, Train Steps/Sec: 2.74, Samples/Sec: 43.91
[[34m2025-08-13 19:56:40[0m] (step=0168900) Train Loss: 0.0884, Train Steps/Sec: 2.71, Samples/Sec: 43.37
[[34m2025-08-13 19:56:44[0m] Beginning epoch 2...
[[34m2025-08-13 19:58:16[0m] (step=0169000) Train Loss: 0.0843, Train Steps/Sec: 1.05, Samples/Sec: 16.76
[[34m2025-08-13 19:58:52[0m] (step=0169100) Train Loss: 0.0855, Train Steps/Sec: 2.74, Samples/Sec: 43.85
[[34m2025-08-13 19:59:29[0m] (step=0169200) Train Loss: 0.0879, Train Steps/Sec: 2.73, Samples/Sec: 43.60
[[34m2025-08-13 20:00:04[0m] (step=0169300) Train Loss: 0.0976, Train Steps/Sec: 2.82, Samples/Sec: 45.14
[[34m2025-08-13 20:00:40[0m] (step=0169400) Train Loss: 0.0927, Train Steps/Sec: 2.77, Samples/Sec: 44.39
[[34m2025-08-13 20:01:17[0m] (step=0169500) Train Loss: 0.0873, Train Steps/Sec: 2.76, Samples/Sec: 44.24
[[34m2025-08-13 20:01:53[0m] (step=0169600) Train Loss: 0.0819, Train Steps/Sec: 2.75, Samples/Sec: 43.95
[[34m2025-08-13 20:02:29[0m] (step=0169700) Train Loss: 0.0851, Train Steps/Sec: 2.75, Samples/Sec: 43.96
[[34m2025-08-13 20:03:06[0m] (step=0169800) Train Loss: 0.0925, Train Steps/Sec: 2.76, Samples/Sec: 44.14
[[34m2025-08-13 20:03:42[0m] (step=0169900) Train Loss: 0.0920, Train Steps/Sec: 2.76, Samples/Sec: 44.19
[[34m2025-08-13 20:04:18[0m] (step=0170000) Train Loss: 0.0937, Train Steps/Sec: 2.79, Samples/Sec: 44.59
Using cache found in ./models/facebookresearch_dino_main
Using cache found in ./models/facebookresearch_dino_main
Using cache found in ./models/facebookresearch_dino_main
[[34m2025-08-13 20:04:34[0m] Saved checkpoint to logs/nwm_cdit_airvln_v6_1/checkpoints/latest.pth.tar
Using cache found in ./models/facebookresearch_dino_main
[[34m2025-08-13 20:04:37[0m] Already found a `peft_config` attribute in the model. This will lead to having multiple adapters in the model. Make sure to know what you are doing!
[[34m2025-08-13 20:06:02[0m] (step=0170000) Perceptual Loss: 0.2029, Eval Time: 87.93
[[34m2025-08-13 20:06:38[0m] (step=0170100) Train Loss: 0.0916, Train Steps/Sec: 0.71, Samples/Sec: 11.43
[[34m2025-08-13 20:07:14[0m] (step=0170200) Train Loss: 0.0856, Train Steps/Sec: 2.74, Samples/Sec: 43.80
[[34m2025-08-13 20:07:51[0m] (step=0170300) Train Loss: 0.0832, Train Steps/Sec: 2.75, Samples/Sec: 44.05
[[34m2025-08-13 20:08:28[0m] (step=0170400) Train Loss: 0.0928, Train Steps/Sec: 2.71, Samples/Sec: 43.29
[[34m2025-08-13 20:09:04[0m] (step=0170500) Train Loss: 0.0899, Train Steps/Sec: 2.76, Samples/Sec: 44.22
[[34m2025-08-13 20:09:41[0m] (step=0170600) Train Loss: 0.0861, Train Steps/Sec: 2.72, Samples/Sec: 43.55
[[34m2025-08-13 20:10:18[0m] (step=0170700) Train Loss: 0.0955, Train Steps/Sec: 2.70, Samples/Sec: 43.19
[[34m2025-08-13 20:10:54[0m] (step=0170800) Train Loss: 0.0877, Train Steps/Sec: 2.71, Samples/Sec: 43.39
[[34m2025-08-13 20:11:31[0m] (step=0170900) Train Loss: 0.0887, Train Steps/Sec: 2.73, Samples/Sec: 43.61
[[34m2025-08-13 20:12:08[0m] (step=0171000) Train Loss: 0.0880, Train Steps/Sec: 2.70, Samples/Sec: 43.15
[[34m2025-08-13 20:12:44[0m] (step=0171100) Train Loss: 0.0982, Train Steps/Sec: 2.78, Samples/Sec: 44.40
[[34m2025-08-13 20:13:20[0m] (step=0171200) Train Loss: 0.0965, Train Steps/Sec: 2.78, Samples/Sec: 44.47
[[34m2025-08-13 20:13:57[0m] (step=0171300) Train Loss: 0.0873, Train Steps/Sec: 2.75, Samples/Sec: 43.94
[[34m2025-08-13 20:14:33[0m] (step=0171400) Train Loss: 0.0850, Train Steps/Sec: 2.72, Samples/Sec: 43.57
[[34m2025-08-13 20:15:10[0m] (step=0171500) Train Loss: 0.0888, Train Steps/Sec: 2.77, Samples/Sec: 44.29
[[34m2025-08-13 20:15:47[0m] (step=0171600) Train Loss: 0.0879, Train Steps/Sec: 2.70, Samples/Sec: 43.28
[[34m2025-08-13 20:16:24[0m] (step=0171700) Train Loss: 0.0834, Train Steps/Sec: 2.70, Samples/Sec: 43.13
[[34m2025-08-13 20:17:00[0m] (step=0171800) Train Loss: 0.0810, Train Steps/Sec: 2.75, Samples/Sec: 43.98
[[34m2025-08-13 20:17:37[0m] (step=0171900) Train Loss: 0.0939, Train Steps/Sec: 2.72, Samples/Sec: 43.50
[[34m2025-08-13 20:18:13[0m] (step=0172000) Train Loss: 0.0965, Train Steps/Sec: 2.73, Samples/Sec: 43.75
[[34m2025-08-13 20:18:50[0m] (step=0172100) Train Loss: 0.0973, Train Steps/Sec: 2.74, Samples/Sec: 43.80
[[34m2025-08-13 20:19:26[0m] (step=0172200) Train Loss: 0.0858, Train Steps/Sec: 2.76, Samples/Sec: 44.10
[[34m2025-08-13 20:20:03[0m] (step=0172300) Train Loss: 0.0872, Train Steps/Sec: 2.73, Samples/Sec: 43.67
[[34m2025-08-13 20:20:40[0m] (step=0172400) Train Loss: 0.0957, Train Steps/Sec: 2.69, Samples/Sec: 43.03
[[34m2025-08-13 20:21:16[0m] (step=0172500) Train Loss: 0.0804, Train Steps/Sec: 2.76, Samples/Sec: 44.19
[[34m2025-08-13 20:21:53[0m] (step=0172600) Train Loss: 0.0798, Train Steps/Sec: 2.74, Samples/Sec: 43.77
[[34m2025-08-13 20:22:29[0m] (step=0172700) Train Loss: 0.0847, Train Steps/Sec: 2.77, Samples/Sec: 44.37
[[34m2025-08-13 20:23:06[0m] (step=0172800) Train Loss: 0.0867, Train Steps/Sec: 2.68, Samples/Sec: 42.93
[[34m2025-08-13 20:23:43[0m] (step=0172900) Train Loss: 0.0910, Train Steps/Sec: 2.75, Samples/Sec: 43.92
[[34m2025-08-13 20:24:20[0m] (step=0173000) Train Loss: 0.0988, Train Steps/Sec: 2.71, Samples/Sec: 43.40
[[34m2025-08-13 20:24:56[0m] (step=0173100) Train Loss: 0.0985, Train Steps/Sec: 2.75, Samples/Sec: 43.97
[[34m2025-08-13 20:25:32[0m] (step=0173200) Train Loss: 0.0865, Train Steps/Sec: 2.76, Samples/Sec: 44.14
[[34m2025-08-13 20:26:08[0m] (step=0173300) Train Loss: 0.0882, Train Steps/Sec: 2.77, Samples/Sec: 44.39
[[34m2025-08-13 20:26:44[0m] (step=0173400) Train Loss: 0.0880, Train Steps/Sec: 2.77, Samples/Sec: 44.37
[[34m2025-08-13 20:27:21[0m] (step=0173500) Train Loss: 0.0898, Train Steps/Sec: 2.69, Samples/Sec: 43.04
[[34m2025-08-13 20:27:59[0m] (step=0173600) Train Loss: 0.0882, Train Steps/Sec: 2.69, Samples/Sec: 43.09
[[34m2025-08-13 20:28:36[0m] (step=0173700) Train Loss: 0.0895, Train Steps/Sec: 2.70, Samples/Sec: 43.23
[[34m2025-08-13 20:29:12[0m] (step=0173800) Train Loss: 0.0939, Train Steps/Sec: 2.77, Samples/Sec: 44.34
[[34m2025-08-13 20:29:48[0m] (step=0173900) Train Loss: 0.0883, Train Steps/Sec: 2.75, Samples/Sec: 44.04
[[34m2025-08-13 20:30:25[0m] (step=0174000) Train Loss: 0.0920, Train Steps/Sec: 2.74, Samples/Sec: 43.89
[[34m2025-08-13 20:31:01[0m] (step=0174100) Train Loss: 0.0960, Train Steps/Sec: 2.75, Samples/Sec: 44.05
[[34m2025-08-13 20:31:38[0m] (step=0174200) Train Loss: 0.0869, Train Steps/Sec: 2.71, Samples/Sec: 43.43
[[34m2025-08-13 20:32:16[0m] (step=0174300) Train Loss: 0.0982, Train Steps/Sec: 2.63, Samples/Sec: 42.14
[[34m2025-08-13 20:32:53[0m] (step=0174400) Train Loss: 0.0827, Train Steps/Sec: 2.70, Samples/Sec: 43.16
[[34m2025-08-13 20:33:29[0m] (step=0174500) Train Loss: 0.0993, Train Steps/Sec: 2.76, Samples/Sec: 44.09
[[34m2025-08-13 20:34:06[0m] (step=0174600) Train Loss: 0.0875, Train Steps/Sec: 2.72, Samples/Sec: 43.52
[[34m2025-08-13 20:34:42[0m] (step=0174700) Train Loss: 0.0881, Train Steps/Sec: 2.76, Samples/Sec: 44.12
[[34m2025-08-13 20:35:19[0m] (step=0174800) Train Loss: 0.0890, Train Steps/Sec: 2.73, Samples/Sec: 43.63
[[34m2025-08-13 20:35:55[0m] (step=0174900) Train Loss: 0.0926, Train Steps/Sec: 2.73, Samples/Sec: 43.64
[[34m2025-08-13 20:36:33[0m] (step=0175000) Train Loss: 0.0902, Train Steps/Sec: 2.70, Samples/Sec: 43.18
[[34m2025-08-13 20:37:09[0m] (step=0175100) Train Loss: 0.0826, Train Steps/Sec: 2.72, Samples/Sec: 43.44
[[34m2025-08-13 20:37:46[0m] (step=0175200) Train Loss: 0.0880, Train Steps/Sec: 2.73, Samples/Sec: 43.64
[[34m2025-08-13 20:38:23[0m] (step=0175300) Train Loss: 0.0929, Train Steps/Sec: 2.74, Samples/Sec: 43.78
[[34m2025-08-13 20:38:59[0m] (step=0175400) Train Loss: 0.0992, Train Steps/Sec: 2.72, Samples/Sec: 43.50
[[34m2025-08-13 20:39:36[0m] (step=0175500) Train Loss: 0.0813, Train Steps/Sec: 2.76, Samples/Sec: 44.22
[[34m2025-08-13 20:40:12[0m] (step=0175600) Train Loss: 0.0906, Train Steps/Sec: 2.72, Samples/Sec: 43.53
[[34m2025-08-13 20:40:49[0m] (step=0175700) Train Loss: 0.0874, Train Steps/Sec: 2.73, Samples/Sec: 43.65
[[34m2025-08-13 20:41:25[0m] (step=0175800) Train Loss: 0.0890, Train Steps/Sec: 2.76, Samples/Sec: 44.21
[[34m2025-08-13 20:42:02[0m] (step=0175900) Train Loss: 0.0933, Train Steps/Sec: 2.74, Samples/Sec: 43.79
[[34m2025-08-13 20:42:38[0m] (step=0176000) Train Loss: 0.0888, Train Steps/Sec: 2.78, Samples/Sec: 44.42
[[34m2025-08-13 20:43:14[0m] (step=0176100) Train Loss: 0.0932, Train Steps/Sec: 2.76, Samples/Sec: 44.10
[[34m2025-08-13 20:43:50[0m] (step=0176200) Train Loss: 0.0845, Train Steps/Sec: 2.77, Samples/Sec: 44.29
[[34m2025-08-13 20:44:27[0m] (step=0176300) Train Loss: 0.0872, Train Steps/Sec: 2.70, Samples/Sec: 43.14
[[34m2025-08-13 20:45:04[0m] (step=0176400) Train Loss: 0.0867, Train Steps/Sec: 2.73, Samples/Sec: 43.62
[[34m2025-08-13 20:45:40[0m] (step=0176500) Train Loss: 0.0917, Train Steps/Sec: 2.75, Samples/Sec: 43.93
[[34m2025-08-13 20:46:17[0m] (step=0176600) Train Loss: 0.0966, Train Steps/Sec: 2.74, Samples/Sec: 43.86
[[34m2025-08-13 20:46:53[0m] (step=0176700) Train Loss: 0.0844, Train Steps/Sec: 2.74, Samples/Sec: 43.77
[[34m2025-08-13 20:47:30[0m] (step=0176800) Train Loss: 0.0908, Train Steps/Sec: 2.73, Samples/Sec: 43.74
[[34m2025-08-13 20:48:06[0m] (step=0176900) Train Loss: 0.0923, Train Steps/Sec: 2.76, Samples/Sec: 44.14
[[34m2025-08-13 20:48:43[0m] (step=0177000) Train Loss: 0.0951, Train Steps/Sec: 2.73, Samples/Sec: 43.76
[[34m2025-08-13 20:49:19[0m] (step=0177100) Train Loss: 0.0851, Train Steps/Sec: 2.76, Samples/Sec: 44.23
[[34m2025-08-13 20:49:55[0m] (step=0177200) Train Loss: 0.0953, Train Steps/Sec: 2.75, Samples/Sec: 43.96
[[34m2025-08-13 20:50:32[0m] (step=0177300) Train Loss: 0.0805, Train Steps/Sec: 2.73, Samples/Sec: 43.61
[[34m2025-08-13 20:51:08[0m] (step=0177400) Train Loss: 0.1010, Train Steps/Sec: 2.76, Samples/Sec: 44.18
[[34m2025-08-13 20:51:45[0m] (step=0177500) Train Loss: 0.0907, Train Steps/Sec: 2.73, Samples/Sec: 43.70
[[34m2025-08-13 20:52:21[0m] (step=0177600) Train Loss: 0.0864, Train Steps/Sec: 2.74, Samples/Sec: 43.82
[[34m2025-08-13 20:52:58[0m] (step=0177700) Train Loss: 0.0902, Train Steps/Sec: 2.71, Samples/Sec: 43.37
[[34m2025-08-13 20:53:34[0m] (step=0177800) Train Loss: 0.0962, Train Steps/Sec: 2.78, Samples/Sec: 44.53
[[34m2025-08-13 20:54:10[0m] (step=0177900) Train Loss: 0.0962, Train Steps/Sec: 2.77, Samples/Sec: 44.36
[[34m2025-08-13 20:54:47[0m] (step=0178000) Train Loss: 0.0922, Train Steps/Sec: 2.75, Samples/Sec: 44.01
[[34m2025-08-13 20:55:23[0m] (step=0178100) Train Loss: 0.0909, Train Steps/Sec: 2.75, Samples/Sec: 43.93
[[34m2025-08-13 20:55:59[0m] (step=0178200) Train Loss: 0.0845, Train Steps/Sec: 2.79, Samples/Sec: 44.57
[[34m2025-08-13 20:56:36[0m] (step=0178300) Train Loss: 0.0857, Train Steps/Sec: 2.71, Samples/Sec: 43.32
[[34m2025-08-13 20:57:12[0m] (step=0178400) Train Loss: 0.0870, Train Steps/Sec: 2.78, Samples/Sec: 44.50
[[34m2025-08-13 20:57:48[0m] (step=0178500) Train Loss: 0.0915, Train Steps/Sec: 2.75, Samples/Sec: 44.03
[[34m2025-08-13 20:58:24[0m] (step=0178600) Train Loss: 0.0919, Train Steps/Sec: 2.77, Samples/Sec: 44.31
[[34m2025-08-13 20:59:01[0m] (step=0178700) Train Loss: 0.0855, Train Steps/Sec: 2.74, Samples/Sec: 43.82
[[34m2025-08-13 20:59:37[0m] (step=0178800) Train Loss: 0.0917, Train Steps/Sec: 2.75, Samples/Sec: 43.93
[[34m2025-08-13 21:00:14[0m] (step=0178900) Train Loss: 0.0988, Train Steps/Sec: 2.75, Samples/Sec: 44.08
[[34m2025-08-13 21:00:50[0m] (step=0179000) Train Loss: 0.0839, Train Steps/Sec: 2.74, Samples/Sec: 43.80
[[34m2025-08-13 21:01:27[0m] (step=0179100) Train Loss: 0.0939, Train Steps/Sec: 2.74, Samples/Sec: 43.87
[[34m2025-08-13 21:02:04[0m] (step=0179200) Train Loss: 0.0922, Train Steps/Sec: 2.72, Samples/Sec: 43.53
[[34m2025-08-13 21:02:39[0m] (step=0179300) Train Loss: 0.0879, Train Steps/Sec: 2.79, Samples/Sec: 44.70
[[34m2025-08-13 21:03:16[0m] (step=0179400) Train Loss: 0.0960, Train Steps/Sec: 2.76, Samples/Sec: 44.19
[[34m2025-08-13 21:03:52[0m] (step=0179500) Train Loss: 0.0903, Train Steps/Sec: 2.75, Samples/Sec: 43.96
[[34m2025-08-13 21:04:28[0m] (step=0179600) Train Loss: 0.0854, Train Steps/Sec: 2.75, Samples/Sec: 44.04
[[34m2025-08-13 21:05:05[0m] (step=0179700) Train Loss: 0.0852, Train Steps/Sec: 2.73, Samples/Sec: 43.68
[[34m2025-08-13 21:05:41[0m] (step=0179800) Train Loss: 0.0892, Train Steps/Sec: 2.74, Samples/Sec: 43.77
[[34m2025-08-13 21:06:18[0m] (step=0179900) Train Loss: 0.0885, Train Steps/Sec: 2.77, Samples/Sec: 44.24
[[34m2025-08-13 21:06:54[0m] (step=0180000) Train Loss: 0.0909, Train Steps/Sec: 2.79, Samples/Sec: 44.56
Using cache found in ./models/facebookresearch_dino_main
Using cache found in ./models/facebookresearch_dino_main
Using cache found in ./models/facebookresearch_dino_main
[[34m2025-08-13 21:07:10[0m] Saved checkpoint to logs/nwm_cdit_airvln_v6_1/checkpoints/latest.pth.tar
Using cache found in ./models/facebookresearch_dino_main
[[34m2025-08-13 21:07:13[0m] Already found a `peft_config` attribute in the model. This will lead to having multiple adapters in the model. Make sure to know what you are doing!
[[34m2025-08-13 21:08:38[0m] (step=0180000) Perceptual Loss: 0.1897, Eval Time: 88.14
[[34m2025-08-13 21:09:15[0m] (step=0180100) Train Loss: 0.0967, Train Steps/Sec: 0.71, Samples/Sec: 11.35
[[34m2025-08-13 21:09:52[0m] (step=0180200) Train Loss: 0.0900, Train Steps/Sec: 2.70, Samples/Sec: 43.19
[[34m2025-08-13 21:10:28[0m] (step=0180300) Train Loss: 0.0828, Train Steps/Sec: 2.72, Samples/Sec: 43.49
[[34m2025-08-13 21:11:05[0m] (step=0180400) Train Loss: 0.0875, Train Steps/Sec: 2.76, Samples/Sec: 44.08
[[34m2025-08-13 21:11:41[0m] (step=0180500) Train Loss: 0.0873, Train Steps/Sec: 2.75, Samples/Sec: 43.95
[[34m2025-08-13 21:12:18[0m] (step=0180600) Train Loss: 0.0988, Train Steps/Sec: 2.74, Samples/Sec: 43.91
[[34m2025-08-13 21:12:53[0m] (step=0180700) Train Loss: 0.0952, Train Steps/Sec: 2.79, Samples/Sec: 44.61
[[34m2025-08-13 21:13:30[0m] (step=0180800) Train Loss: 0.0927, Train Steps/Sec: 2.73, Samples/Sec: 43.64
[[34m2025-08-13 21:14:07[0m] (step=0180900) Train Loss: 0.0946, Train Steps/Sec: 2.74, Samples/Sec: 43.80
[[34m2025-08-13 21:14:43[0m] (step=0181000) Train Loss: 0.0916, Train Steps/Sec: 2.74, Samples/Sec: 43.89
[[34m2025-08-13 21:15:20[0m] (step=0181100) Train Loss: 0.0831, Train Steps/Sec: 2.75, Samples/Sec: 44.01
[[34m2025-08-13 21:15:56[0m] (step=0181200) Train Loss: 0.0916, Train Steps/Sec: 2.75, Samples/Sec: 44.02
[[34m2025-08-13 21:16:33[0m] (step=0181300) Train Loss: 0.0953, Train Steps/Sec: 2.72, Samples/Sec: 43.53
[[34m2025-08-13 21:17:09[0m] (step=0181400) Train Loss: 0.0838, Train Steps/Sec: 2.75, Samples/Sec: 43.98
[[34m2025-08-13 21:17:47[0m] (step=0181500) Train Loss: 0.0971, Train Steps/Sec: 2.67, Samples/Sec: 42.69
[[34m2025-08-13 21:18:23[0m] (step=0181600) Train Loss: 0.0886, Train Steps/Sec: 2.72, Samples/Sec: 43.57
[[34m2025-08-13 21:18:59[0m] (step=0181700) Train Loss: 0.0904, Train Steps/Sec: 2.76, Samples/Sec: 44.14
[[34m2025-08-13 21:19:36[0m] (step=0181800) Train Loss: 0.0945, Train Steps/Sec: 2.76, Samples/Sec: 44.20
[[34m2025-08-13 21:20:12[0m] (step=0181900) Train Loss: 0.0948, Train Steps/Sec: 2.79, Samples/Sec: 44.56
[[34m2025-08-13 21:20:48[0m] (step=0182000) Train Loss: 0.0941, Train Steps/Sec: 2.78, Samples/Sec: 44.48
[[34m2025-08-13 21:21:24[0m] (step=0182100) Train Loss: 0.0937, Train Steps/Sec: 2.74, Samples/Sec: 43.87
[[34m2025-08-13 21:22:01[0m] (step=0182200) Train Loss: 0.0836, Train Steps/Sec: 2.71, Samples/Sec: 43.33
[[34m2025-08-13 21:22:38[0m] (step=0182300) Train Loss: 0.1008, Train Steps/Sec: 2.74, Samples/Sec: 43.82
[[34m2025-08-13 21:23:14[0m] (step=0182400) Train Loss: 0.0863, Train Steps/Sec: 2.75, Samples/Sec: 43.94
[[34m2025-08-13 21:23:50[0m] (step=0182500) Train Loss: 0.0825, Train Steps/Sec: 2.77, Samples/Sec: 44.32
[[34m2025-08-13 21:24:27[0m] (step=0182600) Train Loss: 0.0878, Train Steps/Sec: 2.74, Samples/Sec: 43.82
[[34m2025-08-13 21:25:03[0m] (step=0182700) Train Loss: 0.0906, Train Steps/Sec: 2.73, Samples/Sec: 43.72
[[34m2025-08-13 21:25:40[0m] (step=0182800) Train Loss: 0.0943, Train Steps/Sec: 2.73, Samples/Sec: 43.74
[[34m2025-08-13 21:26:17[0m] (step=0182900) Train Loss: 0.0881, Train Steps/Sec: 2.70, Samples/Sec: 43.19
[[34m2025-08-13 21:26:53[0m] (step=0183000) Train Loss: 0.0827, Train Steps/Sec: 2.73, Samples/Sec: 43.73
[[34m2025-08-13 21:27:30[0m] (step=0183100) Train Loss: 0.0957, Train Steps/Sec: 2.72, Samples/Sec: 43.57
[[34m2025-08-13 21:28:06[0m] (step=0183200) Train Loss: 0.0845, Train Steps/Sec: 2.77, Samples/Sec: 44.30
[[34m2025-08-13 21:28:42[0m] (step=0183300) Train Loss: 0.0917, Train Steps/Sec: 2.80, Samples/Sec: 44.79
[[34m2025-08-13 21:29:18[0m] (step=0183400) Train Loss: 0.0852, Train Steps/Sec: 2.78, Samples/Sec: 44.55
[[34m2025-08-13 21:29:55[0m] (step=0183500) Train Loss: 0.0868, Train Steps/Sec: 2.70, Samples/Sec: 43.22
[[34m2025-08-13 21:30:32[0m] (step=0183600) Train Loss: 0.0860, Train Steps/Sec: 2.72, Samples/Sec: 43.58
[[34m2025-08-13 21:31:08[0m] (step=0183700) Train Loss: 0.0947, Train Steps/Sec: 2.77, Samples/Sec: 44.32
[[34m2025-08-13 21:31:44[0m] (step=0183800) Train Loss: 0.0869, Train Steps/Sec: 2.74, Samples/Sec: 43.90
[[34m2025-08-13 21:32:21[0m] (step=0183900) Train Loss: 0.0901, Train Steps/Sec: 2.72, Samples/Sec: 43.60
[[34m2025-08-13 21:32:58[0m] (step=0184000) Train Loss: 0.0967, Train Steps/Sec: 2.72, Samples/Sec: 43.46
[[34m2025-08-13 21:33:34[0m] (step=0184100) Train Loss: 0.0864, Train Steps/Sec: 2.78, Samples/Sec: 44.45
[[34m2025-08-13 21:34:10[0m] (step=0184200) Train Loss: 0.0844, Train Steps/Sec: 2.78, Samples/Sec: 44.50
[[34m2025-08-13 21:34:46[0m] (step=0184300) Train Loss: 0.0934, Train Steps/Sec: 2.75, Samples/Sec: 44.00
[[34m2025-08-13 21:35:23[0m] (step=0184400) Train Loss: 0.0863, Train Steps/Sec: 2.74, Samples/Sec: 43.85
[[34m2025-08-13 21:35:59[0m] (step=0184500) Train Loss: 0.0880, Train Steps/Sec: 2.75, Samples/Sec: 44.02
[[34m2025-08-13 21:36:35[0m] (step=0184600) Train Loss: 0.0922, Train Steps/Sec: 2.76, Samples/Sec: 44.13
[[34m2025-08-13 21:37:12[0m] (step=0184700) Train Loss: 0.0921, Train Steps/Sec: 2.75, Samples/Sec: 44.02
[[34m2025-08-13 21:37:48[0m] (step=0184800) Train Loss: 0.0921, Train Steps/Sec: 2.72, Samples/Sec: 43.56
[[34m2025-08-13 21:38:25[0m] (step=0184900) Train Loss: 0.0880, Train Steps/Sec: 2.74, Samples/Sec: 43.83
[[34m2025-08-13 21:39:02[0m] (step=0185000) Train Loss: 0.0930, Train Steps/Sec: 2.73, Samples/Sec: 43.68
[[34m2025-08-13 21:39:38[0m] (step=0185100) Train Loss: 0.1017, Train Steps/Sec: 2.74, Samples/Sec: 43.81
[[34m2025-08-13 21:40:15[0m] (step=0185200) Train Loss: 0.0828, Train Steps/Sec: 2.74, Samples/Sec: 43.83
[[34m2025-08-13 21:40:51[0m] (step=0185300) Train Loss: 0.0909, Train Steps/Sec: 2.71, Samples/Sec: 43.40
[[34m2025-08-13 21:41:28[0m] (step=0185400) Train Loss: 0.0854, Train Steps/Sec: 2.73, Samples/Sec: 43.69
[[34m2025-08-13 21:42:05[0m] (step=0185500) Train Loss: 0.0863, Train Steps/Sec: 2.70, Samples/Sec: 43.15
[[34m2025-08-13 21:42:42[0m] (step=0185600) Train Loss: 0.0873, Train Steps/Sec: 2.75, Samples/Sec: 43.95
[[34m2025-08-13 21:43:18[0m] (step=0185700) Train Loss: 0.0901, Train Steps/Sec: 2.77, Samples/Sec: 44.29
[[34m2025-08-13 21:43:53[0m] (step=0185800) Train Loss: 0.0803, Train Steps/Sec: 2.82, Samples/Sec: 45.20
[[34m2025-08-13 21:44:29[0m] (step=0185900) Train Loss: 0.0929, Train Steps/Sec: 2.78, Samples/Sec: 44.54
[[34m2025-08-13 21:45:05[0m] (step=0186000) Train Loss: 0.1024, Train Steps/Sec: 2.75, Samples/Sec: 44.04
[[34m2025-08-13 21:45:42[0m] (step=0186100) Train Loss: 0.0875, Train Steps/Sec: 2.77, Samples/Sec: 44.25
[[34m2025-08-13 21:46:18[0m] (step=0186200) Train Loss: 0.0903, Train Steps/Sec: 2.73, Samples/Sec: 43.64
[[34m2025-08-13 21:46:54[0m] (step=0186300) Train Loss: 0.0913, Train Steps/Sec: 2.78, Samples/Sec: 44.48
[[34m2025-08-13 21:47:30[0m] (step=0186400) Train Loss: 0.0894, Train Steps/Sec: 2.77, Samples/Sec: 44.33
[[34m2025-08-13 21:48:07[0m] (step=0186500) Train Loss: 0.0850, Train Steps/Sec: 2.73, Samples/Sec: 43.72
[[34m2025-08-13 21:48:44[0m] (step=0186600) Train Loss: 0.0878, Train Steps/Sec: 2.71, Samples/Sec: 43.30
[[34m2025-08-13 21:49:20[0m] (step=0186700) Train Loss: 0.0803, Train Steps/Sec: 2.79, Samples/Sec: 44.60
[[34m2025-08-13 21:49:56[0m] (step=0186800) Train Loss: 0.0908, Train Steps/Sec: 2.73, Samples/Sec: 43.75
[[34m2025-08-13 21:50:33[0m] (step=0186900) Train Loss: 0.0907, Train Steps/Sec: 2.75, Samples/Sec: 44.03
[[34m2025-08-13 21:51:09[0m] (step=0187000) Train Loss: 0.0868, Train Steps/Sec: 2.79, Samples/Sec: 44.61
[[34m2025-08-13 21:51:45[0m] (step=0187100) Train Loss: 0.0836, Train Steps/Sec: 2.77, Samples/Sec: 44.33
[[34m2025-08-13 21:52:21[0m] (step=0187200) Train Loss: 0.0860, Train Steps/Sec: 2.74, Samples/Sec: 43.77
[[34m2025-08-13 21:52:58[0m] (step=0187300) Train Loss: 0.0886, Train Steps/Sec: 2.70, Samples/Sec: 43.21
[[34m2025-08-13 21:53:34[0m] (step=0187400) Train Loss: 0.0904, Train Steps/Sec: 2.76, Samples/Sec: 44.21
[[34m2025-08-13 21:54:12[0m] (step=0187500) Train Loss: 0.0854, Train Steps/Sec: 2.68, Samples/Sec: 42.93
[[34m2025-08-13 21:54:48[0m] (step=0187600) Train Loss: 0.0876, Train Steps/Sec: 2.78, Samples/Sec: 44.43
[[34m2025-08-13 21:55:24[0m] (step=0187700) Train Loss: 0.0889, Train Steps/Sec: 2.73, Samples/Sec: 43.67
[[34m2025-08-13 21:56:00[0m] (step=0187800) Train Loss: 0.0887, Train Steps/Sec: 2.78, Samples/Sec: 44.43
[[34m2025-08-13 21:56:37[0m] (step=0187900) Train Loss: 0.0838, Train Steps/Sec: 2.71, Samples/Sec: 43.32
[[34m2025-08-13 21:57:14[0m] (step=0188000) Train Loss: 0.0831, Train Steps/Sec: 2.71, Samples/Sec: 43.40
[[34m2025-08-13 21:57:51[0m] (step=0188100) Train Loss: 0.0844, Train Steps/Sec: 2.73, Samples/Sec: 43.73
[[34m2025-08-13 21:58:28[0m] (step=0188200) Train Loss: 0.0966, Train Steps/Sec: 2.70, Samples/Sec: 43.21
[[34m2025-08-13 21:59:05[0m] (step=0188300) Train Loss: 0.0877, Train Steps/Sec: 2.72, Samples/Sec: 43.55
[[34m2025-08-13 21:59:41[0m] (step=0188400) Train Loss: 0.0895, Train Steps/Sec: 2.78, Samples/Sec: 44.49
[[34m2025-08-13 22:00:17[0m] (step=0188500) Train Loss: 0.0813, Train Steps/Sec: 2.77, Samples/Sec: 44.37
[[34m2025-08-13 22:00:53[0m] (step=0188600) Train Loss: 0.0894, Train Steps/Sec: 2.74, Samples/Sec: 43.81
[[34m2025-08-13 22:01:29[0m] (step=0188700) Train Loss: 0.0808, Train Steps/Sec: 2.81, Samples/Sec: 45.03
[[34m2025-08-13 22:02:06[0m] (step=0188800) Train Loss: 0.0928, Train Steps/Sec: 2.69, Samples/Sec: 43.12
[[34m2025-08-13 22:02:42[0m] (step=0188900) Train Loss: 0.0920, Train Steps/Sec: 2.77, Samples/Sec: 44.33
[[34m2025-08-13 22:03:19[0m] (step=0189000) Train Loss: 0.0878, Train Steps/Sec: 2.73, Samples/Sec: 43.65
[[34m2025-08-13 22:03:55[0m] (step=0189100) Train Loss: 0.0923, Train Steps/Sec: 2.76, Samples/Sec: 44.23
[[34m2025-08-13 22:04:32[0m] (step=0189200) Train Loss: 0.0829, Train Steps/Sec: 2.71, Samples/Sec: 43.44
[[34m2025-08-13 22:05:08[0m] (step=0189300) Train Loss: 0.0841, Train Steps/Sec: 2.73, Samples/Sec: 43.72
[[34m2025-08-13 22:05:45[0m] (step=0189400) Train Loss: 0.0870, Train Steps/Sec: 2.69, Samples/Sec: 43.08
[[34m2025-08-13 22:06:23[0m] (step=0189500) Train Loss: 0.0874, Train Steps/Sec: 2.69, Samples/Sec: 42.99
[[34m2025-08-13 22:06:59[0m] (step=0189600) Train Loss: 0.0859, Train Steps/Sec: 2.77, Samples/Sec: 44.27
[[34m2025-08-13 22:07:35[0m] (step=0189700) Train Loss: 0.0893, Train Steps/Sec: 2.78, Samples/Sec: 44.53
[[34m2025-08-13 22:08:11[0m] (step=0189800) Train Loss: 0.0794, Train Steps/Sec: 2.79, Samples/Sec: 44.71
[[34m2025-08-13 22:08:46[0m] (step=0189900) Train Loss: 0.0867, Train Steps/Sec: 2.79, Samples/Sec: 44.60
[[34m2025-08-13 22:09:23[0m] (step=0190000) Train Loss: 0.0881, Train Steps/Sec: 2.71, Samples/Sec: 43.33
Using cache found in ./models/facebookresearch_dino_main
Using cache found in ./models/facebookresearch_dino_main
Using cache found in ./models/facebookresearch_dino_main
[[34m2025-08-13 22:09:45[0m] Saved checkpoint to logs/nwm_cdit_airvln_v6_1/checkpoints/latest.pth.tar
Using cache found in ./models/facebookresearch_dino_main
[[34m2025-08-13 22:09:50[0m] Already found a `peft_config` attribute in the model. This will lead to having multiple adapters in the model. Make sure to know what you are doing!
[[34m2025-08-13 22:11:17[0m] (step=0190000) Perceptual Loss: 0.2157, Eval Time: 91.57
[[34m2025-08-13 22:11:53[0m] (step=0190100) Train Loss: 0.0852, Train Steps/Sec: 0.67, Samples/Sec: 10.66
[[34m2025-08-13 22:12:30[0m] (step=0190200) Train Loss: 0.0846, Train Steps/Sec: 2.74, Samples/Sec: 43.82
[[34m2025-08-13 22:13:06[0m] (step=0190300) Train Loss: 0.0878, Train Steps/Sec: 2.75, Samples/Sec: 43.97
[[34m2025-08-13 22:13:43[0m] (step=0190400) Train Loss: 0.0900, Train Steps/Sec: 2.74, Samples/Sec: 43.81
[[34m2025-08-13 22:14:19[0m] (step=0190500) Train Loss: 0.0948, Train Steps/Sec: 2.75, Samples/Sec: 44.07
[[34m2025-08-13 22:14:55[0m] (step=0190600) Train Loss: 0.0893, Train Steps/Sec: 2.77, Samples/Sec: 44.28
[[34m2025-08-13 22:15:32[0m] (step=0190700) Train Loss: 0.0942, Train Steps/Sec: 2.69, Samples/Sec: 43.12
[[34m2025-08-13 22:16:09[0m] (step=0190800) Train Loss: 0.0794, Train Steps/Sec: 2.75, Samples/Sec: 43.94
[[34m2025-08-13 22:16:45[0m] (step=0190900) Train Loss: 0.0849, Train Steps/Sec: 2.73, Samples/Sec: 43.72
[[34m2025-08-13 22:17:22[0m] (step=0191000) Train Loss: 0.0893, Train Steps/Sec: 2.77, Samples/Sec: 44.32
[[34m2025-08-13 22:17:58[0m] (step=0191100) Train Loss: 0.0851, Train Steps/Sec: 2.75, Samples/Sec: 44.05
[[34m2025-08-13 22:18:34[0m] (step=0191200) Train Loss: 0.0851, Train Steps/Sec: 2.74, Samples/Sec: 43.92
[[34m2025-08-13 22:19:11[0m] (step=0191300) Train Loss: 0.0873, Train Steps/Sec: 2.75, Samples/Sec: 43.94
[[34m2025-08-13 22:19:47[0m] (step=0191400) Train Loss: 0.0878, Train Steps/Sec: 2.73, Samples/Sec: 43.72
[[34m2025-08-13 22:20:24[0m] (step=0191500) Train Loss: 0.0878, Train Steps/Sec: 2.74, Samples/Sec: 43.88
[[34m2025-08-13 22:21:00[0m] (step=0191600) Train Loss: 0.0904, Train Steps/Sec: 2.75, Samples/Sec: 44.01
[[34m2025-08-13 22:21:37[0m] (step=0191700) Train Loss: 0.0893, Train Steps/Sec: 2.75, Samples/Sec: 43.92
[[34m2025-08-13 22:22:13[0m] (step=0191800) Train Loss: 0.0957, Train Steps/Sec: 2.74, Samples/Sec: 43.88
[[34m2025-08-13 22:22:50[0m] (step=0191900) Train Loss: 0.0944, Train Steps/Sec: 2.71, Samples/Sec: 43.43
[[34m2025-08-13 22:23:27[0m] (step=0192000) Train Loss: 0.0898, Train Steps/Sec: 2.71, Samples/Sec: 43.31
[[34m2025-08-13 22:24:04[0m] (step=0192100) Train Loss: 0.0899, Train Steps/Sec: 2.68, Samples/Sec: 42.86
[[34m2025-08-13 22:24:41[0m] (step=0192200) Train Loss: 0.0900, Train Steps/Sec: 2.72, Samples/Sec: 43.48
[[34m2025-08-13 22:25:18[0m] (step=0192300) Train Loss: 0.0850, Train Steps/Sec: 2.74, Samples/Sec: 43.84
[[34m2025-08-13 22:25:54[0m] (step=0192400) Train Loss: 0.0859, Train Steps/Sec: 2.73, Samples/Sec: 43.66
[[34m2025-08-13 22:26:31[0m] (step=0192500) Train Loss: 0.0945, Train Steps/Sec: 2.71, Samples/Sec: 43.35
[[34m2025-08-13 22:27:07[0m] (step=0192600) Train Loss: 0.0860, Train Steps/Sec: 2.76, Samples/Sec: 44.11
[[34m2025-08-13 22:27:44[0m] (step=0192700) Train Loss: 0.0811, Train Steps/Sec: 2.71, Samples/Sec: 43.31
[[34m2025-08-13 22:28:21[0m] (step=0192800) Train Loss: 0.0920, Train Steps/Sec: 2.71, Samples/Sec: 43.39
[[34m2025-08-13 22:28:58[0m] (step=0192900) Train Loss: 0.0900, Train Steps/Sec: 2.73, Samples/Sec: 43.74
[[34m2025-08-13 22:29:34[0m] (step=0193000) Train Loss: 0.0893, Train Steps/Sec: 2.73, Samples/Sec: 43.71
[[34m2025-08-13 22:30:11[0m] (step=0193100) Train Loss: 0.0880, Train Steps/Sec: 2.73, Samples/Sec: 43.67
[[34m2025-08-13 22:30:48[0m] (step=0193200) Train Loss: 0.0843, Train Steps/Sec: 2.73, Samples/Sec: 43.63
[[34m2025-08-13 22:31:24[0m] (step=0193300) Train Loss: 0.0874, Train Steps/Sec: 2.74, Samples/Sec: 43.82
[[34m2025-08-13 22:32:02[0m] (step=0193400) Train Loss: 0.0856, Train Steps/Sec: 2.66, Samples/Sec: 42.55
[[34m2025-08-13 22:32:39[0m] (step=0193500) Train Loss: 0.0834, Train Steps/Sec: 2.69, Samples/Sec: 43.10
[[34m2025-08-13 22:33:15[0m] (step=0193600) Train Loss: 0.0888, Train Steps/Sec: 2.77, Samples/Sec: 44.27
[[34m2025-08-13 22:33:51[0m] (step=0193700) Train Loss: 0.0885, Train Steps/Sec: 2.80, Samples/Sec: 44.72
[[34m2025-08-13 22:34:27[0m] (step=0193800) Train Loss: 0.0786, Train Steps/Sec: 2.76, Samples/Sec: 44.19
[[34m2025-08-13 22:35:03[0m] (step=0193900) Train Loss: 0.0891, Train Steps/Sec: 2.77, Samples/Sec: 44.35
[[34m2025-08-13 22:35:40[0m] (step=0194000) Train Loss: 0.0892, Train Steps/Sec: 2.74, Samples/Sec: 43.90
[[34m2025-08-13 22:36:16[0m] (step=0194100) Train Loss: 0.0876, Train Steps/Sec: 2.75, Samples/Sec: 43.97
[[34m2025-08-13 22:36:53[0m] (step=0194200) Train Loss: 0.0845, Train Steps/Sec: 2.74, Samples/Sec: 43.81
[[34m2025-08-13 22:37:29[0m] (step=0194300) Train Loss: 0.0897, Train Steps/Sec: 2.73, Samples/Sec: 43.75
[[34m2025-08-13 22:38:06[0m] (step=0194400) Train Loss: 0.0973, Train Steps/Sec: 2.74, Samples/Sec: 43.89
[[34m2025-08-13 22:38:42[0m] (step=0194500) Train Loss: 0.0923, Train Steps/Sec: 2.73, Samples/Sec: 43.71
[[34m2025-08-13 22:39:18[0m] (step=0194600) Train Loss: 0.0909, Train Steps/Sec: 2.77, Samples/Sec: 44.40
[[34m2025-08-13 22:39:55[0m] (step=0194700) Train Loss: 0.0965, Train Steps/Sec: 2.75, Samples/Sec: 44.00
[[34m2025-08-13 22:40:31[0m] (step=0194800) Train Loss: 0.0877, Train Steps/Sec: 2.74, Samples/Sec: 43.78
[[34m2025-08-13 22:41:08[0m] (step=0194900) Train Loss: 0.0921, Train Steps/Sec: 2.70, Samples/Sec: 43.20
[[34m2025-08-13 22:41:45[0m] (step=0195000) Train Loss: 0.0915, Train Steps/Sec: 2.70, Samples/Sec: 43.16
[[34m2025-08-13 22:42:22[0m] (step=0195100) Train Loss: 0.0848, Train Steps/Sec: 2.75, Samples/Sec: 44.02
[[34m2025-08-13 22:43:00[0m] (step=0195200) Train Loss: 0.0925, Train Steps/Sec: 2.63, Samples/Sec: 42.12
[[34m2025-08-13 22:43:36[0m] (step=0195300) Train Loss: 0.0890, Train Steps/Sec: 2.72, Samples/Sec: 43.59
[[34m2025-08-13 22:44:13[0m] (step=0195400) Train Loss: 0.0917, Train Steps/Sec: 2.76, Samples/Sec: 44.09
[[34m2025-08-13 22:44:49[0m] (step=0195500) Train Loss: 0.0966, Train Steps/Sec: 2.75, Samples/Sec: 43.92
[[34m2025-08-13 22:45:26[0m] (step=0195600) Train Loss: 0.0793, Train Steps/Sec: 2.71, Samples/Sec: 43.37
[[34m2025-08-13 22:46:03[0m] (step=0195700) Train Loss: 0.0940, Train Steps/Sec: 2.69, Samples/Sec: 43.11
[[34m2025-08-13 22:46:40[0m] (step=0195800) Train Loss: 0.0915, Train Steps/Sec: 2.75, Samples/Sec: 44.00
[[34m2025-08-13 22:47:16[0m] (step=0195900) Train Loss: 0.0886, Train Steps/Sec: 2.74, Samples/Sec: 43.76
[[34m2025-08-13 22:47:53[0m] (step=0196000) Train Loss: 0.0882, Train Steps/Sec: 2.73, Samples/Sec: 43.71
[[34m2025-08-13 22:48:29[0m] (step=0196100) Train Loss: 0.0838, Train Steps/Sec: 2.74, Samples/Sec: 43.84
[[34m2025-08-13 22:49:06[0m] (step=0196200) Train Loss: 0.0908, Train Steps/Sec: 2.71, Samples/Sec: 43.29
[[34m2025-08-13 22:49:43[0m] (step=0196300) Train Loss: 0.0888, Train Steps/Sec: 2.72, Samples/Sec: 43.45
[[34m2025-08-13 22:50:20[0m] (step=0196400) Train Loss: 0.0805, Train Steps/Sec: 2.74, Samples/Sec: 43.91
[[34m2025-08-13 22:50:56[0m] (step=0196500) Train Loss: 0.0902, Train Steps/Sec: 2.75, Samples/Sec: 44.03
[[34m2025-08-13 22:51:32[0m] (step=0196600) Train Loss: 0.0848, Train Steps/Sec: 2.74, Samples/Sec: 43.84
[[34m2025-08-13 22:52:09[0m] (step=0196700) Train Loss: 0.0864, Train Steps/Sec: 2.72, Samples/Sec: 43.52
[[34m2025-08-13 22:52:45[0m] (step=0196800) Train Loss: 0.0883, Train Steps/Sec: 2.78, Samples/Sec: 44.48
[[34m2025-08-13 22:53:22[0m] (step=0196900) Train Loss: 0.0893, Train Steps/Sec: 2.73, Samples/Sec: 43.61
[[34m2025-08-13 22:53:59[0m] (step=0197000) Train Loss: 0.0949, Train Steps/Sec: 2.70, Samples/Sec: 43.19
[[34m2025-08-13 22:54:35[0m] (step=0197100) Train Loss: 0.0855, Train Steps/Sec: 2.75, Samples/Sec: 44.05
[[34m2025-08-13 22:55:12[0m] (step=0197200) Train Loss: 0.0960, Train Steps/Sec: 2.75, Samples/Sec: 44.06
[[34m2025-08-13 22:55:48[0m] (step=0197300) Train Loss: 0.0947, Train Steps/Sec: 2.74, Samples/Sec: 43.85
[[34m2025-08-13 22:56:25[0m] (step=0197400) Train Loss: 0.0830, Train Steps/Sec: 2.71, Samples/Sec: 43.38
[[34m2025-08-13 22:57:01[0m] (step=0197500) Train Loss: 0.0968, Train Steps/Sec: 2.76, Samples/Sec: 44.12
[[34m2025-08-13 22:57:38[0m] (step=0197600) Train Loss: 0.0899, Train Steps/Sec: 2.74, Samples/Sec: 43.84
[[34m2025-08-13 22:58:15[0m] (step=0197700) Train Loss: 0.0883, Train Steps/Sec: 2.72, Samples/Sec: 43.58
[[34m2025-08-13 22:58:51[0m] (step=0197800) Train Loss: 0.0849, Train Steps/Sec: 2.77, Samples/Sec: 44.29
[[34m2025-08-13 22:59:27[0m] (step=0197900) Train Loss: 0.0851, Train Steps/Sec: 2.76, Samples/Sec: 44.16
[[34m2025-08-13 23:00:04[0m] (step=0198000) Train Loss: 0.0927, Train Steps/Sec: 2.71, Samples/Sec: 43.32
[[34m2025-08-13 23:00:41[0m] (step=0198100) Train Loss: 0.0871, Train Steps/Sec: 2.72, Samples/Sec: 43.57
[[34m2025-08-13 23:01:17[0m] (step=0198200) Train Loss: 0.0926, Train Steps/Sec: 2.74, Samples/Sec: 43.79
[[34m2025-08-13 23:01:54[0m] (step=0198300) Train Loss: 0.0953, Train Steps/Sec: 2.75, Samples/Sec: 43.97
[[34m2025-08-13 23:02:30[0m] (step=0198400) Train Loss: 0.0880, Train Steps/Sec: 2.73, Samples/Sec: 43.69
[[34m2025-08-13 23:03:06[0m] (step=0198500) Train Loss: 0.0904, Train Steps/Sec: 2.76, Samples/Sec: 44.13
[[34m2025-08-13 23:03:43[0m] (step=0198600) Train Loss: 0.0833, Train Steps/Sec: 2.73, Samples/Sec: 43.67
[[34m2025-08-13 23:04:20[0m] (step=0198700) Train Loss: 0.0961, Train Steps/Sec: 2.72, Samples/Sec: 43.52
[[34m2025-08-13 23:04:56[0m] (step=0198800) Train Loss: 0.0932, Train Steps/Sec: 2.77, Samples/Sec: 44.26
[[34m2025-08-13 23:05:33[0m] (step=0198900) Train Loss: 0.0900, Train Steps/Sec: 2.73, Samples/Sec: 43.64
[[34m2025-08-13 23:06:09[0m] (step=0199000) Train Loss: 0.0897, Train Steps/Sec: 2.74, Samples/Sec: 43.79
[[34m2025-08-13 23:06:46[0m] (step=0199100) Train Loss: 0.0905, Train Steps/Sec: 2.71, Samples/Sec: 43.35
[[34m2025-08-13 23:07:22[0m] (step=0199200) Train Loss: 0.0889, Train Steps/Sec: 2.77, Samples/Sec: 44.34
[[34m2025-08-13 23:07:59[0m] (step=0199300) Train Loss: 0.0810, Train Steps/Sec: 2.71, Samples/Sec: 43.35
[[34m2025-08-13 23:08:36[0m] (step=0199400) Train Loss: 0.0914, Train Steps/Sec: 2.75, Samples/Sec: 43.97
[[34m2025-08-13 23:09:12[0m] (step=0199500) Train Loss: 0.0921, Train Steps/Sec: 2.76, Samples/Sec: 44.18
[[34m2025-08-13 23:09:48[0m] (step=0199600) Train Loss: 0.0898, Train Steps/Sec: 2.76, Samples/Sec: 44.19
[[34m2025-08-13 23:10:24[0m] (step=0199700) Train Loss: 0.0817, Train Steps/Sec: 2.76, Samples/Sec: 44.08
[[34m2025-08-13 23:11:00[0m] (step=0199800) Train Loss: 0.0881, Train Steps/Sec: 2.77, Samples/Sec: 44.25
[[34m2025-08-13 23:11:37[0m] (step=0199900) Train Loss: 0.0905, Train Steps/Sec: 2.74, Samples/Sec: 43.88
[[34m2025-08-13 23:12:14[0m] (step=0200000) Train Loss: 0.0780, Train Steps/Sec: 2.71, Samples/Sec: 43.39
Using cache found in ./models/facebookresearch_dino_main
Using cache found in ./models/facebookresearch_dino_main
Using cache found in ./models/facebookresearch_dino_main
[[34m2025-08-13 23:12:56[0m] Saved checkpoint to logs/nwm_cdit_airvln_v6_1/checkpoints/0200000.pth.tar
Using cache found in ./models/facebookresearch_dino_main
[[34m2025-08-13 23:13:01[0m] Already found a `peft_config` attribute in the model. This will lead to having multiple adapters in the model. Make sure to know what you are doing!
[[34m2025-08-13 23:14:28[0m] (step=0200000) Perceptual Loss: 0.1820, Eval Time: 92.72
[[34m2025-08-13 23:15:05[0m] (step=0200100) Train Loss: 0.0917, Train Steps/Sec: 0.58, Samples/Sec: 9.33
[[34m2025-08-13 23:15:42[0m] (step=0200200) Train Loss: 0.0885, Train Steps/Sec: 2.74, Samples/Sec: 43.79
[[34m2025-08-13 23:16:19[0m] (step=0200300) Train Loss: 0.0831, Train Steps/Sec: 2.72, Samples/Sec: 43.50
[[34m2025-08-13 23:16:55[0m] (step=0200400) Train Loss: 0.0821, Train Steps/Sec: 2.74, Samples/Sec: 43.77
[[34m2025-08-13 23:17:32[0m] (step=0200500) Train Loss: 0.0831, Train Steps/Sec: 2.72, Samples/Sec: 43.51
[[34m2025-08-13 23:18:10[0m] (step=0200600) Train Loss: 0.0898, Train Steps/Sec: 2.63, Samples/Sec: 42.06
[[34m2025-08-13 23:18:47[0m] (step=0200700) Train Loss: 0.0919, Train Steps/Sec: 2.69, Samples/Sec: 43.00
[[34m2025-08-13 23:19:24[0m] (step=0200800) Train Loss: 0.0890, Train Steps/Sec: 2.73, Samples/Sec: 43.63
[[34m2025-08-13 23:20:01[0m] (step=0200900) Train Loss: 0.0815, Train Steps/Sec: 2.72, Samples/Sec: 43.54
[[34m2025-08-13 23:20:37[0m] (step=0201000) Train Loss: 0.0764, Train Steps/Sec: 2.75, Samples/Sec: 43.97
[[34m2025-08-13 23:21:14[0m] (step=0201100) Train Loss: 0.0853, Train Steps/Sec: 2.72, Samples/Sec: 43.51
[[34m2025-08-13 23:21:51[0m] (step=0201200) Train Loss: 0.0919, Train Steps/Sec: 2.69, Samples/Sec: 43.03
[[34m2025-08-13 23:22:28[0m] (step=0201300) Train Loss: 0.0948, Train Steps/Sec: 2.72, Samples/Sec: 43.54
[[34m2025-08-13 23:23:04[0m] (step=0201400) Train Loss: 0.0919, Train Steps/Sec: 2.75, Samples/Sec: 44.01
[[34m2025-08-13 23:23:40[0m] (step=0201500) Train Loss: 0.0857, Train Steps/Sec: 2.76, Samples/Sec: 44.20
[[34m2025-08-13 23:24:17[0m] (step=0201600) Train Loss: 0.0896, Train Steps/Sec: 2.74, Samples/Sec: 43.77
[[34m2025-08-13 23:24:54[0m] (step=0201700) Train Loss: 0.0807, Train Steps/Sec: 2.72, Samples/Sec: 43.50
[[34m2025-08-13 23:25:31[0m] (step=0201800) Train Loss: 0.0956, Train Steps/Sec: 2.70, Samples/Sec: 43.27
[[34m2025-08-13 23:26:08[0m] (step=0201900) Train Loss: 0.0888, Train Steps/Sec: 2.70, Samples/Sec: 43.18
[[34m2025-08-13 23:26:45[0m] (step=0202000) Train Loss: 0.0934, Train Steps/Sec: 2.69, Samples/Sec: 43.07
[[34m2025-08-13 23:27:21[0m] (step=0202100) Train Loss: 0.0898, Train Steps/Sec: 2.74, Samples/Sec: 43.88
[[34m2025-08-13 23:27:58[0m] (step=0202200) Train Loss: 0.0852, Train Steps/Sec: 2.74, Samples/Sec: 43.88
[[34m2025-08-13 23:28:34[0m] (step=0202300) Train Loss: 0.0859, Train Steps/Sec: 2.74, Samples/Sec: 43.88
[[34m2025-08-13 23:29:10[0m] (step=0202400) Train Loss: 0.0875, Train Steps/Sec: 2.77, Samples/Sec: 44.26
[[34m2025-08-13 23:29:47[0m] (step=0202500) Train Loss: 0.0830, Train Steps/Sec: 2.74, Samples/Sec: 43.82
[[34m2025-08-13 23:30:23[0m] (step=0202600) Train Loss: 0.0860, Train Steps/Sec: 2.74, Samples/Sec: 43.84
[[34m2025-08-13 23:31:00[0m] (step=0202700) Train Loss: 0.0899, Train Steps/Sec: 2.76, Samples/Sec: 44.24
[[34m2025-08-13 23:31:36[0m] (step=0202800) Train Loss: 0.0863, Train Steps/Sec: 2.78, Samples/Sec: 44.45
[[34m2025-08-13 23:32:12[0m] (step=0202900) Train Loss: 0.0889, Train Steps/Sec: 2.74, Samples/Sec: 43.90
[[34m2025-08-13 23:32:49[0m] (step=0203000) Train Loss: 0.0786, Train Steps/Sec: 2.73, Samples/Sec: 43.75
[[34m2025-08-13 23:33:26[0m] (step=0203100) Train Loss: 0.0791, Train Steps/Sec: 2.66, Samples/Sec: 42.51
[[34m2025-08-13 23:34:03[0m] (step=0203200) Train Loss: 0.0816, Train Steps/Sec: 2.72, Samples/Sec: 43.58
[[34m2025-08-13 23:34:40[0m] (step=0203300) Train Loss: 0.0829, Train Steps/Sec: 2.72, Samples/Sec: 43.54
[[34m2025-08-13 23:35:16[0m] (step=0203400) Train Loss: 0.0796, Train Steps/Sec: 2.73, Samples/Sec: 43.60
[[34m2025-08-13 23:35:54[0m] (step=0203500) Train Loss: 0.0873, Train Steps/Sec: 2.70, Samples/Sec: 43.15
[[34m2025-08-13 23:36:30[0m] (step=0203600) Train Loss: 0.0756, Train Steps/Sec: 2.77, Samples/Sec: 44.34
[[34m2025-08-13 23:37:07[0m] (step=0203700) Train Loss: 0.0913, Train Steps/Sec: 2.68, Samples/Sec: 42.92
[[34m2025-08-13 23:37:44[0m] (step=0203800) Train Loss: 0.0860, Train Steps/Sec: 2.73, Samples/Sec: 43.70
[[34m2025-08-13 23:38:20[0m] (step=0203900) Train Loss: 0.0886, Train Steps/Sec: 2.71, Samples/Sec: 43.36
[[34m2025-08-13 23:38:57[0m] (step=0204000) Train Loss: 0.0883, Train Steps/Sec: 2.70, Samples/Sec: 43.28
[[34m2025-08-13 23:39:33[0m] (step=0204100) Train Loss: 0.0864, Train Steps/Sec: 2.78, Samples/Sec: 44.49
[[34m2025-08-13 23:40:09[0m] (step=0204200) Train Loss: 0.0854, Train Steps/Sec: 2.78, Samples/Sec: 44.42
[[34m2025-08-13 23:40:46[0m] (step=0204300) Train Loss: 0.0847, Train Steps/Sec: 2.74, Samples/Sec: 43.83
[[34m2025-08-13 23:41:25[0m] (step=0204400) Train Loss: 0.0816, Train Steps/Sec: 2.57, Samples/Sec: 41.11
[[34m2025-08-13 23:42:26[0m] (step=0204500) Train Loss: 0.0913, Train Steps/Sec: 1.63, Samples/Sec: 26.14
[[34m2025-08-13 23:43:03[0m] (step=0204600) Train Loss: 0.0904, Train Steps/Sec: 2.74, Samples/Sec: 43.78
[[34m2025-08-13 23:43:39[0m] (step=0204700) Train Loss: 0.0830, Train Steps/Sec: 2.79, Samples/Sec: 44.57
[[34m2025-08-13 23:44:15[0m] (step=0204800) Train Loss: 0.0858, Train Steps/Sec: 2.77, Samples/Sec: 44.33
[[34m2025-08-13 23:44:51[0m] (step=0204900) Train Loss: 0.0792, Train Steps/Sec: 2.76, Samples/Sec: 44.12
[[34m2025-08-13 23:45:28[0m] (step=0205000) Train Loss: 0.0823, Train Steps/Sec: 2.73, Samples/Sec: 43.62
[[34m2025-08-13 23:46:04[0m] (step=0205100) Train Loss: 0.0910, Train Steps/Sec: 2.71, Samples/Sec: 43.44
[[34m2025-08-13 23:46:42[0m] (step=0205200) Train Loss: 0.0858, Train Steps/Sec: 2.69, Samples/Sec: 43.04
[[34m2025-08-13 23:47:18[0m] (step=0205300) Train Loss: 0.0820, Train Steps/Sec: 2.72, Samples/Sec: 43.47
[[34m2025-08-13 23:47:55[0m] (step=0205400) Train Loss: 0.0855, Train Steps/Sec: 2.75, Samples/Sec: 43.96
[[34m2025-08-13 23:48:31[0m] (step=0205500) Train Loss: 0.0963, Train Steps/Sec: 2.74, Samples/Sec: 43.83
[[34m2025-08-13 23:49:08[0m] (step=0205600) Train Loss: 0.0882, Train Steps/Sec: 2.72, Samples/Sec: 43.49
[[34m2025-08-13 23:49:45[0m] (step=0205700) Train Loss: 0.0953, Train Steps/Sec: 2.71, Samples/Sec: 43.43
[[34m2025-08-13 23:50:21[0m] (step=0205800) Train Loss: 0.0913, Train Steps/Sec: 2.77, Samples/Sec: 44.37
[[34m2025-08-13 23:50:58[0m] (step=0205900) Train Loss: 0.0936, Train Steps/Sec: 2.69, Samples/Sec: 43.05
[[34m2025-08-13 23:51:35[0m] (step=0206000) Train Loss: 0.0866, Train Steps/Sec: 2.74, Samples/Sec: 43.91
[[34m2025-08-13 23:52:11[0m] (step=0206100) Train Loss: 0.0813, Train Steps/Sec: 2.76, Samples/Sec: 44.13
[[34m2025-08-13 23:52:47[0m] (step=0206200) Train Loss: 0.0897, Train Steps/Sec: 2.77, Samples/Sec: 44.34
[[34m2025-08-13 23:53:24[0m] (step=0206300) Train Loss: 0.0877, Train Steps/Sec: 2.73, Samples/Sec: 43.70
[[34m2025-08-13 23:54:01[0m] (step=0206400) Train Loss: 0.0793, Train Steps/Sec: 2.71, Samples/Sec: 43.29
[[34m2025-08-13 23:54:38[0m] (step=0206500) Train Loss: 0.0833, Train Steps/Sec: 2.71, Samples/Sec: 43.35
[[34m2025-08-13 23:55:15[0m] (step=0206600) Train Loss: 0.0863, Train Steps/Sec: 2.69, Samples/Sec: 43.04
[[34m2025-08-13 23:55:52[0m] (step=0206700) Train Loss: 0.0845, Train Steps/Sec: 2.65, Samples/Sec: 42.42
[[34m2025-08-13 23:56:30[0m] (step=0206800) Train Loss: 0.0826, Train Steps/Sec: 2.68, Samples/Sec: 42.95
[[34m2025-08-13 23:57:07[0m] (step=0206900) Train Loss: 0.0880, Train Steps/Sec: 2.68, Samples/Sec: 42.91
[[34m2025-08-13 23:57:43[0m] (step=0207000) Train Loss: 0.0909, Train Steps/Sec: 2.77, Samples/Sec: 44.37
[[34m2025-08-13 23:58:20[0m] (step=0207100) Train Loss: 0.0859, Train Steps/Sec: 2.71, Samples/Sec: 43.33
[[34m2025-08-13 23:58:57[0m] (step=0207200) Train Loss: 0.0884, Train Steps/Sec: 2.71, Samples/Sec: 43.38
[[34m2025-08-13 23:59:33[0m] (step=0207300) Train Loss: 0.0838, Train Steps/Sec: 2.79, Samples/Sec: 44.70
[[34m2025-08-14 00:00:09[0m] (step=0207400) Train Loss: 0.0879, Train Steps/Sec: 2.76, Samples/Sec: 44.15
[[34m2025-08-14 00:00:46[0m] (step=0207500) Train Loss: 0.0810, Train Steps/Sec: 2.73, Samples/Sec: 43.70
[[34m2025-08-14 00:01:22[0m] (step=0207600) Train Loss: 0.0914, Train Steps/Sec: 2.76, Samples/Sec: 44.17
[[34m2025-08-14 00:01:59[0m] (step=0207700) Train Loss: 0.0822, Train Steps/Sec: 2.69, Samples/Sec: 43.05
[[34m2025-08-14 00:02:36[0m] (step=0207800) Train Loss: 0.0928, Train Steps/Sec: 2.72, Samples/Sec: 43.58
[[34m2025-08-14 00:03:13[0m] (step=0207900) Train Loss: 0.0859, Train Steps/Sec: 2.72, Samples/Sec: 43.54
[[34m2025-08-14 00:03:49[0m] (step=0208000) Train Loss: 0.0852, Train Steps/Sec: 2.71, Samples/Sec: 43.30
[[34m2025-08-14 00:04:26[0m] (step=0208100) Train Loss: 0.0815, Train Steps/Sec: 2.72, Samples/Sec: 43.50
[[34m2025-08-14 00:05:03[0m] (step=0208200) Train Loss: 0.0836, Train Steps/Sec: 2.72, Samples/Sec: 43.50
[[34m2025-08-14 00:05:40[0m] (step=0208300) Train Loss: 0.0936, Train Steps/Sec: 2.69, Samples/Sec: 43.06
[[34m2025-08-14 00:06:17[0m] (step=0208400) Train Loss: 0.0875, Train Steps/Sec: 2.75, Samples/Sec: 44.04
[[34m2025-08-14 00:06:54[0m] (step=0208500) Train Loss: 0.0922, Train Steps/Sec: 2.64, Samples/Sec: 42.23
[[34m2025-08-14 00:07:31[0m] (step=0208600) Train Loss: 0.0913, Train Steps/Sec: 2.73, Samples/Sec: 43.60
[[34m2025-08-14 00:08:08[0m] (step=0208700) Train Loss: 0.0820, Train Steps/Sec: 2.75, Samples/Sec: 43.99
[[34m2025-08-14 00:08:44[0m] (step=0208800) Train Loss: 0.0911, Train Steps/Sec: 2.77, Samples/Sec: 44.32
[[34m2025-08-14 00:09:20[0m] (step=0208900) Train Loss: 0.0843, Train Steps/Sec: 2.75, Samples/Sec: 43.96
[[34m2025-08-14 00:09:57[0m] (step=0209000) Train Loss: 0.0869, Train Steps/Sec: 2.73, Samples/Sec: 43.65
[[34m2025-08-14 00:10:34[0m] (step=0209100) Train Loss: 0.0885, Train Steps/Sec: 2.72, Samples/Sec: 43.52
[[34m2025-08-14 00:11:12[0m] (step=0209200) Train Loss: 0.0918, Train Steps/Sec: 2.62, Samples/Sec: 41.88
[[34m2025-08-14 00:11:49[0m] (step=0209300) Train Loss: 0.0836, Train Steps/Sec: 2.72, Samples/Sec: 43.45
[[34m2025-08-14 00:12:24[0m] (step=0209400) Train Loss: 0.0888, Train Steps/Sec: 2.79, Samples/Sec: 44.62
[[34m2025-08-14 00:13:01[0m] (step=0209500) Train Loss: 0.0904, Train Steps/Sec: 2.75, Samples/Sec: 43.95
[[34m2025-08-14 00:13:37[0m] (step=0209600) Train Loss: 0.0852, Train Steps/Sec: 2.75, Samples/Sec: 44.06
[[34m2025-08-14 00:14:15[0m] (step=0209700) Train Loss: 0.0880, Train Steps/Sec: 2.66, Samples/Sec: 42.57
[[34m2025-08-14 00:14:52[0m] (step=0209800) Train Loss: 0.0883, Train Steps/Sec: 2.72, Samples/Sec: 43.49
[[34m2025-08-14 00:15:29[0m] (step=0209900) Train Loss: 0.0838, Train Steps/Sec: 2.70, Samples/Sec: 43.17
[[34m2025-08-14 00:16:06[0m] (step=0210000) Train Loss: 0.0909, Train Steps/Sec: 2.67, Samples/Sec: 42.76
Using cache found in ./models/facebookresearch_dino_main
Using cache found in ./models/facebookresearch_dino_main
Using cache found in ./models/facebookresearch_dino_main
[[34m2025-08-14 00:16:22[0m] Saved checkpoint to logs/nwm_cdit_airvln_v6_1/checkpoints/latest.pth.tar
Using cache found in ./models/facebookresearch_dino_main
[[34m2025-08-14 00:16:25[0m] Already found a `peft_config` attribute in the model. This will lead to having multiple adapters in the model. Make sure to know what you are doing!
[[34m2025-08-14 00:17:51[0m] (step=0210000) Perceptual Loss: 0.1820, Eval Time: 88.62
[[34m2025-08-14 00:18:28[0m] (step=0210100) Train Loss: 0.0893, Train Steps/Sec: 0.71, Samples/Sec: 11.29
[[34m2025-08-14 00:19:04[0m] (step=0210200) Train Loss: 0.0977, Train Steps/Sec: 2.73, Samples/Sec: 43.70
[[34m2025-08-14 00:19:41[0m] (step=0210300) Train Loss: 0.0915, Train Steps/Sec: 2.74, Samples/Sec: 43.84
[[34m2025-08-14 00:20:18[0m] (step=0210400) Train Loss: 0.0847, Train Steps/Sec: 2.67, Samples/Sec: 42.80
[[34m2025-08-14 00:20:56[0m] (step=0210500) Train Loss: 0.0906, Train Steps/Sec: 2.67, Samples/Sec: 42.75
[[34m2025-08-14 00:21:34[0m] (step=0210600) Train Loss: 0.0922, Train Steps/Sec: 2.63, Samples/Sec: 42.07
[[34m2025-08-14 00:22:12[0m] (step=0210700) Train Loss: 0.0872, Train Steps/Sec: 2.65, Samples/Sec: 42.44
[[34m2025-08-14 00:22:48[0m] (step=0210800) Train Loss: 0.0819, Train Steps/Sec: 2.72, Samples/Sec: 43.48
[[34m2025-08-14 00:23:25[0m] (step=0210900) Train Loss: 0.0806, Train Steps/Sec: 2.74, Samples/Sec: 43.87
[[34m2025-08-14 00:24:03[0m] (step=0211000) Train Loss: 0.0863, Train Steps/Sec: 2.62, Samples/Sec: 41.94
[[34m2025-08-14 00:24:39[0m] (step=0211100) Train Loss: 0.0812, Train Steps/Sec: 2.75, Samples/Sec: 44.03
[[34m2025-08-14 00:25:16[0m] (step=0211200) Train Loss: 0.0833, Train Steps/Sec: 2.72, Samples/Sec: 43.48
[[34m2025-08-14 00:25:53[0m] (step=0211300) Train Loss: 0.0847, Train Steps/Sec: 2.75, Samples/Sec: 43.94
[[34m2025-08-14 00:26:29[0m] (step=0211400) Train Loss: 0.0877, Train Steps/Sec: 2.75, Samples/Sec: 44.01
[[34m2025-08-14 00:27:06[0m] (step=0211500) Train Loss: 0.0950, Train Steps/Sec: 2.72, Samples/Sec: 43.48
[[34m2025-08-14 00:27:42[0m] (step=0211600) Train Loss: 0.0913, Train Steps/Sec: 2.73, Samples/Sec: 43.64
[[34m2025-08-14 00:28:19[0m] (step=0211700) Train Loss: 0.0884, Train Steps/Sec: 2.72, Samples/Sec: 43.58
[[34m2025-08-14 00:28:56[0m] (step=0211800) Train Loss: 0.0908, Train Steps/Sec: 2.70, Samples/Sec: 43.19
[[34m2025-08-14 00:29:33[0m] (step=0211900) Train Loss: 0.0868, Train Steps/Sec: 2.70, Samples/Sec: 43.25
[[34m2025-08-14 00:30:10[0m] (step=0212000) Train Loss: 0.0875, Train Steps/Sec: 2.71, Samples/Sec: 43.34
[[34m2025-08-14 00:30:48[0m] (step=0212100) Train Loss: 0.0865, Train Steps/Sec: 2.66, Samples/Sec: 42.57
[[34m2025-08-14 00:31:24[0m] (step=0212200) Train Loss: 0.0738, Train Steps/Sec: 2.76, Samples/Sec: 44.14
[[34m2025-08-14 00:32:01[0m] (step=0212300) Train Loss: 0.0905, Train Steps/Sec: 2.69, Samples/Sec: 43.00
[[34m2025-08-14 00:32:38[0m] (step=0212400) Train Loss: 0.0888, Train Steps/Sec: 2.70, Samples/Sec: 43.26
[[34m2025-08-14 00:33:15[0m] (step=0212500) Train Loss: 0.0883, Train Steps/Sec: 2.75, Samples/Sec: 43.92
[[34m2025-08-14 00:33:51[0m] (step=0212600) Train Loss: 0.0882, Train Steps/Sec: 2.72, Samples/Sec: 43.50
[[34m2025-08-14 00:34:28[0m] (step=0212700) Train Loss: 0.0783, Train Steps/Sec: 2.73, Samples/Sec: 43.73
[[34m2025-08-14 00:35:06[0m] (step=0212800) Train Loss: 0.0914, Train Steps/Sec: 2.65, Samples/Sec: 42.48
[[34m2025-08-14 00:35:42[0m] (step=0212900) Train Loss: 0.0889, Train Steps/Sec: 2.75, Samples/Sec: 44.01
[[34m2025-08-14 00:36:19[0m] (step=0213000) Train Loss: 0.0862, Train Steps/Sec: 2.72, Samples/Sec: 43.52
[[34m2025-08-14 00:36:57[0m] (step=0213100) Train Loss: 0.0833, Train Steps/Sec: 2.60, Samples/Sec: 41.55
[[34m2025-08-14 00:37:34[0m] (step=0213200) Train Loss: 0.0915, Train Steps/Sec: 2.70, Samples/Sec: 43.14
[[34m2025-08-14 00:38:11[0m] (step=0213300) Train Loss: 0.0885, Train Steps/Sec: 2.72, Samples/Sec: 43.54
[[34m2025-08-14 00:38:48[0m] (step=0213400) Train Loss: 0.0905, Train Steps/Sec: 2.72, Samples/Sec: 43.47
[[34m2025-08-14 00:39:24[0m] (step=0213500) Train Loss: 0.0898, Train Steps/Sec: 2.74, Samples/Sec: 43.86
[[34m2025-08-14 00:40:00[0m] (step=0213600) Train Loss: 0.0917, Train Steps/Sec: 2.83, Samples/Sec: 45.33
[[34m2025-08-14 00:40:31[0m] (step=0213700) Train Loss: 0.0884, Train Steps/Sec: 3.18, Samples/Sec: 50.82
[[34m2025-08-14 00:41:03[0m] (step=0213800) Train Loss: 0.0896, Train Steps/Sec: 3.17, Samples/Sec: 50.69
[[34m2025-08-14 00:41:34[0m] (step=0213900) Train Loss: 0.0821, Train Steps/Sec: 3.23, Samples/Sec: 51.75
[[34m2025-08-14 00:42:06[0m] (step=0214000) Train Loss: 0.0838, Train Steps/Sec: 3.09, Samples/Sec: 49.37
[[34m2025-08-14 00:42:37[0m] (step=0214100) Train Loss: 0.0843, Train Steps/Sec: 3.22, Samples/Sec: 51.54
[[34m2025-08-14 00:43:08[0m] (step=0214200) Train Loss: 0.0872, Train Steps/Sec: 3.26, Samples/Sec: 52.14
[[34m2025-08-14 00:43:40[0m] (step=0214300) Train Loss: 0.0824, Train Steps/Sec: 3.15, Samples/Sec: 50.44
[[34m2025-08-14 00:44:11[0m] (step=0214400) Train Loss: 0.0918, Train Steps/Sec: 3.19, Samples/Sec: 51.06
[[34m2025-08-14 00:44:43[0m] (step=0214500) Train Loss: 0.0805, Train Steps/Sec: 3.12, Samples/Sec: 49.99
[[34m2025-08-14 00:45:16[0m] (step=0214600) Train Loss: 0.0858, Train Steps/Sec: 3.03, Samples/Sec: 48.50
[[34m2025-08-14 00:45:47[0m] (step=0214700) Train Loss: 0.0879, Train Steps/Sec: 3.21, Samples/Sec: 51.37
[[34m2025-08-14 00:46:19[0m] (step=0214800) Train Loss: 0.0774, Train Steps/Sec: 3.19, Samples/Sec: 51.07
[[34m2025-08-14 00:46:50[0m] (step=0214900) Train Loss: 0.0828, Train Steps/Sec: 3.17, Samples/Sec: 50.74
[[34m2025-08-14 00:47:21[0m] (step=0215000) Train Loss: 0.0891, Train Steps/Sec: 3.19, Samples/Sec: 50.99
[[34m2025-08-14 00:47:53[0m] (step=0215100) Train Loss: 0.0939, Train Steps/Sec: 3.20, Samples/Sec: 51.19
[[34m2025-08-14 00:48:24[0m] (step=0215200) Train Loss: 0.0808, Train Steps/Sec: 3.20, Samples/Sec: 51.26
[[34m2025-08-14 00:48:55[0m] (step=0215300) Train Loss: 0.0857, Train Steps/Sec: 3.21, Samples/Sec: 51.29
[[34m2025-08-14 00:49:26[0m] (step=0215400) Train Loss: 0.0833, Train Steps/Sec: 3.20, Samples/Sec: 51.20
[[34m2025-08-14 00:49:57[0m] (step=0215500) Train Loss: 0.0904, Train Steps/Sec: 3.22, Samples/Sec: 51.52
[[34m2025-08-14 00:50:31[0m] (step=0215600) Train Loss: 0.0906, Train Steps/Sec: 3.02, Samples/Sec: 48.29
[[34m2025-08-14 00:51:03[0m] (step=0215700) Train Loss: 0.0740, Train Steps/Sec: 3.12, Samples/Sec: 49.89
[[34m2025-08-14 00:51:34[0m] (step=0215800) Train Loss: 0.0846, Train Steps/Sec: 3.23, Samples/Sec: 51.72
[[34m2025-08-14 00:52:05[0m] (step=0215900) Train Loss: 0.0823, Train Steps/Sec: 3.18, Samples/Sec: 50.87
[[34m2025-08-14 00:52:36[0m] (step=0216000) Train Loss: 0.0892, Train Steps/Sec: 3.19, Samples/Sec: 51.11
[[34m2025-08-14 00:53:08[0m] (step=0216100) Train Loss: 0.0884, Train Steps/Sec: 3.19, Samples/Sec: 51.08
[[34m2025-08-14 00:53:39[0m] (step=0216200) Train Loss: 0.0947, Train Steps/Sec: 3.16, Samples/Sec: 50.54
[[34m2025-08-14 00:54:10[0m] (step=0216300) Train Loss: 0.0913, Train Steps/Sec: 3.23, Samples/Sec: 51.61
[[34m2025-08-14 00:54:43[0m] (step=0216400) Train Loss: 0.0913, Train Steps/Sec: 3.05, Samples/Sec: 48.79
[[34m2025-08-14 00:55:16[0m] (step=0216500) Train Loss: 0.0858, Train Steps/Sec: 3.10, Samples/Sec: 49.53
[[34m2025-08-14 00:55:47[0m] (step=0216600) Train Loss: 0.0776, Train Steps/Sec: 3.20, Samples/Sec: 51.23
[[34m2025-08-14 00:56:19[0m] (step=0216700) Train Loss: 0.0840, Train Steps/Sec: 3.14, Samples/Sec: 50.29
[[34m2025-08-14 00:56:50[0m] (step=0216800) Train Loss: 0.0867, Train Steps/Sec: 3.18, Samples/Sec: 50.82
[[34m2025-08-14 00:57:21[0m] (step=0216900) Train Loss: 0.0919, Train Steps/Sec: 3.25, Samples/Sec: 51.96
[[34m2025-08-14 00:57:52[0m] (step=0217000) Train Loss: 0.0889, Train Steps/Sec: 3.19, Samples/Sec: 50.99
[[34m2025-08-14 00:58:23[0m] (step=0217100) Train Loss: 0.0913, Train Steps/Sec: 3.23, Samples/Sec: 51.61
[[34m2025-08-14 00:58:54[0m] (step=0217200) Train Loss: 0.0847, Train Steps/Sec: 3.24, Samples/Sec: 51.87
[[34m2025-08-14 00:59:26[0m] (step=0217300) Train Loss: 0.0805, Train Steps/Sec: 3.13, Samples/Sec: 50.05
[[34m2025-08-14 00:59:57[0m] (step=0217400) Train Loss: 0.0868, Train Steps/Sec: 3.19, Samples/Sec: 51.08
[[34m2025-08-14 01:00:28[0m] (step=0217500) Train Loss: 0.0960, Train Steps/Sec: 3.24, Samples/Sec: 51.82
[[34m2025-08-14 01:01:00[0m] (step=0217600) Train Loss: 0.0930, Train Steps/Sec: 3.19, Samples/Sec: 50.97
[[34m2025-08-14 01:01:31[0m] (step=0217700) Train Loss: 0.0913, Train Steps/Sec: 3.16, Samples/Sec: 50.55
[[34m2025-08-14 01:02:03[0m] (step=0217800) Train Loss: 0.0804, Train Steps/Sec: 3.15, Samples/Sec: 50.42
[[34m2025-08-14 01:02:34[0m] (step=0217900) Train Loss: 0.0924, Train Steps/Sec: 3.21, Samples/Sec: 51.40
[[34m2025-08-14 01:03:05[0m] (step=0218000) Train Loss: 0.0824, Train Steps/Sec: 3.21, Samples/Sec: 51.35
[[34m2025-08-14 01:03:36[0m] (step=0218100) Train Loss: 0.0845, Train Steps/Sec: 3.25, Samples/Sec: 51.93
[[34m2025-08-14 01:04:07[0m] (step=0218200) Train Loss: 0.0880, Train Steps/Sec: 3.22, Samples/Sec: 51.46
[[34m2025-08-14 01:04:39[0m] (step=0218300) Train Loss: 0.0886, Train Steps/Sec: 3.21, Samples/Sec: 51.31
[[34m2025-08-14 01:05:11[0m] (step=0218400) Train Loss: 0.0843, Train Steps/Sec: 3.07, Samples/Sec: 49.10
[[34m2025-08-14 01:05:43[0m] (step=0218500) Train Loss: 0.0943, Train Steps/Sec: 3.16, Samples/Sec: 50.49
[[34m2025-08-14 01:06:14[0m] (step=0218600) Train Loss: 0.0887, Train Steps/Sec: 3.23, Samples/Sec: 51.75
[[34m2025-08-14 01:06:45[0m] (step=0218700) Train Loss: 0.0845, Train Steps/Sec: 3.20, Samples/Sec: 51.27
[[34m2025-08-14 01:07:16[0m] (step=0218800) Train Loss: 0.0845, Train Steps/Sec: 3.19, Samples/Sec: 51.00
[[34m2025-08-14 01:07:47[0m] (step=0218900) Train Loss: 0.0870, Train Steps/Sec: 3.24, Samples/Sec: 51.91
[[34m2025-08-14 01:08:18[0m] (step=0219000) Train Loss: 0.0871, Train Steps/Sec: 3.23, Samples/Sec: 51.68
[[34m2025-08-14 01:08:49[0m] (step=0219100) Train Loss: 0.0851, Train Steps/Sec: 3.22, Samples/Sec: 51.49
[[34m2025-08-14 01:09:20[0m] (step=0219200) Train Loss: 0.0771, Train Steps/Sec: 3.23, Samples/Sec: 51.64
[[34m2025-08-14 01:09:51[0m] (step=0219300) Train Loss: 0.0780, Train Steps/Sec: 3.24, Samples/Sec: 51.86
[[34m2025-08-14 01:10:22[0m] (step=0219400) Train Loss: 0.0880, Train Steps/Sec: 3.19, Samples/Sec: 51.07
[[34m2025-08-14 01:10:54[0m] (step=0219500) Train Loss: 0.0849, Train Steps/Sec: 3.18, Samples/Sec: 50.87
[[34m2025-08-14 01:11:25[0m] (step=0219600) Train Loss: 0.0926, Train Steps/Sec: 3.18, Samples/Sec: 50.90
[[34m2025-08-14 01:11:56[0m] (step=0219700) Train Loss: 0.0868, Train Steps/Sec: 3.24, Samples/Sec: 51.78
[[34m2025-08-14 01:12:27[0m] (step=0219800) Train Loss: 0.0842, Train Steps/Sec: 3.25, Samples/Sec: 51.92
[[34m2025-08-14 01:12:58[0m] (step=0219900) Train Loss: 0.0887, Train Steps/Sec: 3.28, Samples/Sec: 52.53
[[34m2025-08-14 01:13:28[0m] (step=0220000) Train Loss: 0.0908, Train Steps/Sec: 3.25, Samples/Sec: 51.95
Using cache found in ./models/facebookresearch_dino_main
Using cache found in ./models/facebookresearch_dino_main
Using cache found in ./models/facebookresearch_dino_main
[[34m2025-08-14 01:13:45[0m] Saved checkpoint to logs/nwm_cdit_airvln_v6_1/checkpoints/latest.pth.tar
Using cache found in ./models/facebookresearch_dino_main
[[34m2025-08-14 01:13:48[0m] Already found a `peft_config` attribute in the model. This will lead to having multiple adapters in the model. Make sure to know what you are doing!
[[34m2025-08-14 01:15:16[0m] (step=0220000) Perceptual Loss: 0.1989, Eval Time: 90.57
[[34m2025-08-14 01:15:47[0m] (step=0220100) Train Loss: 0.0790, Train Steps/Sec: 0.72, Samples/Sec: 11.51
[[34m2025-08-14 01:16:20[0m] (step=0220200) Train Loss: 0.0813, Train Steps/Sec: 3.12, Samples/Sec: 49.91
[[34m2025-08-14 01:16:51[0m] (step=0220300) Train Loss: 0.0765, Train Steps/Sec: 3.19, Samples/Sec: 51.00
[[34m2025-08-14 01:17:22[0m] (step=0220400) Train Loss: 0.0879, Train Steps/Sec: 3.22, Samples/Sec: 51.45
[[34m2025-08-14 01:17:53[0m] (step=0220500) Train Loss: 0.0833, Train Steps/Sec: 3.22, Samples/Sec: 51.48
[[34m2025-08-14 01:18:25[0m] (step=0220600) Train Loss: 0.0837, Train Steps/Sec: 3.16, Samples/Sec: 50.57
[[34m2025-08-14 01:18:56[0m] (step=0220700) Train Loss: 0.0889, Train Steps/Sec: 3.20, Samples/Sec: 51.26
[[34m2025-08-14 01:19:28[0m] (step=0220800) Train Loss: 0.0955, Train Steps/Sec: 3.17, Samples/Sec: 50.64
[[34m2025-08-14 01:19:59[0m] (step=0220900) Train Loss: 0.0820, Train Steps/Sec: 3.18, Samples/Sec: 50.94
[[34m2025-08-14 01:20:30[0m] (step=0221000) Train Loss: 0.0912, Train Steps/Sec: 3.17, Samples/Sec: 50.76
[[34m2025-08-14 01:21:02[0m] (step=0221100) Train Loss: 0.0748, Train Steps/Sec: 3.22, Samples/Sec: 51.58
[[34m2025-08-14 01:21:32[0m] (step=0221200) Train Loss: 0.0846, Train Steps/Sec: 3.28, Samples/Sec: 52.46
[[34m2025-08-14 01:22:03[0m] (step=0221300) Train Loss: 0.0857, Train Steps/Sec: 3.19, Samples/Sec: 51.10
[[34m2025-08-14 01:22:34[0m] (step=0221400) Train Loss: 0.0853, Train Steps/Sec: 3.22, Samples/Sec: 51.55
[[34m2025-08-14 01:23:05[0m] (step=0221500) Train Loss: 0.0817, Train Steps/Sec: 3.26, Samples/Sec: 52.10
[[34m2025-08-14 01:23:36[0m] (step=0221600) Train Loss: 0.0804, Train Steps/Sec: 3.19, Samples/Sec: 51.02
[[34m2025-08-14 01:24:07[0m] (step=0221700) Train Loss: 0.0850, Train Steps/Sec: 3.25, Samples/Sec: 52.03
[[34m2025-08-14 01:24:40[0m] (step=0221800) Train Loss: 0.0886, Train Steps/Sec: 3.09, Samples/Sec: 49.45
[[34m2025-08-14 01:25:10[0m] (step=0221900) Train Loss: 0.0835, Train Steps/Sec: 3.26, Samples/Sec: 52.23
[[34m2025-08-14 01:25:41[0m] (step=0222000) Train Loss: 0.0891, Train Steps/Sec: 3.27, Samples/Sec: 52.25
[[34m2025-08-14 01:26:12[0m] (step=0222100) Train Loss: 0.0863, Train Steps/Sec: 3.23, Samples/Sec: 51.75
[[34m2025-08-14 01:26:43[0m] (step=0222200) Train Loss: 0.0862, Train Steps/Sec: 3.17, Samples/Sec: 50.69
[[34m2025-08-14 01:27:14[0m] (step=0222300) Train Loss: 0.0904, Train Steps/Sec: 3.24, Samples/Sec: 51.83
[[34m2025-08-14 01:27:45[0m] (step=0222400) Train Loss: 0.0802, Train Steps/Sec: 3.21, Samples/Sec: 51.43
[[34m2025-08-14 01:28:18[0m] (step=0222500) Train Loss: 0.0863, Train Steps/Sec: 3.05, Samples/Sec: 48.76
[[34m2025-08-14 01:28:49[0m] (step=0222600) Train Loss: 0.0877, Train Steps/Sec: 3.21, Samples/Sec: 51.29
[[34m2025-08-14 01:29:21[0m] (step=0222700) Train Loss: 0.0796, Train Steps/Sec: 3.17, Samples/Sec: 50.67
[[34m2025-08-14 01:29:53[0m] (step=0222800) Train Loss: 0.0857, Train Steps/Sec: 3.11, Samples/Sec: 49.74
[[34m2025-08-14 01:30:25[0m] (step=0222900) Train Loss: 0.0966, Train Steps/Sec: 3.10, Samples/Sec: 49.55
[[34m2025-08-14 01:30:57[0m] (step=0223000) Train Loss: 0.0959, Train Steps/Sec: 3.20, Samples/Sec: 51.14
[[34m2025-08-14 01:31:28[0m] (step=0223100) Train Loss: 0.0864, Train Steps/Sec: 3.22, Samples/Sec: 51.45
[[34m2025-08-14 01:31:59[0m] (step=0223200) Train Loss: 0.0888, Train Steps/Sec: 3.23, Samples/Sec: 51.75
[[34m2025-08-14 01:32:30[0m] (step=0223300) Train Loss: 0.0854, Train Steps/Sec: 3.21, Samples/Sec: 51.41
[[34m2025-08-14 01:33:02[0m] (step=0223400) Train Loss: 0.0871, Train Steps/Sec: 3.12, Samples/Sec: 49.99
[[34m2025-08-14 01:33:34[0m] (step=0223500) Train Loss: 0.0790, Train Steps/Sec: 3.10, Samples/Sec: 49.59
[[34m2025-08-14 01:34:06[0m] (step=0223600) Train Loss: 0.0815, Train Steps/Sec: 3.16, Samples/Sec: 50.61
[[34m2025-08-14 01:34:38[0m] (step=0223700) Train Loss: 0.0863, Train Steps/Sec: 3.13, Samples/Sec: 50.06
[[34m2025-08-14 01:35:09[0m] (step=0223800) Train Loss: 0.0828, Train Steps/Sec: 3.23, Samples/Sec: 51.66
[[34m2025-08-14 01:35:40[0m] (step=0223900) Train Loss: 0.0857, Train Steps/Sec: 3.25, Samples/Sec: 52.06
[[34m2025-08-14 01:36:10[0m] (step=0224000) Train Loss: 0.0804, Train Steps/Sec: 3.25, Samples/Sec: 51.95
[[34m2025-08-14 01:36:42[0m] (step=0224100) Train Loss: 0.0822, Train Steps/Sec: 3.20, Samples/Sec: 51.26
[[34m2025-08-14 01:37:15[0m] (step=0224200) Train Loss: 0.0940, Train Steps/Sec: 3.01, Samples/Sec: 48.18
[[34m2025-08-14 01:37:46[0m] (step=0224300) Train Loss: 0.0885, Train Steps/Sec: 3.22, Samples/Sec: 51.58
[[34m2025-08-14 01:38:17[0m] (step=0224400) Train Loss: 0.0851, Train Steps/Sec: 3.20, Samples/Sec: 51.13
[[34m2025-08-14 01:38:48[0m] (step=0224500) Train Loss: 0.0866, Train Steps/Sec: 3.21, Samples/Sec: 51.40
[[34m2025-08-14 01:39:19[0m] (step=0224600) Train Loss: 0.0798, Train Steps/Sec: 3.23, Samples/Sec: 51.63
[[34m2025-08-14 01:39:50[0m] (step=0224700) Train Loss: 0.0907, Train Steps/Sec: 3.20, Samples/Sec: 51.23
[[34m2025-08-14 01:40:22[0m] (step=0224800) Train Loss: 0.0973, Train Steps/Sec: 3.22, Samples/Sec: 51.53
[[34m2025-08-14 01:40:53[0m] (step=0224900) Train Loss: 0.0873, Train Steps/Sec: 3.19, Samples/Sec: 50.96
[[34m2025-08-14 01:41:24[0m] (step=0225000) Train Loss: 0.0878, Train Steps/Sec: 3.24, Samples/Sec: 51.87
[[34m2025-08-14 01:41:55[0m] (step=0225100) Train Loss: 0.0855, Train Steps/Sec: 3.23, Samples/Sec: 51.67
[[34m2025-08-14 01:42:26[0m] (step=0225200) Train Loss: 0.0859, Train Steps/Sec: 3.19, Samples/Sec: 51.10
[[34m2025-08-14 01:42:58[0m] (step=0225300) Train Loss: 0.0842, Train Steps/Sec: 3.16, Samples/Sec: 50.61
[[34m2025-08-14 01:43:30[0m] (step=0225400) Train Loss: 0.0918, Train Steps/Sec: 3.11, Samples/Sec: 49.78
[[34m2025-08-14 01:44:02[0m] (step=0225500) Train Loss: 0.0977, Train Steps/Sec: 3.08, Samples/Sec: 49.32
[[34m2025-08-14 01:44:36[0m] (step=0225600) Train Loss: 0.0939, Train Steps/Sec: 3.00, Samples/Sec: 47.96
[[34m2025-08-14 01:45:08[0m] (step=0225700) Train Loss: 0.0896, Train Steps/Sec: 3.12, Samples/Sec: 49.87
[[34m2025-08-14 01:45:39[0m] (step=0225800) Train Loss: 0.0770, Train Steps/Sec: 3.18, Samples/Sec: 50.87
[[34m2025-08-14 01:46:12[0m] (step=0225900) Train Loss: 0.0850, Train Steps/Sec: 3.07, Samples/Sec: 49.13
[[34m2025-08-14 01:46:43[0m] (step=0226000) Train Loss: 0.0870, Train Steps/Sec: 3.19, Samples/Sec: 50.99
[[34m2025-08-14 01:47:15[0m] (step=0226100) Train Loss: 0.0819, Train Steps/Sec: 3.15, Samples/Sec: 50.34
[[34m2025-08-14 01:47:47[0m] (step=0226200) Train Loss: 0.0934, Train Steps/Sec: 3.10, Samples/Sec: 49.65
[[34m2025-08-14 01:48:20[0m] (step=0226300) Train Loss: 0.0862, Train Steps/Sec: 3.04, Samples/Sec: 48.63
[[34m2025-08-14 01:48:51[0m] (step=0226400) Train Loss: 0.0936, Train Steps/Sec: 3.21, Samples/Sec: 51.28
[[34m2025-08-14 01:49:23[0m] (step=0226500) Train Loss: 0.0830, Train Steps/Sec: 3.19, Samples/Sec: 51.02
[[34m2025-08-14 01:49:54[0m] (step=0226600) Train Loss: 0.0875, Train Steps/Sec: 3.16, Samples/Sec: 50.48
[[34m2025-08-14 01:50:26[0m] (step=0226700) Train Loss: 0.0888, Train Steps/Sec: 3.15, Samples/Sec: 50.35
[[34m2025-08-14 01:50:58[0m] (step=0226800) Train Loss: 0.0879, Train Steps/Sec: 3.12, Samples/Sec: 49.88
[[34m2025-08-14 01:51:30[0m] (step=0226900) Train Loss: 0.0992, Train Steps/Sec: 3.15, Samples/Sec: 50.39
[[34m2025-08-14 01:52:02[0m] (step=0227000) Train Loss: 0.0864, Train Steps/Sec: 3.16, Samples/Sec: 50.57
[[34m2025-08-14 01:52:32[0m] (step=0227100) Train Loss: 0.0894, Train Steps/Sec: 3.26, Samples/Sec: 52.11
[[34m2025-08-14 01:53:04[0m] (step=0227200) Train Loss: 0.0903, Train Steps/Sec: 3.16, Samples/Sec: 50.54
[[34m2025-08-14 01:53:35[0m] (step=0227300) Train Loss: 0.0894, Train Steps/Sec: 3.19, Samples/Sec: 51.08
[[34m2025-08-14 01:54:06[0m] (step=0227400) Train Loss: 0.0816, Train Steps/Sec: 3.25, Samples/Sec: 51.97
[[34m2025-08-14 01:54:37[0m] (step=0227500) Train Loss: 0.0857, Train Steps/Sec: 3.20, Samples/Sec: 51.18
[[34m2025-08-14 01:55:10[0m] (step=0227600) Train Loss: 0.0836, Train Steps/Sec: 3.10, Samples/Sec: 49.54
[[34m2025-08-14 01:55:41[0m] (step=0227700) Train Loss: 0.0825, Train Steps/Sec: 3.24, Samples/Sec: 51.81
[[34m2025-08-14 01:56:11[0m] (step=0227800) Train Loss: 0.0864, Train Steps/Sec: 3.25, Samples/Sec: 52.01
[[34m2025-08-14 01:56:42[0m] (step=0227900) Train Loss: 0.0849, Train Steps/Sec: 3.26, Samples/Sec: 52.10
[[34m2025-08-14 01:57:13[0m] (step=0228000) Train Loss: 0.0806, Train Steps/Sec: 3.22, Samples/Sec: 51.58
[[34m2025-08-14 01:57:44[0m] (step=0228100) Train Loss: 0.0898, Train Steps/Sec: 3.25, Samples/Sec: 52.00
[[34m2025-08-14 01:58:15[0m] (step=0228200) Train Loss: 0.0905, Train Steps/Sec: 3.23, Samples/Sec: 51.65
[[34m2025-08-14 01:58:47[0m] (step=0228300) Train Loss: 0.0856, Train Steps/Sec: 3.15, Samples/Sec: 50.35
[[34m2025-08-14 01:59:18[0m] (step=0228400) Train Loss: 0.0836, Train Steps/Sec: 3.22, Samples/Sec: 51.46
[[34m2025-08-14 01:59:50[0m] (step=0228500) Train Loss: 0.0905, Train Steps/Sec: 3.17, Samples/Sec: 50.74
[[34m2025-08-14 02:00:20[0m] (step=0228600) Train Loss: 0.0759, Train Steps/Sec: 3.23, Samples/Sec: 51.70
[[34m2025-08-14 02:00:52[0m] (step=0228700) Train Loss: 0.0845, Train Steps/Sec: 3.14, Samples/Sec: 50.25
[[34m2025-08-14 02:01:23[0m] (step=0228800) Train Loss: 0.0810, Train Steps/Sec: 3.22, Samples/Sec: 51.49
[[34m2025-08-14 02:01:55[0m] (step=0228900) Train Loss: 0.0862, Train Steps/Sec: 3.15, Samples/Sec: 50.39
[[34m2025-08-14 02:02:26[0m] (step=0229000) Train Loss: 0.0822, Train Steps/Sec: 3.24, Samples/Sec: 51.80
[[34m2025-08-14 02:02:57[0m] (step=0229100) Train Loss: 0.0886, Train Steps/Sec: 3.20, Samples/Sec: 51.16
[[34m2025-08-14 02:03:29[0m] (step=0229200) Train Loss: 0.0838, Train Steps/Sec: 3.15, Samples/Sec: 50.39
[[34m2025-08-14 02:04:00[0m] (step=0229300) Train Loss: 0.0836, Train Steps/Sec: 3.24, Samples/Sec: 51.86
[[34m2025-08-14 02:04:31[0m] (step=0229400) Train Loss: 0.0834, Train Steps/Sec: 3.23, Samples/Sec: 51.66
[[34m2025-08-14 02:05:02[0m] (step=0229500) Train Loss: 0.0917, Train Steps/Sec: 3.19, Samples/Sec: 51.03
[[34m2025-08-14 02:05:34[0m] (step=0229600) Train Loss: 0.0868, Train Steps/Sec: 3.21, Samples/Sec: 51.29
[[34m2025-08-14 02:06:04[0m] (step=0229700) Train Loss: 0.0816, Train Steps/Sec: 3.26, Samples/Sec: 52.13
[[34m2025-08-14 02:06:35[0m] (step=0229800) Train Loss: 0.0843, Train Steps/Sec: 3.26, Samples/Sec: 52.10
[[34m2025-08-14 02:07:06[0m] (step=0229900) Train Loss: 0.0909, Train Steps/Sec: 3.20, Samples/Sec: 51.16
[[34m2025-08-14 02:07:38[0m] (step=0230000) Train Loss: 0.0857, Train Steps/Sec: 3.15, Samples/Sec: 50.32
Using cache found in ./models/facebookresearch_dino_main
Using cache found in ./models/facebookresearch_dino_main
Using cache found in ./models/facebookresearch_dino_main
[[34m2025-08-14 02:07:55[0m] Saved checkpoint to logs/nwm_cdit_airvln_v6_1/checkpoints/latest.pth.tar
Using cache found in ./models/facebookresearch_dino_main
[[34m2025-08-14 02:07:58[0m] Already found a `peft_config` attribute in the model. This will lead to having multiple adapters in the model. Make sure to know what you are doing!
[[34m2025-08-14 02:09:25[0m] (step=0230000) Perceptual Loss: 0.1879, Eval Time: 89.91
[[34m2025-08-14 02:09:58[0m] (step=0230100) Train Loss: 0.0875, Train Steps/Sec: 0.72, Samples/Sec: 11.47
[[34m2025-08-14 02:10:29[0m] (step=0230200) Train Loss: 0.0888, Train Steps/Sec: 3.23, Samples/Sec: 51.61
[[34m2025-08-14 02:10:59[0m] (step=0230300) Train Loss: 0.0801, Train Steps/Sec: 3.27, Samples/Sec: 52.24
[[34m2025-08-14 02:11:30[0m] (step=0230400) Train Loss: 0.0949, Train Steps/Sec: 3.24, Samples/Sec: 51.76
[[34m2025-08-14 02:12:01[0m] (step=0230500) Train Loss: 0.0833, Train Steps/Sec: 3.20, Samples/Sec: 51.25
[[34m2025-08-14 02:12:32[0m] (step=0230600) Train Loss: 0.0867, Train Steps/Sec: 3.27, Samples/Sec: 52.38
[[34m2025-08-14 02:13:03[0m] (step=0230700) Train Loss: 0.0916, Train Steps/Sec: 3.20, Samples/Sec: 51.15
[[34m2025-08-14 02:13:34[0m] (step=0230800) Train Loss: 0.0858, Train Steps/Sec: 3.20, Samples/Sec: 51.19
[[34m2025-08-14 02:14:06[0m] (step=0230900) Train Loss: 0.0875, Train Steps/Sec: 3.19, Samples/Sec: 50.99
[[34m2025-08-14 02:14:37[0m] (step=0231000) Train Loss: 0.0913, Train Steps/Sec: 3.19, Samples/Sec: 51.04
[[34m2025-08-14 02:15:09[0m] (step=0231100) Train Loss: 0.0827, Train Steps/Sec: 3.18, Samples/Sec: 50.93
[[34m2025-08-14 02:15:40[0m] (step=0231200) Train Loss: 0.0868, Train Steps/Sec: 3.15, Samples/Sec: 50.45
[[34m2025-08-14 02:16:13[0m] (step=0231300) Train Loss: 0.0941, Train Steps/Sec: 3.10, Samples/Sec: 49.66
[[34m2025-08-14 02:16:45[0m] (step=0231400) Train Loss: 0.0828, Train Steps/Sec: 3.12, Samples/Sec: 49.94
[[34m2025-08-14 02:17:17[0m] (step=0231500) Train Loss: 0.0838, Train Steps/Sec: 3.05, Samples/Sec: 48.76
[[34m2025-08-14 02:17:48[0m] (step=0231600) Train Loss: 0.0874, Train Steps/Sec: 3.24, Samples/Sec: 51.83
[[34m2025-08-14 02:18:20[0m] (step=0231700) Train Loss: 0.0930, Train Steps/Sec: 3.19, Samples/Sec: 51.03
[[34m2025-08-14 02:18:51[0m] (step=0231800) Train Loss: 0.0904, Train Steps/Sec: 3.22, Samples/Sec: 51.51
[[34m2025-08-14 02:19:25[0m] (step=0231900) Train Loss: 0.0927, Train Steps/Sec: 2.95, Samples/Sec: 47.20
[[34m2025-08-14 02:19:57[0m] (step=0232000) Train Loss: 0.0846, Train Steps/Sec: 3.11, Samples/Sec: 49.84
[[34m2025-08-14 02:20:29[0m] (step=0232100) Train Loss: 0.0812, Train Steps/Sec: 3.14, Samples/Sec: 50.26
[[34m2025-08-14 02:21:00[0m] (step=0232200) Train Loss: 0.0842, Train Steps/Sec: 3.20, Samples/Sec: 51.13
[[34m2025-08-14 02:21:31[0m] (step=0232300) Train Loss: 0.0842, Train Steps/Sec: 3.21, Samples/Sec: 51.31
[[34m2025-08-14 02:22:02[0m] (step=0232400) Train Loss: 0.0872, Train Steps/Sec: 3.22, Samples/Sec: 51.59
[[34m2025-08-14 02:22:34[0m] (step=0232500) Train Loss: 0.0770, Train Steps/Sec: 3.14, Samples/Sec: 50.21
[[34m2025-08-14 02:23:06[0m] (step=0232600) Train Loss: 0.0919, Train Steps/Sec: 3.16, Samples/Sec: 50.51
[[34m2025-08-14 02:23:37[0m] (step=0232700) Train Loss: 0.0884, Train Steps/Sec: 3.19, Samples/Sec: 51.12
[[34m2025-08-14 02:24:08[0m] (step=0232800) Train Loss: 0.0853, Train Steps/Sec: 3.21, Samples/Sec: 51.36
[[34m2025-08-14 02:24:39[0m] (step=0232900) Train Loss: 0.0874, Train Steps/Sec: 3.20, Samples/Sec: 51.26
[[34m2025-08-14 02:25:11[0m] (step=0233000) Train Loss: 0.0922, Train Steps/Sec: 3.19, Samples/Sec: 51.04
[[34m2025-08-14 02:25:43[0m] (step=0233100) Train Loss: 0.0842, Train Steps/Sec: 3.09, Samples/Sec: 49.37
[[34m2025-08-14 02:26:15[0m] (step=0233200) Train Loss: 0.0951, Train Steps/Sec: 3.13, Samples/Sec: 50.14
[[34m2025-08-14 02:26:46[0m] (step=0233300) Train Loss: 0.0813, Train Steps/Sec: 3.21, Samples/Sec: 51.43
[[34m2025-08-14 02:27:18[0m] (step=0233400) Train Loss: 0.0807, Train Steps/Sec: 3.15, Samples/Sec: 50.37
[[34m2025-08-14 02:27:50[0m] (step=0233500) Train Loss: 0.0805, Train Steps/Sec: 3.17, Samples/Sec: 50.77
[[34m2025-08-14 02:28:21[0m] (step=0233600) Train Loss: 0.0800, Train Steps/Sec: 3.21, Samples/Sec: 51.36
[[34m2025-08-14 02:28:52[0m] (step=0233700) Train Loss: 0.0959, Train Steps/Sec: 3.22, Samples/Sec: 51.53
[[34m2025-08-14 02:29:22[0m] (step=0233800) Train Loss: 0.0923, Train Steps/Sec: 3.26, Samples/Sec: 52.22
[[34m2025-08-14 02:29:54[0m] (step=0233900) Train Loss: 0.0910, Train Steps/Sec: 3.18, Samples/Sec: 50.84
[[34m2025-08-14 02:30:25[0m] (step=0234000) Train Loss: 0.0919, Train Steps/Sec: 3.17, Samples/Sec: 50.76
[[34m2025-08-14 02:30:57[0m] (step=0234100) Train Loss: 0.0869, Train Steps/Sec: 3.21, Samples/Sec: 51.43
[[34m2025-08-14 02:31:27[0m] (step=0234200) Train Loss: 0.0921, Train Steps/Sec: 3.25, Samples/Sec: 51.97
[[34m2025-08-14 02:31:59[0m] (step=0234300) Train Loss: 0.0844, Train Steps/Sec: 3.21, Samples/Sec: 51.31
[[34m2025-08-14 02:32:30[0m] (step=0234400) Train Loss: 0.0858, Train Steps/Sec: 3.21, Samples/Sec: 51.31
[[34m2025-08-14 02:33:02[0m] (step=0234500) Train Loss: 0.0883, Train Steps/Sec: 3.10, Samples/Sec: 49.64
[[34m2025-08-14 02:33:34[0m] (step=0234600) Train Loss: 0.0920, Train Steps/Sec: 3.17, Samples/Sec: 50.71
[[34m2025-08-14 02:34:05[0m] (step=0234700) Train Loss: 0.0850, Train Steps/Sec: 3.15, Samples/Sec: 50.40
[[34m2025-08-14 02:34:37[0m] (step=0234800) Train Loss: 0.0860, Train Steps/Sec: 3.18, Samples/Sec: 50.87
[[34m2025-08-14 02:35:08[0m] (step=0234900) Train Loss: 0.0802, Train Steps/Sec: 3.23, Samples/Sec: 51.61
[[34m2025-08-14 02:35:39[0m] (step=0235000) Train Loss: 0.0913, Train Steps/Sec: 3.19, Samples/Sec: 51.01
[[34m2025-08-14 02:36:10[0m] (step=0235100) Train Loss: 0.0839, Train Steps/Sec: 3.20, Samples/Sec: 51.13
[[34m2025-08-14 02:36:42[0m] (step=0235200) Train Loss: 0.0865, Train Steps/Sec: 3.15, Samples/Sec: 50.43
[[34m2025-08-14 02:37:13[0m] (step=0235300) Train Loss: 0.0847, Train Steps/Sec: 3.23, Samples/Sec: 51.65
[[34m2025-08-14 02:37:45[0m] (step=0235400) Train Loss: 0.0815, Train Steps/Sec: 3.14, Samples/Sec: 50.24
[[34m2025-08-14 02:38:17[0m] (step=0235500) Train Loss: 0.0871, Train Steps/Sec: 3.16, Samples/Sec: 50.53
[[34m2025-08-14 02:38:48[0m] (step=0235600) Train Loss: 0.0831, Train Steps/Sec: 3.15, Samples/Sec: 50.40
[[34m2025-08-14 02:39:19[0m] (step=0235700) Train Loss: 0.0815, Train Steps/Sec: 3.23, Samples/Sec: 51.63
[[34m2025-08-14 02:39:51[0m] (step=0235800) Train Loss: 0.0828, Train Steps/Sec: 3.19, Samples/Sec: 51.08
[[34m2025-08-14 02:40:22[0m] (step=0235900) Train Loss: 0.0776, Train Steps/Sec: 3.19, Samples/Sec: 51.02
[[34m2025-08-14 02:40:56[0m] (step=0236000) Train Loss: 0.0882, Train Steps/Sec: 2.92, Samples/Sec: 46.77
[[34m2025-08-14 02:41:28[0m] (step=0236100) Train Loss: 0.0782, Train Steps/Sec: 3.16, Samples/Sec: 50.63
[[34m2025-08-14 02:41:59[0m] (step=0236200) Train Loss: 0.0875, Train Steps/Sec: 3.21, Samples/Sec: 51.40
[[34m2025-08-14 02:42:31[0m] (step=0236300) Train Loss: 0.0910, Train Steps/Sec: 3.15, Samples/Sec: 50.41
[[34m2025-08-14 02:43:02[0m] (step=0236400) Train Loss: 0.0918, Train Steps/Sec: 3.19, Samples/Sec: 51.01
[[34m2025-08-14 02:43:34[0m] (step=0236500) Train Loss: 0.0858, Train Steps/Sec: 3.18, Samples/Sec: 50.90
[[34m2025-08-14 02:44:05[0m] (step=0236600) Train Loss: 0.0838, Train Steps/Sec: 3.15, Samples/Sec: 50.45
[[34m2025-08-14 02:44:37[0m] (step=0236700) Train Loss: 0.0829, Train Steps/Sec: 3.17, Samples/Sec: 50.65
[[34m2025-08-14 02:45:08[0m] (step=0236800) Train Loss: 0.0843, Train Steps/Sec: 3.23, Samples/Sec: 51.65
[[34m2025-08-14 02:45:40[0m] (step=0236900) Train Loss: 0.0824, Train Steps/Sec: 3.17, Samples/Sec: 50.67
[[34m2025-08-14 02:46:11[0m] (step=0237000) Train Loss: 0.0878, Train Steps/Sec: 3.21, Samples/Sec: 51.44
[[34m2025-08-14 02:46:42[0m] (step=0237100) Train Loss: 0.0864, Train Steps/Sec: 3.21, Samples/Sec: 51.30
[[34m2025-08-14 02:47:14[0m] (step=0237200) Train Loss: 0.0848, Train Steps/Sec: 3.10, Samples/Sec: 49.61
[[34m2025-08-14 02:47:46[0m] (step=0237300) Train Loss: 0.0959, Train Steps/Sec: 3.11, Samples/Sec: 49.78
[[34m2025-08-14 02:48:18[0m] (step=0237400) Train Loss: 0.0855, Train Steps/Sec: 3.19, Samples/Sec: 51.08
[[34m2025-08-14 02:48:50[0m] (step=0237500) Train Loss: 0.0872, Train Steps/Sec: 3.13, Samples/Sec: 50.05
[[34m2025-08-14 02:49:21[0m] (step=0237600) Train Loss: 0.0896, Train Steps/Sec: 3.21, Samples/Sec: 51.40
[[34m2025-08-14 02:49:52[0m] (step=0237700) Train Loss: 0.0908, Train Steps/Sec: 3.20, Samples/Sec: 51.13
[[34m2025-08-14 02:50:24[0m] (step=0237800) Train Loss: 0.0862, Train Steps/Sec: 3.17, Samples/Sec: 50.68
[[34m2025-08-14 02:50:55[0m] (step=0237900) Train Loss: 0.0854, Train Steps/Sec: 3.18, Samples/Sec: 50.93
[[34m2025-08-14 02:51:27[0m] (step=0238000) Train Loss: 0.0822, Train Steps/Sec: 3.17, Samples/Sec: 50.69
[[34m2025-08-14 02:51:59[0m] (step=0238100) Train Loss: 0.0875, Train Steps/Sec: 3.12, Samples/Sec: 49.96
[[34m2025-08-14 02:52:30[0m] (step=0238200) Train Loss: 0.0896, Train Steps/Sec: 3.16, Samples/Sec: 50.50
[[34m2025-08-14 02:53:02[0m] (step=0238300) Train Loss: 0.0944, Train Steps/Sec: 3.17, Samples/Sec: 50.73
[[34m2025-08-14 02:53:34[0m] (step=0238400) Train Loss: 0.0851, Train Steps/Sec: 3.16, Samples/Sec: 50.59
[[34m2025-08-14 02:54:06[0m] (step=0238500) Train Loss: 0.0941, Train Steps/Sec: 3.10, Samples/Sec: 49.64
[[34m2025-08-14 02:54:38[0m] (step=0238600) Train Loss: 0.0822, Train Steps/Sec: 3.12, Samples/Sec: 49.88
[[34m2025-08-14 02:55:11[0m] (step=0238700) Train Loss: 0.0834, Train Steps/Sec: 3.04, Samples/Sec: 48.68
[[34m2025-08-14 02:55:43[0m] (step=0238800) Train Loss: 0.0762, Train Steps/Sec: 3.12, Samples/Sec: 49.99
[[34m2025-08-14 02:56:15[0m] (step=0238900) Train Loss: 0.0833, Train Steps/Sec: 3.12, Samples/Sec: 49.99
[[34m2025-08-14 02:56:46[0m] (step=0239000) Train Loss: 0.0837, Train Steps/Sec: 3.17, Samples/Sec: 50.76
[[34m2025-08-14 02:57:18[0m] (step=0239100) Train Loss: 0.0884, Train Steps/Sec: 3.19, Samples/Sec: 51.10
[[34m2025-08-14 02:57:50[0m] (step=0239200) Train Loss: 0.0858, Train Steps/Sec: 3.12, Samples/Sec: 49.97
[[34m2025-08-14 02:58:22[0m] (step=0239300) Train Loss: 0.0905, Train Steps/Sec: 3.06, Samples/Sec: 49.03
[[34m2025-08-14 02:58:54[0m] (step=0239400) Train Loss: 0.0839, Train Steps/Sec: 3.11, Samples/Sec: 49.76
[[34m2025-08-14 02:59:26[0m] (step=0239500) Train Loss: 0.0884, Train Steps/Sec: 3.17, Samples/Sec: 50.76
[[34m2025-08-14 02:59:58[0m] (step=0239600) Train Loss: 0.0924, Train Steps/Sec: 3.17, Samples/Sec: 50.66
[[34m2025-08-14 03:00:29[0m] (step=0239700) Train Loss: 0.0802, Train Steps/Sec: 3.14, Samples/Sec: 50.23
[[34m2025-08-14 03:01:01[0m] (step=0239800) Train Loss: 0.0908, Train Steps/Sec: 3.17, Samples/Sec: 50.71
[[34m2025-08-14 03:01:33[0m] (step=0239900) Train Loss: 0.0837, Train Steps/Sec: 3.13, Samples/Sec: 50.09
[[34m2025-08-14 03:02:05[0m] (step=0240000) Train Loss: 0.0885, Train Steps/Sec: 3.14, Samples/Sec: 50.30
Using cache found in ./models/facebookresearch_dino_main
Using cache found in ./models/facebookresearch_dino_main
Using cache found in ./models/facebookresearch_dino_main
[[34m2025-08-14 03:02:23[0m] Saved checkpoint to logs/nwm_cdit_airvln_v6_1/checkpoints/latest.pth.tar
Using cache found in ./models/facebookresearch_dino_main
[[34m2025-08-14 03:02:26[0m] Already found a `peft_config` attribute in the model. This will lead to having multiple adapters in the model. Make sure to know what you are doing!
[[34m2025-08-14 03:03:51[0m] (step=0240000) Perceptual Loss: 0.1363, Eval Time: 88.42
[[34m2025-08-14 03:04:24[0m] (step=0240100) Train Loss: 0.0864, Train Steps/Sec: 0.72, Samples/Sec: 11.52
[[34m2025-08-14 03:04:55[0m] (step=0240200) Train Loss: 0.0847, Train Steps/Sec: 3.21, Samples/Sec: 51.38
[[34m2025-08-14 03:05:26[0m] (step=0240300) Train Loss: 0.0856, Train Steps/Sec: 3.16, Samples/Sec: 50.52
[[34m2025-08-14 03:05:59[0m] (step=0240400) Train Loss: 0.0896, Train Steps/Sec: 3.07, Samples/Sec: 49.20
[[34m2025-08-14 03:06:31[0m] (step=0240500) Train Loss: 0.0816, Train Steps/Sec: 3.17, Samples/Sec: 50.76
[[34m2025-08-14 03:07:02[0m] (step=0240600) Train Loss: 0.0903, Train Steps/Sec: 3.15, Samples/Sec: 50.47
[[34m2025-08-14 03:07:34[0m] (step=0240700) Train Loss: 0.0850, Train Steps/Sec: 3.18, Samples/Sec: 50.87
[[34m2025-08-14 03:08:05[0m] (step=0240800) Train Loss: 0.0921, Train Steps/Sec: 3.15, Samples/Sec: 50.34
[[34m2025-08-14 03:08:37[0m] (step=0240900) Train Loss: 0.0935, Train Steps/Sec: 3.20, Samples/Sec: 51.20
[[34m2025-08-14 03:09:08[0m] (step=0241000) Train Loss: 0.0838, Train Steps/Sec: 3.21, Samples/Sec: 51.32
[[34m2025-08-14 03:09:39[0m] (step=0241100) Train Loss: 0.0855, Train Steps/Sec: 3.25, Samples/Sec: 51.96
[[34m2025-08-14 03:10:10[0m] (step=0241200) Train Loss: 0.0846, Train Steps/Sec: 3.16, Samples/Sec: 50.60
[[34m2025-08-14 03:10:42[0m] (step=0241300) Train Loss: 0.0813, Train Steps/Sec: 3.18, Samples/Sec: 50.89
[[34m2025-08-14 03:11:13[0m] (step=0241400) Train Loss: 0.0851, Train Steps/Sec: 3.22, Samples/Sec: 51.53
[[34m2025-08-14 03:11:44[0m] (step=0241500) Train Loss: 0.0882, Train Steps/Sec: 3.18, Samples/Sec: 50.88
[[34m2025-08-14 03:12:16[0m] (step=0241600) Train Loss: 0.0826, Train Steps/Sec: 3.17, Samples/Sec: 50.78
[[34m2025-08-14 03:12:48[0m] (step=0241700) Train Loss: 0.0882, Train Steps/Sec: 3.15, Samples/Sec: 50.44
[[34m2025-08-14 03:13:19[0m] (step=0241800) Train Loss: 0.0829, Train Steps/Sec: 3.17, Samples/Sec: 50.79
[[34m2025-08-14 03:13:50[0m] (step=0241900) Train Loss: 0.0882, Train Steps/Sec: 3.20, Samples/Sec: 51.12
[[34m2025-08-14 03:14:21[0m] (step=0242000) Train Loss: 0.0777, Train Steps/Sec: 3.24, Samples/Sec: 51.77
[[34m2025-08-14 03:14:54[0m] (step=0242100) Train Loss: 0.0870, Train Steps/Sec: 3.04, Samples/Sec: 48.63
[[34m2025-08-14 03:15:25[0m] (step=0242200) Train Loss: 0.0878, Train Steps/Sec: 3.22, Samples/Sec: 51.53
[[34m2025-08-14 03:15:57[0m] (step=0242300) Train Loss: 0.0882, Train Steps/Sec: 3.20, Samples/Sec: 51.17
[[34m2025-08-14 03:16:28[0m] (step=0242400) Train Loss: 0.0845, Train Steps/Sec: 3.21, Samples/Sec: 51.42
[[34m2025-08-14 03:16:59[0m] (step=0242500) Train Loss: 0.0830, Train Steps/Sec: 3.15, Samples/Sec: 50.39
[[34m2025-08-14 03:17:30[0m] (step=0242600) Train Loss: 0.0880, Train Steps/Sec: 3.23, Samples/Sec: 51.69
[[34m2025-08-14 03:18:01[0m] (step=0242700) Train Loss: 0.0883, Train Steps/Sec: 3.23, Samples/Sec: 51.69
[[34m2025-08-14 03:18:33[0m] (step=0242800) Train Loss: 0.0906, Train Steps/Sec: 3.21, Samples/Sec: 51.34
[[34m2025-08-14 03:19:04[0m] (step=0242900) Train Loss: 0.0886, Train Steps/Sec: 3.21, Samples/Sec: 51.35
[[34m2025-08-14 03:19:35[0m] (step=0243000) Train Loss: 0.0887, Train Steps/Sec: 3.18, Samples/Sec: 50.88
[[34m2025-08-14 03:20:07[0m] (step=0243100) Train Loss: 0.0772, Train Steps/Sec: 3.14, Samples/Sec: 50.24
[[34m2025-08-14 03:20:39[0m] (step=0243200) Train Loss: 0.0842, Train Steps/Sec: 3.12, Samples/Sec: 49.91
[[34m2025-08-14 03:21:10[0m] (step=0243300) Train Loss: 0.0862, Train Steps/Sec: 3.27, Samples/Sec: 52.28
[[34m2025-08-14 03:21:41[0m] (step=0243400) Train Loss: 0.0857, Train Steps/Sec: 3.23, Samples/Sec: 51.74
[[34m2025-08-14 03:22:11[0m] (step=0243500) Train Loss: 0.0911, Train Steps/Sec: 3.25, Samples/Sec: 51.98
[[34m2025-08-14 03:22:42[0m] (step=0243600) Train Loss: 0.0868, Train Steps/Sec: 3.25, Samples/Sec: 51.96
[[34m2025-08-14 03:23:13[0m] (step=0243700) Train Loss: 0.0851, Train Steps/Sec: 3.21, Samples/Sec: 51.30
[[34m2025-08-14 03:23:45[0m] (step=0243800) Train Loss: 0.0847, Train Steps/Sec: 3.12, Samples/Sec: 49.96
[[34m2025-08-14 03:24:17[0m] (step=0243900) Train Loss: 0.0825, Train Steps/Sec: 3.16, Samples/Sec: 50.62
[[34m2025-08-14 03:24:48[0m] (step=0244000) Train Loss: 0.0828, Train Steps/Sec: 3.25, Samples/Sec: 52.01
[[34m2025-08-14 03:25:19[0m] (step=0244100) Train Loss: 0.0922, Train Steps/Sec: 3.17, Samples/Sec: 50.79
[[34m2025-08-14 03:25:50[0m] (step=0244200) Train Loss: 0.0943, Train Steps/Sec: 3.21, Samples/Sec: 51.31
[[34m2025-08-14 03:26:22[0m] (step=0244300) Train Loss: 0.0859, Train Steps/Sec: 3.19, Samples/Sec: 51.11
[[34m2025-08-14 03:26:53[0m] (step=0244400) Train Loss: 0.0924, Train Steps/Sec: 3.17, Samples/Sec: 50.69
[[34m2025-08-14 03:27:26[0m] (step=0244500) Train Loss: 0.0896, Train Steps/Sec: 3.03, Samples/Sec: 48.54
[[34m2025-08-14 03:27:58[0m] (step=0244600) Train Loss: 0.0894, Train Steps/Sec: 3.14, Samples/Sec: 50.26
[[34m2025-08-14 03:28:29[0m] (step=0244700) Train Loss: 0.0827, Train Steps/Sec: 3.23, Samples/Sec: 51.75
[[34m2025-08-14 03:29:01[0m] (step=0244800) Train Loss: 0.0872, Train Steps/Sec: 3.11, Samples/Sec: 49.82
[[34m2025-08-14 03:29:33[0m] (step=0244900) Train Loss: 0.1008, Train Steps/Sec: 3.16, Samples/Sec: 50.55
[[34m2025-08-14 03:30:05[0m] (step=0245000) Train Loss: 0.0878, Train Steps/Sec: 3.14, Samples/Sec: 50.23
[[34m2025-08-14 03:30:36[0m] (step=0245100) Train Loss: 0.0901, Train Steps/Sec: 3.16, Samples/Sec: 50.55
[[34m2025-08-14 03:31:08[0m] (step=0245200) Train Loss: 0.0898, Train Steps/Sec: 3.13, Samples/Sec: 50.12
[[34m2025-08-14 03:31:40[0m] (step=0245300) Train Loss: 0.0857, Train Steps/Sec: 3.21, Samples/Sec: 51.32
[[34m2025-08-14 03:32:10[0m] (step=0245400) Train Loss: 0.0897, Train Steps/Sec: 3.25, Samples/Sec: 52.04
[[34m2025-08-14 03:32:42[0m] (step=0245500) Train Loss: 0.0943, Train Steps/Sec: 3.18, Samples/Sec: 50.90
[[34m2025-08-14 03:33:13[0m] (step=0245600) Train Loss: 0.0831, Train Steps/Sec: 3.20, Samples/Sec: 51.18
[[34m2025-08-14 03:33:45[0m] (step=0245700) Train Loss: 0.0932, Train Steps/Sec: 3.17, Samples/Sec: 50.68
[[34m2025-08-14 03:34:16[0m] (step=0245800) Train Loss: 0.0921, Train Steps/Sec: 3.13, Samples/Sec: 50.15
[[34m2025-08-14 03:34:48[0m] (step=0245900) Train Loss: 0.0873, Train Steps/Sec: 3.19, Samples/Sec: 51.03
[[34m2025-08-14 03:35:19[0m] (step=0246000) Train Loss: 0.0950, Train Steps/Sec: 3.19, Samples/Sec: 51.09
[[34m2025-08-14 03:35:51[0m] (step=0246100) Train Loss: 0.0841, Train Steps/Sec: 3.19, Samples/Sec: 51.01
[[34m2025-08-14 03:36:22[0m] (step=0246200) Train Loss: 0.0879, Train Steps/Sec: 3.20, Samples/Sec: 51.18
[[34m2025-08-14 03:36:53[0m] (step=0246300) Train Loss: 0.0817, Train Steps/Sec: 3.23, Samples/Sec: 51.68
[[34m2025-08-14 03:37:24[0m] (step=0246400) Train Loss: 0.0857, Train Steps/Sec: 3.24, Samples/Sec: 51.84
[[34m2025-08-14 03:37:55[0m] (step=0246500) Train Loss: 0.0839, Train Steps/Sec: 3.19, Samples/Sec: 51.03
[[34m2025-08-14 03:38:27[0m] (step=0246600) Train Loss: 0.0958, Train Steps/Sec: 3.17, Samples/Sec: 50.72
[[34m2025-08-14 03:38:57[0m] (step=0246700) Train Loss: 0.0859, Train Steps/Sec: 3.25, Samples/Sec: 51.93
[[34m2025-08-14 03:39:29[0m] (step=0246800) Train Loss: 0.0792, Train Steps/Sec: 3.17, Samples/Sec: 50.64
[[34m2025-08-14 03:40:01[0m] (step=0246900) Train Loss: 0.0872, Train Steps/Sec: 3.15, Samples/Sec: 50.38
[[34m2025-08-14 03:40:31[0m] (step=0247000) Train Loss: 0.0855, Train Steps/Sec: 3.27, Samples/Sec: 52.28
[[34m2025-08-14 03:41:02[0m] (step=0247100) Train Loss: 0.0932, Train Steps/Sec: 3.23, Samples/Sec: 51.70
[[34m2025-08-14 03:41:34[0m] (step=0247200) Train Loss: 0.0843, Train Steps/Sec: 3.18, Samples/Sec: 50.84
[[34m2025-08-14 03:42:05[0m] (step=0247300) Train Loss: 0.0893, Train Steps/Sec: 3.22, Samples/Sec: 51.57
[[34m2025-08-14 03:42:36[0m] (step=0247400) Train Loss: 0.0845, Train Steps/Sec: 3.18, Samples/Sec: 50.94
[[34m2025-08-14 03:43:08[0m] (step=0247500) Train Loss: 0.0882, Train Steps/Sec: 3.18, Samples/Sec: 50.93
[[34m2025-08-14 03:43:39[0m] (step=0247600) Train Loss: 0.0833, Train Steps/Sec: 3.14, Samples/Sec: 50.32
[[34m2025-08-14 03:44:11[0m] (step=0247700) Train Loss: 0.0854, Train Steps/Sec: 3.17, Samples/Sec: 50.68
[[34m2025-08-14 03:44:43[0m] (step=0247800) Train Loss: 0.0810, Train Steps/Sec: 3.16, Samples/Sec: 50.63
[[34m2025-08-14 03:45:14[0m] (step=0247900) Train Loss: 0.0885, Train Steps/Sec: 3.16, Samples/Sec: 50.57
[[34m2025-08-14 03:45:46[0m] (step=0248000) Train Loss: 0.0817, Train Steps/Sec: 3.20, Samples/Sec: 51.24
[[34m2025-08-14 03:46:17[0m] (step=0248100) Train Loss: 0.0892, Train Steps/Sec: 3.17, Samples/Sec: 50.71
[[34m2025-08-14 03:46:48[0m] (step=0248200) Train Loss: 0.0889, Train Steps/Sec: 3.26, Samples/Sec: 52.23
[[34m2025-08-14 03:47:18[0m] (step=0248300) Train Loss: 0.0909, Train Steps/Sec: 3.27, Samples/Sec: 52.33
[[34m2025-08-14 03:47:49[0m] (step=0248400) Train Loss: 0.0789, Train Steps/Sec: 3.27, Samples/Sec: 52.26
[[34m2025-08-14 03:48:21[0m] (step=0248500) Train Loss: 0.0834, Train Steps/Sec: 3.13, Samples/Sec: 50.06
[[34m2025-08-14 03:48:52[0m] (step=0248600) Train Loss: 0.0812, Train Steps/Sec: 3.19, Samples/Sec: 51.03
[[34m2025-08-14 03:49:23[0m] (step=0248700) Train Loss: 0.0788, Train Steps/Sec: 3.22, Samples/Sec: 51.50
[[34m2025-08-14 03:49:55[0m] (step=0248800) Train Loss: 0.0779, Train Steps/Sec: 3.15, Samples/Sec: 50.45
[[34m2025-08-14 03:50:26[0m] (step=0248900) Train Loss: 0.0834, Train Steps/Sec: 3.23, Samples/Sec: 51.70
[[34m2025-08-14 03:50:58[0m] (step=0249000) Train Loss: 0.0894, Train Steps/Sec: 3.18, Samples/Sec: 50.88
[[34m2025-08-14 03:51:29[0m] (step=0249100) Train Loss: 0.0811, Train Steps/Sec: 3.20, Samples/Sec: 51.23
[[34m2025-08-14 03:52:00[0m] (step=0249200) Train Loss: 0.0803, Train Steps/Sec: 3.17, Samples/Sec: 50.69
[[34m2025-08-14 03:52:31[0m] (step=0249300) Train Loss: 0.0882, Train Steps/Sec: 3.24, Samples/Sec: 51.86
[[34m2025-08-14 03:53:03[0m] (step=0249400) Train Loss: 0.0880, Train Steps/Sec: 3.19, Samples/Sec: 51.08
[[34m2025-08-14 03:53:34[0m] (step=0249500) Train Loss: 0.0890, Train Steps/Sec: 3.20, Samples/Sec: 51.16
[[34m2025-08-14 03:54:05[0m] (step=0249600) Train Loss: 0.0888, Train Steps/Sec: 3.22, Samples/Sec: 51.48
[[34m2025-08-14 03:54:36[0m] (step=0249700) Train Loss: 0.0887, Train Steps/Sec: 3.24, Samples/Sec: 51.83
[[34m2025-08-14 03:55:07[0m] (step=0249800) Train Loss: 0.0967, Train Steps/Sec: 3.16, Samples/Sec: 50.55
[[34m2025-08-14 03:55:38[0m] (step=0249900) Train Loss: 0.0880, Train Steps/Sec: 3.22, Samples/Sec: 51.52
[[34m2025-08-14 03:56:10[0m] (step=0250000) Train Loss: 0.0874, Train Steps/Sec: 3.15, Samples/Sec: 50.37
Using cache found in ./models/facebookresearch_dino_main
Using cache found in ./models/facebookresearch_dino_main
Using cache found in ./models/facebookresearch_dino_main
[[34m2025-08-14 03:56:28[0m] Saved checkpoint to logs/nwm_cdit_airvln_v6_1/checkpoints/latest.pth.tar
Using cache found in ./models/facebookresearch_dino_main
[[34m2025-08-14 03:56:31[0m] Already found a `peft_config` attribute in the model. This will lead to having multiple adapters in the model. Make sure to know what you are doing!
[[34m2025-08-14 03:57:58[0m] (step=0250000) Perceptual Loss: 0.1486, Eval Time: 89.81
[[34m2025-08-14 03:58:29[0m] (step=0250100) Train Loss: 0.0953, Train Steps/Sec: 0.72, Samples/Sec: 11.56
[[34m2025-08-14 03:59:00[0m] (step=0250200) Train Loss: 0.0818, Train Steps/Sec: 3.21, Samples/Sec: 51.34
[[34m2025-08-14 03:59:31[0m] (step=0250300) Train Loss: 0.0800, Train Steps/Sec: 3.17, Samples/Sec: 50.65
[[34m2025-08-14 04:00:03[0m] (step=0250400) Train Loss: 0.0813, Train Steps/Sec: 3.13, Samples/Sec: 50.03
[[34m2025-08-14 04:00:34[0m] (step=0250500) Train Loss: 0.0833, Train Steps/Sec: 3.27, Samples/Sec: 52.33
[[34m2025-08-14 04:01:05[0m] (step=0250600) Train Loss: 0.0888, Train Steps/Sec: 3.21, Samples/Sec: 51.43
[[34m2025-08-14 04:01:36[0m] (step=0250700) Train Loss: 0.0879, Train Steps/Sec: 3.20, Samples/Sec: 51.19
[[34m2025-08-14 04:02:08[0m] (step=0250800) Train Loss: 0.0864, Train Steps/Sec: 3.21, Samples/Sec: 51.40
[[34m2025-08-14 04:02:38[0m] (step=0250900) Train Loss: 0.0937, Train Steps/Sec: 3.27, Samples/Sec: 52.31
[[34m2025-08-14 04:03:10[0m] (step=0251000) Train Loss: 0.0913, Train Steps/Sec: 3.15, Samples/Sec: 50.39
[[34m2025-08-14 04:03:42[0m] (step=0251100) Train Loss: 0.0930, Train Steps/Sec: 3.12, Samples/Sec: 49.95
[[34m2025-08-14 04:04:13[0m] (step=0251200) Train Loss: 0.0887, Train Steps/Sec: 3.20, Samples/Sec: 51.17
[[34m2025-08-14 04:04:44[0m] (step=0251300) Train Loss: 0.0857, Train Steps/Sec: 3.22, Samples/Sec: 51.53
[[34m2025-08-14 04:05:15[0m] (step=0251400) Train Loss: 0.0779, Train Steps/Sec: 3.25, Samples/Sec: 51.95
[[34m2025-08-14 04:05:46[0m] (step=0251500) Train Loss: 0.0802, Train Steps/Sec: 3.23, Samples/Sec: 51.67
[[34m2025-08-14 04:06:17[0m] (step=0251600) Train Loss: 0.0890, Train Steps/Sec: 3.19, Samples/Sec: 50.97
[[34m2025-08-14 04:06:49[0m] (step=0251700) Train Loss: 0.0854, Train Steps/Sec: 3.20, Samples/Sec: 51.17
[[34m2025-08-14 04:07:20[0m] (step=0251800) Train Loss: 0.0814, Train Steps/Sec: 3.16, Samples/Sec: 50.63
[[34m2025-08-14 04:07:52[0m] (step=0251900) Train Loss: 0.0887, Train Steps/Sec: 3.18, Samples/Sec: 50.89
[[34m2025-08-14 04:08:23[0m] (step=0252000) Train Loss: 0.0888, Train Steps/Sec: 3.22, Samples/Sec: 51.51
[[34m2025-08-14 04:08:54[0m] (step=0252100) Train Loss: 0.0844, Train Steps/Sec: 3.19, Samples/Sec: 51.08
[[34m2025-08-14 04:09:25[0m] (step=0252200) Train Loss: 0.0872, Train Steps/Sec: 3.19, Samples/Sec: 51.08
[[34m2025-08-14 04:09:57[0m] (step=0252300) Train Loss: 0.0815, Train Steps/Sec: 3.22, Samples/Sec: 51.44
[[34m2025-08-14 04:10:28[0m] (step=0252400) Train Loss: 0.0934, Train Steps/Sec: 3.16, Samples/Sec: 50.55
[[34m2025-08-14 04:10:59[0m] (step=0252500) Train Loss: 0.0916, Train Steps/Sec: 3.23, Samples/Sec: 51.64
[[34m2025-08-14 04:11:30[0m] (step=0252600) Train Loss: 0.0838, Train Steps/Sec: 3.24, Samples/Sec: 51.77
[[34m2025-08-14 04:12:01[0m] (step=0252700) Train Loss: 0.0777, Train Steps/Sec: 3.24, Samples/Sec: 51.78
[[34m2025-08-14 04:12:32[0m] (step=0252800) Train Loss: 0.0833, Train Steps/Sec: 3.23, Samples/Sec: 51.69
[[34m2025-08-14 04:13:03[0m] (step=0252900) Train Loss: 0.0784, Train Steps/Sec: 3.28, Samples/Sec: 52.43
[[34m2025-08-14 04:13:34[0m] (step=0253000) Train Loss: 0.0917, Train Steps/Sec: 3.18, Samples/Sec: 50.88
[[34m2025-08-14 04:14:05[0m] (step=0253100) Train Loss: 0.0903, Train Steps/Sec: 3.23, Samples/Sec: 51.64
[[34m2025-08-14 04:14:36[0m] (step=0253200) Train Loss: 0.0898, Train Steps/Sec: 3.18, Samples/Sec: 50.87
[[34m2025-08-14 04:15:07[0m] (step=0253300) Train Loss: 0.0845, Train Steps/Sec: 3.27, Samples/Sec: 52.34
[[34m2025-08-14 04:15:26[0m] Beginning epoch 3...
[[34m2025-08-14 04:15:41[0m] (step=0253400) Train Loss: 0.0829, Train Steps/Sec: 2.94, Samples/Sec: 47.08
[[34m2025-08-14 04:16:12[0m] (step=0253500) Train Loss: 0.0854, Train Steps/Sec: 3.22, Samples/Sec: 51.47
[[34m2025-08-14 04:16:43[0m] (step=0253600) Train Loss: 0.0785, Train Steps/Sec: 3.26, Samples/Sec: 52.19
[[34m2025-08-14 04:17:14[0m] (step=0253700) Train Loss: 0.0809, Train Steps/Sec: 3.16, Samples/Sec: 50.50
[[34m2025-08-14 04:17:46[0m] (step=0253800) Train Loss: 0.0806, Train Steps/Sec: 3.20, Samples/Sec: 51.24
[[34m2025-08-14 04:18:17[0m] (step=0253900) Train Loss: 0.0814, Train Steps/Sec: 3.17, Samples/Sec: 50.70
[[34m2025-08-14 04:18:49[0m] (step=0254000) Train Loss: 0.0924, Train Steps/Sec: 3.16, Samples/Sec: 50.52
[[34m2025-08-14 04:19:21[0m] (step=0254100) Train Loss: 0.0913, Train Steps/Sec: 3.16, Samples/Sec: 50.61
[[34m2025-08-14 04:19:51[0m] (step=0254200) Train Loss: 0.0843, Train Steps/Sec: 3.25, Samples/Sec: 51.98
[[34m2025-08-14 04:20:23[0m] (step=0254300) Train Loss: 0.0875, Train Steps/Sec: 3.15, Samples/Sec: 50.46
[[34m2025-08-14 04:20:54[0m] (step=0254400) Train Loss: 0.0922, Train Steps/Sec: 3.22, Samples/Sec: 51.53
[[34m2025-08-14 04:21:25[0m] (step=0254500) Train Loss: 0.0817, Train Steps/Sec: 3.29, Samples/Sec: 52.57
[[34m2025-08-14 04:21:56[0m] (step=0254600) Train Loss: 0.0898, Train Steps/Sec: 3.18, Samples/Sec: 50.95
[[34m2025-08-14 04:22:28[0m] (step=0254700) Train Loss: 0.0836, Train Steps/Sec: 3.17, Samples/Sec: 50.72
[[34m2025-08-14 04:22:59[0m] (step=0254800) Train Loss: 0.0875, Train Steps/Sec: 3.19, Samples/Sec: 51.03
[[34m2025-08-14 04:23:30[0m] (step=0254900) Train Loss: 0.0877, Train Steps/Sec: 3.22, Samples/Sec: 51.54
[[34m2025-08-14 04:24:02[0m] (step=0255000) Train Loss: 0.0837, Train Steps/Sec: 3.14, Samples/Sec: 50.26
[[34m2025-08-14 04:24:33[0m] (step=0255100) Train Loss: 0.0879, Train Steps/Sec: 3.23, Samples/Sec: 51.61
[[34m2025-08-14 04:25:04[0m] (step=0255200) Train Loss: 0.0745, Train Steps/Sec: 3.26, Samples/Sec: 52.16
[[34m2025-08-14 04:25:35[0m] (step=0255300) Train Loss: 0.0865, Train Steps/Sec: 3.17, Samples/Sec: 50.80
[[34m2025-08-14 04:26:06[0m] (step=0255400) Train Loss: 0.0904, Train Steps/Sec: 3.22, Samples/Sec: 51.59
[[34m2025-08-14 04:26:37[0m] (step=0255500) Train Loss: 0.0958, Train Steps/Sec: 3.26, Samples/Sec: 52.11
[[34m2025-08-14 04:27:07[0m] (step=0255600) Train Loss: 0.0912, Train Steps/Sec: 3.27, Samples/Sec: 52.39
[[34m2025-08-14 04:27:39[0m] (step=0255700) Train Loss: 0.0847, Train Steps/Sec: 3.18, Samples/Sec: 50.86
[[34m2025-08-14 04:28:10[0m] (step=0255800) Train Loss: 0.0929, Train Steps/Sec: 3.20, Samples/Sec: 51.18
[[34m2025-08-14 04:28:41[0m] (step=0255900) Train Loss: 0.0856, Train Steps/Sec: 3.19, Samples/Sec: 51.02
[[34m2025-08-14 04:29:13[0m] (step=0256000) Train Loss: 0.0808, Train Steps/Sec: 3.22, Samples/Sec: 51.44
[[34m2025-08-14 04:29:44[0m] (step=0256100) Train Loss: 0.0890, Train Steps/Sec: 3.21, Samples/Sec: 51.29
[[34m2025-08-14 04:30:15[0m] (step=0256200) Train Loss: 0.0914, Train Steps/Sec: 3.22, Samples/Sec: 51.58
[[34m2025-08-14 04:30:46[0m] (step=0256300) Train Loss: 0.0860, Train Steps/Sec: 3.17, Samples/Sec: 50.67
[[34m2025-08-14 04:31:18[0m] (step=0256400) Train Loss: 0.0822, Train Steps/Sec: 3.20, Samples/Sec: 51.14
[[34m2025-08-14 04:31:49[0m] (step=0256500) Train Loss: 0.0766, Train Steps/Sec: 3.19, Samples/Sec: 50.98
[[34m2025-08-14 04:32:19[0m] (step=0256600) Train Loss: 0.0889, Train Steps/Sec: 3.29, Samples/Sec: 52.71
[[34m2025-08-14 04:32:50[0m] (step=0256700) Train Loss: 0.0802, Train Steps/Sec: 3.25, Samples/Sec: 51.93
[[34m2025-08-14 04:33:22[0m] (step=0256800) Train Loss: 0.0769, Train Steps/Sec: 3.18, Samples/Sec: 50.93
[[34m2025-08-14 04:33:53[0m] (step=0256900) Train Loss: 0.0918, Train Steps/Sec: 3.16, Samples/Sec: 50.56
[[34m2025-08-14 04:34:25[0m] (step=0257000) Train Loss: 0.0868, Train Steps/Sec: 3.12, Samples/Sec: 49.95
[[34m2025-08-14 04:34:57[0m] (step=0257100) Train Loss: 0.0731, Train Steps/Sec: 3.16, Samples/Sec: 50.58
[[34m2025-08-14 04:35:28[0m] (step=0257200) Train Loss: 0.0835, Train Steps/Sec: 3.21, Samples/Sec: 51.32
[[34m2025-08-14 04:35:59[0m] (step=0257300) Train Loss: 0.0890, Train Steps/Sec: 3.22, Samples/Sec: 51.55
[[34m2025-08-14 04:36:30[0m] (step=0257400) Train Loss: 0.0929, Train Steps/Sec: 3.21, Samples/Sec: 51.32
[[34m2025-08-14 04:37:02[0m] (step=0257500) Train Loss: 0.0891, Train Steps/Sec: 3.20, Samples/Sec: 51.16
[[34m2025-08-14 04:37:33[0m] (step=0257600) Train Loss: 0.0870, Train Steps/Sec: 3.14, Samples/Sec: 50.29
[[34m2025-08-14 04:38:06[0m] (step=0257700) Train Loss: 0.0830, Train Steps/Sec: 3.09, Samples/Sec: 49.47
[[34m2025-08-14 04:38:37[0m] (step=0257800) Train Loss: 0.0881, Train Steps/Sec: 3.19, Samples/Sec: 51.07
[[34m2025-08-14 04:39:09[0m] (step=0257900) Train Loss: 0.0850, Train Steps/Sec: 3.12, Samples/Sec: 49.87
[[34m2025-08-14 04:39:41[0m] (step=0258000) Train Loss: 0.0883, Train Steps/Sec: 3.19, Samples/Sec: 51.11
[[34m2025-08-14 04:40:12[0m] (step=0258100) Train Loss: 0.0813, Train Steps/Sec: 3.20, Samples/Sec: 51.16
[[34m2025-08-14 04:40:44[0m] (step=0258200) Train Loss: 0.0927, Train Steps/Sec: 3.14, Samples/Sec: 50.28
[[34m2025-08-14 04:41:16[0m] (step=0258300) Train Loss: 0.0948, Train Steps/Sec: 3.06, Samples/Sec: 48.97
[[34m2025-08-14 04:41:49[0m] (step=0258400) Train Loss: 0.0879, Train Steps/Sec: 3.11, Samples/Sec: 49.84
[[34m2025-08-14 04:42:20[0m] (step=0258500) Train Loss: 0.0862, Train Steps/Sec: 3.19, Samples/Sec: 50.99
[[34m2025-08-14 04:42:52[0m] (step=0258600) Train Loss: 0.0795, Train Steps/Sec: 3.13, Samples/Sec: 50.09
[[34m2025-08-14 04:43:23[0m] (step=0258700) Train Loss: 0.0872, Train Steps/Sec: 3.16, Samples/Sec: 50.59
[[34m2025-08-14 04:43:55[0m] (step=0258800) Train Loss: 0.0837, Train Steps/Sec: 3.22, Samples/Sec: 51.52
[[34m2025-08-14 04:44:26[0m] (step=0258900) Train Loss: 0.0761, Train Steps/Sec: 3.21, Samples/Sec: 51.30
[[34m2025-08-14 04:44:58[0m] (step=0259000) Train Loss: 0.0892, Train Steps/Sec: 3.14, Samples/Sec: 50.28
[[34m2025-08-14 04:45:29[0m] (step=0259100) Train Loss: 0.0759, Train Steps/Sec: 3.20, Samples/Sec: 51.13
[[34m2025-08-14 04:45:59[0m] (step=0259200) Train Loss: 0.0795, Train Steps/Sec: 3.27, Samples/Sec: 52.39
[[34m2025-08-14 04:46:31[0m] (step=0259300) Train Loss: 0.0841, Train Steps/Sec: 3.17, Samples/Sec: 50.76
[[34m2025-08-14 04:47:02[0m] (step=0259400) Train Loss: 0.0816, Train Steps/Sec: 3.18, Samples/Sec: 50.87
[[34m2025-08-14 04:47:35[0m] (step=0259500) Train Loss: 0.0906, Train Steps/Sec: 3.12, Samples/Sec: 49.92
[[34m2025-08-14 04:48:06[0m] (step=0259600) Train Loss: 0.0861, Train Steps/Sec: 3.17, Samples/Sec: 50.66
[[34m2025-08-14 04:48:37[0m] (step=0259700) Train Loss: 0.0854, Train Steps/Sec: 3.22, Samples/Sec: 51.46
[[34m2025-08-14 04:49:08[0m] (step=0259800) Train Loss: 0.0882, Train Steps/Sec: 3.21, Samples/Sec: 51.28
[[34m2025-08-14 04:49:40[0m] (step=0259900) Train Loss: 0.0899, Train Steps/Sec: 3.18, Samples/Sec: 50.94
[[34m2025-08-14 04:50:11[0m] (step=0260000) Train Loss: 0.0890, Train Steps/Sec: 3.17, Samples/Sec: 50.75
Using cache found in ./models/facebookresearch_dino_main
Using cache found in ./models/facebookresearch_dino_main
Using cache found in ./models/facebookresearch_dino_main
[[34m2025-08-14 04:50:31[0m] Saved checkpoint to logs/nwm_cdit_airvln_v6_1/checkpoints/latest.pth.tar
Using cache found in ./models/facebookresearch_dino_main
[[34m2025-08-14 04:50:34[0m] Already found a `peft_config` attribute in the model. This will lead to having multiple adapters in the model. Make sure to know what you are doing!
[[34m2025-08-14 04:52:00[0m] (step=0260000) Perceptual Loss: 0.1453, Eval Time: 89.29
[[34m2025-08-14 04:52:32[0m] (step=0260100) Train Loss: 0.0921, Train Steps/Sec: 0.71, Samples/Sec: 11.40
[[34m2025-08-14 04:53:03[0m] (step=0260200) Train Loss: 0.0819, Train Steps/Sec: 3.16, Samples/Sec: 50.51
[[34m2025-08-14 04:53:35[0m] (step=0260300) Train Loss: 0.0871, Train Steps/Sec: 3.15, Samples/Sec: 50.36
[[34m2025-08-14 04:54:07[0m] (step=0260400) Train Loss: 0.0871, Train Steps/Sec: 3.18, Samples/Sec: 50.83
[[34m2025-08-14 04:54:38[0m] (step=0260500) Train Loss: 0.0833, Train Steps/Sec: 3.16, Samples/Sec: 50.56
[[34m2025-08-14 04:55:11[0m] (step=0260600) Train Loss: 0.0902, Train Steps/Sec: 3.05, Samples/Sec: 48.73
[[34m2025-08-14 04:55:43[0m] (step=0260700) Train Loss: 0.0870, Train Steps/Sec: 3.17, Samples/Sec: 50.70
[[34m2025-08-14 04:56:14[0m] (step=0260800) Train Loss: 0.0813, Train Steps/Sec: 3.16, Samples/Sec: 50.55
[[34m2025-08-14 04:56:46[0m] (step=0260900) Train Loss: 0.0857, Train Steps/Sec: 3.18, Samples/Sec: 50.90
[[34m2025-08-14 04:57:17[0m] (step=0261000) Train Loss: 0.0856, Train Steps/Sec: 3.21, Samples/Sec: 51.38
[[34m2025-08-14 04:57:48[0m] (step=0261100) Train Loss: 0.0864, Train Steps/Sec: 3.18, Samples/Sec: 50.82
[[34m2025-08-14 04:58:19[0m] (step=0261200) Train Loss: 0.0880, Train Steps/Sec: 3.23, Samples/Sec: 51.73
[[34m2025-08-14 04:58:50[0m] (step=0261300) Train Loss: 0.0852, Train Steps/Sec: 3.27, Samples/Sec: 52.28
[[34m2025-08-14 04:59:21[0m] (step=0261400) Train Loss: 0.0793, Train Steps/Sec: 3.21, Samples/Sec: 51.32
[[34m2025-08-14 04:59:54[0m] (step=0261500) Train Loss: 0.0956, Train Steps/Sec: 3.10, Samples/Sec: 49.56
[[34m2025-08-14 05:00:25[0m] (step=0261600) Train Loss: 0.0901, Train Steps/Sec: 3.19, Samples/Sec: 51.11
[[34m2025-08-14 05:00:56[0m] (step=0261700) Train Loss: 0.0848, Train Steps/Sec: 3.18, Samples/Sec: 50.82
[[34m2025-08-14 05:01:28[0m] (step=0261800) Train Loss: 0.0914, Train Steps/Sec: 3.19, Samples/Sec: 51.05
[[34m2025-08-14 05:02:00[0m] (step=0261900) Train Loss: 0.0835, Train Steps/Sec: 3.14, Samples/Sec: 50.22
[[34m2025-08-14 05:02:31[0m] (step=0262000) Train Loss: 0.0795, Train Steps/Sec: 3.20, Samples/Sec: 51.26
[[34m2025-08-14 05:03:03[0m] (step=0262100) Train Loss: 0.0921, Train Steps/Sec: 3.11, Samples/Sec: 49.75
[[34m2025-08-14 05:03:35[0m] (step=0262200) Train Loss: 0.0836, Train Steps/Sec: 3.14, Samples/Sec: 50.20
[[34m2025-08-14 05:04:06[0m] (step=0262300) Train Loss: 0.0857, Train Steps/Sec: 3.22, Samples/Sec: 51.59
[[34m2025-08-14 05:04:37[0m] (step=0262400) Train Loss: 0.0938, Train Steps/Sec: 3.25, Samples/Sec: 52.05
[[34m2025-08-14 05:05:08[0m] (step=0262500) Train Loss: 0.0854, Train Steps/Sec: 3.18, Samples/Sec: 50.82
[[34m2025-08-14 05:05:39[0m] (step=0262600) Train Loss: 0.0817, Train Steps/Sec: 3.22, Samples/Sec: 51.54
[[34m2025-08-14 05:06:10[0m] (step=0262700) Train Loss: 0.0845, Train Steps/Sec: 3.21, Samples/Sec: 51.34
[[34m2025-08-14 05:06:41[0m] (step=0262800) Train Loss: 0.0825, Train Steps/Sec: 3.25, Samples/Sec: 51.93
[[34m2025-08-14 05:07:13[0m] (step=0262900) Train Loss: 0.0852, Train Steps/Sec: 3.14, Samples/Sec: 50.24
[[34m2025-08-14 05:07:44[0m] (step=0263000) Train Loss: 0.0903, Train Steps/Sec: 3.17, Samples/Sec: 50.74
[[34m2025-08-14 05:08:16[0m] (step=0263100) Train Loss: 0.0869, Train Steps/Sec: 3.20, Samples/Sec: 51.21
[[34m2025-08-14 05:08:47[0m] (step=0263200) Train Loss: 0.0909, Train Steps/Sec: 3.15, Samples/Sec: 50.47
[[34m2025-08-14 05:09:19[0m] (step=0263300) Train Loss: 0.0910, Train Steps/Sec: 3.18, Samples/Sec: 50.84
[[34m2025-08-14 05:09:50[0m] (step=0263400) Train Loss: 0.0874, Train Steps/Sec: 3.20, Samples/Sec: 51.14
[[34m2025-08-14 05:10:21[0m] (step=0263500) Train Loss: 0.0966, Train Steps/Sec: 3.21, Samples/Sec: 51.31
[[34m2025-08-14 05:10:52[0m] (step=0263600) Train Loss: 0.0878, Train Steps/Sec: 3.28, Samples/Sec: 52.42
[[34m2025-08-14 05:11:23[0m] (step=0263700) Train Loss: 0.0881, Train Steps/Sec: 3.27, Samples/Sec: 52.25
[[34m2025-08-14 05:11:54[0m] (step=0263800) Train Loss: 0.0876, Train Steps/Sec: 3.23, Samples/Sec: 51.67
[[34m2025-08-14 05:12:24[0m] (step=0263900) Train Loss: 0.0822, Train Steps/Sec: 3.30, Samples/Sec: 52.82
[[34m2025-08-14 05:12:55[0m] (step=0264000) Train Loss: 0.0807, Train Steps/Sec: 3.25, Samples/Sec: 52.07
[[34m2025-08-14 05:13:26[0m] (step=0264100) Train Loss: 0.0914, Train Steps/Sec: 3.20, Samples/Sec: 51.19
[[34m2025-08-14 05:13:57[0m] (step=0264200) Train Loss: 0.0812, Train Steps/Sec: 3.23, Samples/Sec: 51.71
[[34m2025-08-14 05:14:28[0m] (step=0264300) Train Loss: 0.0871, Train Steps/Sec: 3.23, Samples/Sec: 51.68
[[34m2025-08-14 05:14:59[0m] (step=0264400) Train Loss: 0.0904, Train Steps/Sec: 3.22, Samples/Sec: 51.48
[[34m2025-08-14 05:15:30[0m] (step=0264500) Train Loss: 0.0857, Train Steps/Sec: 3.25, Samples/Sec: 52.03
[[34m2025-08-14 05:16:01[0m] (step=0264600) Train Loss: 0.0814, Train Steps/Sec: 3.23, Samples/Sec: 51.64
[[34m2025-08-14 05:16:32[0m] (step=0264700) Train Loss: 0.0917, Train Steps/Sec: 3.18, Samples/Sec: 50.87
[[34m2025-08-14 05:17:03[0m] (step=0264800) Train Loss: 0.0935, Train Steps/Sec: 3.21, Samples/Sec: 51.32
[[34m2025-08-14 05:17:35[0m] (step=0264900) Train Loss: 0.0838, Train Steps/Sec: 3.15, Samples/Sec: 50.34
[[34m2025-08-14 05:18:06[0m] (step=0265000) Train Loss: 0.0801, Train Steps/Sec: 3.21, Samples/Sec: 51.39
[[34m2025-08-14 05:18:38[0m] (step=0265100) Train Loss: 0.0828, Train Steps/Sec: 3.17, Samples/Sec: 50.74
[[34m2025-08-14 05:19:09[0m] (step=0265200) Train Loss: 0.0878, Train Steps/Sec: 3.21, Samples/Sec: 51.43
[[34m2025-08-14 05:19:40[0m] (step=0265300) Train Loss: 0.0831, Train Steps/Sec: 3.23, Samples/Sec: 51.67
[[34m2025-08-14 05:20:11[0m] (step=0265400) Train Loss: 0.0847, Train Steps/Sec: 3.17, Samples/Sec: 50.67
[[34m2025-08-14 05:20:43[0m] (step=0265500) Train Loss: 0.0871, Train Steps/Sec: 3.21, Samples/Sec: 51.40
[[34m2025-08-14 05:21:14[0m] (step=0265600) Train Loss: 0.0833, Train Steps/Sec: 3.22, Samples/Sec: 51.46
[[34m2025-08-14 05:21:45[0m] (step=0265700) Train Loss: 0.0857, Train Steps/Sec: 3.22, Samples/Sec: 51.52
[[34m2025-08-14 05:22:16[0m] (step=0265800) Train Loss: 0.0932, Train Steps/Sec: 3.24, Samples/Sec: 51.77
[[34m2025-08-14 05:22:47[0m] (step=0265900) Train Loss: 0.0874, Train Steps/Sec: 3.21, Samples/Sec: 51.42
[[34m2025-08-14 05:23:17[0m] (step=0266000) Train Loss: 0.0896, Train Steps/Sec: 3.26, Samples/Sec: 52.16
[[34m2025-08-14 05:23:49[0m] (step=0266100) Train Loss: 0.0773, Train Steps/Sec: 3.14, Samples/Sec: 50.22
[[34m2025-08-14 05:24:21[0m] (step=0266200) Train Loss: 0.0842, Train Steps/Sec: 3.19, Samples/Sec: 51.04
[[34m2025-08-14 05:24:52[0m] (step=0266300) Train Loss: 0.0773, Train Steps/Sec: 3.24, Samples/Sec: 51.81
[[34m2025-08-14 05:25:22[0m] (step=0266400) Train Loss: 0.0847, Train Steps/Sec: 3.25, Samples/Sec: 51.97
[[34m2025-08-14 05:25:54[0m] (step=0266500) Train Loss: 0.0853, Train Steps/Sec: 3.21, Samples/Sec: 51.41
[[34m2025-08-14 05:26:24[0m] (step=0266600) Train Loss: 0.0856, Train Steps/Sec: 3.24, Samples/Sec: 51.83
[[34m2025-08-14 05:26:55[0m] (step=0266700) Train Loss: 0.0912, Train Steps/Sec: 3.26, Samples/Sec: 52.22
[[34m2025-08-14 05:27:26[0m] (step=0266800) Train Loss: 0.0882, Train Steps/Sec: 3.19, Samples/Sec: 51.04
[[34m2025-08-14 05:27:58[0m] (step=0266900) Train Loss: 0.0904, Train Steps/Sec: 3.21, Samples/Sec: 51.38
[[34m2025-08-14 05:28:29[0m] (step=0267000) Train Loss: 0.0788, Train Steps/Sec: 3.21, Samples/Sec: 51.30
[[34m2025-08-14 05:29:00[0m] (step=0267100) Train Loss: 0.0845, Train Steps/Sec: 3.23, Samples/Sec: 51.66
[[34m2025-08-14 05:29:31[0m] (step=0267200) Train Loss: 0.0910, Train Steps/Sec: 3.15, Samples/Sec: 50.37
[[34m2025-08-14 05:30:03[0m] (step=0267300) Train Loss: 0.0836, Train Steps/Sec: 3.17, Samples/Sec: 50.74
[[34m2025-08-14 05:30:34[0m] (step=0267400) Train Loss: 0.0807, Train Steps/Sec: 3.21, Samples/Sec: 51.40
[[34m2025-08-14 05:31:05[0m] (step=0267500) Train Loss: 0.0832, Train Steps/Sec: 3.20, Samples/Sec: 51.18
[[34m2025-08-14 05:31:36[0m] (step=0267600) Train Loss: 0.0889, Train Steps/Sec: 3.23, Samples/Sec: 51.66
[[34m2025-08-14 05:32:07[0m] (step=0267700) Train Loss: 0.0843, Train Steps/Sec: 3.24, Samples/Sec: 51.77
[[34m2025-08-14 05:32:38[0m] (step=0267800) Train Loss: 0.0835, Train Steps/Sec: 3.22, Samples/Sec: 51.47
[[34m2025-08-14 05:33:10[0m] (step=0267900) Train Loss: 0.0876, Train Steps/Sec: 3.14, Samples/Sec: 50.18
[[34m2025-08-14 05:33:41[0m] (step=0268000) Train Loss: 0.0819, Train Steps/Sec: 3.21, Samples/Sec: 51.35
[[34m2025-08-14 05:34:13[0m] (step=0268100) Train Loss: 0.0820, Train Steps/Sec: 3.18, Samples/Sec: 50.85
[[34m2025-08-14 05:34:45[0m] (step=0268200) Train Loss: 0.0867, Train Steps/Sec: 3.15, Samples/Sec: 50.45
[[34m2025-08-14 05:35:16[0m] (step=0268300) Train Loss: 0.0862, Train Steps/Sec: 3.18, Samples/Sec: 50.85
[[34m2025-08-14 05:35:48[0m] (step=0268400) Train Loss: 0.0816, Train Steps/Sec: 3.17, Samples/Sec: 50.79
[[34m2025-08-14 05:36:19[0m] (step=0268500) Train Loss: 0.0878, Train Steps/Sec: 3.16, Samples/Sec: 50.51
[[34m2025-08-14 05:36:50[0m] (step=0268600) Train Loss: 0.0955, Train Steps/Sec: 3.21, Samples/Sec: 51.41
[[34m2025-08-14 05:37:22[0m] (step=0268700) Train Loss: 0.0896, Train Steps/Sec: 3.22, Samples/Sec: 51.52
[[34m2025-08-14 05:37:53[0m] (step=0268800) Train Loss: 0.0853, Train Steps/Sec: 3.19, Samples/Sec: 51.10
[[34m2025-08-14 05:38:24[0m] (step=0268900) Train Loss: 0.0918, Train Steps/Sec: 3.23, Samples/Sec: 51.63
[[34m2025-08-14 05:38:55[0m] (step=0269000) Train Loss: 0.0872, Train Steps/Sec: 3.18, Samples/Sec: 50.88
[[34m2025-08-14 05:39:26[0m] (step=0269100) Train Loss: 0.0893, Train Steps/Sec: 3.21, Samples/Sec: 51.30
[[34m2025-08-14 05:39:58[0m] (step=0269200) Train Loss: 0.0817, Train Steps/Sec: 3.14, Samples/Sec: 50.27
[[34m2025-08-14 05:40:30[0m] (step=0269300) Train Loss: 0.0897, Train Steps/Sec: 3.19, Samples/Sec: 51.06
[[34m2025-08-14 05:41:02[0m] (step=0269400) Train Loss: 0.0874, Train Steps/Sec: 3.14, Samples/Sec: 50.19
[[34m2025-08-14 05:41:33[0m] (step=0269500) Train Loss: 0.0870, Train Steps/Sec: 3.20, Samples/Sec: 51.28
[[34m2025-08-14 05:42:04[0m] (step=0269600) Train Loss: 0.0958, Train Steps/Sec: 3.24, Samples/Sec: 51.85
[[34m2025-08-14 05:42:35[0m] (step=0269700) Train Loss: 0.0792, Train Steps/Sec: 3.21, Samples/Sec: 51.29
[[34m2025-08-14 05:43:07[0m] (step=0269800) Train Loss: 0.0873, Train Steps/Sec: 3.14, Samples/Sec: 50.30
[[34m2025-08-14 05:43:38[0m] (step=0269900) Train Loss: 0.0897, Train Steps/Sec: 3.19, Samples/Sec: 51.03
[[34m2025-08-14 05:44:09[0m] (step=0270000) Train Loss: 0.0840, Train Steps/Sec: 3.22, Samples/Sec: 51.55
Using cache found in ./models/facebookresearch_dino_main
Using cache found in ./models/facebookresearch_dino_main
Using cache found in ./models/facebookresearch_dino_main
[[34m2025-08-14 05:44:30[0m] Saved checkpoint to logs/nwm_cdit_airvln_v6_1/checkpoints/latest.pth.tar
Using cache found in ./models/facebookresearch_dino_main
[[34m2025-08-14 05:44:35[0m] Already found a `peft_config` attribute in the model. This will lead to having multiple adapters in the model. Make sure to know what you are doing!
[[34m2025-08-14 05:46:01[0m] (step=0270000) Perceptual Loss: 0.1760, Eval Time: 91.38
[[34m2025-08-14 05:46:33[0m] (step=0270100) Train Loss: 0.0832, Train Steps/Sec: 0.70, Samples/Sec: 11.12
[[34m2025-08-14 05:47:04[0m] (step=0270200) Train Loss: 0.0960, Train Steps/Sec: 3.23, Samples/Sec: 51.67
[[34m2025-08-14 05:47:36[0m] (step=0270300) Train Loss: 0.0861, Train Steps/Sec: 3.16, Samples/Sec: 50.56
[[34m2025-08-14 05:48:07[0m] (step=0270400) Train Loss: 0.0879, Train Steps/Sec: 3.23, Samples/Sec: 51.73
[[34m2025-08-14 05:48:38[0m] (step=0270500) Train Loss: 0.0910, Train Steps/Sec: 3.23, Samples/Sec: 51.62
[[34m2025-08-14 05:49:09[0m] (step=0270600) Train Loss: 0.0847, Train Steps/Sec: 3.19, Samples/Sec: 51.07
[[34m2025-08-14 05:49:40[0m] (step=0270700) Train Loss: 0.0900, Train Steps/Sec: 3.17, Samples/Sec: 50.67
[[34m2025-08-14 05:50:12[0m] (step=0270800) Train Loss: 0.0872, Train Steps/Sec: 3.22, Samples/Sec: 51.49
[[34m2025-08-14 05:50:43[0m] (step=0270900) Train Loss: 0.0864, Train Steps/Sec: 3.20, Samples/Sec: 51.26
[[34m2025-08-14 05:51:14[0m] (step=0271000) Train Loss: 0.0840, Train Steps/Sec: 3.16, Samples/Sec: 50.51
[[34m2025-08-14 05:51:45[0m] (step=0271100) Train Loss: 0.0824, Train Steps/Sec: 3.23, Samples/Sec: 51.74
[[34m2025-08-14 05:52:16[0m] (step=0271200) Train Loss: 0.0906, Train Steps/Sec: 3.23, Samples/Sec: 51.60
[[34m2025-08-14 05:52:48[0m] (step=0271300) Train Loss: 0.0864, Train Steps/Sec: 3.21, Samples/Sec: 51.40
[[34m2025-08-14 05:53:19[0m] (step=0271400) Train Loss: 0.0959, Train Steps/Sec: 3.17, Samples/Sec: 50.66
[[34m2025-08-14 05:53:50[0m] (step=0271500) Train Loss: 0.0921, Train Steps/Sec: 3.23, Samples/Sec: 51.69
[[34m2025-08-14 05:54:21[0m] (step=0271600) Train Loss: 0.0804, Train Steps/Sec: 3.20, Samples/Sec: 51.26
[[34m2025-08-14 05:54:52[0m] (step=0271700) Train Loss: 0.0818, Train Steps/Sec: 3.25, Samples/Sec: 52.00
[[34m2025-08-14 05:55:23[0m] (step=0271800) Train Loss: 0.0852, Train Steps/Sec: 3.22, Samples/Sec: 51.56
[[34m2025-08-14 05:55:54[0m] (step=0271900) Train Loss: 0.0902, Train Steps/Sec: 3.29, Samples/Sec: 52.60
[[34m2025-08-14 05:56:25[0m] (step=0272000) Train Loss: 0.0950, Train Steps/Sec: 3.18, Samples/Sec: 50.92
[[34m2025-08-14 05:56:56[0m] (step=0272100) Train Loss: 0.0892, Train Steps/Sec: 3.18, Samples/Sec: 50.92
[[34m2025-08-14 05:57:28[0m] (step=0272200) Train Loss: 0.0883, Train Steps/Sec: 3.18, Samples/Sec: 50.87
[[34m2025-08-14 05:58:00[0m] (step=0272300) Train Loss: 0.0855, Train Steps/Sec: 3.13, Samples/Sec: 50.10
[[34m2025-08-14 05:58:31[0m] (step=0272400) Train Loss: 0.0810, Train Steps/Sec: 3.24, Samples/Sec: 51.90
[[34m2025-08-14 05:59:02[0m] (step=0272500) Train Loss: 0.0802, Train Steps/Sec: 3.24, Samples/Sec: 51.78
[[34m2025-08-14 05:59:33[0m] (step=0272600) Train Loss: 0.0868, Train Steps/Sec: 3.20, Samples/Sec: 51.17
[[34m2025-08-14 06:00:04[0m] (step=0272700) Train Loss: 0.0912, Train Steps/Sec: 3.17, Samples/Sec: 50.72
[[34m2025-08-14 06:00:36[0m] (step=0272800) Train Loss: 0.0802, Train Steps/Sec: 3.17, Samples/Sec: 50.71
[[34m2025-08-14 06:01:07[0m] (step=0272900) Train Loss: 0.0812, Train Steps/Sec: 3.18, Samples/Sec: 50.90
[[34m2025-08-14 06:01:39[0m] (step=0273000) Train Loss: 0.0885, Train Steps/Sec: 3.15, Samples/Sec: 50.45
[[34m2025-08-14 06:02:10[0m] (step=0273100) Train Loss: 0.0794, Train Steps/Sec: 3.24, Samples/Sec: 51.90
[[34m2025-08-14 06:02:41[0m] (step=0273200) Train Loss: 0.0831, Train Steps/Sec: 3.22, Samples/Sec: 51.45
[[34m2025-08-14 06:03:12[0m] (step=0273300) Train Loss: 0.1012, Train Steps/Sec: 3.24, Samples/Sec: 51.85
[[34m2025-08-14 06:03:43[0m] (step=0273400) Train Loss: 0.0945, Train Steps/Sec: 3.18, Samples/Sec: 50.90
[[34m2025-08-14 06:04:15[0m] (step=0273500) Train Loss: 0.0883, Train Steps/Sec: 3.18, Samples/Sec: 50.82
[[34m2025-08-14 06:04:46[0m] (step=0273600) Train Loss: 0.0847, Train Steps/Sec: 3.18, Samples/Sec: 50.95
[[34m2025-08-14 06:05:18[0m] (step=0273700) Train Loss: 0.0808, Train Steps/Sec: 3.18, Samples/Sec: 50.82
[[34m2025-08-14 06:05:48[0m] (step=0273800) Train Loss: 0.0831, Train Steps/Sec: 3.26, Samples/Sec: 52.11
[[34m2025-08-14 06:06:19[0m] (step=0273900) Train Loss: 0.0903, Train Steps/Sec: 3.23, Samples/Sec: 51.74
[[34m2025-08-14 06:06:51[0m] (step=0274000) Train Loss: 0.0809, Train Steps/Sec: 3.15, Samples/Sec: 50.45
[[34m2025-08-14 06:07:23[0m] (step=0274100) Train Loss: 0.0820, Train Steps/Sec: 3.16, Samples/Sec: 50.56
[[34m2025-08-14 06:07:54[0m] (step=0274200) Train Loss: 0.0797, Train Steps/Sec: 3.21, Samples/Sec: 51.42
[[34m2025-08-14 06:08:25[0m] (step=0274300) Train Loss: 0.0816, Train Steps/Sec: 3.18, Samples/Sec: 50.86
[[34m2025-08-14 06:08:57[0m] (step=0274400) Train Loss: 0.0871, Train Steps/Sec: 3.18, Samples/Sec: 50.81
[[34m2025-08-14 06:09:28[0m] (step=0274500) Train Loss: 0.0911, Train Steps/Sec: 3.21, Samples/Sec: 51.32
[[34m2025-08-14 06:09:59[0m] (step=0274600) Train Loss: 0.0794, Train Steps/Sec: 3.23, Samples/Sec: 51.64
[[34m2025-08-14 06:10:31[0m] (step=0274700) Train Loss: 0.0789, Train Steps/Sec: 3.14, Samples/Sec: 50.20
[[34m2025-08-14 06:11:02[0m] (step=0274800) Train Loss: 0.0867, Train Steps/Sec: 3.18, Samples/Sec: 50.83
[[34m2025-08-14 06:11:33[0m] (step=0274900) Train Loss: 0.0823, Train Steps/Sec: 3.23, Samples/Sec: 51.67
[[34m2025-08-14 06:12:05[0m] (step=0275000) Train Loss: 0.0807, Train Steps/Sec: 3.16, Samples/Sec: 50.50
[[34m2025-08-14 06:12:36[0m] (step=0275100) Train Loss: 0.0922, Train Steps/Sec: 3.19, Samples/Sec: 50.98
[[34m2025-08-14 06:13:09[0m] (step=0275200) Train Loss: 0.0884, Train Steps/Sec: 3.07, Samples/Sec: 49.19
[[34m2025-08-14 06:13:40[0m] (step=0275300) Train Loss: 0.0857, Train Steps/Sec: 3.17, Samples/Sec: 50.80
[[34m2025-08-14 06:14:11[0m] (step=0275400) Train Loss: 0.0814, Train Steps/Sec: 3.23, Samples/Sec: 51.65
[[34m2025-08-14 06:14:42[0m] (step=0275500) Train Loss: 0.0856, Train Steps/Sec: 3.24, Samples/Sec: 51.85
[[34m2025-08-14 06:15:13[0m] (step=0275600) Train Loss: 0.0851, Train Steps/Sec: 3.23, Samples/Sec: 51.70
[[34m2025-08-14 06:15:45[0m] (step=0275700) Train Loss: 0.0852, Train Steps/Sec: 3.16, Samples/Sec: 50.55
[[34m2025-08-14 06:16:16[0m] (step=0275800) Train Loss: 0.0846, Train Steps/Sec: 3.26, Samples/Sec: 52.15
[[34m2025-08-14 06:16:47[0m] (step=0275900) Train Loss: 0.0909, Train Steps/Sec: 3.23, Samples/Sec: 51.76
[[34m2025-08-14 06:17:19[0m] (step=0276000) Train Loss: 0.0832, Train Steps/Sec: 3.10, Samples/Sec: 49.63
[[34m2025-08-14 06:17:51[0m] (step=0276100) Train Loss: 0.0874, Train Steps/Sec: 3.10, Samples/Sec: 49.56
[[34m2025-08-14 06:18:23[0m] (step=0276200) Train Loss: 0.0848, Train Steps/Sec: 3.18, Samples/Sec: 50.90
[[34m2025-08-14 06:18:55[0m] (step=0276300) Train Loss: 0.0856, Train Steps/Sec: 3.11, Samples/Sec: 49.75
[[34m2025-08-14 06:19:26[0m] (step=0276400) Train Loss: 0.0897, Train Steps/Sec: 3.15, Samples/Sec: 50.41
[[34m2025-08-14 06:19:58[0m] (step=0276500) Train Loss: 0.0842, Train Steps/Sec: 3.18, Samples/Sec: 50.90
[[34m2025-08-14 06:20:29[0m] (step=0276600) Train Loss: 0.0886, Train Steps/Sec: 3.19, Samples/Sec: 51.01
[[34m2025-08-14 06:21:01[0m] (step=0276700) Train Loss: 0.0834, Train Steps/Sec: 3.12, Samples/Sec: 49.92
[[34m2025-08-14 06:21:33[0m] (step=0276800) Train Loss: 0.0904, Train Steps/Sec: 3.15, Samples/Sec: 50.40
[[34m2025-08-14 06:22:04[0m] (step=0276900) Train Loss: 0.0919, Train Steps/Sec: 3.20, Samples/Sec: 51.14
[[34m2025-08-14 06:22:36[0m] (step=0277000) Train Loss: 0.0849, Train Steps/Sec: 3.20, Samples/Sec: 51.14
[[34m2025-08-14 06:23:07[0m] (step=0277100) Train Loss: 0.0830, Train Steps/Sec: 3.14, Samples/Sec: 50.28
[[34m2025-08-14 06:23:38[0m] (step=0277200) Train Loss: 0.0876, Train Steps/Sec: 3.25, Samples/Sec: 51.99
[[34m2025-08-14 06:24:10[0m] (step=0277300) Train Loss: 0.0888, Train Steps/Sec: 3.17, Samples/Sec: 50.67
[[34m2025-08-14 06:24:42[0m] (step=0277400) Train Loss: 0.0791, Train Steps/Sec: 3.14, Samples/Sec: 50.18
[[34m2025-08-14 06:25:14[0m] (step=0277500) Train Loss: 0.0863, Train Steps/Sec: 3.14, Samples/Sec: 50.19
[[34m2025-08-14 06:25:45[0m] (step=0277600) Train Loss: 0.0843, Train Steps/Sec: 3.19, Samples/Sec: 51.08
[[34m2025-08-14 06:26:17[0m] (step=0277700) Train Loss: 0.0805, Train Steps/Sec: 3.15, Samples/Sec: 50.39
[[34m2025-08-14 06:26:48[0m] (step=0277800) Train Loss: 0.0908, Train Steps/Sec: 3.23, Samples/Sec: 51.73
[[34m2025-08-14 06:27:19[0m] (step=0277900) Train Loss: 0.0907, Train Steps/Sec: 3.17, Samples/Sec: 50.79
[[34m2025-08-14 06:27:50[0m] (step=0278000) Train Loss: 0.0931, Train Steps/Sec: 3.21, Samples/Sec: 51.39
[[34m2025-08-14 06:28:21[0m] (step=0278100) Train Loss: 0.0915, Train Steps/Sec: 3.23, Samples/Sec: 51.66
[[34m2025-08-14 06:28:52[0m] (step=0278200) Train Loss: 0.0844, Train Steps/Sec: 3.21, Samples/Sec: 51.44
[[34m2025-08-14 06:29:23[0m] (step=0278300) Train Loss: 0.0859, Train Steps/Sec: 3.25, Samples/Sec: 51.97
[[34m2025-08-14 06:29:55[0m] (step=0278400) Train Loss: 0.0794, Train Steps/Sec: 3.18, Samples/Sec: 50.88
[[34m2025-08-14 06:30:26[0m] (step=0278500) Train Loss: 0.0881, Train Steps/Sec: 3.19, Samples/Sec: 51.10
[[34m2025-08-14 06:30:57[0m] (step=0278600) Train Loss: 0.0830, Train Steps/Sec: 3.21, Samples/Sec: 51.44
[[34m2025-08-14 06:31:28[0m] (step=0278700) Train Loss: 0.0829, Train Steps/Sec: 3.19, Samples/Sec: 50.97
[[34m2025-08-14 06:31:59[0m] (step=0278800) Train Loss: 0.0854, Train Steps/Sec: 3.28, Samples/Sec: 52.40
[[34m2025-08-14 06:32:30[0m] (step=0278900) Train Loss: 0.1006, Train Steps/Sec: 3.26, Samples/Sec: 52.08
[[34m2025-08-14 06:33:01[0m] (step=0279000) Train Loss: 0.0882, Train Steps/Sec: 3.19, Samples/Sec: 51.08
[[34m2025-08-14 06:33:32[0m] (step=0279100) Train Loss: 0.0785, Train Steps/Sec: 3.28, Samples/Sec: 52.47
[[34m2025-08-14 06:34:02[0m] (step=0279200) Train Loss: 0.0774, Train Steps/Sec: 3.24, Samples/Sec: 51.82
[[34m2025-08-14 06:34:34[0m] (step=0279300) Train Loss: 0.0890, Train Steps/Sec: 3.21, Samples/Sec: 51.43
[[34m2025-08-14 06:35:05[0m] (step=0279400) Train Loss: 0.0812, Train Steps/Sec: 3.21, Samples/Sec: 51.35
[[34m2025-08-14 06:35:37[0m] (step=0279500) Train Loss: 0.0890, Train Steps/Sec: 3.15, Samples/Sec: 50.35
[[34m2025-08-14 06:36:08[0m] (step=0279600) Train Loss: 0.0894, Train Steps/Sec: 3.21, Samples/Sec: 51.35
[[34m2025-08-14 06:36:40[0m] (step=0279700) Train Loss: 0.0870, Train Steps/Sec: 3.14, Samples/Sec: 50.25
[[34m2025-08-14 06:37:11[0m] (step=0279800) Train Loss: 0.0876, Train Steps/Sec: 3.23, Samples/Sec: 51.63
[[34m2025-08-14 06:37:43[0m] (step=0279900) Train Loss: 0.0843, Train Steps/Sec: 3.11, Samples/Sec: 49.74
[[34m2025-08-14 06:38:14[0m] (step=0280000) Train Loss: 0.0822, Train Steps/Sec: 3.18, Samples/Sec: 50.91
Using cache found in ./models/facebookresearch_dino_main
Using cache found in ./models/facebookresearch_dino_main
Using cache found in ./models/facebookresearch_dino_main
[[34m2025-08-14 06:38:32[0m] Saved checkpoint to logs/nwm_cdit_airvln_v6_1/checkpoints/latest.pth.tar
Using cache found in ./models/facebookresearch_dino_main
[[34m2025-08-14 06:38:35[0m] Already found a `peft_config` attribute in the model. This will lead to having multiple adapters in the model. Make sure to know what you are doing!
[[34m2025-08-14 06:40:01[0m] (step=0280000) Perceptual Loss: 0.2137, Eval Time: 89.32
[[34m2025-08-14 06:40:32[0m] (step=0280100) Train Loss: 0.0855, Train Steps/Sec: 0.73, Samples/Sec: 11.61
[[34m2025-08-14 06:41:03[0m] (step=0280200) Train Loss: 0.0829, Train Steps/Sec: 3.23, Samples/Sec: 51.71
[[34m2025-08-14 06:41:34[0m] (step=0280300) Train Loss: 0.0917, Train Steps/Sec: 3.21, Samples/Sec: 51.42
[[34m2025-08-14 06:42:05[0m] (step=0280400) Train Loss: 0.0761, Train Steps/Sec: 3.25, Samples/Sec: 52.05
[[34m2025-08-14 06:42:38[0m] (step=0280500) Train Loss: 0.0825, Train Steps/Sec: 3.05, Samples/Sec: 48.80
[[34m2025-08-14 06:43:09[0m] (step=0280600) Train Loss: 0.0863, Train Steps/Sec: 3.19, Samples/Sec: 51.06
[[34m2025-08-14 06:43:40[0m] (step=0280700) Train Loss: 0.0821, Train Steps/Sec: 3.22, Samples/Sec: 51.50
[[34m2025-08-14 06:44:11[0m] (step=0280800) Train Loss: 0.0930, Train Steps/Sec: 3.18, Samples/Sec: 50.92
[[34m2025-08-14 06:44:42[0m] (step=0280900) Train Loss: 0.0822, Train Steps/Sec: 3.23, Samples/Sec: 51.72
[[34m2025-08-14 06:45:14[0m] (step=0281000) Train Loss: 0.0859, Train Steps/Sec: 3.20, Samples/Sec: 51.21
[[34m2025-08-14 06:45:46[0m] (step=0281100) Train Loss: 0.0854, Train Steps/Sec: 3.12, Samples/Sec: 49.92
[[34m2025-08-14 06:46:18[0m] (step=0281200) Train Loss: 0.0791, Train Steps/Sec: 3.11, Samples/Sec: 49.69
[[34m2025-08-14 06:46:49[0m] (step=0281300) Train Loss: 0.0821, Train Steps/Sec: 3.19, Samples/Sec: 51.05
[[34m2025-08-14 06:47:21[0m] (step=0281400) Train Loss: 0.0788, Train Steps/Sec: 3.18, Samples/Sec: 50.81
[[34m2025-08-14 06:47:51[0m] (step=0281500) Train Loss: 0.0804, Train Steps/Sec: 3.28, Samples/Sec: 52.45
[[34m2025-08-14 06:48:22[0m] (step=0281600) Train Loss: 0.0895, Train Steps/Sec: 3.21, Samples/Sec: 51.30
[[34m2025-08-14 06:48:53[0m] (step=0281700) Train Loss: 0.0801, Train Steps/Sec: 3.27, Samples/Sec: 52.30
[[34m2025-08-14 06:49:24[0m] (step=0281800) Train Loss: 0.0758, Train Steps/Sec: 3.23, Samples/Sec: 51.64
[[34m2025-08-14 06:49:55[0m] (step=0281900) Train Loss: 0.0852, Train Steps/Sec: 3.19, Samples/Sec: 51.04
[[34m2025-08-14 06:50:27[0m] (step=0282000) Train Loss: 0.0840, Train Steps/Sec: 3.21, Samples/Sec: 51.40
[[34m2025-08-14 06:50:58[0m] (step=0282100) Train Loss: 0.0904, Train Steps/Sec: 3.20, Samples/Sec: 51.15
[[34m2025-08-14 06:51:29[0m] (step=0282200) Train Loss: 0.0834, Train Steps/Sec: 3.20, Samples/Sec: 51.24
[[34m2025-08-14 06:52:01[0m] (step=0282300) Train Loss: 0.0830, Train Steps/Sec: 3.17, Samples/Sec: 50.73
[[34m2025-08-14 06:52:33[0m] (step=0282400) Train Loss: 0.0873, Train Steps/Sec: 3.12, Samples/Sec: 49.89
[[34m2025-08-14 06:53:05[0m] (step=0282500) Train Loss: 0.0805, Train Steps/Sec: 3.11, Samples/Sec: 49.69
[[34m2025-08-14 06:53:36[0m] (step=0282600) Train Loss: 0.0832, Train Steps/Sec: 3.20, Samples/Sec: 51.16
[[34m2025-08-14 06:54:08[0m] (step=0282700) Train Loss: 0.0852, Train Steps/Sec: 3.16, Samples/Sec: 50.48
[[34m2025-08-14 06:54:39[0m] (step=0282800) Train Loss: 0.0902, Train Steps/Sec: 3.22, Samples/Sec: 51.46
[[34m2025-08-14 06:55:10[0m] (step=0282900) Train Loss: 0.0830, Train Steps/Sec: 3.22, Samples/Sec: 51.58
[[34m2025-08-14 06:55:41[0m] (step=0283000) Train Loss: 0.0851, Train Steps/Sec: 3.28, Samples/Sec: 52.50
[[34m2025-08-14 06:56:12[0m] (step=0283100) Train Loss: 0.0888, Train Steps/Sec: 3.23, Samples/Sec: 51.68
[[34m2025-08-14 06:56:43[0m] (step=0283200) Train Loss: 0.0733, Train Steps/Sec: 3.14, Samples/Sec: 50.24
[[34m2025-08-14 06:57:15[0m] (step=0283300) Train Loss: 0.0852, Train Steps/Sec: 3.15, Samples/Sec: 50.33
[[34m2025-08-14 06:57:47[0m] (step=0283400) Train Loss: 0.0833, Train Steps/Sec: 3.13, Samples/Sec: 50.09
[[34m2025-08-14 06:58:18[0m] (step=0283500) Train Loss: 0.0927, Train Steps/Sec: 3.20, Samples/Sec: 51.18
[[34m2025-08-14 06:58:50[0m] (step=0283600) Train Loss: 0.0834, Train Steps/Sec: 3.21, Samples/Sec: 51.32
[[34m2025-08-14 06:59:21[0m] (step=0283700) Train Loss: 0.0968, Train Steps/Sec: 3.22, Samples/Sec: 51.52
[[34m2025-08-14 06:59:53[0m] (step=0283800) Train Loss: 0.0816, Train Steps/Sec: 3.06, Samples/Sec: 49.00
[[34m2025-08-14 07:00:26[0m] (step=0283900) Train Loss: 0.0861, Train Steps/Sec: 3.07, Samples/Sec: 49.11
[[34m2025-08-14 07:00:57[0m] (step=0284000) Train Loss: 0.0884, Train Steps/Sec: 3.18, Samples/Sec: 50.87
[[34m2025-08-14 07:01:29[0m] (step=0284100) Train Loss: 0.0856, Train Steps/Sec: 3.19, Samples/Sec: 50.99
[[34m2025-08-14 07:02:00[0m] (step=0284200) Train Loss: 0.0874, Train Steps/Sec: 3.24, Samples/Sec: 51.91
[[34m2025-08-14 07:02:30[0m] (step=0284300) Train Loss: 0.0807, Train Steps/Sec: 3.27, Samples/Sec: 52.27
[[34m2025-08-14 07:03:02[0m] (step=0284400) Train Loss: 0.0887, Train Steps/Sec: 3.17, Samples/Sec: 50.74
[[34m2025-08-14 07:03:34[0m] (step=0284500) Train Loss: 0.0841, Train Steps/Sec: 3.06, Samples/Sec: 49.00
[[34m2025-08-14 07:04:06[0m] (step=0284600) Train Loss: 0.0899, Train Steps/Sec: 3.19, Samples/Sec: 51.02
[[34m2025-08-14 07:04:37[0m] (step=0284700) Train Loss: 0.0867, Train Steps/Sec: 3.20, Samples/Sec: 51.22
[[34m2025-08-14 07:05:08[0m] (step=0284800) Train Loss: 0.0907, Train Steps/Sec: 3.21, Samples/Sec: 51.43
[[34m2025-08-14 07:05:40[0m] (step=0284900) Train Loss: 0.0851, Train Steps/Sec: 3.14, Samples/Sec: 50.27
[[34m2025-08-14 07:06:11[0m] (step=0285000) Train Loss: 0.0775, Train Steps/Sec: 3.22, Samples/Sec: 51.59
[[34m2025-08-14 07:06:42[0m] (step=0285100) Train Loss: 0.0852, Train Steps/Sec: 3.22, Samples/Sec: 51.48
[[34m2025-08-14 07:07:13[0m] (step=0285200) Train Loss: 0.0810, Train Steps/Sec: 3.21, Samples/Sec: 51.30
[[34m2025-08-14 07:07:44[0m] (step=0285300) Train Loss: 0.0907, Train Steps/Sec: 3.26, Samples/Sec: 52.10
[[34m2025-08-14 07:08:14[0m] (step=0285400) Train Loss: 0.0938, Train Steps/Sec: 3.29, Samples/Sec: 52.58
[[34m2025-08-14 07:08:46[0m] (step=0285500) Train Loss: 0.0924, Train Steps/Sec: 3.21, Samples/Sec: 51.32
[[34m2025-08-14 07:09:17[0m] (step=0285600) Train Loss: 0.0879, Train Steps/Sec: 3.23, Samples/Sec: 51.66
[[34m2025-08-14 07:09:48[0m] (step=0285700) Train Loss: 0.0898, Train Steps/Sec: 3.22, Samples/Sec: 51.51
[[34m2025-08-14 07:10:19[0m] (step=0285800) Train Loss: 0.0833, Train Steps/Sec: 3.15, Samples/Sec: 50.42
[[34m2025-08-14 07:10:51[0m] (step=0285900) Train Loss: 0.0860, Train Steps/Sec: 3.20, Samples/Sec: 51.26
[[34m2025-08-14 07:11:22[0m] (step=0286000) Train Loss: 0.0790, Train Steps/Sec: 3.20, Samples/Sec: 51.14
[[34m2025-08-14 07:11:53[0m] (step=0286100) Train Loss: 0.0924, Train Steps/Sec: 3.22, Samples/Sec: 51.58
[[34m2025-08-14 07:12:25[0m] (step=0286200) Train Loss: 0.0903, Train Steps/Sec: 3.17, Samples/Sec: 50.71
[[34m2025-08-14 07:12:55[0m] (step=0286300) Train Loss: 0.0904, Train Steps/Sec: 3.26, Samples/Sec: 52.15
[[34m2025-08-14 07:13:27[0m] (step=0286400) Train Loss: 0.0712, Train Steps/Sec: 3.10, Samples/Sec: 49.68
[[34m2025-08-14 07:13:59[0m] (step=0286500) Train Loss: 0.0917, Train Steps/Sec: 3.14, Samples/Sec: 50.28
[[34m2025-08-14 07:14:30[0m] (step=0286600) Train Loss: 0.0883, Train Steps/Sec: 3.24, Samples/Sec: 51.89
[[34m2025-08-14 07:15:02[0m] (step=0286700) Train Loss: 0.0864, Train Steps/Sec: 3.16, Samples/Sec: 50.61
[[34m2025-08-14 07:15:32[0m] (step=0286800) Train Loss: 0.0868, Train Steps/Sec: 3.26, Samples/Sec: 52.11
[[34m2025-08-14 07:16:04[0m] (step=0286900) Train Loss: 0.0902, Train Steps/Sec: 3.21, Samples/Sec: 51.36
[[34m2025-08-14 07:16:35[0m] (step=0287000) Train Loss: 0.0798, Train Steps/Sec: 3.22, Samples/Sec: 51.51
[[34m2025-08-14 07:17:06[0m] (step=0287100) Train Loss: 0.0892, Train Steps/Sec: 3.24, Samples/Sec: 51.77
[[34m2025-08-14 07:17:37[0m] (step=0287200) Train Loss: 0.0814, Train Steps/Sec: 3.18, Samples/Sec: 50.80
[[34m2025-08-14 07:18:08[0m] (step=0287300) Train Loss: 0.0842, Train Steps/Sec: 3.24, Samples/Sec: 51.84
[[34m2025-08-14 07:18:39[0m] (step=0287400) Train Loss: 0.0961, Train Steps/Sec: 3.21, Samples/Sec: 51.33
[[34m2025-08-14 07:19:10[0m] (step=0287500) Train Loss: 0.1003, Train Steps/Sec: 3.23, Samples/Sec: 51.73
[[34m2025-08-14 07:19:41[0m] (step=0287600) Train Loss: 0.0860, Train Steps/Sec: 3.19, Samples/Sec: 51.01
[[34m2025-08-14 07:20:13[0m] (step=0287700) Train Loss: 0.0842, Train Steps/Sec: 3.19, Samples/Sec: 51.04
[[34m2025-08-14 07:20:44[0m] (step=0287800) Train Loss: 0.0898, Train Steps/Sec: 3.18, Samples/Sec: 50.85
[[34m2025-08-14 07:21:16[0m] (step=0287900) Train Loss: 0.0759, Train Steps/Sec: 3.21, Samples/Sec: 51.33
[[34m2025-08-14 07:21:47[0m] (step=0288000) Train Loss: 0.0917, Train Steps/Sec: 3.18, Samples/Sec: 50.95
[[34m2025-08-14 07:22:17[0m] (step=0288100) Train Loss: 0.0774, Train Steps/Sec: 3.29, Samples/Sec: 52.64
[[34m2025-08-14 07:22:48[0m] (step=0288200) Train Loss: 0.0917, Train Steps/Sec: 3.24, Samples/Sec: 51.91
[[34m2025-08-14 07:23:21[0m] (step=0288300) Train Loss: 0.0932, Train Steps/Sec: 3.01, Samples/Sec: 48.10
[[34m2025-08-14 07:23:52[0m] (step=0288400) Train Loss: 0.0798, Train Steps/Sec: 3.25, Samples/Sec: 51.97
[[34m2025-08-14 07:24:24[0m] (step=0288500) Train Loss: 0.0802, Train Steps/Sec: 3.13, Samples/Sec: 50.16
[[34m2025-08-14 07:24:55[0m] (step=0288600) Train Loss: 0.0842, Train Steps/Sec: 3.24, Samples/Sec: 51.86
[[34m2025-08-14 07:25:26[0m] (step=0288700) Train Loss: 0.0926, Train Steps/Sec: 3.19, Samples/Sec: 51.08
[[34m2025-08-14 07:25:58[0m] (step=0288800) Train Loss: 0.0871, Train Steps/Sec: 3.18, Samples/Sec: 50.93
[[34m2025-08-14 07:26:29[0m] (step=0288900) Train Loss: 0.0823, Train Steps/Sec: 3.23, Samples/Sec: 51.67
[[34m2025-08-14 07:27:00[0m] (step=0289000) Train Loss: 0.0836, Train Steps/Sec: 3.20, Samples/Sec: 51.20
[[34m2025-08-14 07:27:31[0m] (step=0289100) Train Loss: 0.0874, Train Steps/Sec: 3.23, Samples/Sec: 51.63
[[34m2025-08-14 07:28:03[0m] (step=0289200) Train Loss: 0.0934, Train Steps/Sec: 3.16, Samples/Sec: 50.55
[[34m2025-08-14 07:28:34[0m] (step=0289300) Train Loss: 0.0912, Train Steps/Sec: 3.20, Samples/Sec: 51.25
[[34m2025-08-14 07:29:05[0m] (step=0289400) Train Loss: 0.0916, Train Steps/Sec: 3.23, Samples/Sec: 51.62
[[34m2025-08-14 07:29:38[0m] (step=0289500) Train Loss: 0.0889, Train Steps/Sec: 3.00, Samples/Sec: 48.02
[[34m2025-08-14 07:30:10[0m] (step=0289600) Train Loss: 0.0904, Train Steps/Sec: 3.18, Samples/Sec: 50.90
[[34m2025-08-14 07:30:41[0m] (step=0289700) Train Loss: 0.0873, Train Steps/Sec: 3.22, Samples/Sec: 51.56
[[34m2025-08-14 07:31:12[0m] (step=0289800) Train Loss: 0.0823, Train Steps/Sec: 3.16, Samples/Sec: 50.60
[[34m2025-08-14 07:31:44[0m] (step=0289900) Train Loss: 0.0901, Train Steps/Sec: 3.18, Samples/Sec: 50.93
[[34m2025-08-14 07:32:15[0m] (step=0290000) Train Loss: 0.0886, Train Steps/Sec: 3.23, Samples/Sec: 51.60
Using cache found in ./models/facebookresearch_dino_main
Using cache found in ./models/facebookresearch_dino_main
Using cache found in ./models/facebookresearch_dino_main
[[34m2025-08-14 07:32:37[0m] Saved checkpoint to logs/nwm_cdit_airvln_v6_1/checkpoints/latest.pth.tar
Using cache found in ./models/facebookresearch_dino_main
[[34m2025-08-14 07:32:43[0m] Already found a `peft_config` attribute in the model. This will lead to having multiple adapters in the model. Make sure to know what you are doing!
[[34m2025-08-14 07:34:08[0m] (step=0290000) Perceptual Loss: 0.2040, Eval Time: 90.68
[[34m2025-08-14 07:34:39[0m] (step=0290100) Train Loss: 0.0896, Train Steps/Sec: 0.69, Samples/Sec: 11.09
[[34m2025-08-14 07:35:10[0m] (step=0290200) Train Loss: 0.0837, Train Steps/Sec: 3.19, Samples/Sec: 50.99
[[34m2025-08-14 07:35:42[0m] (step=0290300) Train Loss: 0.0851, Train Steps/Sec: 3.16, Samples/Sec: 50.61
[[34m2025-08-14 07:36:15[0m] (step=0290400) Train Loss: 0.0889, Train Steps/Sec: 3.05, Samples/Sec: 48.77
[[34m2025-08-14 07:36:46[0m] (step=0290500) Train Loss: 0.0865, Train Steps/Sec: 3.17, Samples/Sec: 50.72
[[34m2025-08-14 07:37:18[0m] (step=0290600) Train Loss: 0.1001, Train Steps/Sec: 3.17, Samples/Sec: 50.78
[[34m2025-08-14 07:37:49[0m] (step=0290700) Train Loss: 0.0956, Train Steps/Sec: 3.26, Samples/Sec: 52.15
[[34m2025-08-14 07:38:20[0m] (step=0290800) Train Loss: 0.0901, Train Steps/Sec: 3.18, Samples/Sec: 50.84
[[34m2025-08-14 07:38:52[0m] (step=0290900) Train Loss: 0.0815, Train Steps/Sec: 3.18, Samples/Sec: 50.89
[[34m2025-08-14 07:39:24[0m] (step=0291000) Train Loss: 0.0801, Train Steps/Sec: 3.05, Samples/Sec: 48.76
[[34m2025-08-14 07:39:57[0m] (step=0291100) Train Loss: 0.0922, Train Steps/Sec: 3.11, Samples/Sec: 49.81
[[34m2025-08-14 07:40:28[0m] (step=0291200) Train Loss: 0.0858, Train Steps/Sec: 3.21, Samples/Sec: 51.36
[[34m2025-08-14 07:40:59[0m] (step=0291300) Train Loss: 0.0789, Train Steps/Sec: 3.24, Samples/Sec: 51.79
[[34m2025-08-14 07:41:31[0m] (step=0291400) Train Loss: 0.0898, Train Steps/Sec: 3.10, Samples/Sec: 49.59
[[34m2025-08-14 07:42:02[0m] (step=0291500) Train Loss: 0.0914, Train Steps/Sec: 3.23, Samples/Sec: 51.65
[[34m2025-08-14 07:42:34[0m] (step=0291600) Train Loss: 0.0832, Train Steps/Sec: 3.11, Samples/Sec: 49.70
[[34m2025-08-14 07:43:05[0m] (step=0291700) Train Loss: 0.0868, Train Steps/Sec: 3.19, Samples/Sec: 51.01
[[34m2025-08-14 07:43:36[0m] (step=0291800) Train Loss: 0.0856, Train Steps/Sec: 3.22, Samples/Sec: 51.53
[[34m2025-08-14 07:44:08[0m] (step=0291900) Train Loss: 0.0912, Train Steps/Sec: 3.21, Samples/Sec: 51.33
[[34m2025-08-14 07:44:39[0m] (step=0292000) Train Loss: 0.0909, Train Steps/Sec: 3.22, Samples/Sec: 51.50
[[34m2025-08-14 07:45:11[0m] (step=0292100) Train Loss: 0.0920, Train Steps/Sec: 3.14, Samples/Sec: 50.17
[[34m2025-08-14 07:45:41[0m] (step=0292200) Train Loss: 0.0846, Train Steps/Sec: 3.27, Samples/Sec: 52.29
[[34m2025-08-14 07:46:13[0m] (step=0292300) Train Loss: 0.0918, Train Steps/Sec: 3.17, Samples/Sec: 50.72
[[34m2025-08-14 07:46:45[0m] (step=0292400) Train Loss: 0.0867, Train Steps/Sec: 3.13, Samples/Sec: 50.05
[[34m2025-08-14 07:47:16[0m] (step=0292500) Train Loss: 0.0873, Train Steps/Sec: 3.19, Samples/Sec: 51.01
[[34m2025-08-14 07:47:48[0m] (step=0292600) Train Loss: 0.1035, Train Steps/Sec: 3.18, Samples/Sec: 50.85
[[34m2025-08-14 07:48:19[0m] (step=0292700) Train Loss: 0.0998, Train Steps/Sec: 3.17, Samples/Sec: 50.70
[[34m2025-08-14 07:48:51[0m] (step=0292800) Train Loss: 0.0821, Train Steps/Sec: 3.19, Samples/Sec: 51.02
[[34m2025-08-14 07:49:22[0m] (step=0292900) Train Loss: 0.0832, Train Steps/Sec: 3.15, Samples/Sec: 50.48
[[34m2025-08-14 07:49:54[0m] (step=0293000) Train Loss: 0.0917, Train Steps/Sec: 3.19, Samples/Sec: 51.02
[[34m2025-08-14 07:50:25[0m] (step=0293100) Train Loss: 0.0849, Train Steps/Sec: 3.22, Samples/Sec: 51.44
[[34m2025-08-14 07:50:56[0m] (step=0293200) Train Loss: 0.0860, Train Steps/Sec: 3.20, Samples/Sec: 51.14
[[34m2025-08-14 07:51:28[0m] (step=0293300) Train Loss: 0.0901, Train Steps/Sec: 3.16, Samples/Sec: 50.56
[[34m2025-08-14 07:51:58[0m] (step=0293400) Train Loss: 0.0882, Train Steps/Sec: 3.28, Samples/Sec: 52.40
[[34m2025-08-14 07:52:30[0m] (step=0293500) Train Loss: 0.0791, Train Steps/Sec: 3.18, Samples/Sec: 50.86
[[34m2025-08-14 07:53:01[0m] (step=0293600) Train Loss: 0.0792, Train Steps/Sec: 3.16, Samples/Sec: 50.54
[[34m2025-08-14 07:53:33[0m] (step=0293700) Train Loss: 0.0810, Train Steps/Sec: 3.17, Samples/Sec: 50.78
[[34m2025-08-14 07:54:04[0m] (step=0293800) Train Loss: 0.0902, Train Steps/Sec: 3.24, Samples/Sec: 51.88
[[34m2025-08-14 07:54:35[0m] (step=0293900) Train Loss: 0.0873, Train Steps/Sec: 3.20, Samples/Sec: 51.21
[[34m2025-08-14 07:55:06[0m] (step=0294000) Train Loss: 0.0919, Train Steps/Sec: 3.26, Samples/Sec: 52.13
[[34m2025-08-14 07:55:37[0m] (step=0294100) Train Loss: 0.0842, Train Steps/Sec: 3.20, Samples/Sec: 51.24
[[34m2025-08-14 07:56:07[0m] (step=0294200) Train Loss: 0.0841, Train Steps/Sec: 3.28, Samples/Sec: 52.48
[[34m2025-08-14 07:56:39[0m] (step=0294300) Train Loss: 0.0850, Train Steps/Sec: 3.17, Samples/Sec: 50.72
[[34m2025-08-14 07:57:10[0m] (step=0294400) Train Loss: 0.0842, Train Steps/Sec: 3.18, Samples/Sec: 50.92
[[34m2025-08-14 07:57:41[0m] (step=0294500) Train Loss: 0.0853, Train Steps/Sec: 3.24, Samples/Sec: 51.82
[[34m2025-08-14 07:58:13[0m] (step=0294600) Train Loss: 0.0844, Train Steps/Sec: 3.17, Samples/Sec: 50.71
[[34m2025-08-14 07:58:44[0m] (step=0294700) Train Loss: 0.0907, Train Steps/Sec: 3.17, Samples/Sec: 50.76
[[34m2025-08-14 07:59:16[0m] (step=0294800) Train Loss: 0.0912, Train Steps/Sec: 3.20, Samples/Sec: 51.24
[[34m2025-08-14 07:59:47[0m] (step=0294900) Train Loss: 0.0827, Train Steps/Sec: 3.18, Samples/Sec: 50.89
[[34m2025-08-14 08:00:19[0m] (step=0295000) Train Loss: 0.0788, Train Steps/Sec: 3.17, Samples/Sec: 50.70
[[34m2025-08-14 08:00:51[0m] (step=0295100) Train Loss: 0.0891, Train Steps/Sec: 3.14, Samples/Sec: 50.22
[[34m2025-08-14 08:01:22[0m] (step=0295200) Train Loss: 0.0909, Train Steps/Sec: 3.22, Samples/Sec: 51.53
[[34m2025-08-14 08:01:53[0m] (step=0295300) Train Loss: 0.0906, Train Steps/Sec: 3.21, Samples/Sec: 51.39
[[34m2025-08-14 08:02:24[0m] (step=0295400) Train Loss: 0.0858, Train Steps/Sec: 3.19, Samples/Sec: 51.03
[[34m2025-08-14 08:02:55[0m] (step=0295500) Train Loss: 0.0860, Train Steps/Sec: 3.22, Samples/Sec: 51.56
[[34m2025-08-14 08:03:28[0m] (step=0295600) Train Loss: 0.0842, Train Steps/Sec: 3.04, Samples/Sec: 48.65
[[34m2025-08-14 08:04:00[0m] (step=0295700) Train Loss: 0.0844, Train Steps/Sec: 3.10, Samples/Sec: 49.62
[[34m2025-08-14 08:04:32[0m] (step=0295800) Train Loss: 0.0858, Train Steps/Sec: 3.17, Samples/Sec: 50.66
[[34m2025-08-14 08:05:02[0m] (step=0295900) Train Loss: 0.0896, Train Steps/Sec: 3.32, Samples/Sec: 53.08
[[34m2025-08-14 08:05:34[0m] (step=0296000) Train Loss: 0.0843, Train Steps/Sec: 3.16, Samples/Sec: 50.59
[[34m2025-08-14 08:06:05[0m] (step=0296100) Train Loss: 0.0871, Train Steps/Sec: 3.17, Samples/Sec: 50.75
[[34m2025-08-14 08:06:36[0m] (step=0296200) Train Loss: 0.0763, Train Steps/Sec: 3.22, Samples/Sec: 51.54
[[34m2025-08-14 08:07:08[0m] (step=0296300) Train Loss: 0.0891, Train Steps/Sec: 3.14, Samples/Sec: 50.23
[[34m2025-08-14 08:07:40[0m] (step=0296400) Train Loss: 0.0917, Train Steps/Sec: 3.17, Samples/Sec: 50.78
[[34m2025-08-14 08:08:11[0m] (step=0296500) Train Loss: 0.0912, Train Steps/Sec: 3.14, Samples/Sec: 50.28
[[34m2025-08-14 08:08:43[0m] (step=0296600) Train Loss: 0.0857, Train Steps/Sec: 3.17, Samples/Sec: 50.65
[[34m2025-08-14 08:09:14[0m] (step=0296700) Train Loss: 0.0847, Train Steps/Sec: 3.26, Samples/Sec: 52.16
[[34m2025-08-14 08:09:45[0m] (step=0296800) Train Loss: 0.0861, Train Steps/Sec: 3.19, Samples/Sec: 50.98
[[34m2025-08-14 08:10:16[0m] (step=0296900) Train Loss: 0.0864, Train Steps/Sec: 3.21, Samples/Sec: 51.43
[[34m2025-08-14 08:10:48[0m] (step=0297000) Train Loss: 0.0896, Train Steps/Sec: 3.16, Samples/Sec: 50.50
[[34m2025-08-14 08:11:19[0m] (step=0297100) Train Loss: 0.0844, Train Steps/Sec: 3.26, Samples/Sec: 52.16
[[34m2025-08-14 08:11:50[0m] (step=0297200) Train Loss: 0.0867, Train Steps/Sec: 3.18, Samples/Sec: 50.95
[[34m2025-08-14 08:12:21[0m] (step=0297300) Train Loss: 0.0872, Train Steps/Sec: 3.19, Samples/Sec: 50.99
[[34m2025-08-14 08:12:53[0m] (step=0297400) Train Loss: 0.0839, Train Steps/Sec: 3.18, Samples/Sec: 50.91
[[34m2025-08-14 08:13:25[0m] (step=0297500) Train Loss: 0.0834, Train Steps/Sec: 3.11, Samples/Sec: 49.80
[[34m2025-08-14 08:13:56[0m] (step=0297600) Train Loss: 0.0893, Train Steps/Sec: 3.18, Samples/Sec: 50.92
[[34m2025-08-14 08:14:28[0m] (step=0297700) Train Loss: 0.0769, Train Steps/Sec: 3.18, Samples/Sec: 50.86
[[34m2025-08-14 08:14:59[0m] (step=0297800) Train Loss: 0.0877, Train Steps/Sec: 3.17, Samples/Sec: 50.74
[[34m2025-08-14 08:15:30[0m] (step=0297900) Train Loss: 0.0802, Train Steps/Sec: 3.27, Samples/Sec: 52.26
[[34m2025-08-14 08:16:01[0m] (step=0298000) Train Loss: 0.0937, Train Steps/Sec: 3.19, Samples/Sec: 51.04
[[34m2025-08-14 08:16:33[0m] (step=0298100) Train Loss: 0.0831, Train Steps/Sec: 3.14, Samples/Sec: 50.23
[[34m2025-08-14 08:17:05[0m] (step=0298200) Train Loss: 0.0749, Train Steps/Sec: 3.15, Samples/Sec: 50.33
[[34m2025-08-14 08:17:37[0m] (step=0298300) Train Loss: 0.0867, Train Steps/Sec: 3.09, Samples/Sec: 49.46
[[34m2025-08-14 08:18:09[0m] (step=0298400) Train Loss: 0.0794, Train Steps/Sec: 3.17, Samples/Sec: 50.67
[[34m2025-08-14 08:18:40[0m] (step=0298500) Train Loss: 0.0795, Train Steps/Sec: 3.21, Samples/Sec: 51.31
[[34m2025-08-14 08:19:12[0m] (step=0298600) Train Loss: 0.0905, Train Steps/Sec: 3.12, Samples/Sec: 49.85
[[34m2025-08-14 08:19:43[0m] (step=0298700) Train Loss: 0.0879, Train Steps/Sec: 3.21, Samples/Sec: 51.36
[[34m2025-08-14 08:20:16[0m] (step=0298800) Train Loss: 0.0924, Train Steps/Sec: 3.06, Samples/Sec: 48.97
[[34m2025-08-14 08:20:48[0m] (step=0298900) Train Loss: 0.0857, Train Steps/Sec: 3.17, Samples/Sec: 50.76
[[34m2025-08-14 08:21:20[0m] (step=0299000) Train Loss: 0.0859, Train Steps/Sec: 3.12, Samples/Sec: 49.89
[[34m2025-08-14 08:21:51[0m] (step=0299100) Train Loss: 0.0948, Train Steps/Sec: 3.18, Samples/Sec: 50.81
[[34m2025-08-14 08:22:24[0m] (step=0299200) Train Loss: 0.0851, Train Steps/Sec: 3.08, Samples/Sec: 49.35
[[34m2025-08-14 08:22:54[0m] (step=0299300) Train Loss: 0.0860, Train Steps/Sec: 3.29, Samples/Sec: 52.69
[[34m2025-08-14 08:23:26[0m] (step=0299400) Train Loss: 0.0844, Train Steps/Sec: 3.16, Samples/Sec: 50.55
[[34m2025-08-14 08:23:58[0m] (step=0299500) Train Loss: 0.0897, Train Steps/Sec: 3.11, Samples/Sec: 49.80
[[34m2025-08-14 08:24:29[0m] (step=0299600) Train Loss: 0.0906, Train Steps/Sec: 3.20, Samples/Sec: 51.17
[[34m2025-08-14 08:25:01[0m] (step=0299700) Train Loss: 0.0841, Train Steps/Sec: 3.14, Samples/Sec: 50.17
[[34m2025-08-14 08:25:32[0m] (step=0299800) Train Loss: 0.0838, Train Steps/Sec: 3.23, Samples/Sec: 51.63
[[34m2025-08-14 08:26:04[0m] (step=0299900) Train Loss: 0.0866, Train Steps/Sec: 3.15, Samples/Sec: 50.36
[[34m2025-08-14 08:26:35[0m] (step=0300000) Train Loss: 0.0861, Train Steps/Sec: 3.21, Samples/Sec: 51.38
Using cache found in ./models/facebookresearch_dino_main
Using cache found in ./models/facebookresearch_dino_main
Using cache found in ./models/facebookresearch_dino_main
[[34m2025-08-14 08:27:06[0m] Saved checkpoint to logs/nwm_cdit_airvln_v6_1/checkpoints/0300000.pth.tar
Using cache found in ./models/facebookresearch_dino_main
[[34m2025-08-14 08:27:09[0m] Already found a `peft_config` attribute in the model. This will lead to having multiple adapters in the model. Make sure to know what you are doing!
[[34m2025-08-14 08:28:34[0m] (step=0300000) Perceptual Loss: 0.2031, Eval Time: 88.11
[[34m2025-08-14 08:29:05[0m] (step=0300100) Train Loss: 0.0839, Train Steps/Sec: 0.67, Samples/Sec: 10.64
[[34m2025-08-14 08:29:37[0m] (step=0300200) Train Loss: 0.0844, Train Steps/Sec: 3.16, Samples/Sec: 50.59
[[34m2025-08-14 08:30:08[0m] (step=0300300) Train Loss: 0.0906, Train Steps/Sec: 3.26, Samples/Sec: 52.09
[[34m2025-08-14 08:30:38[0m] (step=0300400) Train Loss: 0.0881, Train Steps/Sec: 3.27, Samples/Sec: 52.34
[[34m2025-08-14 08:31:09[0m] (step=0300500) Train Loss: 0.0964, Train Steps/Sec: 3.22, Samples/Sec: 51.55
[[34m2025-08-14 08:31:41[0m] (step=0300600) Train Loss: 0.0813, Train Steps/Sec: 3.20, Samples/Sec: 51.23
[[34m2025-08-14 08:32:12[0m] (step=0300700) Train Loss: 0.0891, Train Steps/Sec: 3.18, Samples/Sec: 50.80
[[34m2025-08-14 08:32:44[0m] (step=0300800) Train Loss: 0.0893, Train Steps/Sec: 3.16, Samples/Sec: 50.52
[[34m2025-08-14 08:33:15[0m] (step=0300900) Train Loss: 0.0851, Train Steps/Sec: 3.18, Samples/Sec: 50.93
[[34m2025-08-14 08:33:46[0m] (step=0301000) Train Loss: 0.0868, Train Steps/Sec: 3.25, Samples/Sec: 52.03
[[34m2025-08-14 08:34:16[0m] (step=0301100) Train Loss: 0.0840, Train Steps/Sec: 3.28, Samples/Sec: 52.54
[[34m2025-08-14 08:34:48[0m] (step=0301200) Train Loss: 0.0765, Train Steps/Sec: 3.16, Samples/Sec: 50.59
[[34m2025-08-14 08:35:20[0m] (step=0301300) Train Loss: 0.0903, Train Steps/Sec: 3.11, Samples/Sec: 49.77
[[34m2025-08-14 08:35:53[0m] (step=0301400) Train Loss: 0.0861, Train Steps/Sec: 3.09, Samples/Sec: 49.39
[[34m2025-08-14 08:36:24[0m] (step=0301500) Train Loss: 0.0872, Train Steps/Sec: 3.18, Samples/Sec: 50.91
[[34m2025-08-14 08:36:54[0m] (step=0301600) Train Loss: 0.0939, Train Steps/Sec: 3.30, Samples/Sec: 52.73
[[34m2025-08-14 08:37:26[0m] (step=0301700) Train Loss: 0.0820, Train Steps/Sec: 3.14, Samples/Sec: 50.19
[[34m2025-08-14 08:37:57[0m] (step=0301800) Train Loss: 0.0819, Train Steps/Sec: 3.27, Samples/Sec: 52.30
[[34m2025-08-14 08:38:28[0m] (step=0301900) Train Loss: 0.0888, Train Steps/Sec: 3.21, Samples/Sec: 51.42
[[34m2025-08-14 08:38:59[0m] (step=0302000) Train Loss: 0.0732, Train Steps/Sec: 3.20, Samples/Sec: 51.17
[[34m2025-08-14 08:39:31[0m] (step=0302100) Train Loss: 0.0924, Train Steps/Sec: 3.18, Samples/Sec: 50.95
[[34m2025-08-14 08:40:03[0m] (step=0302200) Train Loss: 0.0836, Train Steps/Sec: 3.12, Samples/Sec: 49.93
[[34m2025-08-14 08:40:34[0m] (step=0302300) Train Loss: 0.0870, Train Steps/Sec: 3.19, Samples/Sec: 50.99
[[34m2025-08-14 08:41:06[0m] (step=0302400) Train Loss: 0.0799, Train Steps/Sec: 3.13, Samples/Sec: 50.01
[[34m2025-08-14 08:41:38[0m] (step=0302500) Train Loss: 0.0836, Train Steps/Sec: 3.16, Samples/Sec: 50.59
[[34m2025-08-14 08:42:09[0m] (step=0302600) Train Loss: 0.0857, Train Steps/Sec: 3.23, Samples/Sec: 51.75
[[34m2025-08-14 08:42:40[0m] (step=0302700) Train Loss: 0.0862, Train Steps/Sec: 3.23, Samples/Sec: 51.74
[[34m2025-08-14 08:43:11[0m] (step=0302800) Train Loss: 0.0831, Train Steps/Sec: 3.20, Samples/Sec: 51.15
[[34m2025-08-14 08:43:42[0m] (step=0302900) Train Loss: 0.0901, Train Steps/Sec: 3.23, Samples/Sec: 51.60
[[34m2025-08-14 08:44:13[0m] (step=0303000) Train Loss: 0.0893, Train Steps/Sec: 3.22, Samples/Sec: 51.44
[[34m2025-08-14 08:44:44[0m] (step=0303100) Train Loss: 0.0865, Train Steps/Sec: 3.22, Samples/Sec: 51.57
[[34m2025-08-14 08:45:16[0m] (step=0303200) Train Loss: 0.0847, Train Steps/Sec: 3.16, Samples/Sec: 50.59
[[34m2025-08-14 08:45:47[0m] (step=0303300) Train Loss: 0.0832, Train Steps/Sec: 3.15, Samples/Sec: 50.37
[[34m2025-08-14 08:46:19[0m] (step=0303400) Train Loss: 0.0859, Train Steps/Sec: 3.14, Samples/Sec: 50.28
[[34m2025-08-14 08:46:51[0m] (step=0303500) Train Loss: 0.0808, Train Steps/Sec: 3.19, Samples/Sec: 51.08
[[34m2025-08-14 08:47:22[0m] (step=0303600) Train Loss: 0.0819, Train Steps/Sec: 3.23, Samples/Sec: 51.73
[[34m2025-08-14 08:47:53[0m] (step=0303700) Train Loss: 0.0892, Train Steps/Sec: 3.22, Samples/Sec: 51.53
[[34m2025-08-14 08:48:24[0m] (step=0303800) Train Loss: 0.0855, Train Steps/Sec: 3.19, Samples/Sec: 51.02
[[34m2025-08-14 08:48:55[0m] (step=0303900) Train Loss: 0.0871, Train Steps/Sec: 3.23, Samples/Sec: 51.71
[[34m2025-08-14 08:49:26[0m] (step=0304000) Train Loss: 0.0827, Train Steps/Sec: 3.21, Samples/Sec: 51.30
[[34m2025-08-14 08:49:58[0m] (step=0304100) Train Loss: 0.0873, Train Steps/Sec: 3.12, Samples/Sec: 49.86
[[34m2025-08-14 08:50:30[0m] (step=0304200) Train Loss: 0.0828, Train Steps/Sec: 3.15, Samples/Sec: 50.35
[[34m2025-08-14 08:51:01[0m] (step=0304300) Train Loss: 0.0946, Train Steps/Sec: 3.22, Samples/Sec: 51.50
[[34m2025-08-14 08:51:32[0m] (step=0304400) Train Loss: 0.0878, Train Steps/Sec: 3.25, Samples/Sec: 51.99
[[34m2025-08-14 08:52:03[0m] (step=0304500) Train Loss: 0.0866, Train Steps/Sec: 3.24, Samples/Sec: 51.91
[[34m2025-08-14 08:52:34[0m] (step=0304600) Train Loss: 0.0900, Train Steps/Sec: 3.24, Samples/Sec: 51.85
[[34m2025-08-14 08:53:07[0m] (step=0304700) Train Loss: 0.0819, Train Steps/Sec: 3.02, Samples/Sec: 48.37
[[34m2025-08-14 08:53:38[0m] (step=0304800) Train Loss: 0.0827, Train Steps/Sec: 3.14, Samples/Sec: 50.27
[[34m2025-08-14 08:54:10[0m] (step=0304900) Train Loss: 0.0923, Train Steps/Sec: 3.22, Samples/Sec: 51.48
[[34m2025-08-14 08:54:41[0m] (step=0305000) Train Loss: 0.0777, Train Steps/Sec: 3.14, Samples/Sec: 50.22
[[34m2025-08-14 08:55:15[0m] (step=0305100) Train Loss: 0.0896, Train Steps/Sec: 3.01, Samples/Sec: 48.11
[[34m2025-08-14 08:55:46[0m] (step=0305200) Train Loss: 0.0929, Train Steps/Sec: 3.24, Samples/Sec: 51.88
[[34m2025-08-14 08:56:17[0m] (step=0305300) Train Loss: 0.0918, Train Steps/Sec: 3.16, Samples/Sec: 50.53
[[34m2025-08-14 08:56:48[0m] (step=0305400) Train Loss: 0.0815, Train Steps/Sec: 3.20, Samples/Sec: 51.26
[[34m2025-08-14 08:57:19[0m] (step=0305500) Train Loss: 0.0897, Train Steps/Sec: 3.24, Samples/Sec: 51.76
[[34m2025-08-14 08:57:50[0m] (step=0305600) Train Loss: 0.0830, Train Steps/Sec: 3.26, Samples/Sec: 52.18
[[34m2025-08-14 08:58:21[0m] (step=0305700) Train Loss: 0.0879, Train Steps/Sec: 3.26, Samples/Sec: 52.21
[[34m2025-08-14 08:58:53[0m] (step=0305800) Train Loss: 0.0863, Train Steps/Sec: 3.06, Samples/Sec: 49.00
[[34m2025-08-14 08:59:25[0m] (step=0305900) Train Loss: 0.0861, Train Steps/Sec: 3.18, Samples/Sec: 50.85
[[34m2025-08-14 08:59:56[0m] (step=0306000) Train Loss: 0.0919, Train Steps/Sec: 3.17, Samples/Sec: 50.74
[[34m2025-08-14 09:00:29[0m] (step=0306100) Train Loss: 0.0893, Train Steps/Sec: 3.10, Samples/Sec: 49.55
[[34m2025-08-14 09:01:00[0m] (step=0306200) Train Loss: 0.1035, Train Steps/Sec: 3.19, Samples/Sec: 51.01
[[34m2025-08-14 09:01:31[0m] (step=0306300) Train Loss: 0.0834, Train Steps/Sec: 3.19, Samples/Sec: 51.00
[[34m2025-08-14 09:02:04[0m] (step=0306400) Train Loss: 0.0730, Train Steps/Sec: 3.12, Samples/Sec: 49.85
[[34m2025-08-14 09:02:36[0m] (step=0306500) Train Loss: 0.0812, Train Steps/Sec: 3.05, Samples/Sec: 48.85
[[34m2025-08-14 09:03:07[0m] (step=0306600) Train Loss: 0.0944, Train Steps/Sec: 3.21, Samples/Sec: 51.29
[[34m2025-08-14 09:03:39[0m] (step=0306700) Train Loss: 0.0928, Train Steps/Sec: 3.20, Samples/Sec: 51.16
[[34m2025-08-14 09:04:10[0m] (step=0306800) Train Loss: 0.0863, Train Steps/Sec: 3.18, Samples/Sec: 50.85
[[34m2025-08-14 09:04:41[0m] (step=0306900) Train Loss: 0.0853, Train Steps/Sec: 3.21, Samples/Sec: 51.33
[[34m2025-08-14 09:05:13[0m] (step=0307000) Train Loss: 0.0763, Train Steps/Sec: 3.21, Samples/Sec: 51.34
[[34m2025-08-14 09:05:44[0m] (step=0307100) Train Loss: 0.0881, Train Steps/Sec: 3.14, Samples/Sec: 50.26
[[34m2025-08-14 09:06:15[0m] (step=0307200) Train Loss: 0.0859, Train Steps/Sec: 3.26, Samples/Sec: 52.13
[[34m2025-08-14 09:06:47[0m] (step=0307300) Train Loss: 0.0937, Train Steps/Sec: 3.16, Samples/Sec: 50.53
[[34m2025-08-14 09:07:18[0m] (step=0307400) Train Loss: 0.0842, Train Steps/Sec: 3.16, Samples/Sec: 50.48
[[34m2025-08-14 09:07:50[0m] (step=0307500) Train Loss: 0.0826, Train Steps/Sec: 3.22, Samples/Sec: 51.55
[[34m2025-08-14 09:08:21[0m] (step=0307600) Train Loss: 0.0838, Train Steps/Sec: 3.20, Samples/Sec: 51.17
[[34m2025-08-14 09:08:52[0m] (step=0307700) Train Loss: 0.0924, Train Steps/Sec: 3.24, Samples/Sec: 51.82
[[34m2025-08-14 09:09:23[0m] (step=0307800) Train Loss: 0.0902, Train Steps/Sec: 3.18, Samples/Sec: 50.83
[[34m2025-08-14 09:09:54[0m] (step=0307900) Train Loss: 0.0882, Train Steps/Sec: 3.20, Samples/Sec: 51.18
[[34m2025-08-14 09:10:26[0m] (step=0308000) Train Loss: 0.0922, Train Steps/Sec: 3.21, Samples/Sec: 51.30
[[34m2025-08-14 09:10:57[0m] (step=0308100) Train Loss: 0.0837, Train Steps/Sec: 3.15, Samples/Sec: 50.43
[[34m2025-08-14 09:11:29[0m] (step=0308200) Train Loss: 0.0870, Train Steps/Sec: 3.21, Samples/Sec: 51.38
[[34m2025-08-14 09:11:59[0m] (step=0308300) Train Loss: 0.0933, Train Steps/Sec: 3.26, Samples/Sec: 52.12
[[34m2025-08-14 09:12:30[0m] (step=0308400) Train Loss: 0.0895, Train Steps/Sec: 3.24, Samples/Sec: 51.77
[[34m2025-08-14 09:13:01[0m] (step=0308500) Train Loss: 0.0820, Train Steps/Sec: 3.21, Samples/Sec: 51.31
[[34m2025-08-14 09:13:33[0m] (step=0308600) Train Loss: 0.0858, Train Steps/Sec: 3.12, Samples/Sec: 50.00
[[34m2025-08-14 09:14:05[0m] (step=0308700) Train Loss: 0.0791, Train Steps/Sec: 3.12, Samples/Sec: 49.92
[[34m2025-08-14 09:14:37[0m] (step=0308800) Train Loss: 0.0833, Train Steps/Sec: 3.19, Samples/Sec: 51.00
[[34m2025-08-14 09:15:08[0m] (step=0308900) Train Loss: 0.0930, Train Steps/Sec: 3.25, Samples/Sec: 51.98
[[34m2025-08-14 09:15:39[0m] (step=0309000) Train Loss: 0.0806, Train Steps/Sec: 3.18, Samples/Sec: 50.88
[[34m2025-08-14 09:16:10[0m] (step=0309100) Train Loss: 0.0828, Train Steps/Sec: 3.20, Samples/Sec: 51.17
[[34m2025-08-14 09:16:42[0m] (step=0309200) Train Loss: 0.0874, Train Steps/Sec: 3.18, Samples/Sec: 50.81
[[34m2025-08-14 09:17:13[0m] (step=0309300) Train Loss: 0.0882, Train Steps/Sec: 3.17, Samples/Sec: 50.66
[[34m2025-08-14 09:17:45[0m] (step=0309400) Train Loss: 0.0790, Train Steps/Sec: 3.15, Samples/Sec: 50.43
[[34m2025-08-14 09:18:17[0m] (step=0309500) Train Loss: 0.0869, Train Steps/Sec: 3.14, Samples/Sec: 50.30
[[34m2025-08-14 09:18:48[0m] (step=0309600) Train Loss: 0.0930, Train Steps/Sec: 3.19, Samples/Sec: 51.04
[[34m2025-08-14 09:19:20[0m] (step=0309700) Train Loss: 0.0836, Train Steps/Sec: 3.13, Samples/Sec: 50.12
[[34m2025-08-14 09:19:52[0m] (step=0309800) Train Loss: 0.0846, Train Steps/Sec: 3.19, Samples/Sec: 51.03
[[34m2025-08-14 09:20:23[0m] (step=0309900) Train Loss: 0.0895, Train Steps/Sec: 3.20, Samples/Sec: 51.17
[[34m2025-08-14 09:20:55[0m] (step=0310000) Train Loss: 0.0874, Train Steps/Sec: 3.15, Samples/Sec: 50.46
Using cache found in ./models/facebookresearch_dino_main
Using cache found in ./models/facebookresearch_dino_main
Using cache found in ./models/facebookresearch_dino_main
[[34m2025-08-14 09:21:17[0m] Saved checkpoint to logs/nwm_cdit_airvln_v6_1/checkpoints/latest.pth.tar
Using cache found in ./models/facebookresearch_dino_main
[[34m2025-08-14 09:21:22[0m] Already found a `peft_config` attribute in the model. This will lead to having multiple adapters in the model. Make sure to know what you are doing!
[[34m2025-08-14 09:22:50[0m] (step=0310000) Perceptual Loss: 0.1702, Eval Time: 92.67
[[34m2025-08-14 09:23:21[0m] (step=0310100) Train Loss: 0.0901, Train Steps/Sec: 0.68, Samples/Sec: 10.92
[[34m2025-08-14 09:23:53[0m] (step=0310200) Train Loss: 0.0884, Train Steps/Sec: 3.18, Samples/Sec: 50.91
[[34m2025-08-14 09:24:25[0m] (step=0310300) Train Loss: 0.0908, Train Steps/Sec: 3.10, Samples/Sec: 49.66
[[34m2025-08-14 09:24:55[0m] (step=0310400) Train Loss: 0.0870, Train Steps/Sec: 3.27, Samples/Sec: 52.35
[[34m2025-08-14 09:25:27[0m] (step=0310500) Train Loss: 0.0876, Train Steps/Sec: 3.22, Samples/Sec: 51.47
[[34m2025-08-14 09:25:58[0m] (step=0310600) Train Loss: 0.0891, Train Steps/Sec: 3.23, Samples/Sec: 51.61
[[34m2025-08-14 09:26:29[0m] (step=0310700) Train Loss: 0.0983, Train Steps/Sec: 3.13, Samples/Sec: 50.08
[[34m2025-08-14 09:27:01[0m] (step=0310800) Train Loss: 0.0901, Train Steps/Sec: 3.20, Samples/Sec: 51.20
[[34m2025-08-14 09:27:32[0m] (step=0310900) Train Loss: 0.0892, Train Steps/Sec: 3.17, Samples/Sec: 50.69
[[34m2025-08-14 09:28:04[0m] (step=0311000) Train Loss: 0.0802, Train Steps/Sec: 3.17, Samples/Sec: 50.67
[[34m2025-08-14 09:28:35[0m] (step=0311100) Train Loss: 0.0917, Train Steps/Sec: 3.22, Samples/Sec: 51.50
[[34m2025-08-14 09:29:06[0m] (step=0311200) Train Loss: 0.0884, Train Steps/Sec: 3.18, Samples/Sec: 50.86
[[34m2025-08-14 09:29:38[0m] (step=0311300) Train Loss: 0.0861, Train Steps/Sec: 3.19, Samples/Sec: 51.07
[[34m2025-08-14 09:30:09[0m] (step=0311400) Train Loss: 0.0785, Train Steps/Sec: 3.17, Samples/Sec: 50.66
[[34m2025-08-14 09:30:41[0m] (step=0311500) Train Loss: 0.0877, Train Steps/Sec: 3.20, Samples/Sec: 51.20
[[34m2025-08-14 09:31:12[0m] (step=0311600) Train Loss: 0.0808, Train Steps/Sec: 3.22, Samples/Sec: 51.53
[[34m2025-08-14 09:31:42[0m] (step=0311700) Train Loss: 0.0907, Train Steps/Sec: 3.30, Samples/Sec: 52.77
[[34m2025-08-14 09:32:13[0m] (step=0311800) Train Loss: 0.0875, Train Steps/Sec: 3.26, Samples/Sec: 52.08
[[34m2025-08-14 09:32:44[0m] (step=0311900) Train Loss: 0.0886, Train Steps/Sec: 3.24, Samples/Sec: 51.78
[[34m2025-08-14 09:33:15[0m] (step=0312000) Train Loss: 0.0936, Train Steps/Sec: 3.18, Samples/Sec: 50.92
[[34m2025-08-14 09:33:47[0m] (step=0312100) Train Loss: 0.0832, Train Steps/Sec: 3.16, Samples/Sec: 50.54
[[34m2025-08-14 09:34:18[0m] (step=0312200) Train Loss: 0.0847, Train Steps/Sec: 3.18, Samples/Sec: 50.81
[[34m2025-08-14 09:34:49[0m] (step=0312300) Train Loss: 0.0804, Train Steps/Sec: 3.20, Samples/Sec: 51.17
[[34m2025-08-14 09:35:20[0m] (step=0312400) Train Loss: 0.0909, Train Steps/Sec: 3.24, Samples/Sec: 51.80
[[34m2025-08-14 09:35:51[0m] (step=0312500) Train Loss: 0.0893, Train Steps/Sec: 3.25, Samples/Sec: 51.99
[[34m2025-08-14 09:36:22[0m] (step=0312600) Train Loss: 0.0862, Train Steps/Sec: 3.20, Samples/Sec: 51.16
[[34m2025-08-14 09:36:54[0m] (step=0312700) Train Loss: 0.0899, Train Steps/Sec: 3.16, Samples/Sec: 50.58
[[34m2025-08-14 09:37:25[0m] (step=0312800) Train Loss: 0.0830, Train Steps/Sec: 3.25, Samples/Sec: 51.95
[[34m2025-08-14 09:37:57[0m] (step=0312900) Train Loss: 0.0989, Train Steps/Sec: 3.12, Samples/Sec: 50.00
[[34m2025-08-14 09:38:29[0m] (step=0313000) Train Loss: 0.0842, Train Steps/Sec: 3.16, Samples/Sec: 50.53
[[34m2025-08-14 09:38:59[0m] (step=0313100) Train Loss: 0.0852, Train Steps/Sec: 3.24, Samples/Sec: 51.84
[[34m2025-08-14 09:39:32[0m] (step=0313200) Train Loss: 0.0887, Train Steps/Sec: 3.06, Samples/Sec: 48.89
[[34m2025-08-14 09:40:03[0m] (step=0313300) Train Loss: 0.0846, Train Steps/Sec: 3.24, Samples/Sec: 51.77
[[34m2025-08-14 09:40:34[0m] (step=0313400) Train Loss: 0.0896, Train Steps/Sec: 3.23, Samples/Sec: 51.62
[[34m2025-08-14 09:41:05[0m] (step=0313500) Train Loss: 0.0867, Train Steps/Sec: 3.21, Samples/Sec: 51.43
[[34m2025-08-14 09:41:36[0m] (step=0313600) Train Loss: 0.0831, Train Steps/Sec: 3.25, Samples/Sec: 52.05
[[34m2025-08-14 09:42:07[0m] (step=0313700) Train Loss: 0.0910, Train Steps/Sec: 3.18, Samples/Sec: 50.95
[[34m2025-08-14 09:42:39[0m] (step=0313800) Train Loss: 0.0841, Train Steps/Sec: 3.20, Samples/Sec: 51.28
[[34m2025-08-14 09:43:10[0m] (step=0313900) Train Loss: 0.0856, Train Steps/Sec: 3.21, Samples/Sec: 51.28
[[34m2025-08-14 09:43:42[0m] (step=0314000) Train Loss: 0.0861, Train Steps/Sec: 3.14, Samples/Sec: 50.24
[[34m2025-08-14 09:44:13[0m] (step=0314100) Train Loss: 0.0848, Train Steps/Sec: 3.17, Samples/Sec: 50.70
[[34m2025-08-14 09:44:44[0m] (step=0314200) Train Loss: 0.0883, Train Steps/Sec: 3.21, Samples/Sec: 51.39
[[34m2025-08-14 09:45:15[0m] (step=0314300) Train Loss: 0.0835, Train Steps/Sec: 3.29, Samples/Sec: 52.57
[[34m2025-08-14 09:45:46[0m] (step=0314400) Train Loss: 0.0810, Train Steps/Sec: 3.18, Samples/Sec: 50.90
[[34m2025-08-14 09:46:17[0m] (step=0314500) Train Loss: 0.0894, Train Steps/Sec: 3.21, Samples/Sec: 51.31
[[34m2025-08-14 09:46:52[0m] (step=0314600) Train Loss: 0.0895, Train Steps/Sec: 2.93, Samples/Sec: 46.96
[[34m2025-08-14 09:47:23[0m] (step=0314700) Train Loss: 0.0914, Train Steps/Sec: 3.14, Samples/Sec: 50.19
[[34m2025-08-14 09:47:55[0m] (step=0314800) Train Loss: 0.0915, Train Steps/Sec: 3.17, Samples/Sec: 50.79
[[34m2025-08-14 09:48:27[0m] (step=0314900) Train Loss: 0.0846, Train Steps/Sec: 3.11, Samples/Sec: 49.70
[[34m2025-08-14 09:49:00[0m] (step=0315000) Train Loss: 0.0924, Train Steps/Sec: 3.04, Samples/Sec: 48.64
[[34m2025-08-14 09:49:31[0m] (step=0315100) Train Loss: 0.0791, Train Steps/Sec: 3.19, Samples/Sec: 51.04
[[34m2025-08-14 09:50:03[0m] (step=0315200) Train Loss: 0.0881, Train Steps/Sec: 3.18, Samples/Sec: 50.87
[[34m2025-08-14 09:50:35[0m] (step=0315300) Train Loss: 0.0830, Train Steps/Sec: 3.14, Samples/Sec: 50.19
[[34m2025-08-14 09:51:06[0m] (step=0315400) Train Loss: 0.0860, Train Steps/Sec: 3.21, Samples/Sec: 51.30
[[34m2025-08-14 09:51:37[0m] (step=0315500) Train Loss: 0.0847, Train Steps/Sec: 3.26, Samples/Sec: 52.24
[[34m2025-08-14 09:52:08[0m] (step=0315600) Train Loss: 0.0810, Train Steps/Sec: 3.15, Samples/Sec: 50.37
[[34m2025-08-14 09:52:40[0m] (step=0315700) Train Loss: 0.0886, Train Steps/Sec: 3.12, Samples/Sec: 49.98
[[34m2025-08-14 09:53:11[0m] (step=0315800) Train Loss: 0.0804, Train Steps/Sec: 3.24, Samples/Sec: 51.89
[[34m2025-08-14 09:53:43[0m] (step=0315900) Train Loss: 0.0900, Train Steps/Sec: 3.17, Samples/Sec: 50.66
[[34m2025-08-14 09:54:15[0m] (step=0316000) Train Loss: 0.0906, Train Steps/Sec: 3.12, Samples/Sec: 49.94
[[34m2025-08-14 09:54:47[0m] (step=0316100) Train Loss: 0.0843, Train Steps/Sec: 3.14, Samples/Sec: 50.29
[[34m2025-08-14 09:55:18[0m] (step=0316200) Train Loss: 0.0874, Train Steps/Sec: 3.16, Samples/Sec: 50.51
[[34m2025-08-14 09:55:49[0m] (step=0316300) Train Loss: 0.0913, Train Steps/Sec: 3.25, Samples/Sec: 52.07
[[34m2025-08-14 09:56:20[0m] (step=0316400) Train Loss: 0.0807, Train Steps/Sec: 3.24, Samples/Sec: 51.79
[[34m2025-08-14 09:56:50[0m] (step=0316500) Train Loss: 0.0865, Train Steps/Sec: 3.28, Samples/Sec: 52.56
[[34m2025-08-14 09:57:22[0m] (step=0316600) Train Loss: 0.0859, Train Steps/Sec: 3.14, Samples/Sec: 50.26
[[34m2025-08-14 09:57:54[0m] (step=0316700) Train Loss: 0.0872, Train Steps/Sec: 3.15, Samples/Sec: 50.45
[[34m2025-08-14 09:58:25[0m] (step=0316800) Train Loss: 0.0912, Train Steps/Sec: 3.19, Samples/Sec: 51.00
[[34m2025-08-14 09:58:57[0m] (step=0316900) Train Loss: 0.0929, Train Steps/Sec: 3.16, Samples/Sec: 50.55
[[34m2025-08-14 09:59:29[0m] (step=0317000) Train Loss: 0.0799, Train Steps/Sec: 3.17, Samples/Sec: 50.77
[[34m2025-08-14 10:00:00[0m] (step=0317100) Train Loss: 0.0924, Train Steps/Sec: 3.22, Samples/Sec: 51.59
[[34m2025-08-14 10:00:31[0m] (step=0317200) Train Loss: 0.0837, Train Steps/Sec: 3.22, Samples/Sec: 51.47
[[34m2025-08-14 10:01:03[0m] (step=0317300) Train Loss: 0.0925, Train Steps/Sec: 3.14, Samples/Sec: 50.23
[[34m2025-08-14 10:01:34[0m] (step=0317400) Train Loss: 0.0779, Train Steps/Sec: 3.15, Samples/Sec: 50.33
[[34m2025-08-14 10:02:06[0m] (step=0317500) Train Loss: 0.0803, Train Steps/Sec: 3.17, Samples/Sec: 50.79
[[34m2025-08-14 10:02:37[0m] (step=0317600) Train Loss: 0.0832, Train Steps/Sec: 3.21, Samples/Sec: 51.29
[[34m2025-08-14 10:03:08[0m] (step=0317700) Train Loss: 0.0893, Train Steps/Sec: 3.23, Samples/Sec: 51.69
[[34m2025-08-14 10:03:39[0m] (step=0317800) Train Loss: 0.0875, Train Steps/Sec: 3.22, Samples/Sec: 51.48
[[34m2025-08-14 10:04:11[0m] (step=0317900) Train Loss: 0.0928, Train Steps/Sec: 3.17, Samples/Sec: 50.68
[[34m2025-08-14 10:04:42[0m] (step=0318000) Train Loss: 0.0857, Train Steps/Sec: 3.22, Samples/Sec: 51.52
[[34m2025-08-14 10:05:13[0m] (step=0318100) Train Loss: 0.0931, Train Steps/Sec: 3.20, Samples/Sec: 51.21
[[34m2025-08-14 10:05:45[0m] (step=0318200) Train Loss: 0.0951, Train Steps/Sec: 3.17, Samples/Sec: 50.68
[[34m2025-08-14 10:06:17[0m] (step=0318300) Train Loss: 0.0894, Train Steps/Sec: 3.11, Samples/Sec: 49.82
[[34m2025-08-14 10:06:48[0m] (step=0318400) Train Loss: 0.0898, Train Steps/Sec: 3.17, Samples/Sec: 50.76
[[34m2025-08-14 10:07:19[0m] (step=0318500) Train Loss: 0.0878, Train Steps/Sec: 3.22, Samples/Sec: 51.59
[[34m2025-08-14 10:07:50[0m] (step=0318600) Train Loss: 0.0862, Train Steps/Sec: 3.23, Samples/Sec: 51.61
[[34m2025-08-14 10:08:23[0m] (step=0318700) Train Loss: 0.0807, Train Steps/Sec: 3.09, Samples/Sec: 49.38
[[34m2025-08-14 10:08:54[0m] (step=0318800) Train Loss: 0.0919, Train Steps/Sec: 3.20, Samples/Sec: 51.24
[[34m2025-08-14 10:09:25[0m] (step=0318900) Train Loss: 0.0904, Train Steps/Sec: 3.25, Samples/Sec: 52.02
[[34m2025-08-14 10:09:55[0m] (step=0319000) Train Loss: 0.0889, Train Steps/Sec: 3.27, Samples/Sec: 52.38
[[34m2025-08-14 10:10:26[0m] (step=0319100) Train Loss: 0.0783, Train Steps/Sec: 3.25, Samples/Sec: 51.99
[[34m2025-08-14 10:10:57[0m] (step=0319200) Train Loss: 0.0889, Train Steps/Sec: 3.26, Samples/Sec: 52.17
[[34m2025-08-14 10:11:28[0m] (step=0319300) Train Loss: 0.0827, Train Steps/Sec: 3.19, Samples/Sec: 51.02
[[34m2025-08-14 10:11:59[0m] (step=0319400) Train Loss: 0.0871, Train Steps/Sec: 3.22, Samples/Sec: 51.58
[[34m2025-08-14 10:12:30[0m] (step=0319500) Train Loss: 0.0907, Train Steps/Sec: 3.24, Samples/Sec: 51.86
[[34m2025-08-14 10:13:01[0m] (step=0319600) Train Loss: 0.0850, Train Steps/Sec: 3.20, Samples/Sec: 51.12
[[34m2025-08-14 10:13:32[0m] (step=0319700) Train Loss: 0.0873, Train Steps/Sec: 3.27, Samples/Sec: 52.38
[[34m2025-08-14 10:14:02[0m] (step=0319800) Train Loss: 0.0854, Train Steps/Sec: 3.30, Samples/Sec: 52.78
[[34m2025-08-14 10:14:33[0m] (step=0319900) Train Loss: 0.0752, Train Steps/Sec: 3.19, Samples/Sec: 51.11
[[34m2025-08-14 10:15:05[0m] (step=0320000) Train Loss: 0.0809, Train Steps/Sec: 3.15, Samples/Sec: 50.46
Using cache found in ./models/facebookresearch_dino_main
Using cache found in ./models/facebookresearch_dino_main
Using cache found in ./models/facebookresearch_dino_main
[[34m2025-08-14 10:15:28[0m] Saved checkpoint to logs/nwm_cdit_airvln_v6_1/checkpoints/latest.pth.tar
Using cache found in ./models/facebookresearch_dino_main
[[34m2025-08-14 10:15:33[0m] Already found a `peft_config` attribute in the model. This will lead to having multiple adapters in the model. Make sure to know what you are doing!
[[34m2025-08-14 10:17:01[0m] (step=0320000) Perceptual Loss: 0.1785, Eval Time: 93.03
[[34m2025-08-14 10:17:32[0m] (step=0320100) Train Loss: 0.0862, Train Steps/Sec: 0.68, Samples/Sec: 10.90
[[34m2025-08-14 10:18:04[0m] (step=0320200) Train Loss: 0.0778, Train Steps/Sec: 3.08, Samples/Sec: 49.30
[[34m2025-08-14 10:18:35[0m] (step=0320300) Train Loss: 0.0802, Train Steps/Sec: 3.25, Samples/Sec: 51.95
[[34m2025-08-14 10:19:06[0m] (step=0320400) Train Loss: 0.0824, Train Steps/Sec: 3.21, Samples/Sec: 51.35
[[34m2025-08-14 10:19:39[0m] (step=0320500) Train Loss: 0.0892, Train Steps/Sec: 3.09, Samples/Sec: 49.49
[[34m2025-08-14 10:20:10[0m] (step=0320600) Train Loss: 0.0798, Train Steps/Sec: 3.22, Samples/Sec: 51.56
[[34m2025-08-14 10:20:41[0m] (step=0320700) Train Loss: 0.0825, Train Steps/Sec: 3.25, Samples/Sec: 51.99
[[34m2025-08-14 10:21:11[0m] (step=0320800) Train Loss: 0.0859, Train Steps/Sec: 3.25, Samples/Sec: 52.07
[[34m2025-08-14 10:21:43[0m] (step=0320900) Train Loss: 0.0829, Train Steps/Sec: 3.16, Samples/Sec: 50.63
[[34m2025-08-14 10:22:15[0m] (step=0321000) Train Loss: 0.0801, Train Steps/Sec: 3.09, Samples/Sec: 49.40
[[34m2025-08-14 10:22:47[0m] (step=0321100) Train Loss: 0.0836, Train Steps/Sec: 3.11, Samples/Sec: 49.78
[[34m2025-08-14 10:23:19[0m] (step=0321200) Train Loss: 0.0897, Train Steps/Sec: 3.13, Samples/Sec: 50.16
[[34m2025-08-14 10:23:51[0m] (step=0321300) Train Loss: 0.0790, Train Steps/Sec: 3.20, Samples/Sec: 51.28
[[34m2025-08-14 10:24:21[0m] (step=0321400) Train Loss: 0.0833, Train Steps/Sec: 3.29, Samples/Sec: 52.64
[[34m2025-08-14 10:24:53[0m] (step=0321500) Train Loss: 0.0789, Train Steps/Sec: 3.15, Samples/Sec: 50.47
[[34m2025-08-14 10:25:24[0m] (step=0321600) Train Loss: 0.0882, Train Steps/Sec: 3.20, Samples/Sec: 51.26
[[34m2025-08-14 10:25:55[0m] (step=0321700) Train Loss: 0.0820, Train Steps/Sec: 3.22, Samples/Sec: 51.50
[[34m2025-08-14 10:26:27[0m] (step=0321800) Train Loss: 0.0848, Train Steps/Sec: 3.17, Samples/Sec: 50.66
[[34m2025-08-14 10:26:57[0m] (step=0321900) Train Loss: 0.0838, Train Steps/Sec: 3.25, Samples/Sec: 51.96
[[34m2025-08-14 10:27:29[0m] (step=0322000) Train Loss: 0.0816, Train Steps/Sec: 3.14, Samples/Sec: 50.26
[[34m2025-08-14 10:28:01[0m] (step=0322100) Train Loss: 0.0860, Train Steps/Sec: 3.19, Samples/Sec: 51.08
[[34m2025-08-14 10:28:32[0m] (step=0322200) Train Loss: 0.0888, Train Steps/Sec: 3.19, Samples/Sec: 50.97
[[34m2025-08-14 10:29:04[0m] (step=0322300) Train Loss: 0.0898, Train Steps/Sec: 3.13, Samples/Sec: 50.04
[[34m2025-08-14 10:29:35[0m] (step=0322400) Train Loss: 0.0874, Train Steps/Sec: 3.21, Samples/Sec: 51.34
[[34m2025-08-14 10:30:07[0m] (step=0322500) Train Loss: 0.0861, Train Steps/Sec: 3.16, Samples/Sec: 50.63
[[34m2025-08-14 10:30:40[0m] (step=0322600) Train Loss: 0.0941, Train Steps/Sec: 3.04, Samples/Sec: 48.65
[[34m2025-08-14 10:31:11[0m] (step=0322700) Train Loss: 0.0800, Train Steps/Sec: 3.23, Samples/Sec: 51.61
[[34m2025-08-14 10:31:43[0m] (step=0322800) Train Loss: 0.0888, Train Steps/Sec: 3.11, Samples/Sec: 49.77
[[34m2025-08-14 10:32:15[0m] (step=0322900) Train Loss: 0.0909, Train Steps/Sec: 3.12, Samples/Sec: 49.87
[[34m2025-08-14 10:32:47[0m] (step=0323000) Train Loss: 0.0918, Train Steps/Sec: 3.10, Samples/Sec: 49.55
[[34m2025-08-14 10:33:18[0m] (step=0323100) Train Loss: 0.0977, Train Steps/Sec: 3.22, Samples/Sec: 51.54
[[34m2025-08-14 10:33:50[0m] (step=0323200) Train Loss: 0.0820, Train Steps/Sec: 3.17, Samples/Sec: 50.74
[[34m2025-08-14 10:34:21[0m] (step=0323300) Train Loss: 0.0910, Train Steps/Sec: 3.22, Samples/Sec: 51.50
[[34m2025-08-14 10:34:52[0m] (step=0323400) Train Loss: 0.0798, Train Steps/Sec: 3.22, Samples/Sec: 51.60
[[34m2025-08-14 10:35:23[0m] (step=0323500) Train Loss: 0.0811, Train Steps/Sec: 3.23, Samples/Sec: 51.61
[[34m2025-08-14 10:35:54[0m] (step=0323600) Train Loss: 0.0874, Train Steps/Sec: 3.23, Samples/Sec: 51.62
[[34m2025-08-14 10:36:26[0m] (step=0323700) Train Loss: 0.0859, Train Steps/Sec: 3.16, Samples/Sec: 50.62
[[34m2025-08-14 10:36:57[0m] (step=0323800) Train Loss: 0.0939, Train Steps/Sec: 3.14, Samples/Sec: 50.17
[[34m2025-08-14 10:37:29[0m] (step=0323900) Train Loss: 0.0872, Train Steps/Sec: 3.18, Samples/Sec: 50.92
[[34m2025-08-14 10:38:02[0m] (step=0324000) Train Loss: 0.0925, Train Steps/Sec: 3.04, Samples/Sec: 48.62
[[34m2025-08-14 10:38:32[0m] (step=0324100) Train Loss: 0.0834, Train Steps/Sec: 3.26, Samples/Sec: 52.18
[[34m2025-08-14 10:39:04[0m] (step=0324200) Train Loss: 0.0835, Train Steps/Sec: 3.20, Samples/Sec: 51.17
[[34m2025-08-14 10:39:34[0m] (step=0324300) Train Loss: 0.0916, Train Steps/Sec: 3.27, Samples/Sec: 52.30
[[34m2025-08-14 10:40:06[0m] (step=0324400) Train Loss: 0.0848, Train Steps/Sec: 3.19, Samples/Sec: 51.11
[[34m2025-08-14 10:40:39[0m] (step=0324500) Train Loss: 0.0876, Train Steps/Sec: 3.03, Samples/Sec: 48.53
[[34m2025-08-14 10:41:10[0m] (step=0324600) Train Loss: 0.0816, Train Steps/Sec: 3.24, Samples/Sec: 51.83
[[34m2025-08-14 10:41:41[0m] (step=0324700) Train Loss: 0.0841, Train Steps/Sec: 3.22, Samples/Sec: 51.55
[[34m2025-08-14 10:42:12[0m] (step=0324800) Train Loss: 0.0809, Train Steps/Sec: 3.23, Samples/Sec: 51.63
[[34m2025-08-14 10:42:43[0m] (step=0324900) Train Loss: 0.0807, Train Steps/Sec: 3.17, Samples/Sec: 50.68
[[34m2025-08-14 10:43:14[0m] (step=0325000) Train Loss: 0.0833, Train Steps/Sec: 3.24, Samples/Sec: 51.85
[[34m2025-08-14 10:43:46[0m] (step=0325100) Train Loss: 0.0896, Train Steps/Sec: 3.10, Samples/Sec: 49.59
[[34m2025-08-14 10:44:18[0m] (step=0325200) Train Loss: 0.0814, Train Steps/Sec: 3.17, Samples/Sec: 50.66
[[34m2025-08-14 10:44:51[0m] (step=0325300) Train Loss: 0.0849, Train Steps/Sec: 3.05, Samples/Sec: 48.81
[[34m2025-08-14 10:45:22[0m] (step=0325400) Train Loss: 0.0946, Train Steps/Sec: 3.22, Samples/Sec: 51.49
[[34m2025-08-14 10:45:53[0m] (step=0325500) Train Loss: 0.0872, Train Steps/Sec: 3.20, Samples/Sec: 51.12
[[34m2025-08-14 10:46:25[0m] (step=0325600) Train Loss: 0.0896, Train Steps/Sec: 3.11, Samples/Sec: 49.72
[[34m2025-08-14 10:46:56[0m] (step=0325700) Train Loss: 0.0982, Train Steps/Sec: 3.22, Samples/Sec: 51.58
[[34m2025-08-14 10:47:27[0m] (step=0325800) Train Loss: 0.0915, Train Steps/Sec: 3.30, Samples/Sec: 52.76
[[34m2025-08-14 10:47:58[0m] (step=0325900) Train Loss: 0.0835, Train Steps/Sec: 3.19, Samples/Sec: 51.10
[[34m2025-08-14 10:48:29[0m] (step=0326000) Train Loss: 0.0923, Train Steps/Sec: 3.21, Samples/Sec: 51.32
[[34m2025-08-14 10:49:01[0m] (step=0326100) Train Loss: 0.0888, Train Steps/Sec: 3.14, Samples/Sec: 50.30
[[34m2025-08-14 10:49:32[0m] (step=0326200) Train Loss: 0.0884, Train Steps/Sec: 3.23, Samples/Sec: 51.68
[[34m2025-08-14 10:50:03[0m] (step=0326300) Train Loss: 0.0881, Train Steps/Sec: 3.25, Samples/Sec: 52.02
[[34m2025-08-14 10:50:34[0m] (step=0326400) Train Loss: 0.0835, Train Steps/Sec: 3.21, Samples/Sec: 51.37
[[34m2025-08-14 10:51:05[0m] (step=0326500) Train Loss: 0.0868, Train Steps/Sec: 3.19, Samples/Sec: 51.00
[[34m2025-08-14 10:51:37[0m] (step=0326600) Train Loss: 0.0824, Train Steps/Sec: 3.11, Samples/Sec: 49.83
[[34m2025-08-14 10:52:08[0m] (step=0326700) Train Loss: 0.0827, Train Steps/Sec: 3.21, Samples/Sec: 51.32
[[34m2025-08-14 10:52:39[0m] (step=0326800) Train Loss: 0.0819, Train Steps/Sec: 3.26, Samples/Sec: 52.21
[[34m2025-08-14 10:53:11[0m] (step=0326900) Train Loss: 0.0912, Train Steps/Sec: 3.16, Samples/Sec: 50.63
[[34m2025-08-14 10:53:42[0m] (step=0327000) Train Loss: 0.0897, Train Steps/Sec: 3.19, Samples/Sec: 51.04
[[34m2025-08-14 10:54:14[0m] (step=0327100) Train Loss: 0.0860, Train Steps/Sec: 3.15, Samples/Sec: 50.46
[[34m2025-08-14 10:54:45[0m] (step=0327200) Train Loss: 0.0881, Train Steps/Sec: 3.17, Samples/Sec: 50.78
[[34m2025-08-14 10:55:18[0m] (step=0327300) Train Loss: 0.0948, Train Steps/Sec: 3.06, Samples/Sec: 48.94
[[34m2025-08-14 10:55:50[0m] (step=0327400) Train Loss: 0.0875, Train Steps/Sec: 3.15, Samples/Sec: 50.48
[[34m2025-08-14 10:56:21[0m] (step=0327500) Train Loss: 0.0848, Train Steps/Sec: 3.19, Samples/Sec: 51.09
[[34m2025-08-14 10:56:52[0m] (step=0327600) Train Loss: 0.0893, Train Steps/Sec: 3.28, Samples/Sec: 52.46
[[34m2025-08-14 10:57:23[0m] (step=0327700) Train Loss: 0.0876, Train Steps/Sec: 3.23, Samples/Sec: 51.69
[[34m2025-08-14 10:57:54[0m] (step=0327800) Train Loss: 0.0924, Train Steps/Sec: 3.21, Samples/Sec: 51.38
[[34m2025-08-14 10:58:25[0m] (step=0327900) Train Loss: 0.0834, Train Steps/Sec: 3.22, Samples/Sec: 51.45
[[34m2025-08-14 10:58:56[0m] (step=0328000) Train Loss: 0.0796, Train Steps/Sec: 3.21, Samples/Sec: 51.36
[[34m2025-08-14 10:59:27[0m] (step=0328100) Train Loss: 0.0878, Train Steps/Sec: 3.18, Samples/Sec: 50.95
[[34m2025-08-14 10:59:59[0m] (step=0328200) Train Loss: 0.0879, Train Steps/Sec: 3.15, Samples/Sec: 50.45
[[34m2025-08-14 11:00:31[0m] (step=0328300) Train Loss: 0.0897, Train Steps/Sec: 3.17, Samples/Sec: 50.67
[[34m2025-08-14 11:01:03[0m] (step=0328400) Train Loss: 0.0865, Train Steps/Sec: 3.08, Samples/Sec: 49.29
[[34m2025-08-14 11:01:35[0m] (step=0328500) Train Loss: 0.0937, Train Steps/Sec: 3.15, Samples/Sec: 50.35
[[34m2025-08-14 11:02:07[0m] (step=0328600) Train Loss: 0.0768, Train Steps/Sec: 3.13, Samples/Sec: 50.05
[[34m2025-08-14 11:02:38[0m] (step=0328700) Train Loss: 0.0789, Train Steps/Sec: 3.17, Samples/Sec: 50.78
[[34m2025-08-14 11:03:10[0m] (step=0328800) Train Loss: 0.0821, Train Steps/Sec: 3.19, Samples/Sec: 50.96
[[34m2025-08-14 11:03:41[0m] (step=0328900) Train Loss: 0.0833, Train Steps/Sec: 3.23, Samples/Sec: 51.60
[[34m2025-08-14 11:04:12[0m] (step=0329000) Train Loss: 0.0816, Train Steps/Sec: 3.20, Samples/Sec: 51.18
[[34m2025-08-14 11:04:44[0m] (step=0329100) Train Loss: 0.0901, Train Steps/Sec: 3.18, Samples/Sec: 50.84
[[34m2025-08-14 11:05:15[0m] (step=0329200) Train Loss: 0.0920, Train Steps/Sec: 3.22, Samples/Sec: 51.52
[[34m2025-08-14 11:05:46[0m] (step=0329300) Train Loss: 0.0845, Train Steps/Sec: 3.24, Samples/Sec: 51.80
[[34m2025-08-14 11:06:16[0m] (step=0329400) Train Loss: 0.0987, Train Steps/Sec: 3.29, Samples/Sec: 52.59
[[34m2025-08-14 11:06:47[0m] (step=0329500) Train Loss: 0.0920, Train Steps/Sec: 3.26, Samples/Sec: 52.12
[[34m2025-08-14 11:07:17[0m] (step=0329600) Train Loss: 0.0901, Train Steps/Sec: 3.30, Samples/Sec: 52.72
[[34m2025-08-14 11:07:49[0m] (step=0329700) Train Loss: 0.0916, Train Steps/Sec: 3.14, Samples/Sec: 50.30
[[34m2025-08-14 11:08:22[0m] (step=0329800) Train Loss: 0.0869, Train Steps/Sec: 3.05, Samples/Sec: 48.86
[[34m2025-08-14 11:08:53[0m] (step=0329900) Train Loss: 0.0837, Train Steps/Sec: 3.16, Samples/Sec: 50.60
[[34m2025-08-14 11:09:24[0m] (step=0330000) Train Loss: 0.0931, Train Steps/Sec: 3.24, Samples/Sec: 51.83
Using cache found in ./models/facebookresearch_dino_main
Using cache found in ./models/facebookresearch_dino_main
Using cache found in ./models/facebookresearch_dino_main
[[34m2025-08-14 11:09:42[0m] Saved checkpoint to logs/nwm_cdit_airvln_v6_1/checkpoints/latest.pth.tar
Using cache found in ./models/facebookresearch_dino_main
[[34m2025-08-14 11:09:45[0m] Already found a `peft_config` attribute in the model. This will lead to having multiple adapters in the model. Make sure to know what you are doing!
[[34m2025-08-14 11:11:10[0m] (step=0330000) Perceptual Loss: 0.2211, Eval Time: 87.82
[[34m2025-08-14 11:11:42[0m] (step=0330100) Train Loss: 0.0872, Train Steps/Sec: 0.72, Samples/Sec: 11.59
[[34m2025-08-14 11:12:14[0m] (step=0330200) Train Loss: 0.0829, Train Steps/Sec: 3.12, Samples/Sec: 49.95
[[34m2025-08-14 11:12:45[0m] (step=0330300) Train Loss: 0.0877, Train Steps/Sec: 3.23, Samples/Sec: 51.71
[[34m2025-08-14 11:13:17[0m] (step=0330400) Train Loss: 0.0872, Train Steps/Sec: 3.11, Samples/Sec: 49.70
[[34m2025-08-14 11:13:50[0m] (step=0330500) Train Loss: 0.0857, Train Steps/Sec: 3.10, Samples/Sec: 49.66
[[34m2025-08-14 11:14:22[0m] (step=0330600) Train Loss: 0.0767, Train Steps/Sec: 3.13, Samples/Sec: 50.10
[[34m2025-08-14 11:14:55[0m] (step=0330700) Train Loss: 0.0910, Train Steps/Sec: 3.03, Samples/Sec: 48.49
[[34m2025-08-14 11:15:27[0m] (step=0330800) Train Loss: 0.0805, Train Steps/Sec: 3.12, Samples/Sec: 49.90
[[34m2025-08-14 11:15:58[0m] (step=0330900) Train Loss: 0.0829, Train Steps/Sec: 3.15, Samples/Sec: 50.33
[[34m2025-08-14 11:16:30[0m] (step=0331000) Train Loss: 0.0814, Train Steps/Sec: 3.14, Samples/Sec: 50.20
[[34m2025-08-14 11:17:02[0m] (step=0331100) Train Loss: 0.0863, Train Steps/Sec: 3.18, Samples/Sec: 50.84
[[34m2025-08-14 11:17:33[0m] (step=0331200) Train Loss: 0.0812, Train Steps/Sec: 3.15, Samples/Sec: 50.43
[[34m2025-08-14 11:18:05[0m] (step=0331300) Train Loss: 0.0878, Train Steps/Sec: 3.17, Samples/Sec: 50.76
[[34m2025-08-14 11:18:36[0m] (step=0331400) Train Loss: 0.0838, Train Steps/Sec: 3.22, Samples/Sec: 51.50
[[34m2025-08-14 11:19:08[0m] (step=0331500) Train Loss: 0.0908, Train Steps/Sec: 3.17, Samples/Sec: 50.76
[[34m2025-08-14 11:19:39[0m] (step=0331600) Train Loss: 0.0872, Train Steps/Sec: 3.20, Samples/Sec: 51.16
[[34m2025-08-14 11:20:11[0m] (step=0331700) Train Loss: 0.0769, Train Steps/Sec: 3.09, Samples/Sec: 49.44
[[34m2025-08-14 11:20:42[0m] (step=0331800) Train Loss: 0.0830, Train Steps/Sec: 3.21, Samples/Sec: 51.32
[[34m2025-08-14 11:21:14[0m] (step=0331900) Train Loss: 0.0946, Train Steps/Sec: 3.15, Samples/Sec: 50.42
[[34m2025-08-14 11:21:45[0m] (step=0332000) Train Loss: 0.0900, Train Steps/Sec: 3.21, Samples/Sec: 51.42
[[34m2025-08-14 11:22:17[0m] (step=0332100) Train Loss: 0.0853, Train Steps/Sec: 3.18, Samples/Sec: 50.84
[[34m2025-08-14 11:22:49[0m] (step=0332200) Train Loss: 0.0832, Train Steps/Sec: 3.13, Samples/Sec: 50.06
[[34m2025-08-14 11:23:21[0m] (step=0332300) Train Loss: 0.0883, Train Steps/Sec: 3.09, Samples/Sec: 49.44
[[34m2025-08-14 11:23:52[0m] (step=0332400) Train Loss: 0.0865, Train Steps/Sec: 3.24, Samples/Sec: 51.84
[[34m2025-08-14 11:24:24[0m] (step=0332500) Train Loss: 0.0876, Train Steps/Sec: 3.09, Samples/Sec: 49.47
[[34m2025-08-14 11:24:55[0m] (step=0332600) Train Loss: 0.0904, Train Steps/Sec: 3.21, Samples/Sec: 51.37
[[34m2025-08-14 11:25:27[0m] (step=0332700) Train Loss: 0.0933, Train Steps/Sec: 3.20, Samples/Sec: 51.26
[[34m2025-08-14 11:25:59[0m] (step=0332800) Train Loss: 0.0858, Train Steps/Sec: 3.08, Samples/Sec: 49.24
[[34m2025-08-14 11:26:31[0m] (step=0332900) Train Loss: 0.0827, Train Steps/Sec: 3.14, Samples/Sec: 50.19
[[34m2025-08-14 11:27:03[0m] (step=0333000) Train Loss: 0.0899, Train Steps/Sec: 3.12, Samples/Sec: 49.88
[[34m2025-08-14 11:27:34[0m] (step=0333100) Train Loss: 0.0914, Train Steps/Sec: 3.24, Samples/Sec: 51.81
[[34m2025-08-14 11:28:05[0m] (step=0333200) Train Loss: 0.0862, Train Steps/Sec: 3.21, Samples/Sec: 51.32
[[34m2025-08-14 11:28:36[0m] (step=0333300) Train Loss: 0.0846, Train Steps/Sec: 3.21, Samples/Sec: 51.31
[[34m2025-08-14 11:29:07[0m] (step=0333400) Train Loss: 0.0906, Train Steps/Sec: 3.23, Samples/Sec: 51.75
[[34m2025-08-14 11:29:39[0m] (step=0333500) Train Loss: 0.0917, Train Steps/Sec: 3.14, Samples/Sec: 50.32
[[34m2025-08-14 11:30:12[0m] (step=0333600) Train Loss: 0.0855, Train Steps/Sec: 3.06, Samples/Sec: 48.92
[[34m2025-08-14 11:30:42[0m] (step=0333700) Train Loss: 0.0802, Train Steps/Sec: 3.30, Samples/Sec: 52.75
[[34m2025-08-14 11:31:14[0m] (step=0333800) Train Loss: 0.0825, Train Steps/Sec: 3.12, Samples/Sec: 49.98
[[34m2025-08-14 11:31:45[0m] (step=0333900) Train Loss: 0.0839, Train Steps/Sec: 3.22, Samples/Sec: 51.49
[[34m2025-08-14 11:32:16[0m] (step=0334000) Train Loss: 0.0923, Train Steps/Sec: 3.24, Samples/Sec: 51.86
[[34m2025-08-14 11:32:48[0m] (step=0334100) Train Loss: 0.0847, Train Steps/Sec: 3.18, Samples/Sec: 50.88
[[34m2025-08-14 11:33:17[0m] (step=0334200) Train Loss: 0.0813, Train Steps/Sec: 3.36, Samples/Sec: 53.80
[[34m2025-08-14 11:33:48[0m] (step=0334300) Train Loss: 0.0912, Train Steps/Sec: 3.23, Samples/Sec: 51.60
[[34m2025-08-14 11:34:20[0m] (step=0334400) Train Loss: 0.0810, Train Steps/Sec: 3.13, Samples/Sec: 50.03
[[34m2025-08-14 11:34:51[0m] (step=0334500) Train Loss: 0.0862, Train Steps/Sec: 3.25, Samples/Sec: 51.93
[[34m2025-08-14 11:35:22[0m] (step=0334600) Train Loss: 0.0876, Train Steps/Sec: 3.23, Samples/Sec: 51.68
[[34m2025-08-14 11:35:53[0m] (step=0334700) Train Loss: 0.0853, Train Steps/Sec: 3.20, Samples/Sec: 51.27
[[34m2025-08-14 11:36:24[0m] (step=0334800) Train Loss: 0.0885, Train Steps/Sec: 3.23, Samples/Sec: 51.67
[[34m2025-08-14 11:36:55[0m] (step=0334900) Train Loss: 0.0867, Train Steps/Sec: 3.26, Samples/Sec: 52.17
[[34m2025-08-14 11:37:26[0m] (step=0335000) Train Loss: 0.0852, Train Steps/Sec: 3.18, Samples/Sec: 50.88
[[34m2025-08-14 11:37:57[0m] (step=0335100) Train Loss: 0.0977, Train Steps/Sec: 3.25, Samples/Sec: 52.02
[[34m2025-08-14 11:38:30[0m] (step=0335200) Train Loss: 0.0889, Train Steps/Sec: 3.10, Samples/Sec: 49.57
[[34m2025-08-14 11:39:00[0m] (step=0335300) Train Loss: 0.0847, Train Steps/Sec: 3.24, Samples/Sec: 51.87
[[34m2025-08-14 11:39:32[0m] (step=0335400) Train Loss: 0.0894, Train Steps/Sec: 3.18, Samples/Sec: 50.92
[[34m2025-08-14 11:40:04[0m] (step=0335500) Train Loss: 0.0853, Train Steps/Sec: 3.12, Samples/Sec: 49.91
[[34m2025-08-14 11:40:35[0m] (step=0335600) Train Loss: 0.0830, Train Steps/Sec: 3.18, Samples/Sec: 50.94
[[34m2025-08-14 11:41:06[0m] (step=0335700) Train Loss: 0.0909, Train Steps/Sec: 3.23, Samples/Sec: 51.62
[[34m2025-08-14 11:41:37[0m] (step=0335800) Train Loss: 0.0914, Train Steps/Sec: 3.25, Samples/Sec: 52.04
[[34m2025-08-14 11:42:08[0m] (step=0335900) Train Loss: 0.0862, Train Steps/Sec: 3.24, Samples/Sec: 51.83
[[34m2025-08-14 11:42:39[0m] (step=0336000) Train Loss: 0.0876, Train Steps/Sec: 3.26, Samples/Sec: 52.24
[[34m2025-08-14 11:43:10[0m] (step=0336100) Train Loss: 0.0849, Train Steps/Sec: 3.21, Samples/Sec: 51.33
[[34m2025-08-14 11:43:41[0m] (step=0336200) Train Loss: 0.0805, Train Steps/Sec: 3.24, Samples/Sec: 51.80
[[34m2025-08-14 11:44:13[0m] (step=0336300) Train Loss: 0.0863, Train Steps/Sec: 3.12, Samples/Sec: 49.86
[[34m2025-08-14 11:44:44[0m] (step=0336400) Train Loss: 0.0885, Train Steps/Sec: 3.18, Samples/Sec: 50.92
[[34m2025-08-14 11:45:15[0m] (step=0336500) Train Loss: 0.0860, Train Steps/Sec: 3.26, Samples/Sec: 52.14
[[34m2025-08-14 11:45:46[0m] (step=0336600) Train Loss: 0.0830, Train Steps/Sec: 3.26, Samples/Sec: 52.18
[[34m2025-08-14 11:46:17[0m] (step=0336700) Train Loss: 0.0835, Train Steps/Sec: 3.22, Samples/Sec: 51.57
[[34m2025-08-14 11:46:51[0m] (step=0336800) Train Loss: 0.0910, Train Steps/Sec: 2.89, Samples/Sec: 46.22
[[34m2025-08-14 11:47:23[0m] (step=0336900) Train Loss: 0.0868, Train Steps/Sec: 3.19, Samples/Sec: 50.98
[[34m2025-08-14 11:47:55[0m] (step=0337000) Train Loss: 0.0772, Train Steps/Sec: 3.13, Samples/Sec: 50.14
[[34m2025-08-14 11:48:25[0m] (step=0337100) Train Loss: 0.0786, Train Steps/Sec: 3.30, Samples/Sec: 52.78
[[34m2025-08-14 11:48:56[0m] (step=0337200) Train Loss: 0.0904, Train Steps/Sec: 3.16, Samples/Sec: 50.62
[[34m2025-08-14 11:49:32[0m] (step=0337300) Train Loss: 0.0867, Train Steps/Sec: 2.83, Samples/Sec: 45.27
[[34m2025-08-14 11:50:02[0m] (step=0337400) Train Loss: 0.0821, Train Steps/Sec: 3.28, Samples/Sec: 52.45
[[34m2025-08-14 11:50:34[0m] (step=0337500) Train Loss: 0.0861, Train Steps/Sec: 3.20, Samples/Sec: 51.12
[[34m2025-08-14 11:51:05[0m] (step=0337600) Train Loss: 0.0865, Train Steps/Sec: 3.20, Samples/Sec: 51.15
[[34m2025-08-14 11:51:36[0m] (step=0337700) Train Loss: 0.0903, Train Steps/Sec: 3.27, Samples/Sec: 52.27
[[34m2025-08-14 11:52:07[0m] (step=0337800) Train Loss: 0.0827, Train Steps/Sec: 3.23, Samples/Sec: 51.68
[[34m2025-08-14 11:52:12[0m] Beginning epoch 4...
[[34m2025-08-14 11:52:40[0m] (step=0337900) Train Loss: 0.0840, Train Steps/Sec: 3.01, Samples/Sec: 48.10
[[34m2025-08-14 11:53:12[0m] (step=0338000) Train Loss: 0.0896, Train Steps/Sec: 3.10, Samples/Sec: 49.68
[[34m2025-08-14 11:53:43[0m] (step=0338100) Train Loss: 0.0923, Train Steps/Sec: 3.20, Samples/Sec: 51.28
[[34m2025-08-14 11:54:14[0m] (step=0338200) Train Loss: 0.0826, Train Steps/Sec: 3.23, Samples/Sec: 51.62
[[34m2025-08-14 11:54:46[0m] (step=0338300) Train Loss: 0.0899, Train Steps/Sec: 3.19, Samples/Sec: 51.10
[[34m2025-08-14 11:55:17[0m] (step=0338400) Train Loss: 0.0811, Train Steps/Sec: 3.22, Samples/Sec: 51.57
[[34m2025-08-14 11:55:48[0m] (step=0338500) Train Loss: 0.0875, Train Steps/Sec: 3.18, Samples/Sec: 50.83
[[34m2025-08-14 11:56:19[0m] (step=0338600) Train Loss: 0.0878, Train Steps/Sec: 3.21, Samples/Sec: 51.35
[[34m2025-08-14 11:56:50[0m] (step=0338700) Train Loss: 0.0923, Train Steps/Sec: 3.24, Samples/Sec: 51.84
[[34m2025-08-14 11:57:21[0m] (step=0338800) Train Loss: 0.0857, Train Steps/Sec: 3.19, Samples/Sec: 51.06
[[34m2025-08-14 11:57:52[0m] (step=0338900) Train Loss: 0.0869, Train Steps/Sec: 3.24, Samples/Sec: 51.85
[[34m2025-08-14 11:58:24[0m] (step=0339000) Train Loss: 0.0840, Train Steps/Sec: 3.13, Samples/Sec: 50.15
[[34m2025-08-14 11:58:56[0m] (step=0339100) Train Loss: 0.0855, Train Steps/Sec: 3.17, Samples/Sec: 50.74
[[34m2025-08-14 11:59:27[0m] (step=0339200) Train Loss: 0.0821, Train Steps/Sec: 3.21, Samples/Sec: 51.31
[[34m2025-08-14 11:59:58[0m] (step=0339300) Train Loss: 0.0824, Train Steps/Sec: 3.17, Samples/Sec: 50.78
[[34m2025-08-14 12:00:31[0m] (step=0339400) Train Loss: 0.0767, Train Steps/Sec: 3.08, Samples/Sec: 49.27
[[34m2025-08-14 12:01:03[0m] (step=0339500) Train Loss: 0.0856, Train Steps/Sec: 3.11, Samples/Sec: 49.80
[[34m2025-08-14 12:01:34[0m] (step=0339600) Train Loss: 0.0887, Train Steps/Sec: 3.20, Samples/Sec: 51.20
[[34m2025-08-14 12:02:06[0m] (step=0339700) Train Loss: 0.0904, Train Steps/Sec: 3.18, Samples/Sec: 50.81
[[34m2025-08-14 12:02:37[0m] (step=0339800) Train Loss: 0.0899, Train Steps/Sec: 3.22, Samples/Sec: 51.45
[[34m2025-08-14 12:03:08[0m] (step=0339900) Train Loss: 0.0868, Train Steps/Sec: 3.20, Samples/Sec: 51.13
[[34m2025-08-14 12:03:39[0m] (step=0340000) Train Loss: 0.0892, Train Steps/Sec: 3.21, Samples/Sec: 51.35
Using cache found in ./models/facebookresearch_dino_main
Using cache found in ./models/facebookresearch_dino_main
Using cache found in ./models/facebookresearch_dino_main
[[34m2025-08-14 12:03:57[0m] Saved checkpoint to logs/nwm_cdit_airvln_v6_1/checkpoints/latest.pth.tar
Using cache found in ./models/facebookresearch_dino_main
[[34m2025-08-14 12:04:00[0m] Already found a `peft_config` attribute in the model. This will lead to having multiple adapters in the model. Make sure to know what you are doing!
[[34m2025-08-14 12:05:25[0m] (step=0340000) Perceptual Loss: 0.2378, Eval Time: 88.61
[[34m2025-08-14 12:05:58[0m] (step=0340100) Train Loss: 0.0859, Train Steps/Sec: 0.72, Samples/Sec: 11.54
[[34m2025-08-14 12:06:33[0m] (step=0340200) Train Loss: 0.0869, Train Steps/Sec: 2.90, Samples/Sec: 46.44
[[34m2025-08-14 12:07:04[0m] (step=0340300) Train Loss: 0.0920, Train Steps/Sec: 3.14, Samples/Sec: 50.28
[[34m2025-08-14 12:07:36[0m] (step=0340400) Train Loss: 0.0924, Train Steps/Sec: 3.16, Samples/Sec: 50.51
[[34m2025-08-14 12:08:08[0m] (step=0340500) Train Loss: 0.0902, Train Steps/Sec: 3.15, Samples/Sec: 50.41
[[34m2025-08-14 12:08:40[0m] (step=0340600) Train Loss: 0.0832, Train Steps/Sec: 3.11, Samples/Sec: 49.69
[[34m2025-08-14 12:09:12[0m] (step=0340700) Train Loss: 0.0845, Train Steps/Sec: 3.12, Samples/Sec: 49.94
[[34m2025-08-14 12:09:43[0m] (step=0340800) Train Loss: 0.0838, Train Steps/Sec: 3.26, Samples/Sec: 52.09
[[34m2025-08-14 12:10:14[0m] (step=0340900) Train Loss: 0.0883, Train Steps/Sec: 3.19, Samples/Sec: 51.06
[[34m2025-08-14 12:10:46[0m] (step=0341000) Train Loss: 0.0840, Train Steps/Sec: 3.13, Samples/Sec: 50.12
[[34m2025-08-14 12:11:17[0m] (step=0341100) Train Loss: 0.0815, Train Steps/Sec: 3.23, Samples/Sec: 51.63
[[34m2025-08-14 12:11:47[0m] (step=0341200) Train Loss: 0.0979, Train Steps/Sec: 3.30, Samples/Sec: 52.75
[[34m2025-08-14 12:12:18[0m] (step=0341300) Train Loss: 0.0945, Train Steps/Sec: 3.22, Samples/Sec: 51.45
[[34m2025-08-14 12:12:50[0m] (step=0341400) Train Loss: 0.0878, Train Steps/Sec: 3.18, Samples/Sec: 50.88
[[34m2025-08-14 12:13:21[0m] (step=0341500) Train Loss: 0.0907, Train Steps/Sec: 3.20, Samples/Sec: 51.23
[[34m2025-08-14 12:13:53[0m] (step=0341600) Train Loss: 0.0959, Train Steps/Sec: 3.13, Samples/Sec: 50.04
[[34m2025-08-14 12:14:25[0m] (step=0341700) Train Loss: 0.0845, Train Steps/Sec: 3.15, Samples/Sec: 50.47
[[34m2025-08-14 12:14:56[0m] (step=0341800) Train Loss: 0.0930, Train Steps/Sec: 3.22, Samples/Sec: 51.51
[[34m2025-08-14 12:15:27[0m] (step=0341900) Train Loss: 0.0906, Train Steps/Sec: 3.23, Samples/Sec: 51.63
[[34m2025-08-14 12:15:58[0m] (step=0342000) Train Loss: 0.0830, Train Steps/Sec: 3.18, Samples/Sec: 50.95
[[34m2025-08-14 12:16:30[0m] (step=0342100) Train Loss: 0.0837, Train Steps/Sec: 3.15, Samples/Sec: 50.43
[[34m2025-08-14 12:17:02[0m] (step=0342200) Train Loss: 0.0961, Train Steps/Sec: 3.14, Samples/Sec: 50.29
[[34m2025-08-14 12:17:33[0m] (step=0342300) Train Loss: 0.0814, Train Steps/Sec: 3.25, Samples/Sec: 51.97
[[34m2025-08-14 12:18:04[0m] (step=0342400) Train Loss: 0.0872, Train Steps/Sec: 3.18, Samples/Sec: 50.94
[[34m2025-08-14 12:18:35[0m] (step=0342500) Train Loss: 0.0808, Train Steps/Sec: 3.22, Samples/Sec: 51.53
[[34m2025-08-14 12:19:07[0m] (step=0342600) Train Loss: 0.0856, Train Steps/Sec: 3.17, Samples/Sec: 50.69
[[34m2025-08-14 12:19:41[0m] (step=0342700) Train Loss: 0.0941, Train Steps/Sec: 2.96, Samples/Sec: 47.34
[[34m2025-08-14 12:20:12[0m] (step=0342800) Train Loss: 0.0731, Train Steps/Sec: 3.15, Samples/Sec: 50.34
[[34m2025-08-14 12:20:44[0m] (step=0342900) Train Loss: 0.1000, Train Steps/Sec: 3.21, Samples/Sec: 51.42
[[34m2025-08-14 12:21:16[0m] (step=0343000) Train Loss: 0.0865, Train Steps/Sec: 3.10, Samples/Sec: 49.62
[[34m2025-08-14 12:21:48[0m] (step=0343100) Train Loss: 0.0794, Train Steps/Sec: 3.10, Samples/Sec: 49.67
[[34m2025-08-14 12:22:21[0m] (step=0343200) Train Loss: 0.0859, Train Steps/Sec: 3.00, Samples/Sec: 48.00
[[34m2025-08-14 12:22:52[0m] (step=0343300) Train Loss: 0.1005, Train Steps/Sec: 3.29, Samples/Sec: 52.68
[[34m2025-08-14 12:23:23[0m] (step=0343400) Train Loss: 0.0868, Train Steps/Sec: 3.20, Samples/Sec: 51.23
[[34m2025-08-14 12:23:53[0m] (step=0343500) Train Loss: 0.0840, Train Steps/Sec: 3.29, Samples/Sec: 52.64
[[34m2025-08-14 12:24:24[0m] (step=0343600) Train Loss: 0.0764, Train Steps/Sec: 3.25, Samples/Sec: 51.98
[[34m2025-08-14 12:24:55[0m] (step=0343700) Train Loss: 0.0856, Train Steps/Sec: 3.21, Samples/Sec: 51.35
[[34m2025-08-14 12:25:27[0m] (step=0343800) Train Loss: 0.0880, Train Steps/Sec: 3.13, Samples/Sec: 50.02
[[34m2025-08-14 12:25:58[0m] (step=0343900) Train Loss: 0.0840, Train Steps/Sec: 3.26, Samples/Sec: 52.19
[[34m2025-08-14 12:26:29[0m] (step=0344000) Train Loss: 0.0910, Train Steps/Sec: 3.23, Samples/Sec: 51.62
[[34m2025-08-14 12:27:02[0m] (step=0344100) Train Loss: 0.0961, Train Steps/Sec: 3.03, Samples/Sec: 48.49
[[34m2025-08-14 12:27:33[0m] (step=0344200) Train Loss: 0.0893, Train Steps/Sec: 3.18, Samples/Sec: 50.94
[[34m2025-08-14 12:28:04[0m] (step=0344300) Train Loss: 0.0864, Train Steps/Sec: 3.22, Samples/Sec: 51.56
[[34m2025-08-14 12:28:35[0m] (step=0344400) Train Loss: 0.0830, Train Steps/Sec: 3.29, Samples/Sec: 52.57
[[34m2025-08-14 12:29:06[0m] (step=0344500) Train Loss: 0.0923, Train Steps/Sec: 3.26, Samples/Sec: 52.18
[[34m2025-08-14 12:29:37[0m] (step=0344600) Train Loss: 0.0909, Train Steps/Sec: 3.17, Samples/Sec: 50.68
[[34m2025-08-14 12:30:09[0m] (step=0344700) Train Loss: 0.0877, Train Steps/Sec: 3.18, Samples/Sec: 50.87
[[34m2025-08-14 12:30:40[0m] (step=0344800) Train Loss: 0.0833, Train Steps/Sec: 3.21, Samples/Sec: 51.29
[[34m2025-08-14 12:31:12[0m] (step=0344900) Train Loss: 0.0845, Train Steps/Sec: 3.08, Samples/Sec: 49.20
[[34m2025-08-14 12:31:43[0m] (step=0345000) Train Loss: 0.0833, Train Steps/Sec: 3.23, Samples/Sec: 51.70
[[34m2025-08-14 12:32:15[0m] (step=0345100) Train Loss: 0.0913, Train Steps/Sec: 3.17, Samples/Sec: 50.73
[[34m2025-08-14 12:32:46[0m] (step=0345200) Train Loss: 0.0725, Train Steps/Sec: 3.18, Samples/Sec: 50.82
[[34m2025-08-14 12:33:17[0m] (step=0345300) Train Loss: 0.0908, Train Steps/Sec: 3.22, Samples/Sec: 51.53
[[34m2025-08-14 12:33:49[0m] (step=0345400) Train Loss: 0.0903, Train Steps/Sec: 3.18, Samples/Sec: 50.93
[[34m2025-08-14 12:34:22[0m] (step=0345500) Train Loss: 0.0925, Train Steps/Sec: 3.04, Samples/Sec: 48.60
[[34m2025-08-14 12:34:55[0m] (step=0345600) Train Loss: 0.0863, Train Steps/Sec: 3.03, Samples/Sec: 48.42
[[34m2025-08-14 12:35:26[0m] (step=0345700) Train Loss: 0.0941, Train Steps/Sec: 3.25, Samples/Sec: 52.06
[[34m2025-08-14 12:35:57[0m] (step=0345800) Train Loss: 0.0842, Train Steps/Sec: 3.20, Samples/Sec: 51.15
[[34m2025-08-14 12:36:29[0m] (step=0345900) Train Loss: 0.0850, Train Steps/Sec: 3.12, Samples/Sec: 49.99
[[34m2025-08-14 12:37:00[0m] (step=0346000) Train Loss: 0.0834, Train Steps/Sec: 3.18, Samples/Sec: 50.85
[[34m2025-08-14 12:37:31[0m] (step=0346100) Train Loss: 0.0880, Train Steps/Sec: 3.30, Samples/Sec: 52.81
[[34m2025-08-14 12:38:02[0m] (step=0346200) Train Loss: 0.0798, Train Steps/Sec: 3.14, Samples/Sec: 50.21
[[34m2025-08-14 12:38:33[0m] (step=0346300) Train Loss: 0.0874, Train Steps/Sec: 3.26, Samples/Sec: 52.23
[[34m2025-08-14 12:39:04[0m] (step=0346400) Train Loss: 0.0826, Train Steps/Sec: 3.22, Samples/Sec: 51.46
[[34m2025-08-14 12:39:36[0m] (step=0346500) Train Loss: 0.0813, Train Steps/Sec: 3.19, Samples/Sec: 51.01
[[34m2025-08-14 12:40:06[0m] (step=0346600) Train Loss: 0.0919, Train Steps/Sec: 3.27, Samples/Sec: 52.33
[[34m2025-08-14 12:40:38[0m] (step=0346700) Train Loss: 0.0902, Train Steps/Sec: 3.11, Samples/Sec: 49.75
[[34m2025-08-14 12:41:11[0m] (step=0346800) Train Loss: 0.0900, Train Steps/Sec: 3.03, Samples/Sec: 48.46
[[34m2025-08-14 12:41:43[0m] (step=0346900) Train Loss: 0.0822, Train Steps/Sec: 3.21, Samples/Sec: 51.35
[[34m2025-08-14 12:42:13[0m] (step=0347000) Train Loss: 0.0804, Train Steps/Sec: 3.26, Samples/Sec: 52.14
[[34m2025-08-14 12:42:44[0m] (step=0347100) Train Loss: 0.0980, Train Steps/Sec: 3.25, Samples/Sec: 52.04
[[34m2025-08-14 12:43:15[0m] (step=0347200) Train Loss: 0.0813, Train Steps/Sec: 3.24, Samples/Sec: 51.77
[[34m2025-08-14 12:43:46[0m] (step=0347300) Train Loss: 0.0852, Train Steps/Sec: 3.23, Samples/Sec: 51.66
[[34m2025-08-14 12:44:19[0m] (step=0347400) Train Loss: 0.0919, Train Steps/Sec: 3.04, Samples/Sec: 48.59
[[34m2025-08-14 12:44:49[0m] (step=0347500) Train Loss: 0.0800, Train Steps/Sec: 3.26, Samples/Sec: 52.15
[[34m2025-08-14 12:45:21[0m] (step=0347600) Train Loss: 0.0839, Train Steps/Sec: 3.18, Samples/Sec: 50.84
[[34m2025-08-14 12:45:53[0m] (step=0347700) Train Loss: 0.0829, Train Steps/Sec: 3.09, Samples/Sec: 49.38
[[34m2025-08-14 12:46:25[0m] (step=0347800) Train Loss: 0.0898, Train Steps/Sec: 3.21, Samples/Sec: 51.33
[[34m2025-08-14 12:46:55[0m] (step=0347900) Train Loss: 0.0949, Train Steps/Sec: 3.27, Samples/Sec: 52.28
[[34m2025-08-14 12:47:27[0m] (step=0348000) Train Loss: 0.0833, Train Steps/Sec: 3.18, Samples/Sec: 50.95
[[34m2025-08-14 12:47:58[0m] (step=0348100) Train Loss: 0.0870, Train Steps/Sec: 3.22, Samples/Sec: 51.51
[[34m2025-08-14 12:48:29[0m] (step=0348200) Train Loss: 0.0838, Train Steps/Sec: 3.21, Samples/Sec: 51.29
[[34m2025-08-14 12:49:00[0m] (step=0348300) Train Loss: 0.0812, Train Steps/Sec: 3.26, Samples/Sec: 52.16
[[34m2025-08-14 12:49:31[0m] (step=0348400) Train Loss: 0.0933, Train Steps/Sec: 3.23, Samples/Sec: 51.60
[[34m2025-08-14 12:50:02[0m] (step=0348500) Train Loss: 0.0824, Train Steps/Sec: 3.17, Samples/Sec: 50.69
[[34m2025-08-14 12:50:34[0m] (step=0348600) Train Loss: 0.0889, Train Steps/Sec: 3.18, Samples/Sec: 50.84
[[34m2025-08-14 12:51:06[0m] (step=0348700) Train Loss: 0.0862, Train Steps/Sec: 3.12, Samples/Sec: 50.00
[[34m2025-08-14 12:51:37[0m] (step=0348800) Train Loss: 0.0883, Train Steps/Sec: 3.21, Samples/Sec: 51.43
[[34m2025-08-14 12:52:07[0m] (step=0348900) Train Loss: 0.0823, Train Steps/Sec: 3.30, Samples/Sec: 52.82
[[34m2025-08-14 12:52:39[0m] (step=0349000) Train Loss: 0.0881, Train Steps/Sec: 3.16, Samples/Sec: 50.63
[[34m2025-08-14 12:53:10[0m] (step=0349100) Train Loss: 0.0903, Train Steps/Sec: 3.16, Samples/Sec: 50.58
[[34m2025-08-14 12:53:41[0m] (step=0349200) Train Loss: 0.0864, Train Steps/Sec: 3.21, Samples/Sec: 51.40
[[34m2025-08-14 12:54:12[0m] (step=0349300) Train Loss: 0.0722, Train Steps/Sec: 3.24, Samples/Sec: 51.88
[[34m2025-08-14 12:54:43[0m] (step=0349400) Train Loss: 0.0877, Train Steps/Sec: 3.21, Samples/Sec: 51.43
[[34m2025-08-14 12:55:14[0m] (step=0349500) Train Loss: 0.0828, Train Steps/Sec: 3.23, Samples/Sec: 51.64
[[34m2025-08-14 12:55:46[0m] (step=0349600) Train Loss: 0.0852, Train Steps/Sec: 3.21, Samples/Sec: 51.36
[[34m2025-08-14 12:56:17[0m] (step=0349700) Train Loss: 0.0888, Train Steps/Sec: 3.21, Samples/Sec: 51.36
[[34m2025-08-14 12:56:48[0m] (step=0349800) Train Loss: 0.0800, Train Steps/Sec: 3.19, Samples/Sec: 50.96
[[34m2025-08-14 12:57:20[0m] (step=0349900) Train Loss: 0.0876, Train Steps/Sec: 3.18, Samples/Sec: 50.89
[[34m2025-08-14 12:57:51[0m] (step=0350000) Train Loss: 0.0799, Train Steps/Sec: 3.19, Samples/Sec: 50.97
Using cache found in ./models/facebookresearch_dino_main
Using cache found in ./models/facebookresearch_dino_main
Using cache found in ./models/facebookresearch_dino_main
[[34m2025-08-14 12:58:13[0m] Saved checkpoint to logs/nwm_cdit_airvln_v6_1/checkpoints/latest.pth.tar
Using cache found in ./models/facebookresearch_dino_main
[[34m2025-08-14 12:58:19[0m] Already found a `peft_config` attribute in the model. This will lead to having multiple adapters in the model. Make sure to know what you are doing!
[[34m2025-08-14 12:59:45[0m] (step=0350000) Perceptual Loss: 0.2360, Eval Time: 91.53
[[34m2025-08-14 13:00:16[0m] (step=0350100) Train Loss: 0.0857, Train Steps/Sec: 0.69, Samples/Sec: 11.05
[[34m2025-08-14 13:00:47[0m] (step=0350200) Train Loss: 0.0893, Train Steps/Sec: 3.22, Samples/Sec: 51.47
[[34m2025-08-14 13:01:19[0m] (step=0350300) Train Loss: 0.0913, Train Steps/Sec: 3.11, Samples/Sec: 49.69
[[34m2025-08-14 13:01:50[0m] (step=0350400) Train Loss: 0.0938, Train Steps/Sec: 3.21, Samples/Sec: 51.38
[[34m2025-08-14 13:02:21[0m] (step=0350500) Train Loss: 0.0942, Train Steps/Sec: 3.22, Samples/Sec: 51.46
[[34m2025-08-14 13:02:53[0m] (step=0350600) Train Loss: 0.0900, Train Steps/Sec: 3.13, Samples/Sec: 50.12
[[34m2025-08-14 13:03:25[0m] (step=0350700) Train Loss: 0.0898, Train Steps/Sec: 3.11, Samples/Sec: 49.78
[[34m2025-08-14 13:03:57[0m] (step=0350800) Train Loss: 0.0834, Train Steps/Sec: 3.22, Samples/Sec: 51.49
[[34m2025-08-14 13:04:28[0m] (step=0350900) Train Loss: 0.0798, Train Steps/Sec: 3.21, Samples/Sec: 51.37
[[34m2025-08-14 13:04:58[0m] (step=0351000) Train Loss: 0.0934, Train Steps/Sec: 3.30, Samples/Sec: 52.85
[[34m2025-08-14 13:05:29[0m] (step=0351100) Train Loss: 0.0900, Train Steps/Sec: 3.22, Samples/Sec: 51.60
[[34m2025-08-14 13:06:01[0m] (step=0351200) Train Loss: 0.0909, Train Steps/Sec: 3.10, Samples/Sec: 49.63
[[34m2025-08-14 13:06:33[0m] (step=0351300) Train Loss: 0.0884, Train Steps/Sec: 3.13, Samples/Sec: 50.09
[[34m2025-08-14 13:07:06[0m] (step=0351400) Train Loss: 0.0860, Train Steps/Sec: 3.09, Samples/Sec: 49.39
[[34m2025-08-14 13:07:37[0m] (step=0351500) Train Loss: 0.0823, Train Steps/Sec: 3.21, Samples/Sec: 51.30
[[34m2025-08-14 13:08:07[0m] (step=0351600) Train Loss: 0.0841, Train Steps/Sec: 3.29, Samples/Sec: 52.60
[[34m2025-08-14 13:08:38[0m] (step=0351700) Train Loss: 0.0753, Train Steps/Sec: 3.29, Samples/Sec: 52.57
[[34m2025-08-14 13:09:10[0m] (step=0351800) Train Loss: 0.0844, Train Steps/Sec: 3.10, Samples/Sec: 49.53
[[34m2025-08-14 13:09:43[0m] (step=0351900) Train Loss: 0.0946, Train Steps/Sec: 2.98, Samples/Sec: 47.70
[[34m2025-08-14 13:10:15[0m] (step=0352000) Train Loss: 0.0832, Train Steps/Sec: 3.22, Samples/Sec: 51.49
[[34m2025-08-14 13:10:46[0m] (step=0352100) Train Loss: 0.0862, Train Steps/Sec: 3.16, Samples/Sec: 50.48
[[34m2025-08-14 13:11:18[0m] (step=0352200) Train Loss: 0.0788, Train Steps/Sec: 3.20, Samples/Sec: 51.21
[[34m2025-08-14 13:11:51[0m] (step=0352300) Train Loss: 0.0863, Train Steps/Sec: 3.01, Samples/Sec: 48.18
[[34m2025-08-14 13:12:23[0m] (step=0352400) Train Loss: 0.0813, Train Steps/Sec: 3.09, Samples/Sec: 49.50
[[34m2025-08-14 13:12:55[0m] (step=0352500) Train Loss: 0.0858, Train Steps/Sec: 3.15, Samples/Sec: 50.36
[[34m2025-08-14 13:13:26[0m] (step=0352600) Train Loss: 0.0828, Train Steps/Sec: 3.19, Samples/Sec: 51.08
[[34m2025-08-14 13:13:58[0m] (step=0352700) Train Loss: 0.0888, Train Steps/Sec: 3.13, Samples/Sec: 50.02
[[34m2025-08-14 13:14:29[0m] (step=0352800) Train Loss: 0.0742, Train Steps/Sec: 3.20, Samples/Sec: 51.27
[[34m2025-08-14 13:15:01[0m] (step=0352900) Train Loss: 0.0790, Train Steps/Sec: 3.19, Samples/Sec: 51.11
[[34m2025-08-14 13:15:32[0m] (step=0353000) Train Loss: 0.0913, Train Steps/Sec: 3.22, Samples/Sec: 51.47
[[34m2025-08-14 13:16:03[0m] (step=0353100) Train Loss: 0.0861, Train Steps/Sec: 3.24, Samples/Sec: 51.89
[[34m2025-08-14 13:16:36[0m] (step=0353200) Train Loss: 0.0891, Train Steps/Sec: 3.04, Samples/Sec: 48.69
[[34m2025-08-14 13:17:07[0m] (step=0353300) Train Loss: 0.0885, Train Steps/Sec: 3.22, Samples/Sec: 51.49
[[34m2025-08-14 13:17:38[0m] (step=0353400) Train Loss: 0.0886, Train Steps/Sec: 3.14, Samples/Sec: 50.26
[[34m2025-08-14 13:18:09[0m] (step=0353500) Train Loss: 0.0836, Train Steps/Sec: 3.29, Samples/Sec: 52.61
[[34m2025-08-14 13:18:40[0m] (step=0353600) Train Loss: 0.0895, Train Steps/Sec: 3.25, Samples/Sec: 52.01
[[34m2025-08-14 13:19:11[0m] (step=0353700) Train Loss: 0.0840, Train Steps/Sec: 3.15, Samples/Sec: 50.40
[[34m2025-08-14 13:19:44[0m] (step=0353800) Train Loss: 0.0790, Train Steps/Sec: 3.10, Samples/Sec: 49.58
[[34m2025-08-14 13:20:15[0m] (step=0353900) Train Loss: 0.0849, Train Steps/Sec: 3.18, Samples/Sec: 50.81
[[34m2025-08-14 13:20:47[0m] (step=0354000) Train Loss: 0.0880, Train Steps/Sec: 3.19, Samples/Sec: 50.96
[[34m2025-08-14 13:21:18[0m] (step=0354100) Train Loss: 0.0906, Train Steps/Sec: 3.21, Samples/Sec: 51.42
[[34m2025-08-14 13:21:49[0m] (step=0354200) Train Loss: 0.0896, Train Steps/Sec: 3.23, Samples/Sec: 51.72
[[34m2025-08-14 13:22:20[0m] (step=0354300) Train Loss: 0.0892, Train Steps/Sec: 3.16, Samples/Sec: 50.59
[[34m2025-08-14 13:22:51[0m] (step=0354400) Train Loss: 0.0808, Train Steps/Sec: 3.24, Samples/Sec: 51.91
[[34m2025-08-14 13:23:22[0m] (step=0354500) Train Loss: 0.0816, Train Steps/Sec: 3.21, Samples/Sec: 51.39
[[34m2025-08-14 13:23:54[0m] (step=0354600) Train Loss: 0.0902, Train Steps/Sec: 3.17, Samples/Sec: 50.70
[[34m2025-08-14 13:24:25[0m] (step=0354700) Train Loss: 0.0892, Train Steps/Sec: 3.20, Samples/Sec: 51.21
[[34m2025-08-14 13:24:56[0m] (step=0354800) Train Loss: 0.0952, Train Steps/Sec: 3.24, Samples/Sec: 51.87
[[34m2025-08-14 13:25:27[0m] (step=0354900) Train Loss: 0.0776, Train Steps/Sec: 3.21, Samples/Sec: 51.40
[[34m2025-08-14 13:25:58[0m] (step=0355000) Train Loss: 0.0845, Train Steps/Sec: 3.21, Samples/Sec: 51.42
[[34m2025-08-14 13:26:30[0m] (step=0355100) Train Loss: 0.0920, Train Steps/Sec: 3.19, Samples/Sec: 51.11
[[34m2025-08-14 13:27:01[0m] (step=0355200) Train Loss: 0.0863, Train Steps/Sec: 3.14, Samples/Sec: 50.26
[[34m2025-08-14 13:27:32[0m] (step=0355300) Train Loss: 0.0856, Train Steps/Sec: 3.23, Samples/Sec: 51.65
[[34m2025-08-14 13:28:03[0m] (step=0355400) Train Loss: 0.0931, Train Steps/Sec: 3.24, Samples/Sec: 51.83
[[34m2025-08-14 13:28:34[0m] (step=0355500) Train Loss: 0.0958, Train Steps/Sec: 3.20, Samples/Sec: 51.22
[[34m2025-08-14 13:29:06[0m] (step=0355600) Train Loss: 0.0802, Train Steps/Sec: 3.20, Samples/Sec: 51.27
[[34m2025-08-14 13:29:38[0m] (step=0355700) Train Loss: 0.0832, Train Steps/Sec: 3.11, Samples/Sec: 49.72
[[34m2025-08-14 13:30:09[0m] (step=0355800) Train Loss: 0.0871, Train Steps/Sec: 3.19, Samples/Sec: 51.07
[[34m2025-08-14 13:30:41[0m] (step=0355900) Train Loss: 0.0801, Train Steps/Sec: 3.11, Samples/Sec: 49.69
[[34m2025-08-14 13:31:13[0m] (step=0356000) Train Loss: 0.0878, Train Steps/Sec: 3.18, Samples/Sec: 50.83
[[34m2025-08-14 13:31:44[0m] (step=0356100) Train Loss: 0.0855, Train Steps/Sec: 3.17, Samples/Sec: 50.69
[[34m2025-08-14 13:32:16[0m] (step=0356200) Train Loss: 0.0803, Train Steps/Sec: 3.20, Samples/Sec: 51.21
[[34m2025-08-14 13:32:47[0m] (step=0356300) Train Loss: 0.0950, Train Steps/Sec: 3.24, Samples/Sec: 51.84
[[34m2025-08-14 13:33:17[0m] (step=0356400) Train Loss: 0.0833, Train Steps/Sec: 3.25, Samples/Sec: 52.01
[[34m2025-08-14 13:33:48[0m] (step=0356500) Train Loss: 0.0860, Train Steps/Sec: 3.24, Samples/Sec: 51.80
[[34m2025-08-14 13:34:19[0m] (step=0356600) Train Loss: 0.0860, Train Steps/Sec: 3.24, Samples/Sec: 51.84
[[34m2025-08-14 13:34:50[0m] (step=0356700) Train Loss: 0.0948, Train Steps/Sec: 3.23, Samples/Sec: 51.66
[[34m2025-08-14 13:35:22[0m] (step=0356800) Train Loss: 0.0821, Train Steps/Sec: 3.18, Samples/Sec: 50.82
[[34m2025-08-14 13:35:53[0m] (step=0356900) Train Loss: 0.0917, Train Steps/Sec: 3.22, Samples/Sec: 51.53
[[34m2025-08-14 13:36:23[0m] (step=0357000) Train Loss: 0.0793, Train Steps/Sec: 3.25, Samples/Sec: 51.97
[[34m2025-08-14 13:36:54[0m] (step=0357100) Train Loss: 0.0837, Train Steps/Sec: 3.25, Samples/Sec: 52.04
[[34m2025-08-14 13:37:25[0m] (step=0357200) Train Loss: 0.0912, Train Steps/Sec: 3.30, Samples/Sec: 52.74
[[34m2025-08-14 13:37:56[0m] (step=0357300) Train Loss: 0.0763, Train Steps/Sec: 3.16, Samples/Sec: 50.58
[[34m2025-08-14 13:38:28[0m] (step=0357400) Train Loss: 0.0787, Train Steps/Sec: 3.12, Samples/Sec: 49.95
[[34m2025-08-14 13:39:00[0m] (step=0357500) Train Loss: 0.1003, Train Steps/Sec: 3.15, Samples/Sec: 50.41
[[34m2025-08-14 13:39:31[0m] (step=0357600) Train Loss: 0.0866, Train Steps/Sec: 3.21, Samples/Sec: 51.42
[[34m2025-08-14 13:40:02[0m] (step=0357700) Train Loss: 0.0784, Train Steps/Sec: 3.21, Samples/Sec: 51.42
[[34m2025-08-14 13:40:33[0m] (step=0357800) Train Loss: 0.0950, Train Steps/Sec: 3.23, Samples/Sec: 51.64
[[34m2025-08-14 13:41:04[0m] (step=0357900) Train Loss: 0.0831, Train Steps/Sec: 3.25, Samples/Sec: 51.94
[[34m2025-08-14 13:41:36[0m] (step=0358000) Train Loss: 0.0832, Train Steps/Sec: 3.17, Samples/Sec: 50.65
[[34m2025-08-14 13:42:06[0m] (step=0358100) Train Loss: 0.0961, Train Steps/Sec: 3.27, Samples/Sec: 52.37
[[34m2025-08-14 13:42:37[0m] (step=0358200) Train Loss: 0.0886, Train Steps/Sec: 3.23, Samples/Sec: 51.75
[[34m2025-08-14 13:43:08[0m] (step=0358300) Train Loss: 0.0855, Train Steps/Sec: 3.29, Samples/Sec: 52.59
[[34m2025-08-14 13:43:39[0m] (step=0358400) Train Loss: 0.0933, Train Steps/Sec: 3.20, Samples/Sec: 51.20
[[34m2025-08-14 13:44:10[0m] (step=0358500) Train Loss: 0.0786, Train Steps/Sec: 3.24, Samples/Sec: 51.83
[[34m2025-08-14 13:44:41[0m] (step=0358600) Train Loss: 0.0908, Train Steps/Sec: 3.23, Samples/Sec: 51.67
[[34m2025-08-14 13:45:13[0m] (step=0358700) Train Loss: 0.0857, Train Steps/Sec: 3.06, Samples/Sec: 48.89
[[34m2025-08-14 13:45:44[0m] (step=0358800) Train Loss: 0.0875, Train Steps/Sec: 3.23, Samples/Sec: 51.61
[[34m2025-08-14 13:46:16[0m] (step=0358900) Train Loss: 0.0915, Train Steps/Sec: 3.20, Samples/Sec: 51.17
[[34m2025-08-14 13:46:47[0m] (step=0359000) Train Loss: 0.0840, Train Steps/Sec: 3.21, Samples/Sec: 51.35
[[34m2025-08-14 13:47:17[0m] (step=0359100) Train Loss: 0.0873, Train Steps/Sec: 3.28, Samples/Sec: 52.50
[[34m2025-08-14 13:47:49[0m] (step=0359200) Train Loss: 0.0853, Train Steps/Sec: 3.15, Samples/Sec: 50.39
[[34m2025-08-14 13:48:21[0m] (step=0359300) Train Loss: 0.0878, Train Steps/Sec: 3.15, Samples/Sec: 50.41
[[34m2025-08-14 13:48:51[0m] (step=0359400) Train Loss: 0.0826, Train Steps/Sec: 3.30, Samples/Sec: 52.78
[[34m2025-08-14 13:49:22[0m] (step=0359500) Train Loss: 0.0878, Train Steps/Sec: 3.20, Samples/Sec: 51.21
[[34m2025-08-14 13:49:53[0m] (step=0359600) Train Loss: 0.0993, Train Steps/Sec: 3.31, Samples/Sec: 53.01
[[34m2025-08-14 13:50:23[0m] (step=0359700) Train Loss: 0.0815, Train Steps/Sec: 3.26, Samples/Sec: 52.09
[[34m2025-08-14 13:50:56[0m] (step=0359800) Train Loss: 0.0861, Train Steps/Sec: 3.08, Samples/Sec: 49.30
[[34m2025-08-14 13:51:27[0m] (step=0359900) Train Loss: 0.0865, Train Steps/Sec: 3.22, Samples/Sec: 51.56
[[34m2025-08-14 13:51:58[0m] (step=0360000) Train Loss: 0.0899, Train Steps/Sec: 3.23, Samples/Sec: 51.75
Using cache found in ./models/facebookresearch_dino_main
Using cache found in ./models/facebookresearch_dino_main
Using cache found in ./models/facebookresearch_dino_main
[[34m2025-08-14 13:52:15[0m] Saved checkpoint to logs/nwm_cdit_airvln_v6_1/checkpoints/latest.pth.tar
Using cache found in ./models/facebookresearch_dino_main
[[34m2025-08-14 13:52:19[0m] Already found a `peft_config` attribute in the model. This will lead to having multiple adapters in the model. Make sure to know what you are doing!
[[34m2025-08-14 13:53:43[0m] (step=0360000) Perceptual Loss: 0.1399, Eval Time: 88.01
[[34m2025-08-14 13:54:14[0m] (step=0360100) Train Loss: 0.0753, Train Steps/Sec: 0.73, Samples/Sec: 11.74
[[34m2025-08-14 13:54:45[0m] (step=0360200) Train Loss: 0.0867, Train Steps/Sec: 3.24, Samples/Sec: 51.82
[[34m2025-08-14 13:55:15[0m] (step=0360300) Train Loss: 0.0895, Train Steps/Sec: 3.28, Samples/Sec: 52.43
[[34m2025-08-14 13:55:47[0m] (step=0360400) Train Loss: 0.0833, Train Steps/Sec: 3.19, Samples/Sec: 51.00
[[34m2025-08-14 13:56:19[0m] (step=0360500) Train Loss: 0.0905, Train Steps/Sec: 3.11, Samples/Sec: 49.72
[[34m2025-08-14 13:56:50[0m] (step=0360600) Train Loss: 0.0883, Train Steps/Sec: 3.26, Samples/Sec: 52.15
[[34m2025-08-14 13:57:20[0m] (step=0360700) Train Loss: 0.0863, Train Steps/Sec: 3.26, Samples/Sec: 52.16
[[34m2025-08-14 13:57:52[0m] (step=0360800) Train Loss: 0.0918, Train Steps/Sec: 3.19, Samples/Sec: 51.12
[[34m2025-08-14 13:58:23[0m] (step=0360900) Train Loss: 0.0803, Train Steps/Sec: 3.20, Samples/Sec: 51.26
[[34m2025-08-14 13:58:55[0m] (step=0361000) Train Loss: 0.0816, Train Steps/Sec: 3.16, Samples/Sec: 50.51
[[34m2025-08-14 13:59:27[0m] (step=0361100) Train Loss: 0.0918, Train Steps/Sec: 3.06, Samples/Sec: 49.03
[[34m2025-08-14 13:59:59[0m] (step=0361200) Train Loss: 0.0923, Train Steps/Sec: 3.14, Samples/Sec: 50.21
[[34m2025-08-14 14:00:31[0m] (step=0361300) Train Loss: 0.0804, Train Steps/Sec: 3.16, Samples/Sec: 50.58
[[34m2025-08-14 14:01:02[0m] (step=0361400) Train Loss: 0.0834, Train Steps/Sec: 3.17, Samples/Sec: 50.74
[[34m2025-08-14 14:01:34[0m] (step=0361500) Train Loss: 0.0856, Train Steps/Sec: 3.15, Samples/Sec: 50.35
[[34m2025-08-14 14:02:05[0m] (step=0361600) Train Loss: 0.0904, Train Steps/Sec: 3.24, Samples/Sec: 51.91
[[34m2025-08-14 14:02:37[0m] (step=0361700) Train Loss: 0.0904, Train Steps/Sec: 3.15, Samples/Sec: 50.37
[[34m2025-08-14 14:03:08[0m] (step=0361800) Train Loss: 0.0857, Train Steps/Sec: 3.23, Samples/Sec: 51.60
[[34m2025-08-14 14:03:39[0m] (step=0361900) Train Loss: 0.0899, Train Steps/Sec: 3.22, Samples/Sec: 51.55
[[34m2025-08-14 14:04:10[0m] (step=0362000) Train Loss: 0.0944, Train Steps/Sec: 3.16, Samples/Sec: 50.57
[[34m2025-08-14 14:04:42[0m] (step=0362100) Train Loss: 0.0825, Train Steps/Sec: 3.21, Samples/Sec: 51.31
[[34m2025-08-14 14:05:13[0m] (step=0362200) Train Loss: 0.0863, Train Steps/Sec: 3.19, Samples/Sec: 51.06
[[34m2025-08-14 14:05:44[0m] (step=0362300) Train Loss: 0.0789, Train Steps/Sec: 3.21, Samples/Sec: 51.41
[[34m2025-08-14 14:06:16[0m] (step=0362400) Train Loss: 0.0861, Train Steps/Sec: 3.16, Samples/Sec: 50.52
[[34m2025-08-14 14:06:47[0m] (step=0362500) Train Loss: 0.0834, Train Steps/Sec: 3.19, Samples/Sec: 51.08
[[34m2025-08-14 14:07:18[0m] (step=0362600) Train Loss: 0.0897, Train Steps/Sec: 3.19, Samples/Sec: 51.10
[[34m2025-08-14 14:07:49[0m] (step=0362700) Train Loss: 0.0835, Train Steps/Sec: 3.26, Samples/Sec: 52.17
[[34m2025-08-14 14:08:20[0m] (step=0362800) Train Loss: 0.0807, Train Steps/Sec: 3.21, Samples/Sec: 51.42
[[34m2025-08-14 14:08:51[0m] (step=0362900) Train Loss: 0.0835, Train Steps/Sec: 3.23, Samples/Sec: 51.72
[[34m2025-08-14 14:09:26[0m] (step=0363000) Train Loss: 0.0861, Train Steps/Sec: 2.88, Samples/Sec: 46.12
[[34m2025-08-14 14:09:58[0m] (step=0363100) Train Loss: 0.0872, Train Steps/Sec: 3.14, Samples/Sec: 50.25
[[34m2025-08-14 14:10:29[0m] (step=0363200) Train Loss: 0.0812, Train Steps/Sec: 3.24, Samples/Sec: 51.87
[[34m2025-08-14 14:10:59[0m] (step=0363300) Train Loss: 0.0861, Train Steps/Sec: 3.29, Samples/Sec: 52.62
[[34m2025-08-14 14:11:31[0m] (step=0363400) Train Loss: 0.0855, Train Steps/Sec: 3.09, Samples/Sec: 49.39
[[34m2025-08-14 14:12:03[0m] (step=0363500) Train Loss: 0.0863, Train Steps/Sec: 3.16, Samples/Sec: 50.60
[[34m2025-08-14 14:12:36[0m] (step=0363600) Train Loss: 0.0837, Train Steps/Sec: 3.04, Samples/Sec: 48.64
[[34m2025-08-14 14:13:07[0m] (step=0363700) Train Loss: 0.0806, Train Steps/Sec: 3.20, Samples/Sec: 51.14
[[34m2025-08-14 14:13:39[0m] (step=0363800) Train Loss: 0.0861, Train Steps/Sec: 3.16, Samples/Sec: 50.51
[[34m2025-08-14 14:14:09[0m] (step=0363900) Train Loss: 0.0866, Train Steps/Sec: 3.27, Samples/Sec: 52.36
[[34m2025-08-14 14:14:40[0m] (step=0364000) Train Loss: 0.0866, Train Steps/Sec: 3.25, Samples/Sec: 52.00
[[34m2025-08-14 14:15:11[0m] (step=0364100) Train Loss: 0.0926, Train Steps/Sec: 3.24, Samples/Sec: 51.82
[[34m2025-08-14 14:15:42[0m] (step=0364200) Train Loss: 0.0884, Train Steps/Sec: 3.26, Samples/Sec: 52.21
[[34m2025-08-14 14:16:14[0m] (step=0364300) Train Loss: 0.0917, Train Steps/Sec: 3.15, Samples/Sec: 50.33
[[34m2025-08-14 14:16:47[0m] (step=0364400) Train Loss: 0.0828, Train Steps/Sec: 3.03, Samples/Sec: 48.50
[[34m2025-08-14 14:17:18[0m] (step=0364500) Train Loss: 0.0938, Train Steps/Sec: 3.21, Samples/Sec: 51.43
[[34m2025-08-14 14:17:49[0m] (step=0364600) Train Loss: 0.0828, Train Steps/Sec: 3.21, Samples/Sec: 51.40
[[34m2025-08-14 14:18:21[0m] (step=0364700) Train Loss: 0.0846, Train Steps/Sec: 3.14, Samples/Sec: 50.30
[[34m2025-08-14 14:18:52[0m] (step=0364800) Train Loss: 0.0792, Train Steps/Sec: 3.22, Samples/Sec: 51.48
[[34m2025-08-14 14:19:23[0m] (step=0364900) Train Loss: 0.0837, Train Steps/Sec: 3.25, Samples/Sec: 52.03
[[34m2025-08-14 14:19:54[0m] (step=0365000) Train Loss: 0.0866, Train Steps/Sec: 3.22, Samples/Sec: 51.52
[[34m2025-08-14 14:20:25[0m] (step=0365100) Train Loss: 0.0865, Train Steps/Sec: 3.18, Samples/Sec: 50.93
[[34m2025-08-14 14:20:57[0m] (step=0365200) Train Loss: 0.0841, Train Steps/Sec: 3.10, Samples/Sec: 49.57
[[34m2025-08-14 14:21:28[0m] (step=0365300) Train Loss: 0.0880, Train Steps/Sec: 3.23, Samples/Sec: 51.60
[[34m2025-08-14 14:22:01[0m] (step=0365400) Train Loss: 0.0889, Train Steps/Sec: 3.07, Samples/Sec: 49.08
[[34m2025-08-14 14:22:32[0m] (step=0365500) Train Loss: 0.0963, Train Steps/Sec: 3.26, Samples/Sec: 52.19
[[34m2025-08-14 14:23:03[0m] (step=0365600) Train Loss: 0.0923, Train Steps/Sec: 3.16, Samples/Sec: 50.60
[[34m2025-08-14 14:23:34[0m] (step=0365700) Train Loss: 0.0850, Train Steps/Sec: 3.20, Samples/Sec: 51.21
[[34m2025-08-14 14:24:07[0m] (step=0365800) Train Loss: 0.0840, Train Steps/Sec: 3.11, Samples/Sec: 49.77
[[34m2025-08-14 14:24:38[0m] (step=0365900) Train Loss: 0.0842, Train Steps/Sec: 3.20, Samples/Sec: 51.13
[[34m2025-08-14 14:25:09[0m] (step=0366000) Train Loss: 0.0791, Train Steps/Sec: 3.20, Samples/Sec: 51.13
[[34m2025-08-14 14:25:42[0m] (step=0366100) Train Loss: 0.0918, Train Steps/Sec: 3.07, Samples/Sec: 49.16
[[34m2025-08-14 14:26:13[0m] (step=0366200) Train Loss: 0.0883, Train Steps/Sec: 3.26, Samples/Sec: 52.08
[[34m2025-08-14 14:26:44[0m] (step=0366300) Train Loss: 0.0761, Train Steps/Sec: 3.19, Samples/Sec: 51.06
[[34m2025-08-14 14:27:17[0m] (step=0366400) Train Loss: 0.0962, Train Steps/Sec: 3.01, Samples/Sec: 48.24
[[34m2025-08-14 14:27:49[0m] (step=0366500) Train Loss: 0.0938, Train Steps/Sec: 3.16, Samples/Sec: 50.61
[[34m2025-08-14 14:28:20[0m] (step=0366600) Train Loss: 0.0936, Train Steps/Sec: 3.23, Samples/Sec: 51.61
[[34m2025-08-14 14:28:52[0m] (step=0366700) Train Loss: 0.0815, Train Steps/Sec: 3.13, Samples/Sec: 50.05
[[34m2025-08-14 14:29:22[0m] (step=0366800) Train Loss: 0.0886, Train Steps/Sec: 3.28, Samples/Sec: 52.43
[[34m2025-08-14 14:29:53[0m] (step=0366900) Train Loss: 0.0911, Train Steps/Sec: 3.23, Samples/Sec: 51.67
[[34m2025-08-14 14:30:25[0m] (step=0367000) Train Loss: 0.0875, Train Steps/Sec: 3.11, Samples/Sec: 49.82
[[34m2025-08-14 14:30:57[0m] (step=0367100) Train Loss: 0.0932, Train Steps/Sec: 3.17, Samples/Sec: 50.68
[[34m2025-08-14 14:31:28[0m] (step=0367200) Train Loss: 0.0859, Train Steps/Sec: 3.19, Samples/Sec: 51.09
[[34m2025-08-14 14:32:00[0m] (step=0367300) Train Loss: 0.0847, Train Steps/Sec: 3.19, Samples/Sec: 51.01
[[34m2025-08-14 14:32:32[0m] (step=0367400) Train Loss: 0.0810, Train Steps/Sec: 3.05, Samples/Sec: 48.77
[[34m2025-08-14 14:33:03[0m] (step=0367500) Train Loss: 0.0965, Train Steps/Sec: 3.23, Samples/Sec: 51.74
[[34m2025-08-14 14:33:36[0m] (step=0367600) Train Loss: 0.1011, Train Steps/Sec: 3.09, Samples/Sec: 49.45
[[34m2025-08-14 14:34:07[0m] (step=0367700) Train Loss: 0.0832, Train Steps/Sec: 3.18, Samples/Sec: 50.91
[[34m2025-08-14 14:34:39[0m] (step=0367800) Train Loss: 0.0937, Train Steps/Sec: 3.16, Samples/Sec: 50.52
[[34m2025-08-14 14:35:10[0m] (step=0367900) Train Loss: 0.0829, Train Steps/Sec: 3.20, Samples/Sec: 51.13
[[34m2025-08-14 14:35:41[0m] (step=0368000) Train Loss: 0.0919, Train Steps/Sec: 3.23, Samples/Sec: 51.61
[[34m2025-08-14 14:36:13[0m] (step=0368100) Train Loss: 0.0850, Train Steps/Sec: 3.14, Samples/Sec: 50.31
[[34m2025-08-14 14:36:44[0m] (step=0368200) Train Loss: 0.0965, Train Steps/Sec: 3.18, Samples/Sec: 50.95
[[34m2025-08-14 14:37:16[0m] (step=0368300) Train Loss: 0.0916, Train Steps/Sec: 3.19, Samples/Sec: 51.00
[[34m2025-08-14 14:37:47[0m] (step=0368400) Train Loss: 0.0821, Train Steps/Sec: 3.18, Samples/Sec: 50.88
[[34m2025-08-14 14:38:19[0m] (step=0368500) Train Loss: 0.0888, Train Steps/Sec: 3.15, Samples/Sec: 50.44
[[34m2025-08-14 14:38:51[0m] (step=0368600) Train Loss: 0.0850, Train Steps/Sec: 3.14, Samples/Sec: 50.24
[[34m2025-08-14 14:39:22[0m] (step=0368700) Train Loss: 0.0902, Train Steps/Sec: 3.17, Samples/Sec: 50.67
[[34m2025-08-14 14:39:55[0m] (step=0368800) Train Loss: 0.0919, Train Steps/Sec: 3.08, Samples/Sec: 49.25
[[34m2025-08-14 14:40:27[0m] (step=0368900) Train Loss: 0.0868, Train Steps/Sec: 3.15, Samples/Sec: 50.36
[[34m2025-08-14 14:40:58[0m] (step=0369000) Train Loss: 0.0845, Train Steps/Sec: 3.21, Samples/Sec: 51.41
[[34m2025-08-14 14:41:29[0m] (step=0369100) Train Loss: 0.0836, Train Steps/Sec: 3.19, Samples/Sec: 51.05
[[34m2025-08-14 14:42:01[0m] (step=0369200) Train Loss: 0.0875, Train Steps/Sec: 3.14, Samples/Sec: 50.17
[[34m2025-08-14 14:42:33[0m] (step=0369300) Train Loss: 0.0924, Train Steps/Sec: 3.09, Samples/Sec: 49.49
[[34m2025-08-14 14:43:05[0m] (step=0369400) Train Loss: 0.0812, Train Steps/Sec: 3.17, Samples/Sec: 50.71
[[34m2025-08-14 14:43:36[0m] (step=0369500) Train Loss: 0.0844, Train Steps/Sec: 3.18, Samples/Sec: 50.89
[[34m2025-08-14 14:44:08[0m] (step=0369600) Train Loss: 0.0901, Train Steps/Sec: 3.17, Samples/Sec: 50.68
[[34m2025-08-14 14:44:39[0m] (step=0369700) Train Loss: 0.0928, Train Steps/Sec: 3.18, Samples/Sec: 50.81
[[34m2025-08-14 14:45:11[0m] (step=0369800) Train Loss: 0.0803, Train Steps/Sec: 3.17, Samples/Sec: 50.76
[[34m2025-08-14 14:45:43[0m] (step=0369900) Train Loss: 0.0814, Train Steps/Sec: 3.13, Samples/Sec: 50.03
[[34m2025-08-14 14:46:15[0m] (step=0370000) Train Loss: 0.0934, Train Steps/Sec: 3.08, Samples/Sec: 49.36
Using cache found in ./models/facebookresearch_dino_main
Using cache found in ./models/facebookresearch_dino_main
Using cache found in ./models/facebookresearch_dino_main
[[34m2025-08-14 14:46:37[0m] Saved checkpoint to logs/nwm_cdit_airvln_v6_1/checkpoints/latest.pth.tar
Using cache found in ./models/facebookresearch_dino_main
[[34m2025-08-14 14:46:43[0m] Already found a `peft_config` attribute in the model. This will lead to having multiple adapters in the model. Make sure to know what you are doing!
[[34m2025-08-14 14:48:08[0m] (step=0370000) Perceptual Loss: 0.2133, Eval Time: 90.83
[[34m2025-08-14 14:48:39[0m] (step=0370100) Train Loss: 0.0911, Train Steps/Sec: 0.70, Samples/Sec: 11.14
[[34m2025-08-14 14:49:10[0m] (step=0370200) Train Loss: 0.0895, Train Steps/Sec: 3.21, Samples/Sec: 51.41
[[34m2025-08-14 14:49:41[0m] (step=0370300) Train Loss: 0.0830, Train Steps/Sec: 3.25, Samples/Sec: 51.93
[[34m2025-08-14 14:50:12[0m] (step=0370400) Train Loss: 0.0848, Train Steps/Sec: 3.20, Samples/Sec: 51.21
[[34m2025-08-14 14:50:46[0m] (step=0370500) Train Loss: 0.0841, Train Steps/Sec: 3.00, Samples/Sec: 47.94
[[34m2025-08-14 14:51:17[0m] (step=0370600) Train Loss: 0.0862, Train Steps/Sec: 3.21, Samples/Sec: 51.34
[[34m2025-08-14 14:51:48[0m] (step=0370700) Train Loss: 0.0926, Train Steps/Sec: 3.20, Samples/Sec: 51.14
[[34m2025-08-14 14:52:19[0m] (step=0370800) Train Loss: 0.0941, Train Steps/Sec: 3.19, Samples/Sec: 51.10
[[34m2025-08-14 14:52:52[0m] (step=0370900) Train Loss: 0.0821, Train Steps/Sec: 3.08, Samples/Sec: 49.31
[[34m2025-08-14 14:53:26[0m] (step=0371000) Train Loss: 0.0947, Train Steps/Sec: 2.94, Samples/Sec: 47.04
[[34m2025-08-14 14:53:58[0m] (step=0371100) Train Loss: 0.0944, Train Steps/Sec: 3.13, Samples/Sec: 50.04
[[34m2025-08-14 14:54:29[0m] (step=0371200) Train Loss: 0.0887, Train Steps/Sec: 3.19, Samples/Sec: 50.99
[[34m2025-08-14 14:55:00[0m] (step=0371300) Train Loss: 0.0814, Train Steps/Sec: 3.26, Samples/Sec: 52.11
[[34m2025-08-14 14:55:32[0m] (step=0371400) Train Loss: 0.0905, Train Steps/Sec: 3.10, Samples/Sec: 49.66
[[34m2025-08-14 14:56:04[0m] (step=0371500) Train Loss: 0.0849, Train Steps/Sec: 3.16, Samples/Sec: 50.64
[[34m2025-08-14 14:56:37[0m] (step=0371600) Train Loss: 0.0880, Train Steps/Sec: 3.01, Samples/Sec: 48.08
[[34m2025-08-14 14:57:09[0m] (step=0371700) Train Loss: 0.0814, Train Steps/Sec: 3.18, Samples/Sec: 50.84
[[34m2025-08-14 14:57:41[0m] (step=0371800) Train Loss: 0.0807, Train Steps/Sec: 3.09, Samples/Sec: 49.39
[[34m2025-08-14 14:58:13[0m] (step=0371900) Train Loss: 0.0845, Train Steps/Sec: 3.09, Samples/Sec: 49.41
[[34m2025-08-14 14:58:45[0m] (step=0372000) Train Loss: 0.0889, Train Steps/Sec: 3.21, Samples/Sec: 51.33
[[34m2025-08-14 14:59:19[0m] (step=0372100) Train Loss: 0.0893, Train Steps/Sec: 2.87, Samples/Sec: 45.87
[[34m2025-08-14 14:59:54[0m] (step=0372200) Train Loss: 0.0859, Train Steps/Sec: 2.88, Samples/Sec: 46.08
[[34m2025-08-14 15:00:29[0m] (step=0372300) Train Loss: 0.0851, Train Steps/Sec: 2.86, Samples/Sec: 45.80
[[34m2025-08-14 15:01:02[0m] (step=0372400) Train Loss: 0.0747, Train Steps/Sec: 3.02, Samples/Sec: 48.33
[[34m2025-08-14 15:01:33[0m] (step=0372500) Train Loss: 0.0807, Train Steps/Sec: 3.24, Samples/Sec: 51.82
[[34m2025-08-14 15:02:07[0m] (step=0372600) Train Loss: 0.0825, Train Steps/Sec: 2.92, Samples/Sec: 46.73
[[34m2025-08-14 15:02:39[0m] (step=0372700) Train Loss: 0.0839, Train Steps/Sec: 3.20, Samples/Sec: 51.23
[[34m2025-08-14 15:03:10[0m] (step=0372800) Train Loss: 0.0828, Train Steps/Sec: 3.18, Samples/Sec: 50.83
[[34m2025-08-14 15:03:41[0m] (step=0372900) Train Loss: 0.0860, Train Steps/Sec: 3.21, Samples/Sec: 51.30
[[34m2025-08-14 15:04:13[0m] (step=0373000) Train Loss: 0.0902, Train Steps/Sec: 3.16, Samples/Sec: 50.64
[[34m2025-08-14 15:04:45[0m] (step=0373100) Train Loss: 0.0889, Train Steps/Sec: 3.09, Samples/Sec: 49.45
[[34m2025-08-14 15:05:18[0m] (step=0373200) Train Loss: 0.0932, Train Steps/Sec: 3.09, Samples/Sec: 49.45
[[34m2025-08-14 15:05:49[0m] (step=0373300) Train Loss: 0.0850, Train Steps/Sec: 3.15, Samples/Sec: 50.34
[[34m2025-08-14 15:06:21[0m] (step=0373400) Train Loss: 0.0885, Train Steps/Sec: 3.13, Samples/Sec: 50.07
[[34m2025-08-14 15:06:54[0m] (step=0373500) Train Loss: 0.0821, Train Steps/Sec: 3.06, Samples/Sec: 48.99
[[34m2025-08-14 15:07:29[0m] (step=0373600) Train Loss: 0.0791, Train Steps/Sec: 2.88, Samples/Sec: 46.16
[[34m2025-08-14 15:08:01[0m] (step=0373700) Train Loss: 0.0887, Train Steps/Sec: 3.14, Samples/Sec: 50.31
[[34m2025-08-14 15:08:33[0m] (step=0373800) Train Loss: 0.0874, Train Steps/Sec: 3.05, Samples/Sec: 48.85
[[34m2025-08-14 15:09:06[0m] (step=0373900) Train Loss: 0.0944, Train Steps/Sec: 3.03, Samples/Sec: 48.51
[[34m2025-08-14 15:09:40[0m] (step=0374000) Train Loss: 0.0817, Train Steps/Sec: 2.99, Samples/Sec: 47.90
[[34m2025-08-14 15:10:12[0m] (step=0374100) Train Loss: 0.0840, Train Steps/Sec: 3.07, Samples/Sec: 49.17
[[34m2025-08-14 15:10:45[0m] (step=0374200) Train Loss: 0.0836, Train Steps/Sec: 3.03, Samples/Sec: 48.44
[[34m2025-08-14 15:11:16[0m] (step=0374300) Train Loss: 0.0947, Train Steps/Sec: 3.22, Samples/Sec: 51.46
[[34m2025-08-14 15:11:48[0m] (step=0374400) Train Loss: 0.0968, Train Steps/Sec: 3.13, Samples/Sec: 50.08
[[34m2025-08-14 15:12:20[0m] (step=0374500) Train Loss: 0.0827, Train Steps/Sec: 3.17, Samples/Sec: 50.74
[[34m2025-08-14 15:12:51[0m] (step=0374600) Train Loss: 0.0822, Train Steps/Sec: 3.21, Samples/Sec: 51.40
[[34m2025-08-14 15:13:23[0m] (step=0374700) Train Loss: 0.0831, Train Steps/Sec: 3.15, Samples/Sec: 50.38
[[34m2025-08-14 15:13:54[0m] (step=0374800) Train Loss: 0.0882, Train Steps/Sec: 3.15, Samples/Sec: 50.47
[[34m2025-08-14 15:14:26[0m] (step=0374900) Train Loss: 0.0848, Train Steps/Sec: 3.14, Samples/Sec: 50.18
[[34m2025-08-14 15:15:00[0m] (step=0375000) Train Loss: 0.0874, Train Steps/Sec: 2.98, Samples/Sec: 47.72
[[34m2025-08-14 15:15:31[0m] (step=0375100) Train Loss: 0.0839, Train Steps/Sec: 3.26, Samples/Sec: 52.18
[[34m2025-08-14 15:16:02[0m] (step=0375200) Train Loss: 0.0923, Train Steps/Sec: 3.18, Samples/Sec: 50.89
[[34m2025-08-14 15:16:33[0m] (step=0375300) Train Loss: 0.0951, Train Steps/Sec: 3.20, Samples/Sec: 51.25
[[34m2025-08-14 15:17:04[0m] (step=0375400) Train Loss: 0.0892, Train Steps/Sec: 3.22, Samples/Sec: 51.48
[[34m2025-08-14 15:17:36[0m] (step=0375500) Train Loss: 0.0854, Train Steps/Sec: 3.19, Samples/Sec: 51.11
[[34m2025-08-14 15:18:08[0m] (step=0375600) Train Loss: 0.0884, Train Steps/Sec: 3.12, Samples/Sec: 49.97
[[34m2025-08-14 15:18:39[0m] (step=0375700) Train Loss: 0.0824, Train Steps/Sec: 3.24, Samples/Sec: 51.92
[[34m2025-08-14 15:19:10[0m] (step=0375800) Train Loss: 0.0905, Train Steps/Sec: 3.22, Samples/Sec: 51.53
[[34m2025-08-14 15:19:41[0m] (step=0375900) Train Loss: 0.0867, Train Steps/Sec: 3.17, Samples/Sec: 50.70
[[34m2025-08-14 15:20:13[0m] (step=0376000) Train Loss: 0.0869, Train Steps/Sec: 3.16, Samples/Sec: 50.52
[[34m2025-08-14 15:20:44[0m] (step=0376100) Train Loss: 0.0864, Train Steps/Sec: 3.16, Samples/Sec: 50.58
[[34m2025-08-14 15:21:17[0m] (step=0376200) Train Loss: 0.0765, Train Steps/Sec: 3.12, Samples/Sec: 49.89
[[34m2025-08-14 15:21:48[0m] (step=0376300) Train Loss: 0.0929, Train Steps/Sec: 3.19, Samples/Sec: 51.01
[[34m2025-08-14 15:22:22[0m] (step=0376400) Train Loss: 0.0906, Train Steps/Sec: 2.95, Samples/Sec: 47.20
[[34m2025-08-14 15:22:54[0m] (step=0376500) Train Loss: 0.0873, Train Steps/Sec: 3.08, Samples/Sec: 49.25
[[34m2025-08-14 15:23:25[0m] (step=0376600) Train Loss: 0.0899, Train Steps/Sec: 3.23, Samples/Sec: 51.67
[[34m2025-08-14 15:23:56[0m] (step=0376700) Train Loss: 0.0805, Train Steps/Sec: 3.23, Samples/Sec: 51.76
[[34m2025-08-14 15:24:28[0m] (step=0376800) Train Loss: 0.0846, Train Steps/Sec: 3.15, Samples/Sec: 50.34
[[34m2025-08-14 15:25:00[0m] (step=0376900) Train Loss: 0.0846, Train Steps/Sec: 3.14, Samples/Sec: 50.18
[[34m2025-08-14 15:25:32[0m] (step=0377000) Train Loss: 0.0777, Train Steps/Sec: 3.14, Samples/Sec: 50.18
[[34m2025-08-14 15:26:04[0m] (step=0377100) Train Loss: 0.0864, Train Steps/Sec: 3.15, Samples/Sec: 50.42
[[34m2025-08-14 15:26:35[0m] (step=0377200) Train Loss: 0.0765, Train Steps/Sec: 3.13, Samples/Sec: 50.14
[[34m2025-08-14 15:27:08[0m] (step=0377300) Train Loss: 0.0872, Train Steps/Sec: 3.05, Samples/Sec: 48.75
[[34m2025-08-14 15:27:40[0m] (step=0377400) Train Loss: 0.0850, Train Steps/Sec: 3.13, Samples/Sec: 50.08
[[34m2025-08-14 15:28:13[0m] (step=0377500) Train Loss: 0.0861, Train Steps/Sec: 3.07, Samples/Sec: 49.07
[[34m2025-08-14 15:28:44[0m] (step=0377600) Train Loss: 0.0844, Train Steps/Sec: 3.23, Samples/Sec: 51.65
[[34m2025-08-14 15:29:17[0m] (step=0377700) Train Loss: 0.0979, Train Steps/Sec: 3.04, Samples/Sec: 48.70
[[34m2025-08-14 15:29:50[0m] (step=0377800) Train Loss: 0.0886, Train Steps/Sec: 2.99, Samples/Sec: 47.87
[[34m2025-08-14 15:30:23[0m] (step=0377900) Train Loss: 0.0969, Train Steps/Sec: 3.07, Samples/Sec: 49.20
[[34m2025-08-14 15:30:54[0m] (step=0378000) Train Loss: 0.0912, Train Steps/Sec: 3.19, Samples/Sec: 51.03
[[34m2025-08-14 15:31:27[0m] (step=0378100) Train Loss: 0.0849, Train Steps/Sec: 3.01, Samples/Sec: 48.11
[[34m2025-08-14 15:31:59[0m] (step=0378200) Train Loss: 0.0831, Train Steps/Sec: 3.11, Samples/Sec: 49.72
[[34m2025-08-14 15:32:31[0m] (step=0378300) Train Loss: 0.0870, Train Steps/Sec: 3.16, Samples/Sec: 50.57
[[34m2025-08-14 15:33:03[0m] (step=0378400) Train Loss: 0.0875, Train Steps/Sec: 3.13, Samples/Sec: 50.08
[[34m2025-08-14 15:33:35[0m] (step=0378500) Train Loss: 0.0900, Train Steps/Sec: 3.15, Samples/Sec: 50.47
[[34m2025-08-14 15:34:08[0m] (step=0378600) Train Loss: 0.0850, Train Steps/Sec: 3.01, Samples/Sec: 48.21
[[34m2025-08-14 15:34:39[0m] (step=0378700) Train Loss: 0.0904, Train Steps/Sec: 3.20, Samples/Sec: 51.23
[[34m2025-08-14 15:35:12[0m] (step=0378800) Train Loss: 0.0853, Train Steps/Sec: 3.09, Samples/Sec: 49.49
[[34m2025-08-14 15:35:42[0m] (step=0378900) Train Loss: 0.0852, Train Steps/Sec: 3.24, Samples/Sec: 51.81
[[34m2025-08-14 15:36:13[0m] (step=0379000) Train Loss: 0.0783, Train Steps/Sec: 3.23, Samples/Sec: 51.63
[[34m2025-08-14 15:36:45[0m] (step=0379100) Train Loss: 0.0882, Train Steps/Sec: 3.19, Samples/Sec: 51.01
[[34m2025-08-14 15:37:17[0m] (step=0379200) Train Loss: 0.0917, Train Steps/Sec: 3.13, Samples/Sec: 50.05
[[34m2025-08-14 15:37:48[0m] (step=0379300) Train Loss: 0.0824, Train Steps/Sec: 3.24, Samples/Sec: 51.81
[[34m2025-08-14 15:38:19[0m] (step=0379400) Train Loss: 0.0898, Train Steps/Sec: 3.25, Samples/Sec: 51.96
[[34m2025-08-14 15:38:51[0m] (step=0379500) Train Loss: 0.0796, Train Steps/Sec: 3.06, Samples/Sec: 48.92
[[34m2025-08-14 15:39:22[0m] (step=0379600) Train Loss: 0.0889, Train Steps/Sec: 3.26, Samples/Sec: 52.18
[[34m2025-08-14 15:39:53[0m] (step=0379700) Train Loss: 0.0900, Train Steps/Sec: 3.24, Samples/Sec: 51.82
[[34m2025-08-14 15:40:25[0m] (step=0379800) Train Loss: 0.0892, Train Steps/Sec: 3.07, Samples/Sec: 49.05
[[34m2025-08-14 15:40:57[0m] (step=0379900) Train Loss: 0.0934, Train Steps/Sec: 3.15, Samples/Sec: 50.33
[[34m2025-08-14 15:41:29[0m] (step=0380000) Train Loss: 0.0872, Train Steps/Sec: 3.19, Samples/Sec: 51.09
Using cache found in ./models/facebookresearch_dino_main
Using cache found in ./models/facebookresearch_dino_main
Using cache found in ./models/facebookresearch_dino_main
[[34m2025-08-14 15:41:46[0m] Saved checkpoint to logs/nwm_cdit_airvln_v6_1/checkpoints/latest.pth.tar
Using cache found in ./models/facebookresearch_dino_main
[[34m2025-08-14 15:41:49[0m] Already found a `peft_config` attribute in the model. This will lead to having multiple adapters in the model. Make sure to know what you are doing!
[[34m2025-08-14 15:43:16[0m] (step=0380000) Perceptual Loss: 0.1722, Eval Time: 90.07
[[34m2025-08-14 15:43:49[0m] (step=0380100) Train Loss: 0.0862, Train Steps/Sec: 0.71, Samples/Sec: 11.39
[[34m2025-08-14 15:44:20[0m] (step=0380200) Train Loss: 0.0858, Train Steps/Sec: 3.24, Samples/Sec: 51.86
[[34m2025-08-14 15:44:52[0m] (step=0380300) Train Loss: 0.0895, Train Steps/Sec: 3.16, Samples/Sec: 50.54
[[34m2025-08-14 15:45:24[0m] (step=0380400) Train Loss: 0.0815, Train Steps/Sec: 3.11, Samples/Sec: 49.82
[[34m2025-08-14 15:45:55[0m] (step=0380500) Train Loss: 0.0818, Train Steps/Sec: 3.24, Samples/Sec: 51.84
[[34m2025-08-14 15:46:26[0m] (step=0380600) Train Loss: 0.0849, Train Steps/Sec: 3.20, Samples/Sec: 51.23
[[34m2025-08-14 15:47:00[0m] (step=0380700) Train Loss: 0.0907, Train Steps/Sec: 2.95, Samples/Sec: 47.27
[[34m2025-08-14 15:47:32[0m] (step=0380800) Train Loss: 0.0766, Train Steps/Sec: 3.09, Samples/Sec: 49.40
[[34m2025-08-14 15:48:04[0m] (step=0380900) Train Loss: 0.0867, Train Steps/Sec: 3.17, Samples/Sec: 50.77
[[34m2025-08-14 15:48:35[0m] (step=0381000) Train Loss: 0.0833, Train Steps/Sec: 3.19, Samples/Sec: 51.07
[[34m2025-08-14 15:49:07[0m] (step=0381100) Train Loss: 0.0863, Train Steps/Sec: 3.17, Samples/Sec: 50.65
[[34m2025-08-14 15:49:37[0m] (step=0381200) Train Loss: 0.0811, Train Steps/Sec: 3.25, Samples/Sec: 52.01
[[34m2025-08-14 15:50:08[0m] (step=0381300) Train Loss: 0.0824, Train Steps/Sec: 3.25, Samples/Sec: 52.05
[[34m2025-08-14 15:50:40[0m] (step=0381400) Train Loss: 0.0812, Train Steps/Sec: 3.16, Samples/Sec: 50.59
[[34m2025-08-14 15:51:12[0m] (step=0381500) Train Loss: 0.0943, Train Steps/Sec: 3.09, Samples/Sec: 49.50
[[34m2025-08-14 15:51:43[0m] (step=0381600) Train Loss: 0.0811, Train Steps/Sec: 3.20, Samples/Sec: 51.25
[[34m2025-08-14 15:52:16[0m] (step=0381700) Train Loss: 0.0900, Train Steps/Sec: 3.09, Samples/Sec: 49.39
[[34m2025-08-14 15:52:46[0m] (step=0381800) Train Loss: 0.0833, Train Steps/Sec: 3.25, Samples/Sec: 52.01
[[34m2025-08-14 15:53:18[0m] (step=0381900) Train Loss: 0.0851, Train Steps/Sec: 3.21, Samples/Sec: 51.35
[[34m2025-08-14 15:53:50[0m] (step=0382000) Train Loss: 0.0905, Train Steps/Sec: 3.12, Samples/Sec: 49.98
[[34m2025-08-14 15:54:21[0m] (step=0382100) Train Loss: 0.0819, Train Steps/Sec: 3.16, Samples/Sec: 50.59
[[34m2025-08-14 15:54:52[0m] (step=0382200) Train Loss: 0.0908, Train Steps/Sec: 3.27, Samples/Sec: 52.29
[[34m2025-08-14 15:55:23[0m] (step=0382300) Train Loss: 0.0989, Train Steps/Sec: 3.23, Samples/Sec: 51.71
[[34m2025-08-14 15:55:54[0m] (step=0382400) Train Loss: 0.0887, Train Steps/Sec: 3.23, Samples/Sec: 51.72
[[34m2025-08-14 15:56:26[0m] (step=0382500) Train Loss: 0.0828, Train Steps/Sec: 3.13, Samples/Sec: 50.07
[[34m2025-08-14 15:56:57[0m] (step=0382600) Train Loss: 0.0927, Train Steps/Sec: 3.17, Samples/Sec: 50.67
[[34m2025-08-14 15:57:30[0m] (step=0382700) Train Loss: 0.0868, Train Steps/Sec: 3.11, Samples/Sec: 49.71
[[34m2025-08-14 15:58:02[0m] (step=0382800) Train Loss: 0.0871, Train Steps/Sec: 3.13, Samples/Sec: 50.05
[[34m2025-08-14 15:58:32[0m] (step=0382900) Train Loss: 0.0868, Train Steps/Sec: 3.26, Samples/Sec: 52.23
[[34m2025-08-14 15:59:03[0m] (step=0383000) Train Loss: 0.0913, Train Steps/Sec: 3.20, Samples/Sec: 51.14
[[34m2025-08-14 15:59:35[0m] (step=0383100) Train Loss: 0.0899, Train Steps/Sec: 3.15, Samples/Sec: 50.37
[[34m2025-08-14 16:00:07[0m] (step=0383200) Train Loss: 0.0872, Train Steps/Sec: 3.15, Samples/Sec: 50.34
[[34m2025-08-14 16:00:38[0m] (step=0383300) Train Loss: 0.0901, Train Steps/Sec: 3.24, Samples/Sec: 51.78
[[34m2025-08-14 16:01:11[0m] (step=0383400) Train Loss: 0.0844, Train Steps/Sec: 3.06, Samples/Sec: 48.93
[[34m2025-08-14 16:01:42[0m] (step=0383500) Train Loss: 0.0886, Train Steps/Sec: 3.21, Samples/Sec: 51.35
[[34m2025-08-14 16:02:16[0m] (step=0383600) Train Loss: 0.0873, Train Steps/Sec: 2.92, Samples/Sec: 46.65
[[34m2025-08-14 16:02:48[0m] (step=0383700) Train Loss: 0.0851, Train Steps/Sec: 3.19, Samples/Sec: 50.97
[[34m2025-08-14 16:03:20[0m] (step=0383800) Train Loss: 0.0807, Train Steps/Sec: 3.09, Samples/Sec: 49.50
[[34m2025-08-14 16:03:51[0m] (step=0383900) Train Loss: 0.0926, Train Steps/Sec: 3.20, Samples/Sec: 51.27
[[34m2025-08-14 16:04:22[0m] (step=0384000) Train Loss: 0.0860, Train Steps/Sec: 3.21, Samples/Sec: 51.30
[[34m2025-08-14 16:04:54[0m] (step=0384100) Train Loss: 0.0906, Train Steps/Sec: 3.14, Samples/Sec: 50.31
[[34m2025-08-14 16:05:25[0m] (step=0384200) Train Loss: 0.0939, Train Steps/Sec: 3.19, Samples/Sec: 51.03
[[34m2025-08-14 16:05:58[0m] (step=0384300) Train Loss: 0.0813, Train Steps/Sec: 3.10, Samples/Sec: 49.65
[[34m2025-08-14 16:06:29[0m] (step=0384400) Train Loss: 0.0794, Train Steps/Sec: 3.20, Samples/Sec: 51.23
[[34m2025-08-14 16:07:01[0m] (step=0384500) Train Loss: 0.0892, Train Steps/Sec: 3.15, Samples/Sec: 50.42
[[34m2025-08-14 16:07:33[0m] (step=0384600) Train Loss: 0.0869, Train Steps/Sec: 3.12, Samples/Sec: 49.93
[[34m2025-08-14 16:08:03[0m] (step=0384700) Train Loss: 0.0843, Train Steps/Sec: 3.27, Samples/Sec: 52.25
[[34m2025-08-14 16:08:35[0m] (step=0384800) Train Loss: 0.0856, Train Steps/Sec: 3.18, Samples/Sec: 50.95
[[34m2025-08-14 16:09:07[0m] (step=0384900) Train Loss: 0.0861, Train Steps/Sec: 3.07, Samples/Sec: 49.16
[[34m2025-08-14 16:09:39[0m] (step=0385000) Train Loss: 0.0837, Train Steps/Sec: 3.17, Samples/Sec: 50.65
[[34m2025-08-14 16:10:10[0m] (step=0385100) Train Loss: 0.0850, Train Steps/Sec: 3.21, Samples/Sec: 51.31
[[34m2025-08-14 16:10:43[0m] (step=0385200) Train Loss: 0.0879, Train Steps/Sec: 3.05, Samples/Sec: 48.78
[[34m2025-08-14 16:11:14[0m] (step=0385300) Train Loss: 0.0863, Train Steps/Sec: 3.19, Samples/Sec: 51.01
[[34m2025-08-14 16:11:47[0m] (step=0385400) Train Loss: 0.0845, Train Steps/Sec: 3.11, Samples/Sec: 49.68
[[34m2025-08-14 16:12:19[0m] (step=0385500) Train Loss: 0.0849, Train Steps/Sec: 3.06, Samples/Sec: 48.95
[[34m2025-08-14 16:12:50[0m] (step=0385600) Train Loss: 0.0872, Train Steps/Sec: 3.24, Samples/Sec: 51.78
[[34m2025-08-14 16:13:24[0m] (step=0385700) Train Loss: 0.0789, Train Steps/Sec: 2.93, Samples/Sec: 46.90
[[34m2025-08-14 16:13:56[0m] (step=0385800) Train Loss: 0.0775, Train Steps/Sec: 3.19, Samples/Sec: 51.02
[[34m2025-08-14 16:14:28[0m] (step=0385900) Train Loss: 0.0893, Train Steps/Sec: 3.13, Samples/Sec: 50.03
[[34m2025-08-14 16:15:00[0m] (step=0386000) Train Loss: 0.0929, Train Steps/Sec: 3.11, Samples/Sec: 49.79
[[34m2025-08-14 16:15:31[0m] (step=0386100) Train Loss: 0.0921, Train Steps/Sec: 3.18, Samples/Sec: 50.93
[[34m2025-08-14 16:16:03[0m] (step=0386200) Train Loss: 0.0920, Train Steps/Sec: 3.12, Samples/Sec: 49.94
[[34m2025-08-14 16:16:35[0m] (step=0386300) Train Loss: 0.0923, Train Steps/Sec: 3.21, Samples/Sec: 51.40
[[34m2025-08-14 16:17:08[0m] (step=0386400) Train Loss: 0.0789, Train Steps/Sec: 3.01, Samples/Sec: 48.20
[[34m2025-08-14 16:17:39[0m] (step=0386500) Train Loss: 0.0960, Train Steps/Sec: 3.22, Samples/Sec: 51.54
[[34m2025-08-14 16:18:10[0m] (step=0386600) Train Loss: 0.0845, Train Steps/Sec: 3.24, Samples/Sec: 51.89
[[34m2025-08-14 16:18:41[0m] (step=0386700) Train Loss: 0.0885, Train Steps/Sec: 3.15, Samples/Sec: 50.40
[[34m2025-08-14 16:19:13[0m] (step=0386800) Train Loss: 0.0829, Train Steps/Sec: 3.12, Samples/Sec: 49.91
[[34m2025-08-14 16:19:45[0m] (step=0386900) Train Loss: 0.0787, Train Steps/Sec: 3.15, Samples/Sec: 50.47
[[34m2025-08-14 16:20:16[0m] (step=0387000) Train Loss: 0.0917, Train Steps/Sec: 3.25, Samples/Sec: 51.98
[[34m2025-08-14 16:20:48[0m] (step=0387100) Train Loss: 0.0859, Train Steps/Sec: 3.14, Samples/Sec: 50.28
[[34m2025-08-14 16:21:19[0m] (step=0387200) Train Loss: 0.0877, Train Steps/Sec: 3.24, Samples/Sec: 51.86
[[34m2025-08-14 16:21:50[0m] (step=0387300) Train Loss: 0.0828, Train Steps/Sec: 3.16, Samples/Sec: 50.49
[[34m2025-08-14 16:22:21[0m] (step=0387400) Train Loss: 0.0913, Train Steps/Sec: 3.22, Samples/Sec: 51.50
[[34m2025-08-14 16:22:54[0m] (step=0387500) Train Loss: 0.0896, Train Steps/Sec: 3.11, Samples/Sec: 49.77
[[34m2025-08-14 16:23:25[0m] (step=0387600) Train Loss: 0.0896, Train Steps/Sec: 3.19, Samples/Sec: 51.00
[[34m2025-08-14 16:23:56[0m] (step=0387700) Train Loss: 0.0802, Train Steps/Sec: 3.18, Samples/Sec: 50.88
[[34m2025-08-14 16:24:29[0m] (step=0387800) Train Loss: 0.0865, Train Steps/Sec: 3.07, Samples/Sec: 49.06
[[34m2025-08-14 16:25:00[0m] (step=0387900) Train Loss: 0.0870, Train Steps/Sec: 3.26, Samples/Sec: 52.15
[[34m2025-08-14 16:25:31[0m] (step=0388000) Train Loss: 0.0853, Train Steps/Sec: 3.20, Samples/Sec: 51.17
[[34m2025-08-14 16:26:03[0m] (step=0388100) Train Loss: 0.0848, Train Steps/Sec: 3.10, Samples/Sec: 49.55
[[34m2025-08-14 16:26:36[0m] (step=0388200) Train Loss: 0.0834, Train Steps/Sec: 3.02, Samples/Sec: 48.31
[[34m2025-08-14 16:27:07[0m] (step=0388300) Train Loss: 0.0830, Train Steps/Sec: 3.24, Samples/Sec: 51.80
[[34m2025-08-14 16:27:40[0m] (step=0388400) Train Loss: 0.0828, Train Steps/Sec: 3.10, Samples/Sec: 49.67
[[34m2025-08-14 16:28:11[0m] (step=0388500) Train Loss: 0.0905, Train Steps/Sec: 3.14, Samples/Sec: 50.17
[[34m2025-08-14 16:28:43[0m] (step=0388600) Train Loss: 0.0874, Train Steps/Sec: 3.22, Samples/Sec: 51.46
[[34m2025-08-14 16:29:14[0m] (step=0388700) Train Loss: 0.0849, Train Steps/Sec: 3.22, Samples/Sec: 51.53
[[34m2025-08-14 16:29:49[0m] (step=0388800) Train Loss: 0.0796, Train Steps/Sec: 2.81, Samples/Sec: 45.00
[[34m2025-08-14 16:30:21[0m] (step=0388900) Train Loss: 0.0902, Train Steps/Sec: 3.15, Samples/Sec: 50.40
[[34m2025-08-14 16:30:52[0m] (step=0389000) Train Loss: 0.0998, Train Steps/Sec: 3.25, Samples/Sec: 51.93
[[34m2025-08-14 16:31:23[0m] (step=0389100) Train Loss: 0.0954, Train Steps/Sec: 3.20, Samples/Sec: 51.17
[[34m2025-08-14 16:31:55[0m] (step=0389200) Train Loss: 0.0804, Train Steps/Sec: 3.15, Samples/Sec: 50.47
[[34m2025-08-14 16:32:25[0m] (step=0389300) Train Loss: 0.0849, Train Steps/Sec: 3.26, Samples/Sec: 52.20
[[34m2025-08-14 16:33:00[0m] (step=0389400) Train Loss: 0.0867, Train Steps/Sec: 2.87, Samples/Sec: 45.92
[[34m2025-08-14 16:33:33[0m] (step=0389500) Train Loss: 0.0860, Train Steps/Sec: 3.10, Samples/Sec: 49.56
[[34m2025-08-14 16:34:04[0m] (step=0389600) Train Loss: 0.0865, Train Steps/Sec: 3.14, Samples/Sec: 50.25
[[34m2025-08-14 16:34:35[0m] (step=0389700) Train Loss: 0.0828, Train Steps/Sec: 3.30, Samples/Sec: 52.80
[[34m2025-08-14 16:35:07[0m] (step=0389800) Train Loss: 0.0876, Train Steps/Sec: 3.09, Samples/Sec: 49.43
[[34m2025-08-14 16:35:39[0m] (step=0389900) Train Loss: 0.0841, Train Steps/Sec: 3.11, Samples/Sec: 49.72
[[34m2025-08-14 16:36:45[0m] (step=0390000) Train Loss: 0.0872, Train Steps/Sec: 1.52, Samples/Sec: 24.34
Using cache found in ./models/facebookresearch_dino_main
Using cache found in ./models/facebookresearch_dino_main
Using cache found in ./models/facebookresearch_dino_main
[[34m2025-08-14 16:37:07[0m] Saved checkpoint to logs/nwm_cdit_airvln_v6_1/checkpoints/latest.pth.tar
Using cache found in ./models/facebookresearch_dino_main
[[34m2025-08-14 16:37:12[0m] Already found a `peft_config` attribute in the model. This will lead to having multiple adapters in the model. Make sure to know what you are doing!
[[34m2025-08-14 16:38:41[0m] (step=0390000) Perceptual Loss: 0.1615, Eval Time: 93.83
[[34m2025-08-14 16:39:13[0m] (step=0390100) Train Loss: 0.0933, Train Steps/Sec: 0.68, Samples/Sec: 10.80
[[34m2025-08-14 16:39:45[0m] (step=0390200) Train Loss: 0.0848, Train Steps/Sec: 3.17, Samples/Sec: 50.77
[[34m2025-08-14 16:40:16[0m] (step=0390300) Train Loss: 0.0851, Train Steps/Sec: 3.17, Samples/Sec: 50.78
[[34m2025-08-14 16:40:48[0m] (step=0390400) Train Loss: 0.0803, Train Steps/Sec: 3.13, Samples/Sec: 50.12
[[34m2025-08-14 16:41:19[0m] (step=0390500) Train Loss: 0.0806, Train Steps/Sec: 3.26, Samples/Sec: 52.10
[[34m2025-08-14 16:41:51[0m] (step=0390600) Train Loss: 0.0930, Train Steps/Sec: 3.10, Samples/Sec: 49.67
[[34m2025-08-14 16:42:23[0m] (step=0390700) Train Loss: 0.0885, Train Steps/Sec: 3.17, Samples/Sec: 50.74
[[34m2025-08-14 16:42:53[0m] (step=0390800) Train Loss: 0.0857, Train Steps/Sec: 3.27, Samples/Sec: 52.27
[[34m2025-08-14 16:43:25[0m] (step=0390900) Train Loss: 0.0871, Train Steps/Sec: 3.19, Samples/Sec: 51.09
[[34m2025-08-14 16:43:56[0m] (step=0391000) Train Loss: 0.0860, Train Steps/Sec: 3.15, Samples/Sec: 50.45
[[34m2025-08-14 16:44:27[0m] (step=0391100) Train Loss: 0.0830, Train Steps/Sec: 3.25, Samples/Sec: 52.07
[[34m2025-08-14 16:44:59[0m] (step=0391200) Train Loss: 0.0847, Train Steps/Sec: 3.17, Samples/Sec: 50.77
[[34m2025-08-14 16:45:30[0m] (step=0391300) Train Loss: 0.0801, Train Steps/Sec: 3.20, Samples/Sec: 51.28
[[34m2025-08-14 16:46:02[0m] (step=0391400) Train Loss: 0.0869, Train Steps/Sec: 3.09, Samples/Sec: 49.43
[[34m2025-08-14 16:46:33[0m] (step=0391500) Train Loss: 0.0860, Train Steps/Sec: 3.22, Samples/Sec: 51.47
[[34m2025-08-14 16:47:04[0m] (step=0391600) Train Loss: 0.0859, Train Steps/Sec: 3.20, Samples/Sec: 51.16
[[34m2025-08-14 16:47:36[0m] (step=0391700) Train Loss: 0.0902, Train Steps/Sec: 3.21, Samples/Sec: 51.30
[[34m2025-08-14 16:48:07[0m] (step=0391800) Train Loss: 0.0801, Train Steps/Sec: 3.16, Samples/Sec: 50.64
[[34m2025-08-14 16:48:39[0m] (step=0391900) Train Loss: 0.0817, Train Steps/Sec: 3.14, Samples/Sec: 50.19
[[34m2025-08-14 16:49:11[0m] (step=0392000) Train Loss: 0.0921, Train Steps/Sec: 3.17, Samples/Sec: 50.71
[[34m2025-08-14 16:49:43[0m] (step=0392100) Train Loss: 0.0868, Train Steps/Sec: 3.07, Samples/Sec: 49.18
[[34m2025-08-14 16:50:15[0m] (step=0392200) Train Loss: 0.0899, Train Steps/Sec: 3.13, Samples/Sec: 50.12
[[34m2025-08-14 16:50:48[0m] (step=0392300) Train Loss: 0.0921, Train Steps/Sec: 3.08, Samples/Sec: 49.27
[[34m2025-08-14 16:51:20[0m] (step=0392400) Train Loss: 0.0823, Train Steps/Sec: 3.14, Samples/Sec: 50.22
[[34m2025-08-14 16:51:52[0m] (step=0392500) Train Loss: 0.0932, Train Steps/Sec: 3.08, Samples/Sec: 49.34
[[34m2025-08-14 16:52:24[0m] (step=0392600) Train Loss: 0.0842, Train Steps/Sec: 3.14, Samples/Sec: 50.19
[[34m2025-08-14 16:52:56[0m] (step=0392700) Train Loss: 0.0846, Train Steps/Sec: 3.14, Samples/Sec: 50.31
[[34m2025-08-14 16:53:27[0m] (step=0392800) Train Loss: 0.0829, Train Steps/Sec: 3.18, Samples/Sec: 50.81
[[34m2025-08-14 16:53:59[0m] (step=0392900) Train Loss: 0.0927, Train Steps/Sec: 3.16, Samples/Sec: 50.54
[[34m2025-08-14 16:54:30[0m] (step=0393000) Train Loss: 0.0881, Train Steps/Sec: 3.21, Samples/Sec: 51.39
[[34m2025-08-14 16:55:01[0m] (step=0393100) Train Loss: 0.0816, Train Steps/Sec: 3.21, Samples/Sec: 51.38
[[34m2025-08-14 16:55:33[0m] (step=0393200) Train Loss: 0.0865, Train Steps/Sec: 3.19, Samples/Sec: 50.96
[[34m2025-08-14 16:56:05[0m] (step=0393300) Train Loss: 0.0795, Train Steps/Sec: 3.09, Samples/Sec: 49.42
[[34m2025-08-14 16:56:36[0m] (step=0393400) Train Loss: 0.0901, Train Steps/Sec: 3.18, Samples/Sec: 50.85
[[34m2025-08-14 16:57:09[0m] (step=0393500) Train Loss: 0.0769, Train Steps/Sec: 3.11, Samples/Sec: 49.74
[[34m2025-08-14 16:57:40[0m] (step=0393600) Train Loss: 0.0893, Train Steps/Sec: 3.16, Samples/Sec: 50.62
[[34m2025-08-14 16:58:12[0m] (step=0393700) Train Loss: 0.0937, Train Steps/Sec: 3.11, Samples/Sec: 49.79
[[34m2025-08-14 16:58:44[0m] (step=0393800) Train Loss: 0.0879, Train Steps/Sec: 3.16, Samples/Sec: 50.59
[[34m2025-08-14 16:59:16[0m] (step=0393900) Train Loss: 0.0868, Train Steps/Sec: 3.15, Samples/Sec: 50.38
[[34m2025-08-14 16:59:48[0m] (step=0394000) Train Loss: 0.0890, Train Steps/Sec: 3.15, Samples/Sec: 50.35
[[34m2025-08-14 17:00:19[0m] (step=0394100) Train Loss: 0.0849, Train Steps/Sec: 3.21, Samples/Sec: 51.39
[[34m2025-08-14 17:00:50[0m] (step=0394200) Train Loss: 0.0834, Train Steps/Sec: 3.15, Samples/Sec: 50.46
[[34m2025-08-14 17:01:21[0m] (step=0394300) Train Loss: 0.0871, Train Steps/Sec: 3.21, Samples/Sec: 51.43
[[34m2025-08-14 17:01:53[0m] (step=0394400) Train Loss: 0.0889, Train Steps/Sec: 3.19, Samples/Sec: 50.96
[[34m2025-08-14 17:02:24[0m] (step=0394500) Train Loss: 0.0846, Train Steps/Sec: 3.26, Samples/Sec: 52.19
[[34m2025-08-14 17:02:54[0m] (step=0394600) Train Loss: 0.0934, Train Steps/Sec: 3.27, Samples/Sec: 52.31
[[34m2025-08-14 17:03:26[0m] (step=0394700) Train Loss: 0.0870, Train Steps/Sec: 3.17, Samples/Sec: 50.68
[[34m2025-08-14 17:03:58[0m] (step=0394800) Train Loss: 0.0865, Train Steps/Sec: 3.10, Samples/Sec: 49.58
[[34m2025-08-14 17:04:30[0m] (step=0394900) Train Loss: 0.0859, Train Steps/Sec: 3.13, Samples/Sec: 50.08
[[34m2025-08-14 17:05:01[0m] (step=0395000) Train Loss: 0.0838, Train Steps/Sec: 3.20, Samples/Sec: 51.16
[[34m2025-08-14 17:05:33[0m] (step=0395100) Train Loss: 0.0888, Train Steps/Sec: 3.16, Samples/Sec: 50.59
[[34m2025-08-14 17:06:05[0m] (step=0395200) Train Loss: 0.0844, Train Steps/Sec: 3.10, Samples/Sec: 49.62
[[34m2025-08-14 17:06:37[0m] (step=0395300) Train Loss: 0.0877, Train Steps/Sec: 3.16, Samples/Sec: 50.56
[[34m2025-08-14 17:07:09[0m] (step=0395400) Train Loss: 0.0892, Train Steps/Sec: 3.09, Samples/Sec: 49.36
[[34m2025-08-14 17:07:41[0m] (step=0395500) Train Loss: 0.0791, Train Steps/Sec: 3.16, Samples/Sec: 50.49
[[34m2025-08-14 17:08:13[0m] (step=0395600) Train Loss: 0.0967, Train Steps/Sec: 3.15, Samples/Sec: 50.37
[[34m2025-08-14 17:08:44[0m] (step=0395700) Train Loss: 0.0849, Train Steps/Sec: 3.16, Samples/Sec: 50.52
[[34m2025-08-14 17:09:16[0m] (step=0395800) Train Loss: 0.0931, Train Steps/Sec: 3.15, Samples/Sec: 50.48
[[34m2025-08-14 17:09:47[0m] (step=0395900) Train Loss: 0.0848, Train Steps/Sec: 3.21, Samples/Sec: 51.32
[[34m2025-08-14 17:10:19[0m] (step=0396000) Train Loss: 0.0906, Train Steps/Sec: 3.16, Samples/Sec: 50.59
[[34m2025-08-14 17:10:50[0m] (step=0396100) Train Loss: 0.0900, Train Steps/Sec: 3.21, Samples/Sec: 51.32
[[34m2025-08-14 17:11:21[0m] (step=0396200) Train Loss: 0.0922, Train Steps/Sec: 3.23, Samples/Sec: 51.69
[[34m2025-08-14 17:11:53[0m] (step=0396300) Train Loss: 0.0868, Train Steps/Sec: 3.13, Samples/Sec: 50.14
[[34m2025-08-14 17:12:25[0m] (step=0396400) Train Loss: 0.0882, Train Steps/Sec: 3.16, Samples/Sec: 50.50
[[34m2025-08-14 17:12:56[0m] (step=0396500) Train Loss: 0.0895, Train Steps/Sec: 3.24, Samples/Sec: 51.84
[[34m2025-08-14 17:13:27[0m] (step=0396600) Train Loss: 0.0750, Train Steps/Sec: 3.20, Samples/Sec: 51.16
[[34m2025-08-14 17:13:59[0m] (step=0396700) Train Loss: 0.0976, Train Steps/Sec: 3.14, Samples/Sec: 50.30
[[34m2025-08-14 17:14:31[0m] (step=0396800) Train Loss: 0.0815, Train Steps/Sec: 3.14, Samples/Sec: 50.18
[[34m2025-08-14 17:15:02[0m] (step=0396900) Train Loss: 0.0847, Train Steps/Sec: 3.14, Samples/Sec: 50.29
[[34m2025-08-14 17:15:34[0m] (step=0397000) Train Loss: 0.0885, Train Steps/Sec: 3.16, Samples/Sec: 50.63
[[34m2025-08-14 17:16:06[0m] (step=0397100) Train Loss: 0.0918, Train Steps/Sec: 3.14, Samples/Sec: 50.28
[[34m2025-08-14 17:16:38[0m] (step=0397200) Train Loss: 0.0956, Train Steps/Sec: 3.14, Samples/Sec: 50.29
[[34m2025-08-14 17:17:10[0m] (step=0397300) Train Loss: 0.0879, Train Steps/Sec: 3.11, Samples/Sec: 49.78
[[34m2025-08-14 17:17:42[0m] (step=0397400) Train Loss: 0.0854, Train Steps/Sec: 3.13, Samples/Sec: 50.12
[[34m2025-08-14 17:18:13[0m] (step=0397500) Train Loss: 0.0889, Train Steps/Sec: 3.20, Samples/Sec: 51.14
[[34m2025-08-14 17:18:45[0m] (step=0397600) Train Loss: 0.0829, Train Steps/Sec: 3.17, Samples/Sec: 50.73
[[34m2025-08-14 17:19:16[0m] (step=0397700) Train Loss: 0.0892, Train Steps/Sec: 3.22, Samples/Sec: 51.48
[[34m2025-08-14 17:19:47[0m] (step=0397800) Train Loss: 0.0829, Train Steps/Sec: 3.19, Samples/Sec: 51.06
[[34m2025-08-14 17:20:19[0m] (step=0397900) Train Loss: 0.0905, Train Steps/Sec: 3.17, Samples/Sec: 50.65
[[34m2025-08-14 17:20:50[0m] (step=0398000) Train Loss: 0.0838, Train Steps/Sec: 3.19, Samples/Sec: 51.07
[[34m2025-08-14 17:21:21[0m] (step=0398100) Train Loss: 0.0837, Train Steps/Sec: 3.19, Samples/Sec: 51.05
[[34m2025-08-14 17:21:53[0m] (step=0398200) Train Loss: 0.0855, Train Steps/Sec: 3.19, Samples/Sec: 50.98
[[34m2025-08-14 17:22:24[0m] (step=0398300) Train Loss: 0.0845, Train Steps/Sec: 3.21, Samples/Sec: 51.38
[[34m2025-08-14 17:22:55[0m] (step=0398400) Train Loss: 0.0773, Train Steps/Sec: 3.16, Samples/Sec: 50.56
[[34m2025-08-14 17:23:27[0m] (step=0398500) Train Loss: 0.0846, Train Steps/Sec: 3.19, Samples/Sec: 51.05
[[34m2025-08-14 17:23:58[0m] (step=0398600) Train Loss: 0.0916, Train Steps/Sec: 3.16, Samples/Sec: 50.54
[[34m2025-08-14 17:24:30[0m] (step=0398700) Train Loss: 0.0874, Train Steps/Sec: 3.14, Samples/Sec: 50.20
[[34m2025-08-14 17:25:02[0m] (step=0398800) Train Loss: 0.0833, Train Steps/Sec: 3.18, Samples/Sec: 50.89
[[34m2025-08-14 17:25:33[0m] (step=0398900) Train Loss: 0.0859, Train Steps/Sec: 3.25, Samples/Sec: 52.00
[[34m2025-08-14 17:26:04[0m] (step=0399000) Train Loss: 0.0886, Train Steps/Sec: 3.23, Samples/Sec: 51.60
[[34m2025-08-14 17:26:35[0m] (step=0399100) Train Loss: 0.0860, Train Steps/Sec: 3.18, Samples/Sec: 50.83
[[34m2025-08-14 17:27:06[0m] (step=0399200) Train Loss: 0.0788, Train Steps/Sec: 3.19, Samples/Sec: 50.99
[[34m2025-08-14 17:27:38[0m] (step=0399300) Train Loss: 0.0792, Train Steps/Sec: 3.19, Samples/Sec: 51.05
[[34m2025-08-14 17:28:10[0m] (step=0399400) Train Loss: 0.0808, Train Steps/Sec: 3.15, Samples/Sec: 50.36
[[34m2025-08-14 17:28:41[0m] (step=0399500) Train Loss: 0.0824, Train Steps/Sec: 3.22, Samples/Sec: 51.58
[[34m2025-08-14 17:29:11[0m] (step=0399600) Train Loss: 0.0855, Train Steps/Sec: 3.25, Samples/Sec: 52.07
[[34m2025-08-14 17:29:43[0m] (step=0399700) Train Loss: 0.0837, Train Steps/Sec: 3.20, Samples/Sec: 51.13
[[34m2025-08-14 17:30:14[0m] (step=0399800) Train Loss: 0.0896, Train Steps/Sec: 3.20, Samples/Sec: 51.15
[[34m2025-08-14 17:30:45[0m] (step=0399900) Train Loss: 0.0872, Train Steps/Sec: 3.20, Samples/Sec: 51.12
[[34m2025-08-14 17:31:17[0m] (step=0400000) Train Loss: 0.0865, Train Steps/Sec: 3.19, Samples/Sec: 51.05
Using cache found in ./models/facebookresearch_dino_main
Using cache found in ./models/facebookresearch_dino_main
Using cache found in ./models/facebookresearch_dino_main
[[34m2025-08-14 17:31:51[0m] Saved checkpoint to logs/nwm_cdit_airvln_v6_1/checkpoints/0400000.pth.tar
Using cache found in ./models/facebookresearch_dino_main
[[34m2025-08-14 17:31:54[0m] Already found a `peft_config` attribute in the model. This will lead to having multiple adapters in the model. Make sure to know what you are doing!
[[34m2025-08-14 17:33:20[0m] (step=0400000) Perceptual Loss: 0.1722, Eval Time: 89.17
[[34m2025-08-14 17:33:52[0m] (step=0400100) Train Loss: 0.0870, Train Steps/Sec: 0.65, Samples/Sec: 10.33
[[34m2025-08-14 17:34:23[0m] (step=0400200) Train Loss: 0.0844, Train Steps/Sec: 3.20, Samples/Sec: 51.14
[[34m2025-08-14 17:34:55[0m] (step=0400300) Train Loss: 0.0884, Train Steps/Sec: 3.17, Samples/Sec: 50.71
[[34m2025-08-14 17:35:26[0m] (step=0400400) Train Loss: 0.0878, Train Steps/Sec: 3.17, Samples/Sec: 50.72
[[34m2025-08-14 17:35:58[0m] (step=0400500) Train Loss: 0.0894, Train Steps/Sec: 3.18, Samples/Sec: 50.84
[[34m2025-08-14 17:36:28[0m] (step=0400600) Train Loss: 0.0945, Train Steps/Sec: 3.24, Samples/Sec: 51.84
[[34m2025-08-14 17:36:59[0m] (step=0400700) Train Loss: 0.0764, Train Steps/Sec: 3.27, Samples/Sec: 52.35
[[34m2025-08-14 17:37:30[0m] (step=0400800) Train Loss: 0.0876, Train Steps/Sec: 3.23, Samples/Sec: 51.68
[[34m2025-08-14 17:38:00[0m] (step=0400900) Train Loss: 0.0890, Train Steps/Sec: 3.28, Samples/Sec: 52.45
[[34m2025-08-14 17:38:31[0m] (step=0401000) Train Loss: 0.0879, Train Steps/Sec: 3.23, Samples/Sec: 51.64
[[34m2025-08-14 17:39:03[0m] (step=0401100) Train Loss: 0.0787, Train Steps/Sec: 3.20, Samples/Sec: 51.20
[[34m2025-08-14 17:39:34[0m] (step=0401200) Train Loss: 0.0850, Train Steps/Sec: 3.21, Samples/Sec: 51.42
[[34m2025-08-14 17:40:05[0m] (step=0401300) Train Loss: 0.0904, Train Steps/Sec: 3.24, Samples/Sec: 51.79
[[34m2025-08-14 17:40:36[0m] (step=0401400) Train Loss: 0.0903, Train Steps/Sec: 3.22, Samples/Sec: 51.52
[[34m2025-08-14 17:41:07[0m] (step=0401500) Train Loss: 0.0824, Train Steps/Sec: 3.25, Samples/Sec: 52.00
[[34m2025-08-14 17:41:38[0m] (step=0401600) Train Loss: 0.0876, Train Steps/Sec: 3.16, Samples/Sec: 50.59
[[34m2025-08-14 17:42:10[0m] (step=0401700) Train Loss: 0.0845, Train Steps/Sec: 3.18, Samples/Sec: 50.85
[[34m2025-08-14 17:42:41[0m] (step=0401800) Train Loss: 0.0819, Train Steps/Sec: 3.20, Samples/Sec: 51.15
[[34m2025-08-14 17:43:12[0m] (step=0401900) Train Loss: 0.0860, Train Steps/Sec: 3.23, Samples/Sec: 51.61
[[34m2025-08-14 17:43:43[0m] (step=0402000) Train Loss: 0.0958, Train Steps/Sec: 3.22, Samples/Sec: 51.55
[[34m2025-08-14 17:44:14[0m] (step=0402100) Train Loss: 0.0891, Train Steps/Sec: 3.21, Samples/Sec: 51.40
[[34m2025-08-14 17:44:45[0m] (step=0402200) Train Loss: 0.0912, Train Steps/Sec: 3.26, Samples/Sec: 52.18
[[34m2025-08-14 17:45:16[0m] (step=0402300) Train Loss: 0.0931, Train Steps/Sec: 3.20, Samples/Sec: 51.21
[[34m2025-08-14 17:45:47[0m] (step=0402400) Train Loss: 0.0843, Train Steps/Sec: 3.20, Samples/Sec: 51.28
[[34m2025-08-14 17:46:19[0m] (step=0402500) Train Loss: 0.0849, Train Steps/Sec: 3.20, Samples/Sec: 51.27
[[34m2025-08-14 17:46:49[0m] (step=0402600) Train Loss: 0.0848, Train Steps/Sec: 3.23, Samples/Sec: 51.76
[[34m2025-08-14 17:47:20[0m] (step=0402700) Train Loss: 0.0938, Train Steps/Sec: 3.25, Samples/Sec: 51.93
[[34m2025-08-14 17:47:51[0m] (step=0402800) Train Loss: 0.0854, Train Steps/Sec: 3.26, Samples/Sec: 52.14
[[34m2025-08-14 17:48:22[0m] (step=0402900) Train Loss: 0.0852, Train Steps/Sec: 3.23, Samples/Sec: 51.67
[[34m2025-08-14 17:48:54[0m] (step=0403000) Train Loss: 0.0903, Train Steps/Sec: 3.15, Samples/Sec: 50.42
[[34m2025-08-14 17:49:25[0m] (step=0403100) Train Loss: 0.0873, Train Steps/Sec: 3.24, Samples/Sec: 51.88
[[34m2025-08-14 17:49:56[0m] (step=0403200) Train Loss: 0.0772, Train Steps/Sec: 3.23, Samples/Sec: 51.69
[[34m2025-08-14 17:50:26[0m] (step=0403300) Train Loss: 0.0810, Train Steps/Sec: 3.24, Samples/Sec: 51.89
[[34m2025-08-14 17:50:58[0m] (step=0403400) Train Loss: 0.0880, Train Steps/Sec: 3.15, Samples/Sec: 50.45
[[34m2025-08-14 17:51:29[0m] (step=0403500) Train Loss: 0.0894, Train Steps/Sec: 3.22, Samples/Sec: 51.58
[[34m2025-08-14 17:52:00[0m] (step=0403600) Train Loss: 0.0868, Train Steps/Sec: 3.20, Samples/Sec: 51.19
[[34m2025-08-14 17:52:32[0m] (step=0403700) Train Loss: 0.0886, Train Steps/Sec: 3.19, Samples/Sec: 51.02
[[34m2025-08-14 17:53:03[0m] (step=0403800) Train Loss: 0.0878, Train Steps/Sec: 3.16, Samples/Sec: 50.59
[[34m2025-08-14 17:53:35[0m] (step=0403900) Train Loss: 0.0907, Train Steps/Sec: 3.21, Samples/Sec: 51.35
[[34m2025-08-14 17:54:06[0m] (step=0404000) Train Loss: 0.0951, Train Steps/Sec: 3.16, Samples/Sec: 50.57
[[34m2025-08-14 17:54:38[0m] (step=0404100) Train Loss: 0.0867, Train Steps/Sec: 3.16, Samples/Sec: 50.48
[[34m2025-08-14 17:55:10[0m] (step=0404200) Train Loss: 0.0757, Train Steps/Sec: 3.13, Samples/Sec: 50.01
[[34m2025-08-14 17:55:42[0m] (step=0404300) Train Loss: 0.0886, Train Steps/Sec: 3.16, Samples/Sec: 50.50
[[34m2025-08-14 17:56:13[0m] (step=0404400) Train Loss: 0.0847, Train Steps/Sec: 3.21, Samples/Sec: 51.37
[[34m2025-08-14 17:56:44[0m] (step=0404500) Train Loss: 0.0906, Train Steps/Sec: 3.20, Samples/Sec: 51.21
[[34m2025-08-14 17:57:15[0m] (step=0404600) Train Loss: 0.0809, Train Steps/Sec: 3.19, Samples/Sec: 51.04
[[34m2025-08-14 17:57:47[0m] (step=0404700) Train Loss: 0.0880, Train Steps/Sec: 3.19, Samples/Sec: 50.98
[[34m2025-08-14 17:58:18[0m] (step=0404800) Train Loss: 0.0960, Train Steps/Sec: 3.21, Samples/Sec: 51.36
[[34m2025-08-14 17:58:49[0m] (step=0404900) Train Loss: 0.0886, Train Steps/Sec: 3.21, Samples/Sec: 51.30
[[34m2025-08-14 17:59:21[0m] (step=0405000) Train Loss: 0.0875, Train Steps/Sec: 3.15, Samples/Sec: 50.43
[[34m2025-08-14 17:59:52[0m] (step=0405100) Train Loss: 0.0835, Train Steps/Sec: 3.25, Samples/Sec: 51.99
[[34m2025-08-14 18:00:23[0m] (step=0405200) Train Loss: 0.0919, Train Steps/Sec: 3.17, Samples/Sec: 50.71
[[34m2025-08-14 18:00:55[0m] (step=0405300) Train Loss: 0.0814, Train Steps/Sec: 3.17, Samples/Sec: 50.75
[[34m2025-08-14 18:01:27[0m] (step=0405400) Train Loss: 0.0829, Train Steps/Sec: 3.14, Samples/Sec: 50.24
[[34m2025-08-14 18:01:58[0m] (step=0405500) Train Loss: 0.0918, Train Steps/Sec: 3.19, Samples/Sec: 51.01
[[34m2025-08-14 18:02:29[0m] (step=0405600) Train Loss: 0.0844, Train Steps/Sec: 3.23, Samples/Sec: 51.73
[[34m2025-08-14 18:03:00[0m] (step=0405700) Train Loss: 0.0871, Train Steps/Sec: 3.20, Samples/Sec: 51.21
[[34m2025-08-14 18:03:31[0m] (step=0405800) Train Loss: 0.0951, Train Steps/Sec: 3.24, Samples/Sec: 51.85
[[34m2025-08-14 18:04:02[0m] (step=0405900) Train Loss: 0.0815, Train Steps/Sec: 3.18, Samples/Sec: 50.85
[[34m2025-08-14 18:04:34[0m] (step=0406000) Train Loss: 0.0816, Train Steps/Sec: 3.19, Samples/Sec: 51.07
[[34m2025-08-14 18:05:05[0m] (step=0406100) Train Loss: 0.0828, Train Steps/Sec: 3.24, Samples/Sec: 51.83
[[34m2025-08-14 18:05:36[0m] (step=0406200) Train Loss: 0.0934, Train Steps/Sec: 3.22, Samples/Sec: 51.48
[[34m2025-08-14 18:06:07[0m] (step=0406300) Train Loss: 0.0819, Train Steps/Sec: 3.15, Samples/Sec: 50.46
[[34m2025-08-14 18:06:39[0m] (step=0406400) Train Loss: 0.0832, Train Steps/Sec: 3.16, Samples/Sec: 50.53
[[34m2025-08-14 18:07:10[0m] (step=0406500) Train Loss: 0.0832, Train Steps/Sec: 3.21, Samples/Sec: 51.37
[[34m2025-08-14 18:07:41[0m] (step=0406600) Train Loss: 0.0883, Train Steps/Sec: 3.21, Samples/Sec: 51.42
[[34m2025-08-14 18:08:12[0m] (step=0406700) Train Loss: 0.0802, Train Steps/Sec: 3.25, Samples/Sec: 52.05
[[34m2025-08-14 18:08:43[0m] (step=0406800) Train Loss: 0.0919, Train Steps/Sec: 3.21, Samples/Sec: 51.38
[[34m2025-08-14 18:09:14[0m] (step=0406900) Train Loss: 0.0857, Train Steps/Sec: 3.25, Samples/Sec: 51.96
[[34m2025-08-14 18:09:45[0m] (step=0407000) Train Loss: 0.0974, Train Steps/Sec: 3.23, Samples/Sec: 51.75
[[34m2025-08-14 18:10:16[0m] (step=0407100) Train Loss: 0.0897, Train Steps/Sec: 3.25, Samples/Sec: 51.94
[[34m2025-08-14 18:10:47[0m] (step=0407200) Train Loss: 0.0929, Train Steps/Sec: 3.21, Samples/Sec: 51.35
[[34m2025-08-14 18:11:18[0m] (step=0407300) Train Loss: 0.0872, Train Steps/Sec: 3.25, Samples/Sec: 52.06
[[34m2025-08-14 18:11:49[0m] (step=0407400) Train Loss: 0.0873, Train Steps/Sec: 3.25, Samples/Sec: 51.99
[[34m2025-08-14 18:12:20[0m] (step=0407500) Train Loss: 0.0919, Train Steps/Sec: 3.21, Samples/Sec: 51.31
[[34m2025-08-14 18:12:51[0m] (step=0407600) Train Loss: 0.0922, Train Steps/Sec: 3.21, Samples/Sec: 51.28
[[34m2025-08-14 18:13:22[0m] (step=0407700) Train Loss: 0.0919, Train Steps/Sec: 3.20, Samples/Sec: 51.22
[[34m2025-08-14 18:13:54[0m] (step=0407800) Train Loss: 0.0846, Train Steps/Sec: 3.18, Samples/Sec: 50.83
[[34m2025-08-14 18:14:25[0m] (step=0407900) Train Loss: 0.0864, Train Steps/Sec: 3.21, Samples/Sec: 51.35
[[34m2025-08-14 18:14:56[0m] (step=0408000) Train Loss: 0.0754, Train Steps/Sec: 3.20, Samples/Sec: 51.18
[[34m2025-08-14 18:15:27[0m] (step=0408100) Train Loss: 0.0856, Train Steps/Sec: 3.27, Samples/Sec: 52.32
[[34m2025-08-14 18:15:58[0m] (step=0408200) Train Loss: 0.0925, Train Steps/Sec: 3.20, Samples/Sec: 51.16
[[34m2025-08-14 18:16:30[0m] (step=0408300) Train Loss: 0.0846, Train Steps/Sec: 3.14, Samples/Sec: 50.23
[[34m2025-08-14 18:17:01[0m] (step=0408400) Train Loss: 0.0890, Train Steps/Sec: 3.16, Samples/Sec: 50.62
[[34m2025-08-14 18:17:32[0m] (step=0408500) Train Loss: 0.0886, Train Steps/Sec: 3.24, Samples/Sec: 51.77
[[34m2025-08-14 18:18:03[0m] (step=0408600) Train Loss: 0.0952, Train Steps/Sec: 3.24, Samples/Sec: 51.77
[[34m2025-08-14 18:18:34[0m] (step=0408700) Train Loss: 0.0883, Train Steps/Sec: 3.26, Samples/Sec: 52.10
[[34m2025-08-14 18:19:05[0m] (step=0408800) Train Loss: 0.0869, Train Steps/Sec: 3.21, Samples/Sec: 51.39
[[34m2025-08-14 18:19:37[0m] (step=0408900) Train Loss: 0.0806, Train Steps/Sec: 3.17, Samples/Sec: 50.64
[[34m2025-08-14 18:20:08[0m] (step=0409000) Train Loss: 0.0908, Train Steps/Sec: 3.17, Samples/Sec: 50.76
[[34m2025-08-14 18:20:40[0m] (step=0409100) Train Loss: 0.0902, Train Steps/Sec: 3.15, Samples/Sec: 50.38
[[34m2025-08-14 18:21:11[0m] (step=0409200) Train Loss: 0.0831, Train Steps/Sec: 3.20, Samples/Sec: 51.18
[[34m2025-08-14 18:21:42[0m] (step=0409300) Train Loss: 0.0897, Train Steps/Sec: 3.23, Samples/Sec: 51.74
[[34m2025-08-14 18:22:13[0m] (step=0409400) Train Loss: 0.0879, Train Steps/Sec: 3.22, Samples/Sec: 51.58
[[34m2025-08-14 18:22:44[0m] (step=0409500) Train Loss: 0.0836, Train Steps/Sec: 3.25, Samples/Sec: 52.08
[[34m2025-08-14 18:23:15[0m] (step=0409600) Train Loss: 0.0899, Train Steps/Sec: 3.18, Samples/Sec: 50.84
[[34m2025-08-14 18:23:48[0m] (step=0409700) Train Loss: 0.0801, Train Steps/Sec: 3.11, Samples/Sec: 49.76
[[34m2025-08-14 18:24:19[0m] (step=0409800) Train Loss: 0.0841, Train Steps/Sec: 3.20, Samples/Sec: 51.17
[[34m2025-08-14 18:24:50[0m] (step=0409900) Train Loss: 0.0785, Train Steps/Sec: 3.25, Samples/Sec: 52.00
[[34m2025-08-14 18:25:21[0m] (step=0410000) Train Loss: 0.0867, Train Steps/Sec: 3.23, Samples/Sec: 51.70
Using cache found in ./models/facebookresearch_dino_main
Using cache found in ./models/facebookresearch_dino_main
Using cache found in ./models/facebookresearch_dino_main
[[34m2025-08-14 18:25:43[0m] Saved checkpoint to logs/nwm_cdit_airvln_v6_1/checkpoints/latest.pth.tar
Using cache found in ./models/facebookresearch_dino_main
[[34m2025-08-14 18:25:48[0m] Already found a `peft_config` attribute in the model. This will lead to having multiple adapters in the model. Make sure to know what you are doing!
[[34m2025-08-14 18:27:15[0m] (step=0410000) Perceptual Loss: 0.1766, Eval Time: 91.59
[[34m2025-08-14 18:27:46[0m] (step=0410100) Train Loss: 0.0876, Train Steps/Sec: 0.69, Samples/Sec: 11.00
[[34m2025-08-14 18:28:17[0m] (step=0410200) Train Loss: 0.0879, Train Steps/Sec: 3.18, Samples/Sec: 50.91
[[34m2025-08-14 18:28:49[0m] (step=0410300) Train Loss: 0.0838, Train Steps/Sec: 3.20, Samples/Sec: 51.18
[[34m2025-08-14 18:29:20[0m] (step=0410400) Train Loss: 0.0821, Train Steps/Sec: 3.15, Samples/Sec: 50.44
[[34m2025-08-14 18:29:52[0m] (step=0410500) Train Loss: 0.0905, Train Steps/Sec: 3.22, Samples/Sec: 51.58
[[34m2025-08-14 18:30:22[0m] (step=0410600) Train Loss: 0.0915, Train Steps/Sec: 3.26, Samples/Sec: 52.22
[[34m2025-08-14 18:30:53[0m] (step=0410700) Train Loss: 0.0923, Train Steps/Sec: 3.24, Samples/Sec: 51.80
[[34m2025-08-14 18:31:24[0m] (step=0410800) Train Loss: 0.0814, Train Steps/Sec: 3.22, Samples/Sec: 51.44
[[34m2025-08-14 18:31:56[0m] (step=0410900) Train Loss: 0.0858, Train Steps/Sec: 3.18, Samples/Sec: 50.85
[[34m2025-08-14 18:32:27[0m] (step=0411000) Train Loss: 0.0812, Train Steps/Sec: 3.20, Samples/Sec: 51.17
[[34m2025-08-14 18:32:59[0m] (step=0411100) Train Loss: 0.0809, Train Steps/Sec: 3.16, Samples/Sec: 50.62
[[34m2025-08-14 18:33:30[0m] (step=0411200) Train Loss: 0.0808, Train Steps/Sec: 3.22, Samples/Sec: 51.45
[[34m2025-08-14 18:34:00[0m] (step=0411300) Train Loss: 0.0826, Train Steps/Sec: 3.25, Samples/Sec: 52.00
[[34m2025-08-14 18:34:32[0m] (step=0411400) Train Loss: 0.0782, Train Steps/Sec: 3.21, Samples/Sec: 51.31
[[34m2025-08-14 18:35:03[0m] (step=0411500) Train Loss: 0.0861, Train Steps/Sec: 3.18, Samples/Sec: 50.80
[[34m2025-08-14 18:35:34[0m] (step=0411600) Train Loss: 0.0848, Train Steps/Sec: 3.26, Samples/Sec: 52.24
[[34m2025-08-14 18:36:05[0m] (step=0411700) Train Loss: 0.0947, Train Steps/Sec: 3.20, Samples/Sec: 51.27
[[34m2025-08-14 18:36:36[0m] (step=0411800) Train Loss: 0.0951, Train Steps/Sec: 3.24, Samples/Sec: 51.90
[[34m2025-08-14 18:37:07[0m] (step=0411900) Train Loss: 0.0925, Train Steps/Sec: 3.24, Samples/Sec: 51.88
[[34m2025-08-14 18:37:38[0m] (step=0412000) Train Loss: 0.0883, Train Steps/Sec: 3.15, Samples/Sec: 50.32
[[34m2025-08-14 18:38:09[0m] (step=0412100) Train Loss: 0.0880, Train Steps/Sec: 3.22, Samples/Sec: 51.54
[[34m2025-08-14 18:38:41[0m] (step=0412200) Train Loss: 0.0824, Train Steps/Sec: 3.21, Samples/Sec: 51.32
[[34m2025-08-14 18:39:12[0m] (step=0412300) Train Loss: 0.0915, Train Steps/Sec: 3.24, Samples/Sec: 51.89
[[34m2025-08-14 18:39:43[0m] (step=0412400) Train Loss: 0.0907, Train Steps/Sec: 3.15, Samples/Sec: 50.41
[[34m2025-08-14 18:40:14[0m] (step=0412500) Train Loss: 0.0868, Train Steps/Sec: 3.21, Samples/Sec: 51.41
[[34m2025-08-14 18:40:45[0m] (step=0412600) Train Loss: 0.0824, Train Steps/Sec: 3.25, Samples/Sec: 52.07
[[34m2025-08-14 18:41:16[0m] (step=0412700) Train Loss: 0.0857, Train Steps/Sec: 3.22, Samples/Sec: 51.55
[[34m2025-08-14 18:41:48[0m] (step=0412800) Train Loss: 0.0798, Train Steps/Sec: 3.16, Samples/Sec: 50.49
[[34m2025-08-14 18:42:19[0m] (step=0412900) Train Loss: 0.0922, Train Steps/Sec: 3.21, Samples/Sec: 51.28
[[34m2025-08-14 18:42:50[0m] (step=0413000) Train Loss: 0.0879, Train Steps/Sec: 3.19, Samples/Sec: 50.97
[[34m2025-08-14 18:43:22[0m] (step=0413100) Train Loss: 0.0833, Train Steps/Sec: 3.16, Samples/Sec: 50.54
[[34m2025-08-14 18:43:53[0m] (step=0413200) Train Loss: 0.0853, Train Steps/Sec: 3.24, Samples/Sec: 51.78
[[34m2025-08-14 18:44:24[0m] (step=0413300) Train Loss: 0.0906, Train Steps/Sec: 3.21, Samples/Sec: 51.36
[[34m2025-08-14 18:44:55[0m] (step=0413400) Train Loss: 0.0898, Train Steps/Sec: 3.21, Samples/Sec: 51.33
[[34m2025-08-14 18:45:27[0m] (step=0413500) Train Loss: 0.0830, Train Steps/Sec: 3.17, Samples/Sec: 50.72
[[34m2025-08-14 18:45:58[0m] (step=0413600) Train Loss: 0.0844, Train Steps/Sec: 3.21, Samples/Sec: 51.36
[[34m2025-08-14 18:46:29[0m] (step=0413700) Train Loss: 0.0796, Train Steps/Sec: 3.21, Samples/Sec: 51.40
[[34m2025-08-14 18:47:00[0m] (step=0413800) Train Loss: 0.0872, Train Steps/Sec: 3.24, Samples/Sec: 51.82
[[34m2025-08-14 18:47:31[0m] (step=0413900) Train Loss: 0.0903, Train Steps/Sec: 3.23, Samples/Sec: 51.61
[[34m2025-08-14 18:48:02[0m] (step=0414000) Train Loss: 0.0885, Train Steps/Sec: 3.21, Samples/Sec: 51.33
[[34m2025-08-14 18:48:34[0m] (step=0414100) Train Loss: 0.0891, Train Steps/Sec: 3.16, Samples/Sec: 50.52
[[34m2025-08-14 18:49:05[0m] (step=0414200) Train Loss: 0.0908, Train Steps/Sec: 3.21, Samples/Sec: 51.36
[[34m2025-08-14 18:49:37[0m] (step=0414300) Train Loss: 0.0809, Train Steps/Sec: 3.18, Samples/Sec: 50.84
[[34m2025-08-14 18:50:07[0m] (step=0414400) Train Loss: 0.0862, Train Steps/Sec: 3.24, Samples/Sec: 51.89
[[34m2025-08-14 18:50:39[0m] (step=0414500) Train Loss: 0.0801, Train Steps/Sec: 3.22, Samples/Sec: 51.46
[[34m2025-08-14 18:51:09[0m] (step=0414600) Train Loss: 0.0858, Train Steps/Sec: 3.27, Samples/Sec: 52.24
[[34m2025-08-14 18:51:40[0m] (step=0414700) Train Loss: 0.0876, Train Steps/Sec: 3.24, Samples/Sec: 51.80
[[34m2025-08-14 18:52:11[0m] (step=0414800) Train Loss: 0.0924, Train Steps/Sec: 3.19, Samples/Sec: 51.08
[[34m2025-08-14 18:52:43[0m] (step=0414900) Train Loss: 0.0784, Train Steps/Sec: 3.22, Samples/Sec: 51.50
[[34m2025-08-14 18:53:14[0m] (step=0415000) Train Loss: 0.0880, Train Steps/Sec: 3.17, Samples/Sec: 50.79
[[34m2025-08-14 18:53:46[0m] (step=0415100) Train Loss: 0.0812, Train Steps/Sec: 3.17, Samples/Sec: 50.73
[[34m2025-08-14 18:54:16[0m] (step=0415200) Train Loss: 0.0914, Train Steps/Sec: 3.24, Samples/Sec: 51.80
[[34m2025-08-14 18:54:47[0m] (step=0415300) Train Loss: 0.0857, Train Steps/Sec: 3.24, Samples/Sec: 51.89
[[34m2025-08-14 18:55:18[0m] (step=0415400) Train Loss: 0.0861, Train Steps/Sec: 3.23, Samples/Sec: 51.74
[[34m2025-08-14 18:55:51[0m] (step=0415500) Train Loss: 0.0794, Train Steps/Sec: 3.03, Samples/Sec: 48.54
[[34m2025-08-14 18:56:22[0m] (step=0415600) Train Loss: 0.0850, Train Steps/Sec: 3.23, Samples/Sec: 51.61
[[34m2025-08-14 18:56:53[0m] (step=0415700) Train Loss: 0.0803, Train Steps/Sec: 3.21, Samples/Sec: 51.38
[[34m2025-08-14 18:57:24[0m] (step=0415800) Train Loss: 0.0750, Train Steps/Sec: 3.25, Samples/Sec: 51.99
[[34m2025-08-14 18:57:55[0m] (step=0415900) Train Loss: 0.0888, Train Steps/Sec: 3.21, Samples/Sec: 51.30
[[34m2025-08-14 18:58:26[0m] (step=0416000) Train Loss: 0.0963, Train Steps/Sec: 3.24, Samples/Sec: 51.84
[[34m2025-08-14 18:58:58[0m] (step=0416100) Train Loss: 0.0931, Train Steps/Sec: 3.19, Samples/Sec: 50.97
[[34m2025-08-14 18:59:29[0m] (step=0416200) Train Loss: 0.0894, Train Steps/Sec: 3.20, Samples/Sec: 51.18
[[34m2025-08-14 19:00:00[0m] (step=0416300) Train Loss: 0.0904, Train Steps/Sec: 3.19, Samples/Sec: 50.98
[[34m2025-08-14 19:00:31[0m] (step=0416400) Train Loss: 0.0917, Train Steps/Sec: 3.26, Samples/Sec: 52.08
[[34m2025-08-14 19:01:02[0m] (step=0416500) Train Loss: 0.0875, Train Steps/Sec: 3.21, Samples/Sec: 51.28
[[34m2025-08-14 19:01:33[0m] (step=0416600) Train Loss: 0.0890, Train Steps/Sec: 3.21, Samples/Sec: 51.36
[[34m2025-08-14 19:02:05[0m] (step=0416700) Train Loss: 0.0779, Train Steps/Sec: 3.13, Samples/Sec: 50.00
[[34m2025-08-14 19:02:37[0m] (step=0416800) Train Loss: 0.1024, Train Steps/Sec: 3.19, Samples/Sec: 51.05
[[34m2025-08-14 19:03:08[0m] (step=0416900) Train Loss: 0.0848, Train Steps/Sec: 3.22, Samples/Sec: 51.54
[[34m2025-08-14 19:03:40[0m] (step=0417000) Train Loss: 0.0946, Train Steps/Sec: 3.15, Samples/Sec: 50.46
[[34m2025-08-14 19:04:10[0m] (step=0417100) Train Loss: 0.0927, Train Steps/Sec: 3.25, Samples/Sec: 52.00
[[34m2025-08-14 19:04:41[0m] (step=0417200) Train Loss: 0.0863, Train Steps/Sec: 3.24, Samples/Sec: 51.89
[[34m2025-08-14 19:05:13[0m] (step=0417300) Train Loss: 0.0886, Train Steps/Sec: 3.18, Samples/Sec: 50.94
[[34m2025-08-14 19:05:45[0m] (step=0417400) Train Loss: 0.0795, Train Steps/Sec: 3.08, Samples/Sec: 49.33
[[34m2025-08-14 19:06:16[0m] (step=0417500) Train Loss: 0.0829, Train Steps/Sec: 3.18, Samples/Sec: 50.90
[[34m2025-08-14 19:06:48[0m] (step=0417600) Train Loss: 0.0869, Train Steps/Sec: 3.19, Samples/Sec: 51.02
[[34m2025-08-14 19:07:19[0m] (step=0417700) Train Loss: 0.0928, Train Steps/Sec: 3.21, Samples/Sec: 51.32
[[34m2025-08-14 19:07:50[0m] (step=0417800) Train Loss: 0.0876, Train Steps/Sec: 3.23, Samples/Sec: 51.68
[[34m2025-08-14 19:08:22[0m] (step=0417900) Train Loss: 0.0857, Train Steps/Sec: 3.14, Samples/Sec: 50.17
[[34m2025-08-14 19:08:53[0m] (step=0418000) Train Loss: 0.0958, Train Steps/Sec: 3.22, Samples/Sec: 51.54
[[34m2025-08-14 19:09:25[0m] (step=0418100) Train Loss: 0.0803, Train Steps/Sec: 3.11, Samples/Sec: 49.83
[[34m2025-08-14 19:09:57[0m] (step=0418200) Train Loss: 0.0810, Train Steps/Sec: 3.15, Samples/Sec: 50.46
[[34m2025-08-14 19:10:29[0m] (step=0418300) Train Loss: 0.0930, Train Steps/Sec: 3.10, Samples/Sec: 49.65
[[34m2025-08-14 19:11:01[0m] (step=0418400) Train Loss: 0.0891, Train Steps/Sec: 3.12, Samples/Sec: 49.99
[[34m2025-08-14 19:11:33[0m] (step=0418500) Train Loss: 0.0842, Train Steps/Sec: 3.17, Samples/Sec: 50.67
[[34m2025-08-14 19:12:04[0m] (step=0418600) Train Loss: 0.0801, Train Steps/Sec: 3.16, Samples/Sec: 50.57
[[34m2025-08-14 19:12:36[0m] (step=0418700) Train Loss: 0.0864, Train Steps/Sec: 3.16, Samples/Sec: 50.59
[[34m2025-08-14 19:13:08[0m] (step=0418800) Train Loss: 0.0876, Train Steps/Sec: 3.11, Samples/Sec: 49.72
[[34m2025-08-14 19:13:39[0m] (step=0418900) Train Loss: 0.0879, Train Steps/Sec: 3.20, Samples/Sec: 51.26
[[34m2025-08-14 19:14:10[0m] (step=0419000) Train Loss: 0.0850, Train Steps/Sec: 3.24, Samples/Sec: 51.76
[[34m2025-08-14 19:14:41[0m] (step=0419100) Train Loss: 0.0817, Train Steps/Sec: 3.28, Samples/Sec: 52.44
[[34m2025-08-14 19:15:12[0m] (step=0419200) Train Loss: 0.0857, Train Steps/Sec: 3.20, Samples/Sec: 51.23
[[34m2025-08-14 19:15:43[0m] (step=0419300) Train Loss: 0.0849, Train Steps/Sec: 3.21, Samples/Sec: 51.35
[[34m2025-08-14 19:16:14[0m] (step=0419400) Train Loss: 0.0804, Train Steps/Sec: 3.20, Samples/Sec: 51.20
[[34m2025-08-14 19:16:45[0m] (step=0419500) Train Loss: 0.0867, Train Steps/Sec: 3.23, Samples/Sec: 51.74
[[34m2025-08-14 19:17:17[0m] (step=0419600) Train Loss: 0.0910, Train Steps/Sec: 3.17, Samples/Sec: 50.76
[[34m2025-08-14 19:17:48[0m] (step=0419700) Train Loss: 0.0919, Train Steps/Sec: 3.26, Samples/Sec: 52.16
[[34m2025-08-14 19:18:19[0m] (step=0419800) Train Loss: 0.0880, Train Steps/Sec: 3.22, Samples/Sec: 51.48
[[34m2025-08-14 19:18:50[0m] (step=0419900) Train Loss: 0.0845, Train Steps/Sec: 3.19, Samples/Sec: 50.99
[[34m2025-08-14 19:19:21[0m] (step=0420000) Train Loss: 0.0821, Train Steps/Sec: 3.21, Samples/Sec: 51.44
Using cache found in ./models/facebookresearch_dino_main
Using cache found in ./models/facebookresearch_dino_main
Using cache found in ./models/facebookresearch_dino_main
[[34m2025-08-14 19:19:43[0m] Saved checkpoint to logs/nwm_cdit_airvln_v6_1/checkpoints/latest.pth.tar
Using cache found in ./models/facebookresearch_dino_main
[[34m2025-08-14 19:19:49[0m] Already found a `peft_config` attribute in the model. This will lead to having multiple adapters in the model. Make sure to know what you are doing!
[[34m2025-08-14 19:21:17[0m] (step=0420000) Perceptual Loss: 0.2044, Eval Time: 93.75
[[34m2025-08-14 19:21:49[0m] (step=0420100) Train Loss: 0.0865, Train Steps/Sec: 0.68, Samples/Sec: 10.85
[[34m2025-08-14 19:22:20[0m] (step=0420200) Train Loss: 0.0867, Train Steps/Sec: 3.20, Samples/Sec: 51.12
[[34m2025-08-14 19:22:51[0m] (step=0420300) Train Loss: 0.0804, Train Steps/Sec: 3.22, Samples/Sec: 51.47
[[34m2025-08-14 19:23:23[0m] (step=0420400) Train Loss: 0.0818, Train Steps/Sec: 3.15, Samples/Sec: 50.47
[[34m2025-08-14 19:23:54[0m] (step=0420500) Train Loss: 0.0870, Train Steps/Sec: 3.19, Samples/Sec: 51.00
[[34m2025-08-14 19:24:25[0m] (step=0420600) Train Loss: 0.0922, Train Steps/Sec: 3.22, Samples/Sec: 51.46
[[34m2025-08-14 19:24:56[0m] (step=0420700) Train Loss: 0.0907, Train Steps/Sec: 3.23, Samples/Sec: 51.73
[[34m2025-08-14 19:25:27[0m] (step=0420800) Train Loss: 0.0903, Train Steps/Sec: 3.23, Samples/Sec: 51.71
[[34m2025-08-14 19:25:58[0m] (step=0420900) Train Loss: 0.0840, Train Steps/Sec: 3.27, Samples/Sec: 52.36
[[34m2025-08-14 19:26:29[0m] (step=0421000) Train Loss: 0.0822, Train Steps/Sec: 3.21, Samples/Sec: 51.31
[[34m2025-08-14 19:27:00[0m] (step=0421100) Train Loss: 0.0779, Train Steps/Sec: 3.19, Samples/Sec: 51.09
[[34m2025-08-14 19:27:31[0m] (step=0421200) Train Loss: 0.0779, Train Steps/Sec: 3.26, Samples/Sec: 52.23
[[34m2025-08-14 19:28:02[0m] (step=0421300) Train Loss: 0.0857, Train Steps/Sec: 3.26, Samples/Sec: 52.11
[[34m2025-08-14 19:28:33[0m] (step=0421400) Train Loss: 0.0861, Train Steps/Sec: 3.21, Samples/Sec: 51.30
[[34m2025-08-14 19:29:04[0m] (step=0421500) Train Loss: 0.0860, Train Steps/Sec: 3.18, Samples/Sec: 50.86
[[34m2025-08-14 19:29:35[0m] (step=0421600) Train Loss: 0.0765, Train Steps/Sec: 3.22, Samples/Sec: 51.54
[[34m2025-08-14 19:30:06[0m] (step=0421700) Train Loss: 0.0806, Train Steps/Sec: 3.27, Samples/Sec: 52.29
[[34m2025-08-14 19:30:37[0m] (step=0421800) Train Loss: 0.0694, Train Steps/Sec: 3.24, Samples/Sec: 51.81
[[34m2025-08-14 19:31:08[0m] (step=0421900) Train Loss: 0.0878, Train Steps/Sec: 3.24, Samples/Sec: 51.86
[[34m2025-08-14 19:31:39[0m] (step=0422000) Train Loss: 0.0848, Train Steps/Sec: 3.20, Samples/Sec: 51.18
[[34m2025-08-14 19:32:10[0m] (step=0422100) Train Loss: 0.0805, Train Steps/Sec: 3.25, Samples/Sec: 51.94
[[34m2025-08-14 19:32:41[0m] (step=0422200) Train Loss: 0.0738, Train Steps/Sec: 3.21, Samples/Sec: 51.35
[[34m2025-08-14 19:33:04[0m] Beginning epoch 5...
[[34m2025-08-14 19:33:25[0m] (step=0422300) Train Loss: 0.0986, Train Steps/Sec: 2.28, Samples/Sec: 36.55
[[34m2025-08-14 19:33:57[0m] (step=0422400) Train Loss: 0.0848, Train Steps/Sec: 3.14, Samples/Sec: 50.31
[[34m2025-08-14 19:34:28[0m] (step=0422500) Train Loss: 0.0799, Train Steps/Sec: 3.20, Samples/Sec: 51.21
[[34m2025-08-14 19:34:59[0m] (step=0422600) Train Loss: 0.0880, Train Steps/Sec: 3.22, Samples/Sec: 51.59
[[34m2025-08-14 19:35:30[0m] (step=0422700) Train Loss: 0.0775, Train Steps/Sec: 3.19, Samples/Sec: 51.08
[[34m2025-08-14 19:36:02[0m] (step=0422800) Train Loss: 0.0872, Train Steps/Sec: 3.18, Samples/Sec: 50.83
[[34m2025-08-14 19:36:34[0m] (step=0422900) Train Loss: 0.0806, Train Steps/Sec: 3.13, Samples/Sec: 50.05
[[34m2025-08-14 19:37:05[0m] (step=0423000) Train Loss: 0.0858, Train Steps/Sec: 3.20, Samples/Sec: 51.12
[[34m2025-08-14 19:37:36[0m] (step=0423100) Train Loss: 0.0876, Train Steps/Sec: 3.17, Samples/Sec: 50.78
[[34m2025-08-14 19:38:08[0m] (step=0423200) Train Loss: 0.0903, Train Steps/Sec: 3.15, Samples/Sec: 50.42
[[34m2025-08-14 19:38:40[0m] (step=0423300) Train Loss: 0.0888, Train Steps/Sec: 3.19, Samples/Sec: 51.00
[[34m2025-08-14 19:39:11[0m] (step=0423400) Train Loss: 0.0857, Train Steps/Sec: 3.17, Samples/Sec: 50.64
[[34m2025-08-14 19:39:42[0m] (step=0423500) Train Loss: 0.0905, Train Steps/Sec: 3.22, Samples/Sec: 51.51
[[34m2025-08-14 19:40:14[0m] (step=0423600) Train Loss: 0.0793, Train Steps/Sec: 3.17, Samples/Sec: 50.80
[[34m2025-08-14 19:40:45[0m] (step=0423700) Train Loss: 0.0844, Train Steps/Sec: 3.19, Samples/Sec: 50.97
[[34m2025-08-14 19:41:17[0m] (step=0423800) Train Loss: 0.0939, Train Steps/Sec: 3.17, Samples/Sec: 50.80
[[34m2025-08-14 19:41:48[0m] (step=0423900) Train Loss: 0.0873, Train Steps/Sec: 3.17, Samples/Sec: 50.65
[[34m2025-08-14 19:42:20[0m] (step=0424000) Train Loss: 0.0839, Train Steps/Sec: 3.17, Samples/Sec: 50.67
[[34m2025-08-14 19:42:51[0m] (step=0424100) Train Loss: 0.0868, Train Steps/Sec: 3.23, Samples/Sec: 51.69
[[34m2025-08-14 19:43:22[0m] (step=0424200) Train Loss: 0.0857, Train Steps/Sec: 3.17, Samples/Sec: 50.75
[[34m2025-08-14 19:43:54[0m] (step=0424300) Train Loss: 0.0893, Train Steps/Sec: 3.19, Samples/Sec: 51.01
[[34m2025-08-14 19:44:25[0m] (step=0424400) Train Loss: 0.0892, Train Steps/Sec: 3.20, Samples/Sec: 51.17
[[34m2025-08-14 19:44:56[0m] (step=0424500) Train Loss: 0.0830, Train Steps/Sec: 3.25, Samples/Sec: 51.98
[[34m2025-08-14 19:45:27[0m] (step=0424600) Train Loss: 0.0898, Train Steps/Sec: 3.23, Samples/Sec: 51.61
[[34m2025-08-14 19:45:58[0m] (step=0424700) Train Loss: 0.0855, Train Steps/Sec: 3.22, Samples/Sec: 51.57
[[34m2025-08-14 19:46:29[0m] (step=0424800) Train Loss: 0.0820, Train Steps/Sec: 3.16, Samples/Sec: 50.57
[[34m2025-08-14 19:47:01[0m] (step=0424900) Train Loss: 0.0780, Train Steps/Sec: 3.23, Samples/Sec: 51.62
[[34m2025-08-14 19:47:32[0m] (step=0425000) Train Loss: 0.0898, Train Steps/Sec: 3.19, Samples/Sec: 51.11
[[34m2025-08-14 19:48:04[0m] (step=0425100) Train Loss: 0.0890, Train Steps/Sec: 3.10, Samples/Sec: 49.64
[[34m2025-08-14 19:48:35[0m] (step=0425200) Train Loss: 0.0835, Train Steps/Sec: 3.19, Samples/Sec: 50.97
[[34m2025-08-14 19:49:07[0m] (step=0425300) Train Loss: 0.0827, Train Steps/Sec: 3.19, Samples/Sec: 50.99
[[34m2025-08-14 19:49:39[0m] (step=0425400) Train Loss: 0.0895, Train Steps/Sec: 3.16, Samples/Sec: 50.52
[[34m2025-08-14 19:50:10[0m] (step=0425500) Train Loss: 0.0960, Train Steps/Sec: 3.19, Samples/Sec: 51.06
[[34m2025-08-14 19:50:41[0m] (step=0425600) Train Loss: 0.0882, Train Steps/Sec: 3.19, Samples/Sec: 51.05
[[34m2025-08-14 19:51:13[0m] (step=0425700) Train Loss: 0.0886, Train Steps/Sec: 3.17, Samples/Sec: 50.75
[[34m2025-08-14 19:51:44[0m] (step=0425800) Train Loss: 0.0896, Train Steps/Sec: 3.19, Samples/Sec: 51.06
[[34m2025-08-14 19:52:15[0m] (step=0425900) Train Loss: 0.0839, Train Steps/Sec: 3.19, Samples/Sec: 51.07
[[34m2025-08-14 19:52:47[0m] (step=0426000) Train Loss: 0.0857, Train Steps/Sec: 3.18, Samples/Sec: 50.83
[[34m2025-08-14 19:53:18[0m] (step=0426100) Train Loss: 0.0918, Train Steps/Sec: 3.20, Samples/Sec: 51.18
[[34m2025-08-14 19:53:49[0m] (step=0426200) Train Loss: 0.0851, Train Steps/Sec: 3.21, Samples/Sec: 51.30
[[34m2025-08-14 19:54:21[0m] (step=0426300) Train Loss: 0.0803, Train Steps/Sec: 3.20, Samples/Sec: 51.13
[[34m2025-08-14 19:54:53[0m] (step=0426400) Train Loss: 0.0901, Train Steps/Sec: 3.09, Samples/Sec: 49.51
[[34m2025-08-14 19:55:24[0m] (step=0426500) Train Loss: 0.0889, Train Steps/Sec: 3.23, Samples/Sec: 51.64
[[34m2025-08-14 19:55:56[0m] (step=0426600) Train Loss: 0.0872, Train Steps/Sec: 3.16, Samples/Sec: 50.50
[[34m2025-08-14 19:56:27[0m] (step=0426700) Train Loss: 0.0904, Train Steps/Sec: 3.16, Samples/Sec: 50.55
[[34m2025-08-14 19:56:59[0m] (step=0426800) Train Loss: 0.0806, Train Steps/Sec: 3.13, Samples/Sec: 50.07
[[34m2025-08-14 19:57:31[0m] (step=0426900) Train Loss: 0.0854, Train Steps/Sec: 3.20, Samples/Sec: 51.19
[[34m2025-08-14 19:58:02[0m] (step=0427000) Train Loss: 0.0969, Train Steps/Sec: 3.19, Samples/Sec: 51.12
[[34m2025-08-14 19:58:34[0m] (step=0427100) Train Loss: 0.0797, Train Steps/Sec: 3.15, Samples/Sec: 50.47
[[34m2025-08-14 19:59:05[0m] (step=0427200) Train Loss: 0.0887, Train Steps/Sec: 3.18, Samples/Sec: 50.96
[[34m2025-08-14 19:59:37[0m] (step=0427300) Train Loss: 0.0849, Train Steps/Sec: 3.13, Samples/Sec: 50.08
[[34m2025-08-14 20:00:08[0m] (step=0427400) Train Loss: 0.0836, Train Steps/Sec: 3.19, Samples/Sec: 51.05
[[34m2025-08-14 20:00:40[0m] (step=0427500) Train Loss: 0.0865, Train Steps/Sec: 3.12, Samples/Sec: 50.00
[[34m2025-08-14 20:01:11[0m] (step=0427600) Train Loss: 0.0851, Train Steps/Sec: 3.21, Samples/Sec: 51.42
[[34m2025-08-14 20:01:43[0m] (step=0427700) Train Loss: 0.0899, Train Steps/Sec: 3.17, Samples/Sec: 50.76
[[34m2025-08-14 20:02:14[0m] (step=0427800) Train Loss: 0.0798, Train Steps/Sec: 3.26, Samples/Sec: 52.23
[[34m2025-08-14 20:02:45[0m] (step=0427900) Train Loss: 0.0829, Train Steps/Sec: 3.18, Samples/Sec: 50.84
[[34m2025-08-14 20:03:17[0m] (step=0428000) Train Loss: 0.0873, Train Steps/Sec: 3.17, Samples/Sec: 50.67
[[34m2025-08-14 20:03:48[0m] (step=0428100) Train Loss: 0.0785, Train Steps/Sec: 3.19, Samples/Sec: 51.11
[[34m2025-08-14 20:04:19[0m] (step=0428200) Train Loss: 0.0859, Train Steps/Sec: 3.25, Samples/Sec: 51.97
[[34m2025-08-14 20:04:50[0m] (step=0428300) Train Loss: 0.0818, Train Steps/Sec: 3.18, Samples/Sec: 50.95
[[34m2025-08-14 20:05:22[0m] (step=0428400) Train Loss: 0.0855, Train Steps/Sec: 3.17, Samples/Sec: 50.75
[[34m2025-08-14 20:05:53[0m] (step=0428500) Train Loss: 0.0903, Train Steps/Sec: 3.23, Samples/Sec: 51.71
[[34m2025-08-14 20:06:24[0m] (step=0428600) Train Loss: 0.0918, Train Steps/Sec: 3.22, Samples/Sec: 51.45
[[34m2025-08-14 20:06:55[0m] (step=0428700) Train Loss: 0.0878, Train Steps/Sec: 3.17, Samples/Sec: 50.67
[[34m2025-08-14 20:07:27[0m] (step=0428800) Train Loss: 0.0858, Train Steps/Sec: 3.17, Samples/Sec: 50.68
[[34m2025-08-14 20:07:59[0m] (step=0428900) Train Loss: 0.0881, Train Steps/Sec: 3.16, Samples/Sec: 50.50
[[34m2025-08-14 20:08:31[0m] (step=0429000) Train Loss: 0.0811, Train Steps/Sec: 3.10, Samples/Sec: 49.61
[[34m2025-08-14 20:09:02[0m] (step=0429100) Train Loss: 0.0894, Train Steps/Sec: 3.18, Samples/Sec: 50.93
[[34m2025-08-14 20:09:34[0m] (step=0429200) Train Loss: 0.0895, Train Steps/Sec: 3.20, Samples/Sec: 51.13
[[34m2025-08-14 20:10:05[0m] (step=0429300) Train Loss: 0.0853, Train Steps/Sec: 3.22, Samples/Sec: 51.56
[[34m2025-08-14 20:10:36[0m] (step=0429400) Train Loss: 0.0840, Train Steps/Sec: 3.19, Samples/Sec: 51.01
[[34m2025-08-14 20:11:08[0m] (step=0429500) Train Loss: 0.0848, Train Steps/Sec: 3.16, Samples/Sec: 50.50
[[34m2025-08-14 20:11:39[0m] (step=0429600) Train Loss: 0.0839, Train Steps/Sec: 3.22, Samples/Sec: 51.45
[[34m2025-08-14 20:12:10[0m] (step=0429700) Train Loss: 0.0876, Train Steps/Sec: 3.21, Samples/Sec: 51.44
[[34m2025-08-14 20:12:41[0m] (step=0429800) Train Loss: 0.0783, Train Steps/Sec: 3.19, Samples/Sec: 51.00
[[34m2025-08-14 20:13:13[0m] (step=0429900) Train Loss: 0.0898, Train Steps/Sec: 3.20, Samples/Sec: 51.21
[[34m2025-08-14 20:13:44[0m] (step=0430000) Train Loss: 0.0921, Train Steps/Sec: 3.16, Samples/Sec: 50.61
Using cache found in ./models/facebookresearch_dino_main
Using cache found in ./models/facebookresearch_dino_main
Using cache found in ./models/facebookresearch_dino_main
[[34m2025-08-14 20:14:04[0m] Saved checkpoint to logs/nwm_cdit_airvln_v6_1/checkpoints/latest.pth.tar
Using cache found in ./models/facebookresearch_dino_main
[[34m2025-08-14 20:14:07[0m] Already found a `peft_config` attribute in the model. This will lead to having multiple adapters in the model. Make sure to know what you are doing!
[[34m2025-08-14 20:15:34[0m] (step=0430000) Perceptual Loss: 0.2080, Eval Time: 89.73
[[34m2025-08-14 20:16:05[0m] (step=0430100) Train Loss: 0.0882, Train Steps/Sec: 0.71, Samples/Sec: 11.39
[[34m2025-08-14 20:16:36[0m] (step=0430200) Train Loss: 0.0918, Train Steps/Sec: 3.25, Samples/Sec: 51.96
[[34m2025-08-14 20:17:07[0m] (step=0430300) Train Loss: 0.0799, Train Steps/Sec: 3.21, Samples/Sec: 51.38
[[34m2025-08-14 20:17:39[0m] (step=0430400) Train Loss: 0.0953, Train Steps/Sec: 3.09, Samples/Sec: 49.51
[[34m2025-08-14 20:18:11[0m] (step=0430500) Train Loss: 0.0915, Train Steps/Sec: 3.12, Samples/Sec: 49.84
[[34m2025-08-14 20:18:43[0m] (step=0430600) Train Loss: 0.0873, Train Steps/Sec: 3.14, Samples/Sec: 50.21
[[34m2025-08-14 20:19:15[0m] (step=0430700) Train Loss: 0.0921, Train Steps/Sec: 3.16, Samples/Sec: 50.51
[[34m2025-08-14 20:19:46[0m] (step=0430800) Train Loss: 0.0866, Train Steps/Sec: 3.20, Samples/Sec: 51.22
[[34m2025-08-14 20:20:17[0m] (step=0430900) Train Loss: 0.0856, Train Steps/Sec: 3.22, Samples/Sec: 51.47
[[34m2025-08-14 20:20:48[0m] (step=0431000) Train Loss: 0.0917, Train Steps/Sec: 3.17, Samples/Sec: 50.79
[[34m2025-08-14 20:21:20[0m] (step=0431100) Train Loss: 0.0768, Train Steps/Sec: 3.20, Samples/Sec: 51.16
[[34m2025-08-14 20:21:52[0m] (step=0431200) Train Loss: 0.0854, Train Steps/Sec: 3.14, Samples/Sec: 50.31
[[34m2025-08-14 20:22:23[0m] (step=0431300) Train Loss: 0.0775, Train Steps/Sec: 3.16, Samples/Sec: 50.51
[[34m2025-08-14 20:22:55[0m] (step=0431400) Train Loss: 0.0941, Train Steps/Sec: 3.17, Samples/Sec: 50.71
[[34m2025-08-14 20:23:26[0m] (step=0431500) Train Loss: 0.0865, Train Steps/Sec: 3.21, Samples/Sec: 51.40
[[34m2025-08-14 20:23:57[0m] (step=0431600) Train Loss: 0.0857, Train Steps/Sec: 3.21, Samples/Sec: 51.37
[[34m2025-08-14 20:24:29[0m] (step=0431700) Train Loss: 0.0817, Train Steps/Sec: 3.18, Samples/Sec: 50.93
[[34m2025-08-14 20:25:00[0m] (step=0431800) Train Loss: 0.0882, Train Steps/Sec: 3.20, Samples/Sec: 51.19
[[34m2025-08-14 20:25:31[0m] (step=0431900) Train Loss: 0.0808, Train Steps/Sec: 3.17, Samples/Sec: 50.70
[[34m2025-08-14 20:26:03[0m] (step=0432000) Train Loss: 0.0906, Train Steps/Sec: 3.16, Samples/Sec: 50.58
[[34m2025-08-14 20:26:35[0m] (step=0432100) Train Loss: 0.0937, Train Steps/Sec: 3.16, Samples/Sec: 50.61
[[34m2025-08-14 20:27:06[0m] (step=0432200) Train Loss: 0.0872, Train Steps/Sec: 3.18, Samples/Sec: 50.90
[[34m2025-08-14 20:27:37[0m] (step=0432300) Train Loss: 0.0853, Train Steps/Sec: 3.24, Samples/Sec: 51.90
[[34m2025-08-14 20:28:09[0m] (step=0432400) Train Loss: 0.0914, Train Steps/Sec: 3.13, Samples/Sec: 50.07
[[34m2025-08-14 20:28:40[0m] (step=0432500) Train Loss: 0.0870, Train Steps/Sec: 3.19, Samples/Sec: 51.00
[[34m2025-08-14 20:29:11[0m] (step=0432600) Train Loss: 0.0948, Train Steps/Sec: 3.20, Samples/Sec: 51.27
[[34m2025-08-14 20:29:43[0m] (step=0432700) Train Loss: 0.0807, Train Steps/Sec: 3.20, Samples/Sec: 51.16
[[34m2025-08-14 20:30:15[0m] (step=0432800) Train Loss: 0.0920, Train Steps/Sec: 3.10, Samples/Sec: 49.57
[[34m2025-08-14 20:30:46[0m] (step=0432900) Train Loss: 0.0873, Train Steps/Sec: 3.21, Samples/Sec: 51.31
[[34m2025-08-14 20:31:17[0m] (step=0433000) Train Loss: 0.0837, Train Steps/Sec: 3.24, Samples/Sec: 51.76
[[34m2025-08-14 20:31:48[0m] (step=0433100) Train Loss: 0.0832, Train Steps/Sec: 3.28, Samples/Sec: 52.45
[[34m2025-08-14 20:32:19[0m] (step=0433200) Train Loss: 0.0893, Train Steps/Sec: 3.14, Samples/Sec: 50.32
[[34m2025-08-14 20:32:51[0m] (step=0433300) Train Loss: 0.0807, Train Steps/Sec: 3.18, Samples/Sec: 50.94
[[34m2025-08-14 20:33:22[0m] (step=0433400) Train Loss: 0.0824, Train Steps/Sec: 3.21, Samples/Sec: 51.35
[[34m2025-08-14 20:33:53[0m] (step=0433500) Train Loss: 0.0889, Train Steps/Sec: 3.20, Samples/Sec: 51.23
[[34m2025-08-14 20:34:24[0m] (step=0433600) Train Loss: 0.0923, Train Steps/Sec: 3.23, Samples/Sec: 51.73
[[34m2025-08-14 20:34:55[0m] (step=0433700) Train Loss: 0.0845, Train Steps/Sec: 3.22, Samples/Sec: 51.54
[[34m2025-08-14 20:35:26[0m] (step=0433800) Train Loss: 0.0912, Train Steps/Sec: 3.23, Samples/Sec: 51.68
[[34m2025-08-14 20:35:57[0m] (step=0433900) Train Loss: 0.0830, Train Steps/Sec: 3.21, Samples/Sec: 51.41
[[34m2025-08-14 20:36:29[0m] (step=0434000) Train Loss: 0.0927, Train Steps/Sec: 3.15, Samples/Sec: 50.40
[[34m2025-08-14 20:37:00[0m] (step=0434100) Train Loss: 0.0881, Train Steps/Sec: 3.22, Samples/Sec: 51.46
[[34m2025-08-14 20:37:31[0m] (step=0434200) Train Loss: 0.0863, Train Steps/Sec: 3.21, Samples/Sec: 51.43
[[34m2025-08-14 20:38:02[0m] (step=0434300) Train Loss: 0.0809, Train Steps/Sec: 3.26, Samples/Sec: 52.15
[[34m2025-08-14 20:38:33[0m] (step=0434400) Train Loss: 0.0889, Train Steps/Sec: 3.21, Samples/Sec: 51.37
[[34m2025-08-14 20:39:05[0m] (step=0434500) Train Loss: 0.0822, Train Steps/Sec: 3.11, Samples/Sec: 49.79
[[34m2025-08-14 20:39:39[0m] (step=0434600) Train Loss: 0.0810, Train Steps/Sec: 2.96, Samples/Sec: 47.44
[[34m2025-08-14 20:40:10[0m] (step=0434700) Train Loss: 0.0854, Train Steps/Sec: 3.22, Samples/Sec: 51.48
[[34m2025-08-14 20:40:44[0m] (step=0434800) Train Loss: 0.0943, Train Steps/Sec: 3.00, Samples/Sec: 47.95
[[34m2025-08-14 20:41:15[0m] (step=0434900) Train Loss: 0.0837, Train Steps/Sec: 3.20, Samples/Sec: 51.26
[[34m2025-08-14 20:41:46[0m] (step=0435000) Train Loss: 0.0748, Train Steps/Sec: 3.22, Samples/Sec: 51.56
[[34m2025-08-14 20:42:17[0m] (step=0435100) Train Loss: 0.0867, Train Steps/Sec: 3.18, Samples/Sec: 50.91
[[34m2025-08-14 20:42:49[0m] (step=0435200) Train Loss: 0.0910, Train Steps/Sec: 3.18, Samples/Sec: 50.81
[[34m2025-08-14 20:43:20[0m] (step=0435300) Train Loss: 0.0837, Train Steps/Sec: 3.21, Samples/Sec: 51.29
[[34m2025-08-14 20:43:51[0m] (step=0435400) Train Loss: 0.0886, Train Steps/Sec: 3.21, Samples/Sec: 51.44
[[34m2025-08-14 20:44:23[0m] (step=0435500) Train Loss: 0.0796, Train Steps/Sec: 3.18, Samples/Sec: 50.80
[[34m2025-08-14 20:44:54[0m] (step=0435600) Train Loss: 0.0984, Train Steps/Sec: 3.18, Samples/Sec: 50.82
[[34m2025-08-14 20:45:25[0m] (step=0435700) Train Loss: 0.0825, Train Steps/Sec: 3.23, Samples/Sec: 51.61
[[34m2025-08-14 20:45:56[0m] (step=0435800) Train Loss: 0.0836, Train Steps/Sec: 3.19, Samples/Sec: 50.99
[[34m2025-08-14 20:46:27[0m] (step=0435900) Train Loss: 0.0812, Train Steps/Sec: 3.24, Samples/Sec: 51.88
[[34m2025-08-14 20:46:59[0m] (step=0436000) Train Loss: 0.0824, Train Steps/Sec: 3.19, Samples/Sec: 51.02
[[34m2025-08-14 20:47:30[0m] (step=0436100) Train Loss: 0.0904, Train Steps/Sec: 3.19, Samples/Sec: 51.05
[[34m2025-08-14 20:48:02[0m] (step=0436200) Train Loss: 0.0835, Train Steps/Sec: 3.15, Samples/Sec: 50.37
[[34m2025-08-14 20:48:33[0m] (step=0436300) Train Loss: 0.0833, Train Steps/Sec: 3.19, Samples/Sec: 51.09
[[34m2025-08-14 20:49:04[0m] (step=0436400) Train Loss: 0.0806, Train Steps/Sec: 3.20, Samples/Sec: 51.25
[[34m2025-08-14 20:49:35[0m] (step=0436500) Train Loss: 0.0892, Train Steps/Sec: 3.21, Samples/Sec: 51.34
[[34m2025-08-14 20:50:07[0m] (step=0436600) Train Loss: 0.0947, Train Steps/Sec: 3.15, Samples/Sec: 50.34
[[34m2025-08-14 20:50:38[0m] (step=0436700) Train Loss: 0.0834, Train Steps/Sec: 3.20, Samples/Sec: 51.27
[[34m2025-08-14 20:51:10[0m] (step=0436800) Train Loss: 0.0836, Train Steps/Sec: 3.21, Samples/Sec: 51.37
[[34m2025-08-14 20:51:41[0m] (step=0436900) Train Loss: 0.0823, Train Steps/Sec: 3.20, Samples/Sec: 51.19
[[34m2025-08-14 20:52:13[0m] (step=0437000) Train Loss: 0.0830, Train Steps/Sec: 3.15, Samples/Sec: 50.40
[[34m2025-08-14 20:52:44[0m] (step=0437100) Train Loss: 0.0822, Train Steps/Sec: 3.17, Samples/Sec: 50.69
[[34m2025-08-14 20:53:16[0m] (step=0437200) Train Loss: 0.0853, Train Steps/Sec: 3.18, Samples/Sec: 50.91
[[34m2025-08-14 20:53:47[0m] (step=0437300) Train Loss: 0.0789, Train Steps/Sec: 3.19, Samples/Sec: 51.03
[[34m2025-08-14 20:54:18[0m] (step=0437400) Train Loss: 0.0834, Train Steps/Sec: 3.23, Samples/Sec: 51.72
[[34m2025-08-14 20:54:49[0m] (step=0437500) Train Loss: 0.0882, Train Steps/Sec: 3.19, Samples/Sec: 50.99
[[34m2025-08-14 20:55:20[0m] (step=0437600) Train Loss: 0.0831, Train Steps/Sec: 3.22, Samples/Sec: 51.50
[[34m2025-08-14 20:55:51[0m] (step=0437700) Train Loss: 0.0875, Train Steps/Sec: 3.23, Samples/Sec: 51.65
[[34m2025-08-14 20:56:22[0m] (step=0437800) Train Loss: 0.0920, Train Steps/Sec: 3.22, Samples/Sec: 51.48
[[34m2025-08-14 20:56:53[0m] (step=0437900) Train Loss: 0.0854, Train Steps/Sec: 3.26, Samples/Sec: 52.09
[[34m2025-08-14 20:57:25[0m] (step=0438000) Train Loss: 0.0876, Train Steps/Sec: 3.16, Samples/Sec: 50.56
[[34m2025-08-14 20:57:56[0m] (step=0438100) Train Loss: 0.0902, Train Steps/Sec: 3.21, Samples/Sec: 51.38
[[34m2025-08-14 20:58:26[0m] (step=0438200) Train Loss: 0.0820, Train Steps/Sec: 3.28, Samples/Sec: 52.55
[[34m2025-08-14 20:58:58[0m] (step=0438300) Train Loss: 0.0808, Train Steps/Sec: 3.14, Samples/Sec: 50.29
[[34m2025-08-14 20:59:30[0m] (step=0438400) Train Loss: 0.0819, Train Steps/Sec: 3.20, Samples/Sec: 51.22
[[34m2025-08-14 21:00:01[0m] (step=0438500) Train Loss: 0.0868, Train Steps/Sec: 3.19, Samples/Sec: 51.08
[[34m2025-08-14 21:00:33[0m] (step=0438600) Train Loss: 0.0910, Train Steps/Sec: 3.15, Samples/Sec: 50.36
[[34m2025-08-14 21:01:04[0m] (step=0438700) Train Loss: 0.0872, Train Steps/Sec: 3.19, Samples/Sec: 51.05
[[34m2025-08-14 21:01:35[0m] (step=0438800) Train Loss: 0.0988, Train Steps/Sec: 3.21, Samples/Sec: 51.36
[[34m2025-08-14 21:02:06[0m] (step=0438900) Train Loss: 0.0878, Train Steps/Sec: 3.23, Samples/Sec: 51.65
[[34m2025-08-14 21:02:39[0m] (step=0439000) Train Loss: 0.0867, Train Steps/Sec: 3.03, Samples/Sec: 48.44
[[34m2025-08-14 21:03:11[0m] (step=0439100) Train Loss: 0.0953, Train Steps/Sec: 3.18, Samples/Sec: 50.87
[[34m2025-08-14 21:03:43[0m] (step=0439200) Train Loss: 0.0829, Train Steps/Sec: 3.07, Samples/Sec: 49.10
[[34m2025-08-14 21:04:14[0m] (step=0439300) Train Loss: 0.0836, Train Steps/Sec: 3.21, Samples/Sec: 51.33
[[34m2025-08-14 21:04:45[0m] (step=0439400) Train Loss: 0.0913, Train Steps/Sec: 3.23, Samples/Sec: 51.74
[[34m2025-08-14 21:05:17[0m] (step=0439500) Train Loss: 0.0845, Train Steps/Sec: 3.21, Samples/Sec: 51.30
[[34m2025-08-14 21:05:48[0m] (step=0439600) Train Loss: 0.0929, Train Steps/Sec: 3.20, Samples/Sec: 51.15
[[34m2025-08-14 21:06:19[0m] (step=0439700) Train Loss: 0.0838, Train Steps/Sec: 3.20, Samples/Sec: 51.20
[[34m2025-08-14 21:06:50[0m] (step=0439800) Train Loss: 0.0883, Train Steps/Sec: 3.19, Samples/Sec: 50.99
[[34m2025-08-14 21:07:22[0m] (step=0439900) Train Loss: 0.0805, Train Steps/Sec: 3.19, Samples/Sec: 51.10
[[34m2025-08-14 21:07:53[0m] (step=0440000) Train Loss: 0.1005, Train Steps/Sec: 3.21, Samples/Sec: 51.37
Using cache found in ./models/facebookresearch_dino_main
Using cache found in ./models/facebookresearch_dino_main
Using cache found in ./models/facebookresearch_dino_main
[[34m2025-08-14 21:08:11[0m] Saved checkpoint to logs/nwm_cdit_airvln_v6_1/checkpoints/latest.pth.tar
Using cache found in ./models/facebookresearch_dino_main
[[34m2025-08-14 21:08:15[0m] Already found a `peft_config` attribute in the model. This will lead to having multiple adapters in the model. Make sure to know what you are doing!
[[34m2025-08-14 21:09:40[0m] (step=0440000) Perceptual Loss: 0.1590, Eval Time: 88.58
[[34m2025-08-14 21:10:12[0m] (step=0440100) Train Loss: 0.0828, Train Steps/Sec: 0.72, Samples/Sec: 11.52
[[34m2025-08-14 21:10:43[0m] (step=0440200) Train Loss: 0.0899, Train Steps/Sec: 3.25, Samples/Sec: 51.98
[[34m2025-08-14 21:11:14[0m] (step=0440300) Train Loss: 0.0774, Train Steps/Sec: 3.21, Samples/Sec: 51.30
[[34m2025-08-14 21:11:46[0m] (step=0440400) Train Loss: 0.0794, Train Steps/Sec: 3.14, Samples/Sec: 50.30
[[34m2025-08-14 21:12:17[0m] (step=0440500) Train Loss: 0.0877, Train Steps/Sec: 3.20, Samples/Sec: 51.20
[[34m2025-08-14 21:12:48[0m] (step=0440600) Train Loss: 0.0880, Train Steps/Sec: 3.20, Samples/Sec: 51.19
[[34m2025-08-14 21:13:20[0m] (step=0440700) Train Loss: 0.0858, Train Steps/Sec: 3.16, Samples/Sec: 50.53
[[34m2025-08-14 21:13:52[0m] (step=0440800) Train Loss: 0.0893, Train Steps/Sec: 3.15, Samples/Sec: 50.37
[[34m2025-08-14 21:14:23[0m] (step=0440900) Train Loss: 0.0861, Train Steps/Sec: 3.16, Samples/Sec: 50.60
[[34m2025-08-14 21:14:56[0m] (step=0441000) Train Loss: 0.0952, Train Steps/Sec: 3.08, Samples/Sec: 49.25
[[34m2025-08-14 21:15:28[0m] (step=0441100) Train Loss: 0.0920, Train Steps/Sec: 3.09, Samples/Sec: 49.39
[[34m2025-08-14 21:16:00[0m] (step=0441200) Train Loss: 0.0844, Train Steps/Sec: 3.15, Samples/Sec: 50.44
[[34m2025-08-14 21:16:31[0m] (step=0441300) Train Loss: 0.0913, Train Steps/Sec: 3.21, Samples/Sec: 51.36
[[34m2025-08-14 21:17:02[0m] (step=0441400) Train Loss: 0.0869, Train Steps/Sec: 3.20, Samples/Sec: 51.22
[[34m2025-08-14 21:17:34[0m] (step=0441500) Train Loss: 0.0808, Train Steps/Sec: 3.18, Samples/Sec: 50.85
[[34m2025-08-14 21:18:04[0m] (step=0441600) Train Loss: 0.0831, Train Steps/Sec: 3.27, Samples/Sec: 52.33
[[34m2025-08-14 21:18:36[0m] (step=0441700) Train Loss: 0.0863, Train Steps/Sec: 3.17, Samples/Sec: 50.67
[[34m2025-08-14 21:19:07[0m] (step=0441800) Train Loss: 0.0882, Train Steps/Sec: 3.21, Samples/Sec: 51.36
[[34m2025-08-14 21:19:38[0m] (step=0441900) Train Loss: 0.0834, Train Steps/Sec: 3.22, Samples/Sec: 51.55
[[34m2025-08-14 21:20:09[0m] (step=0442000) Train Loss: 0.0878, Train Steps/Sec: 3.26, Samples/Sec: 52.16
[[34m2025-08-14 21:20:40[0m] (step=0442100) Train Loss: 0.0893, Train Steps/Sec: 3.20, Samples/Sec: 51.22
[[34m2025-08-14 21:21:11[0m] (step=0442200) Train Loss: 0.0866, Train Steps/Sec: 3.27, Samples/Sec: 52.28
[[34m2025-08-14 21:21:43[0m] (step=0442300) Train Loss: 0.0974, Train Steps/Sec: 3.06, Samples/Sec: 48.90
[[34m2025-08-14 21:22:14[0m] (step=0442400) Train Loss: 0.0898, Train Steps/Sec: 3.26, Samples/Sec: 52.10
[[34m2025-08-14 21:22:46[0m] (step=0442500) Train Loss: 0.0914, Train Steps/Sec: 3.16, Samples/Sec: 50.57
[[34m2025-08-14 21:23:17[0m] (step=0442600) Train Loss: 0.0805, Train Steps/Sec: 3.23, Samples/Sec: 51.71
[[34m2025-08-14 21:23:48[0m] (step=0442700) Train Loss: 0.0894, Train Steps/Sec: 3.21, Samples/Sec: 51.30
[[34m2025-08-14 21:24:19[0m] (step=0442800) Train Loss: 0.0832, Train Steps/Sec: 3.20, Samples/Sec: 51.18
[[34m2025-08-14 21:24:51[0m] (step=0442900) Train Loss: 0.0856, Train Steps/Sec: 3.15, Samples/Sec: 50.43
[[34m2025-08-14 21:25:22[0m] (step=0443000) Train Loss: 0.0904, Train Steps/Sec: 3.21, Samples/Sec: 51.39
[[34m2025-08-14 21:25:54[0m] (step=0443100) Train Loss: 0.0897, Train Steps/Sec: 3.17, Samples/Sec: 50.78
[[34m2025-08-14 21:26:25[0m] (step=0443200) Train Loss: 0.0851, Train Steps/Sec: 3.19, Samples/Sec: 51.03
[[34m2025-08-14 21:26:56[0m] (step=0443300) Train Loss: 0.0823, Train Steps/Sec: 3.19, Samples/Sec: 51.05
[[34m2025-08-14 21:27:27[0m] (step=0443400) Train Loss: 0.0919, Train Steps/Sec: 3.27, Samples/Sec: 52.26
[[34m2025-08-14 21:27:57[0m] (step=0443500) Train Loss: 0.0872, Train Steps/Sec: 3.27, Samples/Sec: 52.37
[[34m2025-08-14 21:28:28[0m] (step=0443600) Train Loss: 0.0860, Train Steps/Sec: 3.25, Samples/Sec: 52.03
[[34m2025-08-14 21:28:59[0m] (step=0443700) Train Loss: 0.0869, Train Steps/Sec: 3.22, Samples/Sec: 51.50
[[34m2025-08-14 21:29:31[0m] (step=0443800) Train Loss: 0.0843, Train Steps/Sec: 3.19, Samples/Sec: 51.08
[[34m2025-08-14 21:30:02[0m] (step=0443900) Train Loss: 0.0958, Train Steps/Sec: 3.16, Samples/Sec: 50.61
[[34m2025-08-14 21:30:33[0m] (step=0444000) Train Loss: 0.0832, Train Steps/Sec: 3.20, Samples/Sec: 51.26
[[34m2025-08-14 21:31:04[0m] (step=0444100) Train Loss: 0.0840, Train Steps/Sec: 3.23, Samples/Sec: 51.63
[[34m2025-08-14 21:31:36[0m] (step=0444200) Train Loss: 0.0971, Train Steps/Sec: 3.21, Samples/Sec: 51.35
[[34m2025-08-14 21:32:07[0m] (step=0444300) Train Loss: 0.0908, Train Steps/Sec: 3.17, Samples/Sec: 50.78
[[34m2025-08-14 21:32:39[0m] (step=0444400) Train Loss: 0.0908, Train Steps/Sec: 3.18, Samples/Sec: 50.94
[[34m2025-08-14 21:33:10[0m] (step=0444500) Train Loss: 0.0844, Train Steps/Sec: 3.18, Samples/Sec: 50.90
[[34m2025-08-14 21:33:41[0m] (step=0444600) Train Loss: 0.0814, Train Steps/Sec: 3.22, Samples/Sec: 51.45
[[34m2025-08-14 21:34:12[0m] (step=0444700) Train Loss: 0.0887, Train Steps/Sec: 3.26, Samples/Sec: 52.17
[[34m2025-08-14 21:34:43[0m] (step=0444800) Train Loss: 0.0900, Train Steps/Sec: 3.20, Samples/Sec: 51.12
[[34m2025-08-14 21:35:14[0m] (step=0444900) Train Loss: 0.0884, Train Steps/Sec: 3.23, Samples/Sec: 51.65
[[34m2025-08-14 21:35:46[0m] (step=0445000) Train Loss: 0.0877, Train Steps/Sec: 3.12, Samples/Sec: 49.99
[[34m2025-08-14 21:36:17[0m] (step=0445100) Train Loss: 0.0910, Train Steps/Sec: 3.19, Samples/Sec: 51.06
[[34m2025-08-14 21:36:49[0m] (step=0445200) Train Loss: 0.0861, Train Steps/Sec: 3.19, Samples/Sec: 51.03
[[34m2025-08-14 21:37:20[0m] (step=0445300) Train Loss: 0.0813, Train Steps/Sec: 3.18, Samples/Sec: 50.90
[[34m2025-08-14 21:37:52[0m] (step=0445400) Train Loss: 0.0806, Train Steps/Sec: 3.16, Samples/Sec: 50.58
[[34m2025-08-14 21:38:23[0m] (step=0445500) Train Loss: 0.0832, Train Steps/Sec: 3.18, Samples/Sec: 50.86
[[34m2025-08-14 21:38:56[0m] (step=0445600) Train Loss: 0.0875, Train Steps/Sec: 3.10, Samples/Sec: 49.60
[[34m2025-08-14 21:39:27[0m] (step=0445700) Train Loss: 0.0831, Train Steps/Sec: 3.14, Samples/Sec: 50.28
[[34m2025-08-14 21:39:59[0m] (step=0445800) Train Loss: 0.0877, Train Steps/Sec: 3.16, Samples/Sec: 50.50
[[34m2025-08-14 21:40:31[0m] (step=0445900) Train Loss: 0.0917, Train Steps/Sec: 3.17, Samples/Sec: 50.80
[[34m2025-08-14 21:41:01[0m] (step=0446000) Train Loss: 0.0917, Train Steps/Sec: 3.24, Samples/Sec: 51.90
[[34m2025-08-14 21:41:32[0m] (step=0446100) Train Loss: 0.0815, Train Steps/Sec: 3.23, Samples/Sec: 51.69
[[34m2025-08-14 21:42:04[0m] (step=0446200) Train Loss: 0.0832, Train Steps/Sec: 3.19, Samples/Sec: 50.97
[[34m2025-08-14 21:42:36[0m] (step=0446300) Train Loss: 0.0895, Train Steps/Sec: 3.07, Samples/Sec: 49.17
[[34m2025-08-14 21:43:08[0m] (step=0446400) Train Loss: 0.0850, Train Steps/Sec: 3.20, Samples/Sec: 51.19
[[34m2025-08-14 21:43:40[0m] (step=0446500) Train Loss: 0.0888, Train Steps/Sec: 3.12, Samples/Sec: 49.97
[[34m2025-08-14 21:44:11[0m] (step=0446600) Train Loss: 0.0820, Train Steps/Sec: 3.19, Samples/Sec: 51.04
[[34m2025-08-14 21:44:43[0m] (step=0446700) Train Loss: 0.0806, Train Steps/Sec: 3.14, Samples/Sec: 50.20
[[34m2025-08-14 21:45:14[0m] (step=0446800) Train Loss: 0.0892, Train Steps/Sec: 3.20, Samples/Sec: 51.28
[[34m2025-08-14 21:45:46[0m] (step=0446900) Train Loss: 0.0844, Train Steps/Sec: 3.15, Samples/Sec: 50.33
[[34m2025-08-14 21:46:17[0m] (step=0447000) Train Loss: 0.0856, Train Steps/Sec: 3.23, Samples/Sec: 51.63
[[34m2025-08-14 21:46:48[0m] (step=0447100) Train Loss: 0.0896, Train Steps/Sec: 3.26, Samples/Sec: 52.16
[[34m2025-08-14 21:47:19[0m] (step=0447200) Train Loss: 0.0794, Train Steps/Sec: 3.18, Samples/Sec: 50.84
[[34m2025-08-14 21:47:50[0m] (step=0447300) Train Loss: 0.0824, Train Steps/Sec: 3.23, Samples/Sec: 51.73
[[34m2025-08-14 21:48:21[0m] (step=0447400) Train Loss: 0.0886, Train Steps/Sec: 3.21, Samples/Sec: 51.32
[[34m2025-08-14 21:48:52[0m] (step=0447500) Train Loss: 0.0889, Train Steps/Sec: 3.21, Samples/Sec: 51.28
[[34m2025-08-14 21:49:24[0m] (step=0447600) Train Loss: 0.0814, Train Steps/Sec: 3.19, Samples/Sec: 51.12
[[34m2025-08-14 21:49:55[0m] (step=0447700) Train Loss: 0.0936, Train Steps/Sec: 3.21, Samples/Sec: 51.31
[[34m2025-08-14 21:50:26[0m] (step=0447800) Train Loss: 0.0901, Train Steps/Sec: 3.23, Samples/Sec: 51.74
[[34m2025-08-14 21:50:57[0m] (step=0447900) Train Loss: 0.0887, Train Steps/Sec: 3.20, Samples/Sec: 51.16
[[34m2025-08-14 21:51:28[0m] (step=0448000) Train Loss: 0.0925, Train Steps/Sec: 3.23, Samples/Sec: 51.64
[[34m2025-08-14 21:52:00[0m] (step=0448100) Train Loss: 0.0923, Train Steps/Sec: 3.19, Samples/Sec: 50.99
[[34m2025-08-14 21:52:31[0m] (step=0448200) Train Loss: 0.0841, Train Steps/Sec: 3.18, Samples/Sec: 50.90
[[34m2025-08-14 21:53:03[0m] (step=0448300) Train Loss: 0.0936, Train Steps/Sec: 3.14, Samples/Sec: 50.32
[[34m2025-08-14 21:53:34[0m] (step=0448400) Train Loss: 0.0845, Train Steps/Sec: 3.21, Samples/Sec: 51.31
[[34m2025-08-14 21:54:06[0m] (step=0448500) Train Loss: 0.0864, Train Steps/Sec: 3.16, Samples/Sec: 50.54
[[34m2025-08-14 21:54:37[0m] (step=0448600) Train Loss: 0.0907, Train Steps/Sec: 3.20, Samples/Sec: 51.19
[[34m2025-08-14 21:55:08[0m] (step=0448700) Train Loss: 0.0894, Train Steps/Sec: 3.17, Samples/Sec: 50.76
[[34m2025-08-14 21:55:39[0m] (step=0448800) Train Loss: 0.0900, Train Steps/Sec: 3.27, Samples/Sec: 52.28
[[34m2025-08-14 21:56:10[0m] (step=0448900) Train Loss: 0.0869, Train Steps/Sec: 3.20, Samples/Sec: 51.28
[[34m2025-08-14 21:56:43[0m] (step=0449000) Train Loss: 0.0901, Train Steps/Sec: 3.08, Samples/Sec: 49.35
[[34m2025-08-14 21:57:14[0m] (step=0449100) Train Loss: 0.0875, Train Steps/Sec: 3.20, Samples/Sec: 51.26
[[34m2025-08-14 21:57:46[0m] (step=0449200) Train Loss: 0.0889, Train Steps/Sec: 3.16, Samples/Sec: 50.51
[[34m2025-08-14 21:58:16[0m] (step=0449300) Train Loss: 0.0935, Train Steps/Sec: 3.28, Samples/Sec: 52.46
[[34m2025-08-14 21:58:47[0m] (step=0449400) Train Loss: 0.0881, Train Steps/Sec: 3.19, Samples/Sec: 51.07
[[34m2025-08-14 21:59:18[0m] (step=0449500) Train Loss: 0.0849, Train Steps/Sec: 3.27, Samples/Sec: 52.34
[[34m2025-08-14 21:59:50[0m] (step=0449600) Train Loss: 0.0968, Train Steps/Sec: 3.13, Samples/Sec: 50.13
[[34m2025-08-14 22:00:22[0m] (step=0449700) Train Loss: 0.0800, Train Steps/Sec: 3.16, Samples/Sec: 50.53
[[34m2025-08-14 22:00:53[0m] (step=0449800) Train Loss: 0.1000, Train Steps/Sec: 3.19, Samples/Sec: 51.08
[[34m2025-08-14 22:01:24[0m] (step=0449900) Train Loss: 0.0877, Train Steps/Sec: 3.24, Samples/Sec: 51.92
[[34m2025-08-14 22:01:55[0m] (step=0450000) Train Loss: 0.0936, Train Steps/Sec: 3.21, Samples/Sec: 51.44
Using cache found in ./models/facebookresearch_dino_main
Using cache found in ./models/facebookresearch_dino_main
Using cache found in ./models/facebookresearch_dino_main
[[34m2025-08-14 22:02:18[0m] Saved checkpoint to logs/nwm_cdit_airvln_v6_1/checkpoints/latest.pth.tar
Using cache found in ./models/facebookresearch_dino_main
[[34m2025-08-14 22:02:23[0m] Already found a `peft_config` attribute in the model. This will lead to having multiple adapters in the model. Make sure to know what you are doing!
[[34m2025-08-14 22:03:51[0m] (step=0450000) Perceptual Loss: 0.1898, Eval Time: 93.41
[[34m2025-08-14 22:04:23[0m] (step=0450100) Train Loss: 0.0829, Train Steps/Sec: 0.68, Samples/Sec: 10.80
[[34m2025-08-14 22:04:56[0m] (step=0450200) Train Loss: 0.0841, Train Steps/Sec: 3.02, Samples/Sec: 48.27
[[34m2025-08-14 22:05:28[0m] (step=0450300) Train Loss: 0.0825, Train Steps/Sec: 3.14, Samples/Sec: 50.28
[[34m2025-08-14 22:06:00[0m] (step=0450400) Train Loss: 0.0872, Train Steps/Sec: 3.17, Samples/Sec: 50.73
[[34m2025-08-14 22:06:31[0m] (step=0450500) Train Loss: 0.0893, Train Steps/Sec: 3.19, Samples/Sec: 51.01
[[34m2025-08-14 22:07:03[0m] (step=0450600) Train Loss: 0.0886, Train Steps/Sec: 3.13, Samples/Sec: 50.06
[[34m2025-08-14 22:07:35[0m] (step=0450700) Train Loss: 0.0893, Train Steps/Sec: 3.14, Samples/Sec: 50.21
[[34m2025-08-14 22:08:06[0m] (step=0450800) Train Loss: 0.0850, Train Steps/Sec: 3.17, Samples/Sec: 50.66
[[34m2025-08-14 22:08:38[0m] (step=0450900) Train Loss: 0.0908, Train Steps/Sec: 3.18, Samples/Sec: 50.92
[[34m2025-08-14 22:09:11[0m] (step=0451000) Train Loss: 0.0993, Train Steps/Sec: 3.01, Samples/Sec: 48.12
[[34m2025-08-14 22:09:42[0m] (step=0451100) Train Loss: 0.0828, Train Steps/Sec: 3.18, Samples/Sec: 50.96
[[34m2025-08-14 22:10:14[0m] (step=0451200) Train Loss: 0.0814, Train Steps/Sec: 3.20, Samples/Sec: 51.27
[[34m2025-08-14 22:10:45[0m] (step=0451300) Train Loss: 0.0971, Train Steps/Sec: 3.21, Samples/Sec: 51.44
[[34m2025-08-14 22:11:17[0m] (step=0451400) Train Loss: 0.0810, Train Steps/Sec: 3.15, Samples/Sec: 50.41
[[34m2025-08-14 22:11:49[0m] (step=0451500) Train Loss: 0.0919, Train Steps/Sec: 3.13, Samples/Sec: 50.04
[[34m2025-08-14 22:12:20[0m] (step=0451600) Train Loss: 0.0990, Train Steps/Sec: 3.16, Samples/Sec: 50.55
[[34m2025-08-14 22:12:52[0m] (step=0451700) Train Loss: 0.0844, Train Steps/Sec: 3.18, Samples/Sec: 50.86
[[34m2025-08-14 22:13:23[0m] (step=0451800) Train Loss: 0.0931, Train Steps/Sec: 3.21, Samples/Sec: 51.33
[[34m2025-08-14 22:13:55[0m] (step=0451900) Train Loss: 0.0942, Train Steps/Sec: 3.14, Samples/Sec: 50.24
[[34m2025-08-14 22:14:27[0m] (step=0452000) Train Loss: 0.0825, Train Steps/Sec: 3.09, Samples/Sec: 49.42
[[34m2025-08-14 22:14:59[0m] (step=0452100) Train Loss: 0.0809, Train Steps/Sec: 3.16, Samples/Sec: 50.58
[[34m2025-08-14 22:15:30[0m] (step=0452200) Train Loss: 0.0952, Train Steps/Sec: 3.25, Samples/Sec: 52.04
[[34m2025-08-14 22:16:01[0m] (step=0452300) Train Loss: 0.0951, Train Steps/Sec: 3.21, Samples/Sec: 51.38
[[34m2025-08-14 22:16:32[0m] (step=0452400) Train Loss: 0.0827, Train Steps/Sec: 3.21, Samples/Sec: 51.43
[[34m2025-08-14 22:17:03[0m] (step=0452500) Train Loss: 0.0791, Train Steps/Sec: 3.19, Samples/Sec: 51.09
[[34m2025-08-14 22:17:35[0m] (step=0452600) Train Loss: 0.0908, Train Steps/Sec: 3.10, Samples/Sec: 49.55
[[34m2025-08-14 22:18:06[0m] (step=0452700) Train Loss: 0.0909, Train Steps/Sec: 3.23, Samples/Sec: 51.60
[[34m2025-08-14 22:18:39[0m] (step=0452800) Train Loss: 0.0814, Train Steps/Sec: 3.11, Samples/Sec: 49.71
[[34m2025-08-14 22:19:10[0m] (step=0452900) Train Loss: 0.0866, Train Steps/Sec: 3.18, Samples/Sec: 50.82
[[34m2025-08-14 22:19:42[0m] (step=0453000) Train Loss: 0.0838, Train Steps/Sec: 3.11, Samples/Sec: 49.75
[[34m2025-08-14 22:20:14[0m] (step=0453100) Train Loss: 0.0842, Train Steps/Sec: 3.18, Samples/Sec: 50.84
[[34m2025-08-14 22:20:45[0m] (step=0453200) Train Loss: 0.0780, Train Steps/Sec: 3.19, Samples/Sec: 51.00
[[34m2025-08-14 22:21:17[0m] (step=0453300) Train Loss: 0.0811, Train Steps/Sec: 3.18, Samples/Sec: 50.87
[[34m2025-08-14 22:21:48[0m] (step=0453400) Train Loss: 0.0913, Train Steps/Sec: 3.24, Samples/Sec: 51.78
[[34m2025-08-14 22:22:20[0m] (step=0453500) Train Loss: 0.0802, Train Steps/Sec: 3.07, Samples/Sec: 49.17
[[34m2025-08-14 22:22:51[0m] (step=0453600) Train Loss: 0.0980, Train Steps/Sec: 3.24, Samples/Sec: 51.81
[[34m2025-08-14 22:23:22[0m] (step=0453700) Train Loss: 0.0986, Train Steps/Sec: 3.20, Samples/Sec: 51.22
[[34m2025-08-14 22:23:53[0m] (step=0453800) Train Loss: 0.0821, Train Steps/Sec: 3.24, Samples/Sec: 51.91
[[34m2025-08-14 22:24:24[0m] (step=0453900) Train Loss: 0.0822, Train Steps/Sec: 3.28, Samples/Sec: 52.49
[[34m2025-08-14 22:24:54[0m] (step=0454000) Train Loss: 0.0914, Train Steps/Sec: 3.23, Samples/Sec: 51.75
[[34m2025-08-14 22:25:26[0m] (step=0454100) Train Loss: 0.0890, Train Steps/Sec: 3.17, Samples/Sec: 50.78
[[34m2025-08-14 22:25:57[0m] (step=0454200) Train Loss: 0.0881, Train Steps/Sec: 3.18, Samples/Sec: 50.93
[[34m2025-08-14 22:26:29[0m] (step=0454300) Train Loss: 0.0919, Train Steps/Sec: 3.19, Samples/Sec: 51.08
[[34m2025-08-14 22:27:00[0m] (step=0454400) Train Loss: 0.0937, Train Steps/Sec: 3.16, Samples/Sec: 50.58
[[34m2025-08-14 22:27:32[0m] (step=0454500) Train Loss: 0.0799, Train Steps/Sec: 3.18, Samples/Sec: 50.93
[[34m2025-08-14 22:28:03[0m] (step=0454600) Train Loss: 0.0882, Train Steps/Sec: 3.22, Samples/Sec: 51.53
[[34m2025-08-14 22:28:34[0m] (step=0454700) Train Loss: 0.0843, Train Steps/Sec: 3.20, Samples/Sec: 51.25
[[34m2025-08-14 22:29:05[0m] (step=0454800) Train Loss: 0.0880, Train Steps/Sec: 3.19, Samples/Sec: 51.07
[[34m2025-08-14 22:29:37[0m] (step=0454900) Train Loss: 0.0845, Train Steps/Sec: 3.21, Samples/Sec: 51.40
[[34m2025-08-14 22:30:08[0m] (step=0455000) Train Loss: 0.0832, Train Steps/Sec: 3.20, Samples/Sec: 51.22
[[34m2025-08-14 22:30:39[0m] (step=0455100) Train Loss: 0.0835, Train Steps/Sec: 3.17, Samples/Sec: 50.78
[[34m2025-08-14 22:31:11[0m] (step=0455200) Train Loss: 0.0918, Train Steps/Sec: 3.17, Samples/Sec: 50.80
[[34m2025-08-14 22:31:42[0m] (step=0455300) Train Loss: 0.0785, Train Steps/Sec: 3.20, Samples/Sec: 51.25
[[34m2025-08-14 22:32:13[0m] (step=0455400) Train Loss: 0.0863, Train Steps/Sec: 3.21, Samples/Sec: 51.35
[[34m2025-08-14 22:32:45[0m] (step=0455500) Train Loss: 0.0888, Train Steps/Sec: 3.17, Samples/Sec: 50.76
[[34m2025-08-14 22:33:16[0m] (step=0455600) Train Loss: 0.0888, Train Steps/Sec: 3.20, Samples/Sec: 51.27
[[34m2025-08-14 22:33:47[0m] (step=0455700) Train Loss: 0.0905, Train Steps/Sec: 3.19, Samples/Sec: 51.01
[[34m2025-08-14 22:34:20[0m] (step=0455800) Train Loss: 0.0807, Train Steps/Sec: 3.06, Samples/Sec: 49.02
[[34m2025-08-14 22:34:51[0m] (step=0455900) Train Loss: 0.0875, Train Steps/Sec: 3.17, Samples/Sec: 50.78
[[34m2025-08-14 22:35:24[0m] (step=0456000) Train Loss: 0.0883, Train Steps/Sec: 3.04, Samples/Sec: 48.67
[[34m2025-08-14 22:35:56[0m] (step=0456100) Train Loss: 0.0870, Train Steps/Sec: 3.20, Samples/Sec: 51.16
[[34m2025-08-14 22:36:27[0m] (step=0456200) Train Loss: 0.0950, Train Steps/Sec: 3.23, Samples/Sec: 51.73
[[34m2025-08-14 22:36:58[0m] (step=0456300) Train Loss: 0.0833, Train Steps/Sec: 3.18, Samples/Sec: 50.94
[[34m2025-08-14 22:37:29[0m] (step=0456400) Train Loss: 0.0903, Train Steps/Sec: 3.24, Samples/Sec: 51.89
[[34m2025-08-14 22:38:00[0m] (step=0456500) Train Loss: 0.0911, Train Steps/Sec: 3.24, Samples/Sec: 51.82
[[34m2025-08-14 22:38:31[0m] (step=0456600) Train Loss: 0.0914, Train Steps/Sec: 3.18, Samples/Sec: 50.93
[[34m2025-08-14 22:39:02[0m] (step=0456700) Train Loss: 0.0960, Train Steps/Sec: 3.21, Samples/Sec: 51.36
[[34m2025-08-14 22:39:33[0m] (step=0456800) Train Loss: 0.0871, Train Steps/Sec: 3.21, Samples/Sec: 51.29
[[34m2025-08-14 22:40:05[0m] (step=0456900) Train Loss: 0.0982, Train Steps/Sec: 3.18, Samples/Sec: 50.82
[[34m2025-08-14 22:40:37[0m] (step=0457000) Train Loss: 0.0875, Train Steps/Sec: 3.11, Samples/Sec: 49.82
[[34m2025-08-14 22:41:09[0m] (step=0457100) Train Loss: 0.0840, Train Steps/Sec: 3.18, Samples/Sec: 50.86
[[34m2025-08-14 22:41:40[0m] (step=0457200) Train Loss: 0.0907, Train Steps/Sec: 3.16, Samples/Sec: 50.57
[[34m2025-08-14 22:42:11[0m] (step=0457300) Train Loss: 0.0842, Train Steps/Sec: 3.21, Samples/Sec: 51.40
[[34m2025-08-14 22:42:42[0m] (step=0457400) Train Loss: 0.0909, Train Steps/Sec: 3.22, Samples/Sec: 51.53
[[34m2025-08-14 22:43:14[0m] (step=0457500) Train Loss: 0.0837, Train Steps/Sec: 3.17, Samples/Sec: 50.67
[[34m2025-08-14 22:43:47[0m] (step=0457600) Train Loss: 0.0867, Train Steps/Sec: 3.07, Samples/Sec: 49.16
[[34m2025-08-14 22:44:18[0m] (step=0457700) Train Loss: 0.0887, Train Steps/Sec: 3.21, Samples/Sec: 51.40
[[34m2025-08-14 22:44:49[0m] (step=0457800) Train Loss: 0.0819, Train Steps/Sec: 3.22, Samples/Sec: 51.49
[[34m2025-08-14 22:45:20[0m] (step=0457900) Train Loss: 0.0953, Train Steps/Sec: 3.19, Samples/Sec: 51.03
[[34m2025-08-14 22:45:51[0m] (step=0458000) Train Loss: 0.0879, Train Steps/Sec: 3.22, Samples/Sec: 51.56
[[34m2025-08-14 22:46:22[0m] (step=0458100) Train Loss: 0.0845, Train Steps/Sec: 3.20, Samples/Sec: 51.12
[[34m2025-08-14 22:46:54[0m] (step=0458200) Train Loss: 0.0855, Train Steps/Sec: 3.13, Samples/Sec: 50.10
[[34m2025-08-14 22:47:26[0m] (step=0458300) Train Loss: 0.0834, Train Steps/Sec: 3.18, Samples/Sec: 50.89
[[34m2025-08-14 22:47:57[0m] (step=0458400) Train Loss: 0.0807, Train Steps/Sec: 3.24, Samples/Sec: 51.87
[[34m2025-08-14 22:48:28[0m] (step=0458500) Train Loss: 0.0816, Train Steps/Sec: 3.21, Samples/Sec: 51.35
[[34m2025-08-14 22:48:59[0m] (step=0458600) Train Loss: 0.0816, Train Steps/Sec: 3.24, Samples/Sec: 51.81
[[34m2025-08-14 22:49:30[0m] (step=0458700) Train Loss: 0.0844, Train Steps/Sec: 3.20, Samples/Sec: 51.25
[[34m2025-08-14 22:50:02[0m] (step=0458800) Train Loss: 0.0813, Train Steps/Sec: 3.17, Samples/Sec: 50.65
[[34m2025-08-14 22:50:33[0m] (step=0458900) Train Loss: 0.0882, Train Steps/Sec: 3.20, Samples/Sec: 51.24
[[34m2025-08-14 22:51:05[0m] (step=0459000) Train Loss: 0.0750, Train Steps/Sec: 3.12, Samples/Sec: 49.94
[[34m2025-08-14 22:51:36[0m] (step=0459100) Train Loss: 0.0894, Train Steps/Sec: 3.18, Samples/Sec: 50.88
[[34m2025-08-14 22:52:07[0m] (step=0459200) Train Loss: 0.0870, Train Steps/Sec: 3.21, Samples/Sec: 51.34
[[34m2025-08-14 22:52:40[0m] (step=0459300) Train Loss: 0.0835, Train Steps/Sec: 3.10, Samples/Sec: 49.58
[[34m2025-08-14 22:53:11[0m] (step=0459400) Train Loss: 0.0820, Train Steps/Sec: 3.22, Samples/Sec: 51.52
[[34m2025-08-14 22:53:42[0m] (step=0459500) Train Loss: 0.0862, Train Steps/Sec: 3.18, Samples/Sec: 50.86
[[34m2025-08-14 22:54:13[0m] (step=0459600) Train Loss: 0.0769, Train Steps/Sec: 3.21, Samples/Sec: 51.34
[[34m2025-08-14 22:54:44[0m] (step=0459700) Train Loss: 0.0923, Train Steps/Sec: 3.24, Samples/Sec: 51.84
[[34m2025-08-14 22:55:15[0m] (step=0459800) Train Loss: 0.0867, Train Steps/Sec: 3.24, Samples/Sec: 51.90
[[34m2025-08-14 22:55:46[0m] (step=0459900) Train Loss: 0.0866, Train Steps/Sec: 3.23, Samples/Sec: 51.73
[[34m2025-08-14 22:56:17[0m] (step=0460000) Train Loss: 0.0901, Train Steps/Sec: 3.28, Samples/Sec: 52.42
Using cache found in ./models/facebookresearch_dino_main
Using cache found in ./models/facebookresearch_dino_main
Using cache found in ./models/facebookresearch_dino_main
[[34m2025-08-14 22:56:34[0m] Saved checkpoint to logs/nwm_cdit_airvln_v6_1/checkpoints/latest.pth.tar
Using cache found in ./models/facebookresearch_dino_main
[[34m2025-08-14 22:56:37[0m] Already found a `peft_config` attribute in the model. This will lead to having multiple adapters in the model. Make sure to know what you are doing!
[[34m2025-08-14 22:58:06[0m] (step=0460000) Perceptual Loss: 0.1946, Eval Time: 91.42
[[34m2025-08-14 22:58:37[0m] (step=0460100) Train Loss: 0.0759, Train Steps/Sec: 0.71, Samples/Sec: 11.37
[[34m2025-08-14 22:59:09[0m] (step=0460200) Train Loss: 0.0848, Train Steps/Sec: 3.17, Samples/Sec: 50.65
[[34m2025-08-14 22:59:41[0m] (step=0460300) Train Loss: 0.0981, Train Steps/Sec: 3.16, Samples/Sec: 50.58
[[34m2025-08-14 23:00:13[0m] (step=0460400) Train Loss: 0.1017, Train Steps/Sec: 3.13, Samples/Sec: 50.12
[[34m2025-08-14 23:00:44[0m] (step=0460500) Train Loss: 0.0924, Train Steps/Sec: 3.17, Samples/Sec: 50.68
[[34m2025-08-14 23:01:15[0m] (step=0460600) Train Loss: 0.0840, Train Steps/Sec: 3.20, Samples/Sec: 51.16
[[34m2025-08-14 23:01:47[0m] (step=0460700) Train Loss: 0.0822, Train Steps/Sec: 3.14, Samples/Sec: 50.18
[[34m2025-08-14 23:02:19[0m] (step=0460800) Train Loss: 0.0855, Train Steps/Sec: 3.16, Samples/Sec: 50.59
[[34m2025-08-14 23:02:51[0m] (step=0460900) Train Loss: 0.0916, Train Steps/Sec: 3.13, Samples/Sec: 50.15
[[34m2025-08-14 23:03:22[0m] (step=0461000) Train Loss: 0.0863, Train Steps/Sec: 3.20, Samples/Sec: 51.25
[[34m2025-08-14 23:03:52[0m] (step=0461100) Train Loss: 0.0836, Train Steps/Sec: 3.30, Samples/Sec: 52.75
[[34m2025-08-14 23:04:23[0m] (step=0461200) Train Loss: 0.0848, Train Steps/Sec: 3.23, Samples/Sec: 51.73
[[34m2025-08-14 23:04:55[0m] (step=0461300) Train Loss: 0.0933, Train Steps/Sec: 3.21, Samples/Sec: 51.33
[[34m2025-08-14 23:05:26[0m] (step=0461400) Train Loss: 0.0879, Train Steps/Sec: 3.21, Samples/Sec: 51.34
[[34m2025-08-14 23:05:58[0m] (step=0461500) Train Loss: 0.0886, Train Steps/Sec: 3.14, Samples/Sec: 50.30
[[34m2025-08-14 23:06:29[0m] (step=0461600) Train Loss: 0.0913, Train Steps/Sec: 3.17, Samples/Sec: 50.74
[[34m2025-08-14 23:07:01[0m] (step=0461700) Train Loss: 0.0898, Train Steps/Sec: 3.16, Samples/Sec: 50.63
[[34m2025-08-14 23:07:31[0m] (step=0461800) Train Loss: 0.0836, Train Steps/Sec: 3.25, Samples/Sec: 52.08
[[34m2025-08-14 23:08:02[0m] (step=0461900) Train Loss: 0.0844, Train Steps/Sec: 3.23, Samples/Sec: 51.62
[[34m2025-08-14 23:08:34[0m] (step=0462000) Train Loss: 0.0906, Train Steps/Sec: 3.20, Samples/Sec: 51.15
[[34m2025-08-14 23:09:05[0m] (step=0462100) Train Loss: 0.0875, Train Steps/Sec: 3.22, Samples/Sec: 51.48
[[34m2025-08-14 23:09:36[0m] (step=0462200) Train Loss: 0.0831, Train Steps/Sec: 3.21, Samples/Sec: 51.35
[[34m2025-08-14 23:10:07[0m] (step=0462300) Train Loss: 0.0765, Train Steps/Sec: 3.21, Samples/Sec: 51.33
[[34m2025-08-14 23:10:38[0m] (step=0462400) Train Loss: 0.0777, Train Steps/Sec: 3.21, Samples/Sec: 51.43
[[34m2025-08-14 23:11:10[0m] (step=0462500) Train Loss: 0.0906, Train Steps/Sec: 3.20, Samples/Sec: 51.13
[[34m2025-08-14 23:11:40[0m] (step=0462600) Train Loss: 0.0960, Train Steps/Sec: 3.27, Samples/Sec: 52.35
[[34m2025-08-14 23:12:12[0m] (step=0462700) Train Loss: 0.0903, Train Steps/Sec: 3.19, Samples/Sec: 51.07
[[34m2025-08-14 23:12:44[0m] (step=0462800) Train Loss: 0.0939, Train Steps/Sec: 3.08, Samples/Sec: 49.23
[[34m2025-08-14 23:13:18[0m] (step=0462900) Train Loss: 0.0950, Train Steps/Sec: 2.96, Samples/Sec: 47.40
[[34m2025-08-14 23:13:49[0m] (step=0463000) Train Loss: 0.0843, Train Steps/Sec: 3.24, Samples/Sec: 51.79
[[34m2025-08-14 23:14:20[0m] (step=0463100) Train Loss: 0.0806, Train Steps/Sec: 3.19, Samples/Sec: 51.05
[[34m2025-08-14 23:14:52[0m] (step=0463200) Train Loss: 0.0811, Train Steps/Sec: 3.14, Samples/Sec: 50.21
[[34m2025-08-14 23:15:24[0m] (step=0463300) Train Loss: 0.0837, Train Steps/Sec: 3.14, Samples/Sec: 50.26
[[34m2025-08-14 23:15:55[0m] (step=0463400) Train Loss: 0.0996, Train Steps/Sec: 3.21, Samples/Sec: 51.30
[[34m2025-08-14 23:16:26[0m] (step=0463500) Train Loss: 0.0891, Train Steps/Sec: 3.18, Samples/Sec: 50.88
[[34m2025-08-14 23:16:58[0m] (step=0463600) Train Loss: 0.0914, Train Steps/Sec: 3.20, Samples/Sec: 51.16
[[34m2025-08-14 23:17:29[0m] (step=0463700) Train Loss: 0.0849, Train Steps/Sec: 3.17, Samples/Sec: 50.66
[[34m2025-08-14 23:18:01[0m] (step=0463800) Train Loss: 0.0875, Train Steps/Sec: 3.14, Samples/Sec: 50.23
[[34m2025-08-14 23:18:32[0m] (step=0463900) Train Loss: 0.0827, Train Steps/Sec: 3.21, Samples/Sec: 51.39
[[34m2025-08-14 23:19:04[0m] (step=0464000) Train Loss: 0.0869, Train Steps/Sec: 3.19, Samples/Sec: 51.03
[[34m2025-08-14 23:19:35[0m] (step=0464100) Train Loss: 0.0879, Train Steps/Sec: 3.21, Samples/Sec: 51.32
[[34m2025-08-14 23:20:06[0m] (step=0464200) Train Loss: 0.0831, Train Steps/Sec: 3.20, Samples/Sec: 51.24
[[34m2025-08-14 23:20:37[0m] (step=0464300) Train Loss: 0.0894, Train Steps/Sec: 3.22, Samples/Sec: 51.45
[[34m2025-08-14 23:21:08[0m] (step=0464400) Train Loss: 0.0836, Train Steps/Sec: 3.22, Samples/Sec: 51.44
[[34m2025-08-14 23:21:39[0m] (step=0464500) Train Loss: 0.0841, Train Steps/Sec: 3.25, Samples/Sec: 52.05
[[34m2025-08-14 23:22:10[0m] (step=0464600) Train Loss: 0.0832, Train Steps/Sec: 3.21, Samples/Sec: 51.44
[[34m2025-08-14 23:22:41[0m] (step=0464700) Train Loss: 0.0939, Train Steps/Sec: 3.20, Samples/Sec: 51.28
[[34m2025-08-14 23:23:12[0m] (step=0464800) Train Loss: 0.0907, Train Steps/Sec: 3.22, Samples/Sec: 51.50
[[34m2025-08-14 23:23:43[0m] (step=0464900) Train Loss: 0.0839, Train Steps/Sec: 3.24, Samples/Sec: 51.78
[[34m2025-08-14 23:24:14[0m] (step=0465000) Train Loss: 0.0797, Train Steps/Sec: 3.26, Samples/Sec: 52.24
[[34m2025-08-14 23:24:45[0m] (step=0465100) Train Loss: 0.0808, Train Steps/Sec: 3.24, Samples/Sec: 51.85
[[34m2025-08-14 23:25:17[0m] (step=0465200) Train Loss: 0.0834, Train Steps/Sec: 3.15, Samples/Sec: 50.48
[[34m2025-08-14 23:25:47[0m] (step=0465300) Train Loss: 0.0856, Train Steps/Sec: 3.25, Samples/Sec: 52.07
[[34m2025-08-14 23:26:18[0m] (step=0465400) Train Loss: 0.0873, Train Steps/Sec: 3.25, Samples/Sec: 51.96
[[34m2025-08-14 23:26:49[0m] (step=0465500) Train Loss: 0.0880, Train Steps/Sec: 3.23, Samples/Sec: 51.70
[[34m2025-08-14 23:27:20[0m] (step=0465600) Train Loss: 0.0796, Train Steps/Sec: 3.21, Samples/Sec: 51.37
[[34m2025-08-14 23:27:52[0m] (step=0465700) Train Loss: 0.0790, Train Steps/Sec: 3.18, Samples/Sec: 50.90
[[34m2025-08-14 23:28:23[0m] (step=0465800) Train Loss: 0.0824, Train Steps/Sec: 3.22, Samples/Sec: 51.47
[[34m2025-08-14 23:28:54[0m] (step=0465900) Train Loss: 0.0873, Train Steps/Sec: 3.20, Samples/Sec: 51.19
[[34m2025-08-14 23:29:25[0m] (step=0466000) Train Loss: 0.0823, Train Steps/Sec: 3.18, Samples/Sec: 50.89
[[34m2025-08-14 23:29:57[0m] (step=0466100) Train Loss: 0.0859, Train Steps/Sec: 3.22, Samples/Sec: 51.48
[[34m2025-08-14 23:30:28[0m] (step=0466200) Train Loss: 0.0939, Train Steps/Sec: 3.21, Samples/Sec: 51.31
[[34m2025-08-14 23:30:59[0m] (step=0466300) Train Loss: 0.0901, Train Steps/Sec: 3.16, Samples/Sec: 50.52
[[34m2025-08-14 23:31:30[0m] (step=0466400) Train Loss: 0.0871, Train Steps/Sec: 3.22, Samples/Sec: 51.59
[[34m2025-08-14 23:32:01[0m] (step=0466500) Train Loss: 0.0825, Train Steps/Sec: 3.29, Samples/Sec: 52.65
[[34m2025-08-14 23:32:32[0m] (step=0466600) Train Loss: 0.0876, Train Steps/Sec: 3.22, Samples/Sec: 51.56
[[34m2025-08-14 23:33:03[0m] (step=0466700) Train Loss: 0.0858, Train Steps/Sec: 3.16, Samples/Sec: 50.56
[[34m2025-08-14 23:33:35[0m] (step=0466800) Train Loss: 0.0801, Train Steps/Sec: 3.20, Samples/Sec: 51.24
[[34m2025-08-14 23:34:06[0m] (step=0466900) Train Loss: 0.0856, Train Steps/Sec: 3.23, Samples/Sec: 51.73
[[34m2025-08-14 23:34:37[0m] (step=0467000) Train Loss: 0.0894, Train Steps/Sec: 3.24, Samples/Sec: 51.78
[[34m2025-08-14 23:35:07[0m] (step=0467100) Train Loss: 0.0865, Train Steps/Sec: 3.27, Samples/Sec: 52.31
[[34m2025-08-14 23:35:39[0m] (step=0467200) Train Loss: 0.0910, Train Steps/Sec: 3.18, Samples/Sec: 50.92
[[34m2025-08-14 23:36:10[0m] (step=0467300) Train Loss: 0.0814, Train Steps/Sec: 3.20, Samples/Sec: 51.19
[[34m2025-08-14 23:36:41[0m] (step=0467400) Train Loss: 0.0860, Train Steps/Sec: 3.18, Samples/Sec: 50.92
[[34m2025-08-14 23:37:13[0m] (step=0467500) Train Loss: 0.0820, Train Steps/Sec: 3.20, Samples/Sec: 51.16
[[34m2025-08-14 23:37:44[0m] (step=0467600) Train Loss: 0.0872, Train Steps/Sec: 3.16, Samples/Sec: 50.63
[[34m2025-08-14 23:38:15[0m] (step=0467700) Train Loss: 0.0909, Train Steps/Sec: 3.28, Samples/Sec: 52.40
[[34m2025-08-14 23:38:46[0m] (step=0467800) Train Loss: 0.0815, Train Steps/Sec: 3.21, Samples/Sec: 51.42
[[34m2025-08-14 23:39:18[0m] (step=0467900) Train Loss: 0.0968, Train Steps/Sec: 3.09, Samples/Sec: 49.37
[[34m2025-08-14 23:39:49[0m] (step=0468000) Train Loss: 0.0842, Train Steps/Sec: 3.23, Samples/Sec: 51.72
[[34m2025-08-14 23:40:21[0m] (step=0468100) Train Loss: 0.0846, Train Steps/Sec: 3.18, Samples/Sec: 50.95
[[34m2025-08-14 23:40:52[0m] (step=0468200) Train Loss: 0.0853, Train Steps/Sec: 3.15, Samples/Sec: 50.40
[[34m2025-08-14 23:41:24[0m] (step=0468300) Train Loss: 0.0934, Train Steps/Sec: 3.19, Samples/Sec: 51.03
[[34m2025-08-14 23:41:55[0m] (step=0468400) Train Loss: 0.0853, Train Steps/Sec: 3.21, Samples/Sec: 51.30
[[34m2025-08-14 23:42:27[0m] (step=0468500) Train Loss: 0.0871, Train Steps/Sec: 3.13, Samples/Sec: 50.06
[[34m2025-08-14 23:42:58[0m] (step=0468600) Train Loss: 0.0838, Train Steps/Sec: 3.19, Samples/Sec: 51.11
[[34m2025-08-14 23:43:31[0m] (step=0468700) Train Loss: 0.0873, Train Steps/Sec: 3.08, Samples/Sec: 49.28
[[34m2025-08-14 23:44:02[0m] (step=0468800) Train Loss: 0.0885, Train Steps/Sec: 3.24, Samples/Sec: 51.79
[[34m2025-08-14 23:44:33[0m] (step=0468900) Train Loss: 0.0842, Train Steps/Sec: 3.23, Samples/Sec: 51.63
[[34m2025-08-14 23:45:04[0m] (step=0469000) Train Loss: 0.0897, Train Steps/Sec: 3.18, Samples/Sec: 50.87
[[34m2025-08-14 23:45:35[0m] (step=0469100) Train Loss: 0.0812, Train Steps/Sec: 3.21, Samples/Sec: 51.30
[[34m2025-08-14 23:46:07[0m] (step=0469200) Train Loss: 0.0959, Train Steps/Sec: 3.16, Samples/Sec: 50.56
[[34m2025-08-14 23:46:39[0m] (step=0469300) Train Loss: 0.0865, Train Steps/Sec: 3.12, Samples/Sec: 49.90
[[34m2025-08-14 23:47:11[0m] (step=0469400) Train Loss: 0.0903, Train Steps/Sec: 3.13, Samples/Sec: 50.15
[[34m2025-08-14 23:47:42[0m] (step=0469500) Train Loss: 0.0826, Train Steps/Sec: 3.23, Samples/Sec: 51.68
[[34m2025-08-14 23:48:13[0m] (step=0469600) Train Loss: 0.0824, Train Steps/Sec: 3.19, Samples/Sec: 51.09
[[34m2025-08-14 23:48:44[0m] (step=0469700) Train Loss: 0.0871, Train Steps/Sec: 3.21, Samples/Sec: 51.30
[[34m2025-08-14 23:49:16[0m] (step=0469800) Train Loss: 0.0882, Train Steps/Sec: 3.13, Samples/Sec: 50.09
[[34m2025-08-14 23:49:48[0m] (step=0469900) Train Loss: 0.0861, Train Steps/Sec: 3.18, Samples/Sec: 50.82
[[34m2025-08-14 23:50:20[0m] (step=0470000) Train Loss: 0.0882, Train Steps/Sec: 3.11, Samples/Sec: 49.76
Using cache found in ./models/facebookresearch_dino_main
Using cache found in ./models/facebookresearch_dino_main
Using cache found in ./models/facebookresearch_dino_main
[[34m2025-08-14 23:50:41[0m] Saved checkpoint to logs/nwm_cdit_airvln_v6_1/checkpoints/latest.pth.tar
Using cache found in ./models/facebookresearch_dino_main
[[34m2025-08-14 23:50:47[0m] Already found a `peft_config` attribute in the model. This will lead to having multiple adapters in the model. Make sure to know what you are doing!
[[34m2025-08-14 23:52:13[0m] (step=0470000) Perceptual Loss: 0.2033, Eval Time: 92.24
[[34m2025-08-14 23:52:45[0m] (step=0470100) Train Loss: 0.0781, Train Steps/Sec: 0.69, Samples/Sec: 11.07
[[34m2025-08-14 23:53:16[0m] (step=0470200) Train Loss: 0.0830, Train Steps/Sec: 3.17, Samples/Sec: 50.78
[[34m2025-08-14 23:53:47[0m] (step=0470300) Train Loss: 0.0871, Train Steps/Sec: 3.20, Samples/Sec: 51.19
[[34m2025-08-14 23:54:18[0m] (step=0470400) Train Loss: 0.0822, Train Steps/Sec: 3.25, Samples/Sec: 51.94
[[34m2025-08-14 23:54:50[0m] (step=0470500) Train Loss: 0.0913, Train Steps/Sec: 3.09, Samples/Sec: 49.48
[[34m2025-08-14 23:55:22[0m] (step=0470600) Train Loss: 0.0872, Train Steps/Sec: 3.19, Samples/Sec: 51.07
[[34m2025-08-14 23:55:53[0m] (step=0470700) Train Loss: 0.0851, Train Steps/Sec: 3.20, Samples/Sec: 51.14
[[34m2025-08-14 23:56:24[0m] (step=0470800) Train Loss: 0.0868, Train Steps/Sec: 3.20, Samples/Sec: 51.16
[[34m2025-08-14 23:56:56[0m] (step=0470900) Train Loss: 0.0918, Train Steps/Sec: 3.21, Samples/Sec: 51.35
[[34m2025-08-14 23:57:25[0m] (step=0471000) Train Loss: 0.0842, Train Steps/Sec: 3.34, Samples/Sec: 53.52
[[34m2025-08-14 23:57:56[0m] (step=0471100) Train Loss: 0.0820, Train Steps/Sec: 3.26, Samples/Sec: 52.12
[[34m2025-08-14 23:58:27[0m] (step=0471200) Train Loss: 0.0889, Train Steps/Sec: 3.20, Samples/Sec: 51.25
[[34m2025-08-14 23:58:59[0m] (step=0471300) Train Loss: 0.0771, Train Steps/Sec: 3.16, Samples/Sec: 50.50
[[34m2025-08-14 23:59:29[0m] (step=0471400) Train Loss: 0.0862, Train Steps/Sec: 3.32, Samples/Sec: 53.08
[[34m2025-08-15 00:00:01[0m] (step=0471500) Train Loss: 0.0848, Train Steps/Sec: 3.18, Samples/Sec: 50.90
[[34m2025-08-15 00:00:32[0m] (step=0471600) Train Loss: 0.0869, Train Steps/Sec: 3.22, Samples/Sec: 51.52
[[34m2025-08-15 00:01:03[0m] (step=0471700) Train Loss: 0.0879, Train Steps/Sec: 3.21, Samples/Sec: 51.39
[[34m2025-08-15 00:01:34[0m] (step=0471800) Train Loss: 0.0848, Train Steps/Sec: 3.22, Samples/Sec: 51.49
[[34m2025-08-15 00:02:06[0m] (step=0471900) Train Loss: 0.0854, Train Steps/Sec: 3.13, Samples/Sec: 50.13
[[34m2025-08-15 00:02:37[0m] (step=0472000) Train Loss: 0.0876, Train Steps/Sec: 3.20, Samples/Sec: 51.13
[[34m2025-08-15 00:03:08[0m] (step=0472100) Train Loss: 0.0809, Train Steps/Sec: 3.21, Samples/Sec: 51.37
[[34m2025-08-15 00:03:40[0m] (step=0472200) Train Loss: 0.0883, Train Steps/Sec: 3.15, Samples/Sec: 50.41
[[34m2025-08-15 00:04:11[0m] (step=0472300) Train Loss: 0.0773, Train Steps/Sec: 3.23, Samples/Sec: 51.73
[[34m2025-08-15 00:04:42[0m] (step=0472400) Train Loss: 0.0906, Train Steps/Sec: 3.20, Samples/Sec: 51.25
[[34m2025-08-15 00:05:14[0m] (step=0472500) Train Loss: 0.0922, Train Steps/Sec: 3.20, Samples/Sec: 51.17
[[34m2025-08-15 00:05:44[0m] (step=0472600) Train Loss: 0.0877, Train Steps/Sec: 3.25, Samples/Sec: 51.94
[[34m2025-08-15 00:06:16[0m] (step=0472700) Train Loss: 0.0982, Train Steps/Sec: 3.21, Samples/Sec: 51.32
[[34m2025-08-15 00:06:47[0m] (step=0472800) Train Loss: 0.0909, Train Steps/Sec: 3.22, Samples/Sec: 51.56
[[34m2025-08-15 00:07:18[0m] (step=0472900) Train Loss: 0.0878, Train Steps/Sec: 3.21, Samples/Sec: 51.43
[[34m2025-08-15 00:07:49[0m] (step=0473000) Train Loss: 0.0816, Train Steps/Sec: 3.16, Samples/Sec: 50.51
[[34m2025-08-15 00:08:20[0m] (step=0473100) Train Loss: 0.0777, Train Steps/Sec: 3.22, Samples/Sec: 51.45
[[34m2025-08-15 00:08:52[0m] (step=0473200) Train Loss: 0.0958, Train Steps/Sec: 3.15, Samples/Sec: 50.44
[[34m2025-08-15 00:09:24[0m] (step=0473300) Train Loss: 0.0857, Train Steps/Sec: 3.12, Samples/Sec: 50.00
[[34m2025-08-15 00:09:56[0m] (step=0473400) Train Loss: 0.0906, Train Steps/Sec: 3.14, Samples/Sec: 50.26
[[34m2025-08-15 00:10:28[0m] (step=0473500) Train Loss: 0.0914, Train Steps/Sec: 3.13, Samples/Sec: 50.01
[[34m2025-08-15 00:10:59[0m] (step=0473600) Train Loss: 0.0862, Train Steps/Sec: 3.22, Samples/Sec: 51.56
[[34m2025-08-15 00:11:30[0m] (step=0473700) Train Loss: 0.0812, Train Steps/Sec: 3.21, Samples/Sec: 51.40
[[34m2025-08-15 00:12:02[0m] (step=0473800) Train Loss: 0.0824, Train Steps/Sec: 3.20, Samples/Sec: 51.24
[[34m2025-08-15 00:12:34[0m] (step=0473900) Train Loss: 0.0879, Train Steps/Sec: 3.05, Samples/Sec: 48.78
[[34m2025-08-15 00:13:06[0m] (step=0474000) Train Loss: 0.0901, Train Steps/Sec: 3.15, Samples/Sec: 50.45
[[34m2025-08-15 00:13:37[0m] (step=0474100) Train Loss: 0.0871, Train Steps/Sec: 3.21, Samples/Sec: 51.40
[[34m2025-08-15 00:14:09[0m] (step=0474200) Train Loss: 0.0897, Train Steps/Sec: 3.16, Samples/Sec: 50.49
[[34m2025-08-15 00:14:40[0m] (step=0474300) Train Loss: 0.0844, Train Steps/Sec: 3.24, Samples/Sec: 51.87
[[34m2025-08-15 00:15:11[0m] (step=0474400) Train Loss: 0.0866, Train Steps/Sec: 3.24, Samples/Sec: 51.91
[[34m2025-08-15 00:15:42[0m] (step=0474500) Train Loss: 0.0852, Train Steps/Sec: 3.17, Samples/Sec: 50.73
[[34m2025-08-15 00:16:15[0m] (step=0474600) Train Loss: 0.0831, Train Steps/Sec: 3.00, Samples/Sec: 47.98
[[34m2025-08-15 00:16:47[0m] (step=0474700) Train Loss: 0.0844, Train Steps/Sec: 3.16, Samples/Sec: 50.62
[[34m2025-08-15 00:17:19[0m] (step=0474800) Train Loss: 0.0863, Train Steps/Sec: 3.18, Samples/Sec: 50.90
[[34m2025-08-15 00:17:51[0m] (step=0474900) Train Loss: 0.0819, Train Steps/Sec: 3.10, Samples/Sec: 49.64
[[34m2025-08-15 00:18:23[0m] (step=0475000) Train Loss: 0.0827, Train Steps/Sec: 3.12, Samples/Sec: 49.99
[[34m2025-08-15 00:18:54[0m] (step=0475100) Train Loss: 0.0861, Train Steps/Sec: 3.24, Samples/Sec: 51.85
[[34m2025-08-15 00:19:25[0m] (step=0475200) Train Loss: 0.0854, Train Steps/Sec: 3.21, Samples/Sec: 51.36
[[34m2025-08-15 00:19:58[0m] (step=0475300) Train Loss: 0.0849, Train Steps/Sec: 3.00, Samples/Sec: 48.01
[[34m2025-08-15 00:20:30[0m] (step=0475400) Train Loss: 0.0724, Train Steps/Sec: 3.19, Samples/Sec: 51.08
[[34m2025-08-15 00:21:01[0m] (step=0475500) Train Loss: 0.0842, Train Steps/Sec: 3.16, Samples/Sec: 50.54
[[34m2025-08-15 00:21:32[0m] (step=0475600) Train Loss: 0.0805, Train Steps/Sec: 3.25, Samples/Sec: 52.00
[[34m2025-08-15 00:22:03[0m] (step=0475700) Train Loss: 0.0872, Train Steps/Sec: 3.25, Samples/Sec: 52.06
[[34m2025-08-15 00:22:34[0m] (step=0475800) Train Loss: 0.0795, Train Steps/Sec: 3.24, Samples/Sec: 51.76
[[34m2025-08-15 00:23:05[0m] (step=0475900) Train Loss: 0.0932, Train Steps/Sec: 3.17, Samples/Sec: 50.74
[[34m2025-08-15 00:23:36[0m] (step=0476000) Train Loss: 0.0807, Train Steps/Sec: 3.28, Samples/Sec: 52.44
[[34m2025-08-15 00:24:07[0m] (step=0476100) Train Loss: 0.0821, Train Steps/Sec: 3.15, Samples/Sec: 50.45
[[34m2025-08-15 00:24:39[0m] (step=0476200) Train Loss: 0.0846, Train Steps/Sec: 3.17, Samples/Sec: 50.64
[[34m2025-08-15 00:25:10[0m] (step=0476300) Train Loss: 0.0939, Train Steps/Sec: 3.26, Samples/Sec: 52.22
[[34m2025-08-15 00:25:40[0m] (step=0476400) Train Loss: 0.0933, Train Steps/Sec: 3.26, Samples/Sec: 52.21
[[34m2025-08-15 00:26:12[0m] (step=0476500) Train Loss: 0.0902, Train Steps/Sec: 3.19, Samples/Sec: 51.06
[[34m2025-08-15 00:26:43[0m] (step=0476600) Train Loss: 0.0859, Train Steps/Sec: 3.22, Samples/Sec: 51.59
[[34m2025-08-15 00:27:15[0m] (step=0476700) Train Loss: 0.0905, Train Steps/Sec: 3.06, Samples/Sec: 48.92
[[34m2025-08-15 00:27:46[0m] (step=0476800) Train Loss: 0.0817, Train Steps/Sec: 3.23, Samples/Sec: 51.71
[[34m2025-08-15 00:28:18[0m] (step=0476900) Train Loss: 0.0952, Train Steps/Sec: 3.11, Samples/Sec: 49.73
[[34m2025-08-15 00:28:49[0m] (step=0477000) Train Loss: 0.0924, Train Steps/Sec: 3.23, Samples/Sec: 51.72
[[34m2025-08-15 00:29:21[0m] (step=0477100) Train Loss: 0.0896, Train Steps/Sec: 3.16, Samples/Sec: 50.63
[[34m2025-08-15 00:29:52[0m] (step=0477200) Train Loss: 0.0879, Train Steps/Sec: 3.21, Samples/Sec: 51.42
[[34m2025-08-15 00:30:23[0m] (step=0477300) Train Loss: 0.0811, Train Steps/Sec: 3.23, Samples/Sec: 51.75
[[34m2025-08-15 00:30:55[0m] (step=0477400) Train Loss: 0.0835, Train Steps/Sec: 3.16, Samples/Sec: 50.64
[[34m2025-08-15 00:31:26[0m] (step=0477500) Train Loss: 0.0868, Train Steps/Sec: 3.21, Samples/Sec: 51.36
[[34m2025-08-15 00:31:57[0m] (step=0477600) Train Loss: 0.0828, Train Steps/Sec: 3.19, Samples/Sec: 51.08
[[34m2025-08-15 00:32:29[0m] (step=0477700) Train Loss: 0.0810, Train Steps/Sec: 3.14, Samples/Sec: 50.25
[[34m2025-08-15 00:33:00[0m] (step=0477800) Train Loss: 0.0892, Train Steps/Sec: 3.21, Samples/Sec: 51.34
[[34m2025-08-15 00:33:31[0m] (step=0477900) Train Loss: 0.0865, Train Steps/Sec: 3.23, Samples/Sec: 51.64
[[34m2025-08-15 00:34:02[0m] (step=0478000) Train Loss: 0.0780, Train Steps/Sec: 3.21, Samples/Sec: 51.38
[[34m2025-08-15 00:34:34[0m] (step=0478100) Train Loss: 0.0779, Train Steps/Sec: 3.18, Samples/Sec: 50.86
[[34m2025-08-15 00:35:05[0m] (step=0478200) Train Loss: 0.0959, Train Steps/Sec: 3.18, Samples/Sec: 50.91
[[34m2025-08-15 00:35:37[0m] (step=0478300) Train Loss: 0.0927, Train Steps/Sec: 3.19, Samples/Sec: 51.10
[[34m2025-08-15 00:36:08[0m] (step=0478400) Train Loss: 0.0814, Train Steps/Sec: 3.21, Samples/Sec: 51.38
[[34m2025-08-15 00:36:40[0m] (step=0478500) Train Loss: 0.0872, Train Steps/Sec: 3.09, Samples/Sec: 49.51
[[34m2025-08-15 00:37:11[0m] (step=0478600) Train Loss: 0.0857, Train Steps/Sec: 3.22, Samples/Sec: 51.45
[[34m2025-08-15 00:37:42[0m] (step=0478700) Train Loss: 0.0861, Train Steps/Sec: 3.23, Samples/Sec: 51.62
[[34m2025-08-15 00:38:13[0m] (step=0478800) Train Loss: 0.0866, Train Steps/Sec: 3.22, Samples/Sec: 51.47
[[34m2025-08-15 00:38:44[0m] (step=0478900) Train Loss: 0.0904, Train Steps/Sec: 3.26, Samples/Sec: 52.17
[[34m2025-08-15 00:39:15[0m] (step=0479000) Train Loss: 0.0889, Train Steps/Sec: 3.26, Samples/Sec: 52.21
[[34m2025-08-15 00:39:46[0m] (step=0479100) Train Loss: 0.0940, Train Steps/Sec: 3.22, Samples/Sec: 51.58
[[34m2025-08-15 00:40:17[0m] (step=0479200) Train Loss: 0.0741, Train Steps/Sec: 3.18, Samples/Sec: 50.84
[[34m2025-08-15 00:40:48[0m] (step=0479300) Train Loss: 0.0867, Train Steps/Sec: 3.21, Samples/Sec: 51.42
[[34m2025-08-15 00:41:21[0m] (step=0479400) Train Loss: 0.0868, Train Steps/Sec: 3.09, Samples/Sec: 49.36
[[34m2025-08-15 00:41:52[0m] (step=0479500) Train Loss: 0.0848, Train Steps/Sec: 3.23, Samples/Sec: 51.72
[[34m2025-08-15 00:42:23[0m] (step=0479600) Train Loss: 0.0836, Train Steps/Sec: 3.21, Samples/Sec: 51.33
[[34m2025-08-15 00:42:54[0m] (step=0479700) Train Loss: 0.0867, Train Steps/Sec: 3.24, Samples/Sec: 51.85
[[34m2025-08-15 00:43:25[0m] (step=0479800) Train Loss: 0.0881, Train Steps/Sec: 3.20, Samples/Sec: 51.23
[[34m2025-08-15 00:43:55[0m] (step=0479900) Train Loss: 0.0854, Train Steps/Sec: 3.27, Samples/Sec: 52.40
[[34m2025-08-15 00:44:26[0m] (step=0480000) Train Loss: 0.0781, Train Steps/Sec: 3.24, Samples/Sec: 51.81
Using cache found in ./models/facebookresearch_dino_main
Using cache found in ./models/facebookresearch_dino_main
Using cache found in ./models/facebookresearch_dino_main
[[34m2025-08-15 00:44:45[0m] Saved checkpoint to logs/nwm_cdit_airvln_v6_1/checkpoints/latest.pth.tar
Using cache found in ./models/facebookresearch_dino_main
[[34m2025-08-15 00:44:48[0m] Already found a `peft_config` attribute in the model. This will lead to having multiple adapters in the model. Make sure to know what you are doing!
[[34m2025-08-15 00:46:14[0m] (step=0480000) Perceptual Loss: 0.1752, Eval Time: 89.36
[[34m2025-08-15 00:46:45[0m] (step=0480100) Train Loss: 0.0871, Train Steps/Sec: 0.72, Samples/Sec: 11.53
[[34m2025-08-15 00:47:16[0m] (step=0480200) Train Loss: 0.0857, Train Steps/Sec: 3.19, Samples/Sec: 51.00
[[34m2025-08-15 00:47:48[0m] (step=0480300) Train Loss: 0.0902, Train Steps/Sec: 3.21, Samples/Sec: 51.34
[[34m2025-08-15 00:48:19[0m] (step=0480400) Train Loss: 0.0810, Train Steps/Sec: 3.23, Samples/Sec: 51.71
[[34m2025-08-15 00:48:50[0m] (step=0480500) Train Loss: 0.0919, Train Steps/Sec: 3.22, Samples/Sec: 51.44
[[34m2025-08-15 00:49:22[0m] (step=0480600) Train Loss: 0.0815, Train Steps/Sec: 3.12, Samples/Sec: 49.93
[[34m2025-08-15 00:49:53[0m] (step=0480700) Train Loss: 0.0816, Train Steps/Sec: 3.22, Samples/Sec: 51.57
[[34m2025-08-15 00:50:24[0m] (step=0480800) Train Loss: 0.0773, Train Steps/Sec: 3.24, Samples/Sec: 51.90
[[34m2025-08-15 00:50:55[0m] (step=0480900) Train Loss: 0.0838, Train Steps/Sec: 3.17, Samples/Sec: 50.73
[[34m2025-08-15 00:51:27[0m] (step=0481000) Train Loss: 0.0870, Train Steps/Sec: 3.11, Samples/Sec: 49.83
[[34m2025-08-15 00:51:59[0m] (step=0481100) Train Loss: 0.0880, Train Steps/Sec: 3.20, Samples/Sec: 51.14
[[34m2025-08-15 00:52:30[0m] (step=0481200) Train Loss: 0.0836, Train Steps/Sec: 3.14, Samples/Sec: 50.29
[[34m2025-08-15 00:53:02[0m] (step=0481300) Train Loss: 0.0881, Train Steps/Sec: 3.19, Samples/Sec: 51.10
[[34m2025-08-15 00:53:33[0m] (step=0481400) Train Loss: 0.0825, Train Steps/Sec: 3.22, Samples/Sec: 51.45
[[34m2025-08-15 00:54:04[0m] (step=0481500) Train Loss: 0.0792, Train Steps/Sec: 3.21, Samples/Sec: 51.32
[[34m2025-08-15 00:54:35[0m] (step=0481600) Train Loss: 0.0852, Train Steps/Sec: 3.22, Samples/Sec: 51.45
[[34m2025-08-15 00:55:07[0m] (step=0481700) Train Loss: 0.0869, Train Steps/Sec: 3.16, Samples/Sec: 50.55
[[34m2025-08-15 00:55:38[0m] (step=0481800) Train Loss: 0.0898, Train Steps/Sec: 3.17, Samples/Sec: 50.72
[[34m2025-08-15 00:56:10[0m] (step=0481900) Train Loss: 0.0892, Train Steps/Sec: 3.13, Samples/Sec: 50.06
[[34m2025-08-15 00:56:42[0m] (step=0482000) Train Loss: 0.0788, Train Steps/Sec: 3.15, Samples/Sec: 50.39
[[34m2025-08-15 00:57:13[0m] (step=0482100) Train Loss: 0.0812, Train Steps/Sec: 3.21, Samples/Sec: 51.35
[[34m2025-08-15 00:57:45[0m] (step=0482200) Train Loss: 0.0912, Train Steps/Sec: 3.20, Samples/Sec: 51.12
[[34m2025-08-15 00:58:17[0m] (step=0482300) Train Loss: 0.0897, Train Steps/Sec: 3.11, Samples/Sec: 49.83
[[34m2025-08-15 00:58:48[0m] (step=0482400) Train Loss: 0.0873, Train Steps/Sec: 3.16, Samples/Sec: 50.56
[[34m2025-08-15 00:59:19[0m] (step=0482500) Train Loss: 0.0856, Train Steps/Sec: 3.25, Samples/Sec: 51.99
[[34m2025-08-15 00:59:51[0m] (step=0482600) Train Loss: 0.0878, Train Steps/Sec: 3.13, Samples/Sec: 50.05
[[34m2025-08-15 01:00:23[0m] (step=0482700) Train Loss: 0.0927, Train Steps/Sec: 3.17, Samples/Sec: 50.74
[[34m2025-08-15 01:00:55[0m] (step=0482800) Train Loss: 0.0894, Train Steps/Sec: 3.09, Samples/Sec: 49.45
[[34m2025-08-15 01:01:26[0m] (step=0482900) Train Loss: 0.0827, Train Steps/Sec: 3.26, Samples/Sec: 52.18
[[34m2025-08-15 01:01:57[0m] (step=0483000) Train Loss: 0.0851, Train Steps/Sec: 3.17, Samples/Sec: 50.67
[[34m2025-08-15 01:02:28[0m] (step=0483100) Train Loss: 0.0795, Train Steps/Sec: 3.26, Samples/Sec: 52.19
[[34m2025-08-15 01:02:59[0m] (step=0483200) Train Loss: 0.0867, Train Steps/Sec: 3.18, Samples/Sec: 50.84
[[34m2025-08-15 01:03:30[0m] (step=0483300) Train Loss: 0.0840, Train Steps/Sec: 3.26, Samples/Sec: 52.09
[[34m2025-08-15 01:04:01[0m] (step=0483400) Train Loss: 0.0877, Train Steps/Sec: 3.25, Samples/Sec: 52.05
[[34m2025-08-15 01:04:32[0m] (step=0483500) Train Loss: 0.0847, Train Steps/Sec: 3.25, Samples/Sec: 52.03
[[34m2025-08-15 01:05:02[0m] (step=0483600) Train Loss: 0.0830, Train Steps/Sec: 3.25, Samples/Sec: 52.04
[[34m2025-08-15 01:05:34[0m] (step=0483700) Train Loss: 0.0924, Train Steps/Sec: 3.17, Samples/Sec: 50.65
[[34m2025-08-15 01:06:05[0m] (step=0483800) Train Loss: 0.0898, Train Steps/Sec: 3.23, Samples/Sec: 51.74
[[34m2025-08-15 01:06:36[0m] (step=0483900) Train Loss: 0.0937, Train Steps/Sec: 3.18, Samples/Sec: 50.83
[[34m2025-08-15 01:07:08[0m] (step=0484000) Train Loss: 0.0833, Train Steps/Sec: 3.17, Samples/Sec: 50.73
[[34m2025-08-15 01:07:39[0m] (step=0484100) Train Loss: 0.0855, Train Steps/Sec: 3.17, Samples/Sec: 50.79
[[34m2025-08-15 01:08:11[0m] (step=0484200) Train Loss: 0.0865, Train Steps/Sec: 3.19, Samples/Sec: 51.02
[[34m2025-08-15 01:08:42[0m] (step=0484300) Train Loss: 0.0922, Train Steps/Sec: 3.16, Samples/Sec: 50.49
[[34m2025-08-15 01:09:13[0m] (step=0484400) Train Loss: 0.0820, Train Steps/Sec: 3.22, Samples/Sec: 51.57
[[34m2025-08-15 01:09:46[0m] (step=0484500) Train Loss: 0.0859, Train Steps/Sec: 3.06, Samples/Sec: 48.90
[[34m2025-08-15 01:10:18[0m] (step=0484600) Train Loss: 0.0795, Train Steps/Sec: 3.18, Samples/Sec: 50.95
[[34m2025-08-15 01:10:49[0m] (step=0484700) Train Loss: 0.0847, Train Steps/Sec: 3.24, Samples/Sec: 51.83
[[34m2025-08-15 01:11:19[0m] (step=0484800) Train Loss: 0.0863, Train Steps/Sec: 3.24, Samples/Sec: 51.77
[[34m2025-08-15 01:11:50[0m] (step=0484900) Train Loss: 0.0997, Train Steps/Sec: 3.25, Samples/Sec: 51.96
[[34m2025-08-15 01:12:22[0m] (step=0485000) Train Loss: 0.0849, Train Steps/Sec: 3.11, Samples/Sec: 49.70
[[34m2025-08-15 01:12:54[0m] (step=0485100) Train Loss: 0.0855, Train Steps/Sec: 3.17, Samples/Sec: 50.75
[[34m2025-08-15 01:13:26[0m] (step=0485200) Train Loss: 0.0840, Train Steps/Sec: 3.17, Samples/Sec: 50.67
[[34m2025-08-15 01:13:58[0m] (step=0485300) Train Loss: 0.0924, Train Steps/Sec: 3.07, Samples/Sec: 49.19
[[34m2025-08-15 01:14:29[0m] (step=0485400) Train Loss: 0.0765, Train Steps/Sec: 3.22, Samples/Sec: 51.52
[[34m2025-08-15 01:15:00[0m] (step=0485500) Train Loss: 0.0815, Train Steps/Sec: 3.24, Samples/Sec: 51.82
[[34m2025-08-15 01:15:32[0m] (step=0485600) Train Loss: 0.0896, Train Steps/Sec: 3.15, Samples/Sec: 50.42
[[34m2025-08-15 01:16:05[0m] (step=0485700) Train Loss: 0.0802, Train Steps/Sec: 3.00, Samples/Sec: 48.08
[[34m2025-08-15 01:16:37[0m] (step=0485800) Train Loss: 0.0843, Train Steps/Sec: 3.20, Samples/Sec: 51.22
[[34m2025-08-15 01:17:08[0m] (step=0485900) Train Loss: 0.0924, Train Steps/Sec: 3.17, Samples/Sec: 50.69
[[34m2025-08-15 01:17:40[0m] (step=0486000) Train Loss: 0.0917, Train Steps/Sec: 3.11, Samples/Sec: 49.83
[[34m2025-08-15 01:18:11[0m] (step=0486100) Train Loss: 0.0843, Train Steps/Sec: 3.25, Samples/Sec: 51.96
[[34m2025-08-15 01:18:42[0m] (step=0486200) Train Loss: 0.0851, Train Steps/Sec: 3.20, Samples/Sec: 51.14
[[34m2025-08-15 01:19:14[0m] (step=0486300) Train Loss: 0.0885, Train Steps/Sec: 3.19, Samples/Sec: 51.01
[[34m2025-08-15 01:19:45[0m] (step=0486400) Train Loss: 0.0805, Train Steps/Sec: 3.21, Samples/Sec: 51.30
[[34m2025-08-15 01:20:16[0m] (step=0486500) Train Loss: 0.0866, Train Steps/Sec: 3.20, Samples/Sec: 51.26
[[34m2025-08-15 01:20:47[0m] (step=0486600) Train Loss: 0.0949, Train Steps/Sec: 3.26, Samples/Sec: 52.18
[[34m2025-08-15 01:21:18[0m] (step=0486700) Train Loss: 0.0839, Train Steps/Sec: 3.21, Samples/Sec: 51.32
[[34m2025-08-15 01:21:50[0m] (step=0486800) Train Loss: 0.0819, Train Steps/Sec: 3.15, Samples/Sec: 50.40
[[34m2025-08-15 01:22:21[0m] (step=0486900) Train Loss: 0.0919, Train Steps/Sec: 3.21, Samples/Sec: 51.40
[[34m2025-08-15 01:22:52[0m] (step=0487000) Train Loss: 0.0845, Train Steps/Sec: 3.18, Samples/Sec: 50.90
[[34m2025-08-15 01:23:23[0m] (step=0487100) Train Loss: 0.0828, Train Steps/Sec: 3.26, Samples/Sec: 52.19
[[34m2025-08-15 01:23:53[0m] (step=0487200) Train Loss: 0.0885, Train Steps/Sec: 3.28, Samples/Sec: 52.41
[[34m2025-08-15 01:24:24[0m] (step=0487300) Train Loss: 0.0798, Train Steps/Sec: 3.24, Samples/Sec: 51.81
[[34m2025-08-15 01:24:55[0m] (step=0487400) Train Loss: 0.0882, Train Steps/Sec: 3.21, Samples/Sec: 51.41
[[34m2025-08-15 01:25:26[0m] (step=0487500) Train Loss: 0.0778, Train Steps/Sec: 3.30, Samples/Sec: 52.78
[[34m2025-08-15 01:25:57[0m] (step=0487600) Train Loss: 0.0844, Train Steps/Sec: 3.17, Samples/Sec: 50.77
[[34m2025-08-15 01:26:29[0m] (step=0487700) Train Loss: 0.0941, Train Steps/Sec: 3.20, Samples/Sec: 51.15
[[34m2025-08-15 01:26:59[0m] (step=0487800) Train Loss: 0.0847, Train Steps/Sec: 3.25, Samples/Sec: 51.92
[[34m2025-08-15 01:27:31[0m] (step=0487900) Train Loss: 0.0867, Train Steps/Sec: 3.13, Samples/Sec: 50.02
[[34m2025-08-15 01:28:03[0m] (step=0488000) Train Loss: 0.0933, Train Steps/Sec: 3.17, Samples/Sec: 50.77
[[34m2025-08-15 01:28:35[0m] (step=0488100) Train Loss: 0.0829, Train Steps/Sec: 3.17, Samples/Sec: 50.75
[[34m2025-08-15 01:29:06[0m] (step=0488200) Train Loss: 0.0793, Train Steps/Sec: 3.17, Samples/Sec: 50.79
[[34m2025-08-15 01:29:38[0m] (step=0488300) Train Loss: 0.0920, Train Steps/Sec: 3.11, Samples/Sec: 49.80
[[34m2025-08-15 01:30:09[0m] (step=0488400) Train Loss: 0.0928, Train Steps/Sec: 3.26, Samples/Sec: 52.09
[[34m2025-08-15 01:30:40[0m] (step=0488500) Train Loss: 0.0841, Train Steps/Sec: 3.23, Samples/Sec: 51.66
[[34m2025-08-15 01:31:13[0m] (step=0488600) Train Loss: 0.0816, Train Steps/Sec: 3.02, Samples/Sec: 48.35
[[34m2025-08-15 01:31:44[0m] (step=0488700) Train Loss: 0.0898, Train Steps/Sec: 3.24, Samples/Sec: 51.77
[[34m2025-08-15 01:32:16[0m] (step=0488800) Train Loss: 0.0903, Train Steps/Sec: 3.14, Samples/Sec: 50.17
[[34m2025-08-15 01:32:47[0m] (step=0488900) Train Loss: 0.0813, Train Steps/Sec: 3.19, Samples/Sec: 51.07
[[34m2025-08-15 01:33:19[0m] (step=0489000) Train Loss: 0.0883, Train Steps/Sec: 3.11, Samples/Sec: 49.81
[[34m2025-08-15 01:33:50[0m] (step=0489100) Train Loss: 0.0884, Train Steps/Sec: 3.20, Samples/Sec: 51.27
[[34m2025-08-15 01:34:23[0m] (step=0489200) Train Loss: 0.0944, Train Steps/Sec: 3.06, Samples/Sec: 48.95
[[34m2025-08-15 01:34:54[0m] (step=0489300) Train Loss: 0.0844, Train Steps/Sec: 3.22, Samples/Sec: 51.46
[[34m2025-08-15 01:35:25[0m] (step=0489400) Train Loss: 0.0924, Train Steps/Sec: 3.27, Samples/Sec: 52.24
[[34m2025-08-15 01:35:57[0m] (step=0489500) Train Loss: 0.0824, Train Steps/Sec: 3.07, Samples/Sec: 49.09
[[34m2025-08-15 01:36:28[0m] (step=0489600) Train Loss: 0.0801, Train Steps/Sec: 3.23, Samples/Sec: 51.65
[[34m2025-08-15 01:37:00[0m] (step=0489700) Train Loss: 0.0955, Train Steps/Sec: 3.19, Samples/Sec: 51.03
[[34m2025-08-15 01:37:31[0m] (step=0489800) Train Loss: 0.0951, Train Steps/Sec: 3.22, Samples/Sec: 51.54
[[34m2025-08-15 01:38:03[0m] (step=0489900) Train Loss: 0.0908, Train Steps/Sec: 3.09, Samples/Sec: 49.43
[[34m2025-08-15 01:38:35[0m] (step=0490000) Train Loss: 0.0821, Train Steps/Sec: 3.13, Samples/Sec: 50.02
Using cache found in ./models/facebookresearch_dino_main
Using cache found in ./models/facebookresearch_dino_main
Using cache found in ./models/facebookresearch_dino_main
[[34m2025-08-15 01:38:58[0m] Saved checkpoint to logs/nwm_cdit_airvln_v6_1/checkpoints/latest.pth.tar
Using cache found in ./models/facebookresearch_dino_main
[[34m2025-08-15 01:39:04[0m] Already found a `peft_config` attribute in the model. This will lead to having multiple adapters in the model. Make sure to know what you are doing!
[[34m2025-08-15 01:40:32[0m] (step=0490000) Perceptual Loss: 0.2407, Eval Time: 93.63
[[34m2025-08-15 01:41:03[0m] (step=0490100) Train Loss: 0.0883, Train Steps/Sec: 0.67, Samples/Sec: 10.79
[[34m2025-08-15 01:41:36[0m] (step=0490200) Train Loss: 0.0813, Train Steps/Sec: 3.12, Samples/Sec: 49.98
[[34m2025-08-15 01:42:07[0m] (step=0490300) Train Loss: 0.0866, Train Steps/Sec: 3.19, Samples/Sec: 50.99
[[34m2025-08-15 01:42:38[0m] (step=0490400) Train Loss: 0.0847, Train Steps/Sec: 3.23, Samples/Sec: 51.60
[[34m2025-08-15 01:43:09[0m] (step=0490500) Train Loss: 0.0837, Train Steps/Sec: 3.22, Samples/Sec: 51.55
[[34m2025-08-15 01:43:40[0m] (step=0490600) Train Loss: 0.0893, Train Steps/Sec: 3.21, Samples/Sec: 51.40
[[34m2025-08-15 01:44:12[0m] (step=0490700) Train Loss: 0.0879, Train Steps/Sec: 3.11, Samples/Sec: 49.76
[[34m2025-08-15 01:44:46[0m] (step=0490800) Train Loss: 0.0972, Train Steps/Sec: 2.93, Samples/Sec: 46.85
[[34m2025-08-15 01:45:18[0m] (step=0490900) Train Loss: 0.0913, Train Steps/Sec: 3.22, Samples/Sec: 51.49
[[34m2025-08-15 01:45:49[0m] (step=0491000) Train Loss: 0.0858, Train Steps/Sec: 3.19, Samples/Sec: 50.97
[[34m2025-08-15 01:46:21[0m] (step=0491100) Train Loss: 0.0883, Train Steps/Sec: 3.17, Samples/Sec: 50.65
[[34m2025-08-15 01:46:51[0m] (step=0491200) Train Loss: 0.0879, Train Steps/Sec: 3.24, Samples/Sec: 51.92
[[34m2025-08-15 01:47:22[0m] (step=0491300) Train Loss: 0.0834, Train Steps/Sec: 3.27, Samples/Sec: 52.26
[[34m2025-08-15 01:47:53[0m] (step=0491400) Train Loss: 0.0920, Train Steps/Sec: 3.19, Samples/Sec: 51.12
[[34m2025-08-15 01:48:25[0m] (step=0491500) Train Loss: 0.0891, Train Steps/Sec: 3.15, Samples/Sec: 50.40
[[34m2025-08-15 01:48:56[0m] (step=0491600) Train Loss: 0.0843, Train Steps/Sec: 3.19, Samples/Sec: 51.09
[[34m2025-08-15 01:49:27[0m] (step=0491700) Train Loss: 0.0858, Train Steps/Sec: 3.22, Samples/Sec: 51.48
[[34m2025-08-15 01:49:58[0m] (step=0491800) Train Loss: 0.0911, Train Steps/Sec: 3.23, Samples/Sec: 51.72
[[34m2025-08-15 01:50:30[0m] (step=0491900) Train Loss: 0.0911, Train Steps/Sec: 3.18, Samples/Sec: 50.85
[[34m2025-08-15 01:51:01[0m] (step=0492000) Train Loss: 0.0903, Train Steps/Sec: 3.24, Samples/Sec: 51.91
[[34m2025-08-15 01:51:33[0m] (step=0492100) Train Loss: 0.0864, Train Steps/Sec: 3.13, Samples/Sec: 50.15
[[34m2025-08-15 01:52:05[0m] (step=0492200) Train Loss: 0.0822, Train Steps/Sec: 3.13, Samples/Sec: 50.07
[[34m2025-08-15 01:52:36[0m] (step=0492300) Train Loss: 0.0864, Train Steps/Sec: 3.18, Samples/Sec: 50.84
[[34m2025-08-15 01:53:07[0m] (step=0492400) Train Loss: 0.0945, Train Steps/Sec: 3.25, Samples/Sec: 52.07
[[34m2025-08-15 01:53:38[0m] (step=0492500) Train Loss: 0.0855, Train Steps/Sec: 3.22, Samples/Sec: 51.47
[[34m2025-08-15 01:54:09[0m] (step=0492600) Train Loss: 0.0846, Train Steps/Sec: 3.26, Samples/Sec: 52.23
[[34m2025-08-15 01:54:39[0m] (step=0492700) Train Loss: 0.0813, Train Steps/Sec: 3.25, Samples/Sec: 52.06
[[34m2025-08-15 01:55:11[0m] (step=0492800) Train Loss: 0.0840, Train Steps/Sec: 3.20, Samples/Sec: 51.15
[[34m2025-08-15 01:55:43[0m] (step=0492900) Train Loss: 0.0948, Train Steps/Sec: 3.12, Samples/Sec: 49.91
[[34m2025-08-15 01:56:13[0m] (step=0493000) Train Loss: 0.0939, Train Steps/Sec: 3.24, Samples/Sec: 51.89
[[34m2025-08-15 01:56:45[0m] (step=0493100) Train Loss: 0.0849, Train Steps/Sec: 3.12, Samples/Sec: 49.93
[[34m2025-08-15 01:57:17[0m] (step=0493200) Train Loss: 0.0831, Train Steps/Sec: 3.14, Samples/Sec: 50.23
[[34m2025-08-15 01:57:49[0m] (step=0493300) Train Loss: 0.0817, Train Steps/Sec: 3.20, Samples/Sec: 51.27
[[34m2025-08-15 01:58:19[0m] (step=0493400) Train Loss: 0.0868, Train Steps/Sec: 3.25, Samples/Sec: 52.07
[[34m2025-08-15 01:58:52[0m] (step=0493500) Train Loss: 0.0891, Train Steps/Sec: 3.07, Samples/Sec: 49.17
[[34m2025-08-15 01:59:24[0m] (step=0493600) Train Loss: 0.0830, Train Steps/Sec: 3.14, Samples/Sec: 50.26
[[34m2025-08-15 01:59:55[0m] (step=0493700) Train Loss: 0.0897, Train Steps/Sec: 3.16, Samples/Sec: 50.63
[[34m2025-08-15 02:00:27[0m] (step=0493800) Train Loss: 0.0788, Train Steps/Sec: 3.13, Samples/Sec: 50.10
[[34m2025-08-15 02:00:59[0m] (step=0493900) Train Loss: 0.0970, Train Steps/Sec: 3.10, Samples/Sec: 49.64
[[34m2025-08-15 02:01:30[0m] (step=0494000) Train Loss: 0.0875, Train Steps/Sec: 3.25, Samples/Sec: 51.94
[[34m2025-08-15 02:02:02[0m] (step=0494100) Train Loss: 0.0893, Train Steps/Sec: 3.15, Samples/Sec: 50.46
[[34m2025-08-15 02:02:34[0m] (step=0494200) Train Loss: 0.0861, Train Steps/Sec: 3.15, Samples/Sec: 50.42
[[34m2025-08-15 02:03:05[0m] (step=0494300) Train Loss: 0.0787, Train Steps/Sec: 3.20, Samples/Sec: 51.26
[[34m2025-08-15 02:03:36[0m] (step=0494400) Train Loss: 0.0887, Train Steps/Sec: 3.21, Samples/Sec: 51.39
[[34m2025-08-15 02:04:07[0m] (step=0494500) Train Loss: 0.0805, Train Steps/Sec: 3.19, Samples/Sec: 51.00
[[34m2025-08-15 02:04:39[0m] (step=0494600) Train Loss: 0.0973, Train Steps/Sec: 3.15, Samples/Sec: 50.33
[[34m2025-08-15 02:05:11[0m] (step=0494700) Train Loss: 0.0805, Train Steps/Sec: 3.17, Samples/Sec: 50.79
[[34m2025-08-15 02:05:43[0m] (step=0494800) Train Loss: 0.0943, Train Steps/Sec: 3.12, Samples/Sec: 49.95
[[34m2025-08-15 02:06:14[0m] (step=0494900) Train Loss: 0.0824, Train Steps/Sec: 3.23, Samples/Sec: 51.61
[[34m2025-08-15 02:06:45[0m] (step=0495000) Train Loss: 0.0851, Train Steps/Sec: 3.17, Samples/Sec: 50.79
[[34m2025-08-15 02:07:16[0m] (step=0495100) Train Loss: 0.0834, Train Steps/Sec: 3.24, Samples/Sec: 51.77
[[34m2025-08-15 02:07:48[0m] (step=0495200) Train Loss: 0.0843, Train Steps/Sec: 3.18, Samples/Sec: 50.93
[[34m2025-08-15 02:08:19[0m] (step=0495300) Train Loss: 0.0887, Train Steps/Sec: 3.20, Samples/Sec: 51.21
[[34m2025-08-15 02:08:50[0m] (step=0495400) Train Loss: 0.0817, Train Steps/Sec: 3.20, Samples/Sec: 51.27
[[34m2025-08-15 02:09:22[0m] (step=0495500) Train Loss: 0.0809, Train Steps/Sec: 3.18, Samples/Sec: 50.83
[[34m2025-08-15 02:09:52[0m] (step=0495600) Train Loss: 0.0831, Train Steps/Sec: 3.28, Samples/Sec: 52.48
[[34m2025-08-15 02:10:24[0m] (step=0495700) Train Loss: 0.0819, Train Steps/Sec: 3.16, Samples/Sec: 50.53
[[34m2025-08-15 02:10:55[0m] (step=0495800) Train Loss: 0.0860, Train Steps/Sec: 3.19, Samples/Sec: 51.01
[[34m2025-08-15 02:11:27[0m] (step=0495900) Train Loss: 0.0840, Train Steps/Sec: 3.15, Samples/Sec: 50.38
[[34m2025-08-15 02:11:59[0m] (step=0496000) Train Loss: 0.0811, Train Steps/Sec: 3.14, Samples/Sec: 50.21
[[34m2025-08-15 02:12:30[0m] (step=0496100) Train Loss: 0.0974, Train Steps/Sec: 3.25, Samples/Sec: 51.94
[[34m2025-08-15 02:13:01[0m] (step=0496200) Train Loss: 0.0858, Train Steps/Sec: 3.19, Samples/Sec: 51.12
[[34m2025-08-15 02:13:34[0m] (step=0496300) Train Loss: 0.0845, Train Steps/Sec: 3.07, Samples/Sec: 49.13
[[34m2025-08-15 02:14:04[0m] (step=0496400) Train Loss: 0.0818, Train Steps/Sec: 3.23, Samples/Sec: 51.73
[[34m2025-08-15 02:14:36[0m] (step=0496500) Train Loss: 0.0804, Train Steps/Sec: 3.19, Samples/Sec: 51.10
[[34m2025-08-15 02:15:07[0m] (step=0496600) Train Loss: 0.0851, Train Steps/Sec: 3.16, Samples/Sec: 50.53
[[34m2025-08-15 02:15:38[0m] (step=0496700) Train Loss: 0.0848, Train Steps/Sec: 3.29, Samples/Sec: 52.61
[[34m2025-08-15 02:16:09[0m] (step=0496800) Train Loss: 0.0901, Train Steps/Sec: 3.18, Samples/Sec: 50.82
[[34m2025-08-15 02:16:41[0m] (step=0496900) Train Loss: 0.0829, Train Steps/Sec: 3.16, Samples/Sec: 50.53
[[34m2025-08-15 02:17:12[0m] (step=0497000) Train Loss: 0.0813, Train Steps/Sec: 3.23, Samples/Sec: 51.74
[[34m2025-08-15 02:17:43[0m] (step=0497100) Train Loss: 0.0841, Train Steps/Sec: 3.25, Samples/Sec: 52.05
[[34m2025-08-15 02:18:14[0m] (step=0497200) Train Loss: 0.0931, Train Steps/Sec: 3.19, Samples/Sec: 51.09
[[34m2025-08-15 02:18:45[0m] (step=0497300) Train Loss: 0.0866, Train Steps/Sec: 3.22, Samples/Sec: 51.52
[[34m2025-08-15 02:19:16[0m] (step=0497400) Train Loss: 0.0844, Train Steps/Sec: 3.25, Samples/Sec: 52.03
[[34m2025-08-15 02:19:47[0m] (step=0497500) Train Loss: 0.0928, Train Steps/Sec: 3.26, Samples/Sec: 52.10
[[34m2025-08-15 02:20:18[0m] (step=0497600) Train Loss: 0.0911, Train Steps/Sec: 3.16, Samples/Sec: 50.57
[[34m2025-08-15 02:20:50[0m] (step=0497700) Train Loss: 0.0806, Train Steps/Sec: 3.16, Samples/Sec: 50.48
[[34m2025-08-15 02:21:21[0m] (step=0497800) Train Loss: 0.0913, Train Steps/Sec: 3.21, Samples/Sec: 51.43
[[34m2025-08-15 02:21:52[0m] (step=0497900) Train Loss: 0.0931, Train Steps/Sec: 3.22, Samples/Sec: 51.57
[[34m2025-08-15 02:22:24[0m] (step=0498000) Train Loss: 0.0880, Train Steps/Sec: 3.18, Samples/Sec: 50.93
[[34m2025-08-15 02:22:54[0m] (step=0498100) Train Loss: 0.0813, Train Steps/Sec: 3.26, Samples/Sec: 52.18
[[34m2025-08-15 02:23:26[0m] (step=0498200) Train Loss: 0.0862, Train Steps/Sec: 3.18, Samples/Sec: 50.93
[[34m2025-08-15 02:23:57[0m] (step=0498300) Train Loss: 0.0911, Train Steps/Sec: 3.19, Samples/Sec: 50.97
[[34m2025-08-15 02:24:28[0m] (step=0498400) Train Loss: 0.0910, Train Steps/Sec: 3.21, Samples/Sec: 51.44
[[34m2025-08-15 02:24:59[0m] (step=0498500) Train Loss: 0.0862, Train Steps/Sec: 3.19, Samples/Sec: 51.11
[[34m2025-08-15 02:25:31[0m] (step=0498600) Train Loss: 0.0927, Train Steps/Sec: 3.16, Samples/Sec: 50.52
[[34m2025-08-15 02:26:02[0m] (step=0498700) Train Loss: 0.0864, Train Steps/Sec: 3.25, Samples/Sec: 51.99
[[34m2025-08-15 02:26:33[0m] (step=0498800) Train Loss: 0.0846, Train Steps/Sec: 3.22, Samples/Sec: 51.54
[[34m2025-08-15 02:27:04[0m] (step=0498900) Train Loss: 0.0957, Train Steps/Sec: 3.18, Samples/Sec: 50.81
[[34m2025-08-15 02:27:37[0m] (step=0499000) Train Loss: 0.0898, Train Steps/Sec: 3.12, Samples/Sec: 49.87
[[34m2025-08-15 02:28:08[0m] (step=0499100) Train Loss: 0.0817, Train Steps/Sec: 3.21, Samples/Sec: 51.44
[[34m2025-08-15 02:28:39[0m] (step=0499200) Train Loss: 0.0826, Train Steps/Sec: 3.21, Samples/Sec: 51.32
[[34m2025-08-15 02:29:10[0m] (step=0499300) Train Loss: 0.0886, Train Steps/Sec: 3.21, Samples/Sec: 51.30
[[34m2025-08-15 02:29:42[0m] (step=0499400) Train Loss: 0.0852, Train Steps/Sec: 3.17, Samples/Sec: 50.65
[[34m2025-08-15 02:30:12[0m] (step=0499500) Train Loss: 0.0861, Train Steps/Sec: 3.25, Samples/Sec: 51.94
[[34m2025-08-15 02:30:44[0m] (step=0499600) Train Loss: 0.0884, Train Steps/Sec: 3.18, Samples/Sec: 50.90
[[34m2025-08-15 02:31:15[0m] (step=0499700) Train Loss: 0.0853, Train Steps/Sec: 3.17, Samples/Sec: 50.75
[[34m2025-08-15 02:31:48[0m] (step=0499800) Train Loss: 0.0783, Train Steps/Sec: 3.09, Samples/Sec: 49.46
[[34m2025-08-15 02:32:20[0m] (step=0499900) Train Loss: 0.0867, Train Steps/Sec: 3.11, Samples/Sec: 49.80
Using cache found in ./models/facebookresearch_dino_main
Using cache found in ./models/facebookresearch_dino_main
Using cache found in ./models/facebookresearch_dino_main
[[34m2025-08-15 02:32:51[0m] (step=0500000) Train Loss: 0.0863, Train Steps/Sec: 3.17, Samples/Sec: 50.73
[[34m2025-08-15 02:33:23[0m] Saved checkpoint to logs/nwm_cdit_airvln_v6_1/checkpoints/0500000.pth.tar
Using cache found in ./models/facebookresearch_dino_main
[[34m2025-08-15 02:33:26[0m] Already found a `peft_config` attribute in the model. This will lead to having multiple adapters in the model. Make sure to know what you are doing!
[[34m2025-08-15 02:34:52[0m] (step=0500000) Perceptual Loss: 0.1732, Eval Time: 88.24
[[34m2025-08-15 02:35:23[0m] (step=0500100) Train Loss: 0.0923, Train Steps/Sec: 0.66, Samples/Sec: 10.55
[[34m2025-08-15 02:35:54[0m] (step=0500200) Train Loss: 0.0830, Train Steps/Sec: 3.21, Samples/Sec: 51.29
[[34m2025-08-15 02:36:25[0m] (step=0500300) Train Loss: 0.0779, Train Steps/Sec: 3.24, Samples/Sec: 51.85
[[34m2025-08-15 02:36:56[0m] (step=0500400) Train Loss: 0.0892, Train Steps/Sec: 3.19, Samples/Sec: 51.05
[[34m2025-08-15 02:37:28[0m] (step=0500500) Train Loss: 0.0777, Train Steps/Sec: 3.21, Samples/Sec: 51.41
[[34m2025-08-15 02:37:59[0m] (step=0500600) Train Loss: 0.0907, Train Steps/Sec: 3.20, Samples/Sec: 51.28
[[34m2025-08-15 02:38:30[0m] (step=0500700) Train Loss: 0.0838, Train Steps/Sec: 3.17, Samples/Sec: 50.68
[[34m2025-08-15 02:39:03[0m] (step=0500800) Train Loss: 0.0856, Train Steps/Sec: 3.10, Samples/Sec: 49.57
[[34m2025-08-15 02:39:35[0m] (step=0500900) Train Loss: 0.0887, Train Steps/Sec: 3.10, Samples/Sec: 49.57
[[34m2025-08-15 02:40:06[0m] (step=0501000) Train Loss: 0.0880, Train Steps/Sec: 3.21, Samples/Sec: 51.30
[[34m2025-08-15 02:40:38[0m] (step=0501100) Train Loss: 0.0885, Train Steps/Sec: 3.16, Samples/Sec: 50.58
[[34m2025-08-15 02:41:09[0m] (step=0501200) Train Loss: 0.0865, Train Steps/Sec: 3.18, Samples/Sec: 50.84
[[34m2025-08-15 02:41:40[0m] (step=0501300) Train Loss: 0.0877, Train Steps/Sec: 3.21, Samples/Sec: 51.34
[[34m2025-08-15 02:42:12[0m] (step=0501400) Train Loss: 0.0975, Train Steps/Sec: 3.13, Samples/Sec: 50.04
[[34m2025-08-15 02:42:44[0m] (step=0501500) Train Loss: 0.0815, Train Steps/Sec: 3.21, Samples/Sec: 51.31
[[34m2025-08-15 02:43:16[0m] (step=0501600) Train Loss: 0.0756, Train Steps/Sec: 3.12, Samples/Sec: 49.97
[[34m2025-08-15 02:43:47[0m] (step=0501700) Train Loss: 0.0821, Train Steps/Sec: 3.18, Samples/Sec: 50.96
[[34m2025-08-15 02:44:19[0m] (step=0501800) Train Loss: 0.0895, Train Steps/Sec: 3.09, Samples/Sec: 49.43
[[34m2025-08-15 02:44:52[0m] (step=0501900) Train Loss: 0.0857, Train Steps/Sec: 3.05, Samples/Sec: 48.79
[[34m2025-08-15 02:45:23[0m] (step=0502000) Train Loss: 0.0831, Train Steps/Sec: 3.20, Samples/Sec: 51.21
[[34m2025-08-15 02:45:55[0m] (step=0502100) Train Loss: 0.0874, Train Steps/Sec: 3.21, Samples/Sec: 51.30
[[34m2025-08-15 02:46:26[0m] (step=0502200) Train Loss: 0.0832, Train Steps/Sec: 3.18, Samples/Sec: 50.86
[[34m2025-08-15 02:46:58[0m] (step=0502300) Train Loss: 0.0789, Train Steps/Sec: 3.17, Samples/Sec: 50.76
[[34m2025-08-15 02:47:29[0m] (step=0502400) Train Loss: 0.0855, Train Steps/Sec: 3.15, Samples/Sec: 50.42
[[34m2025-08-15 02:48:02[0m] (step=0502500) Train Loss: 0.0902, Train Steps/Sec: 3.07, Samples/Sec: 49.07
[[34m2025-08-15 02:48:34[0m] (step=0502600) Train Loss: 0.0911, Train Steps/Sec: 3.18, Samples/Sec: 50.81
[[34m2025-08-15 02:49:04[0m] (step=0502700) Train Loss: 0.0836, Train Steps/Sec: 3.24, Samples/Sec: 51.84
[[34m2025-08-15 02:49:37[0m] (step=0502800) Train Loss: 0.0831, Train Steps/Sec: 3.08, Samples/Sec: 49.21
[[34m2025-08-15 02:50:08[0m] (step=0502900) Train Loss: 0.0930, Train Steps/Sec: 3.20, Samples/Sec: 51.24
[[34m2025-08-15 02:50:39[0m] (step=0503000) Train Loss: 0.0882, Train Steps/Sec: 3.19, Samples/Sec: 51.10
[[34m2025-08-15 02:51:11[0m] (step=0503100) Train Loss: 0.0884, Train Steps/Sec: 3.17, Samples/Sec: 50.71
[[34m2025-08-15 02:51:42[0m] (step=0503200) Train Loss: 0.0725, Train Steps/Sec: 3.20, Samples/Sec: 51.13
[[34m2025-08-15 02:52:14[0m] (step=0503300) Train Loss: 0.0830, Train Steps/Sec: 3.21, Samples/Sec: 51.28
[[34m2025-08-15 02:52:45[0m] (step=0503400) Train Loss: 0.0795, Train Steps/Sec: 3.16, Samples/Sec: 50.48
[[34m2025-08-15 02:53:17[0m] (step=0503500) Train Loss: 0.0944, Train Steps/Sec: 3.15, Samples/Sec: 50.44
[[34m2025-08-15 02:53:48[0m] (step=0503600) Train Loss: 0.0930, Train Steps/Sec: 3.22, Samples/Sec: 51.56
[[34m2025-08-15 02:54:19[0m] (step=0503700) Train Loss: 0.0868, Train Steps/Sec: 3.25, Samples/Sec: 51.92
[[34m2025-08-15 02:54:50[0m] (step=0503800) Train Loss: 0.0864, Train Steps/Sec: 3.23, Samples/Sec: 51.68
[[34m2025-08-15 02:55:21[0m] (step=0503900) Train Loss: 0.0851, Train Steps/Sec: 3.21, Samples/Sec: 51.38
[[34m2025-08-15 02:55:52[0m] (step=0504000) Train Loss: 0.0866, Train Steps/Sec: 3.21, Samples/Sec: 51.37
[[34m2025-08-15 02:56:23[0m] (step=0504100) Train Loss: 0.0860, Train Steps/Sec: 3.22, Samples/Sec: 51.46
[[34m2025-08-15 02:56:56[0m] (step=0504200) Train Loss: 0.0789, Train Steps/Sec: 3.10, Samples/Sec: 49.57
[[34m2025-08-15 02:57:27[0m] (step=0504300) Train Loss: 0.0843, Train Steps/Sec: 3.22, Samples/Sec: 51.56
[[34m2025-08-15 02:57:57[0m] (step=0504400) Train Loss: 0.0808, Train Steps/Sec: 3.23, Samples/Sec: 51.72
[[34m2025-08-15 02:58:29[0m] (step=0504500) Train Loss: 0.0843, Train Steps/Sec: 3.14, Samples/Sec: 50.20
[[34m2025-08-15 02:59:01[0m] (step=0504600) Train Loss: 0.0868, Train Steps/Sec: 3.21, Samples/Sec: 51.34
[[34m2025-08-15 02:59:33[0m] (step=0504700) Train Loss: 0.0935, Train Steps/Sec: 3.08, Samples/Sec: 49.29
[[34m2025-08-15 03:00:04[0m] (step=0504800) Train Loss: 0.0816, Train Steps/Sec: 3.23, Samples/Sec: 51.62
[[34m2025-08-15 03:00:35[0m] (step=0504900) Train Loss: 0.0826, Train Steps/Sec: 3.23, Samples/Sec: 51.73
[[34m2025-08-15 03:01:06[0m] (step=0505000) Train Loss: 0.0897, Train Steps/Sec: 3.20, Samples/Sec: 51.24
[[34m2025-08-15 03:01:38[0m] (step=0505100) Train Loss: 0.0920, Train Steps/Sec: 3.13, Samples/Sec: 50.15
[[34m2025-08-15 03:02:10[0m] (step=0505200) Train Loss: 0.0917, Train Steps/Sec: 3.18, Samples/Sec: 50.90
[[34m2025-08-15 03:02:41[0m] (step=0505300) Train Loss: 0.0817, Train Steps/Sec: 3.21, Samples/Sec: 51.30
[[34m2025-08-15 03:03:12[0m] (step=0505400) Train Loss: 0.0872, Train Steps/Sec: 3.24, Samples/Sec: 51.88
[[34m2025-08-15 03:03:43[0m] (step=0505500) Train Loss: 0.0779, Train Steps/Sec: 3.15, Samples/Sec: 50.41
[[34m2025-08-15 03:04:15[0m] (step=0505600) Train Loss: 0.0841, Train Steps/Sec: 3.15, Samples/Sec: 50.40
[[34m2025-08-15 03:04:46[0m] (step=0505700) Train Loss: 0.0853, Train Steps/Sec: 3.25, Samples/Sec: 52.06
[[34m2025-08-15 03:05:18[0m] (step=0505800) Train Loss: 0.0881, Train Steps/Sec: 3.15, Samples/Sec: 50.46
[[34m2025-08-15 03:05:50[0m] (step=0505900) Train Loss: 0.0850, Train Steps/Sec: 3.11, Samples/Sec: 49.76
[[34m2025-08-15 03:06:22[0m] (step=0506000) Train Loss: 0.0903, Train Steps/Sec: 3.13, Samples/Sec: 50.09
[[34m2025-08-15 03:06:53[0m] (step=0506100) Train Loss: 0.0945, Train Steps/Sec: 3.19, Samples/Sec: 50.99
[[34m2025-08-15 03:07:24[0m] (step=0506200) Train Loss: 0.0889, Train Steps/Sec: 3.25, Samples/Sec: 52.05
[[34m2025-08-15 03:07:55[0m] (step=0506300) Train Loss: 0.0923, Train Steps/Sec: 3.23, Samples/Sec: 51.66
[[34m2025-08-15 03:08:26[0m] (step=0506400) Train Loss: 0.0826, Train Steps/Sec: 3.16, Samples/Sec: 50.50
[[34m2025-08-15 03:08:58[0m] (step=0506500) Train Loss: 0.0892, Train Steps/Sec: 3.14, Samples/Sec: 50.19
[[34m2025-08-15 03:09:30[0m] (step=0506600) Train Loss: 0.0878, Train Steps/Sec: 3.20, Samples/Sec: 51.21
[[34m2025-08-15 03:10:02[0m] (step=0506700) Train Loss: 0.0877, Train Steps/Sec: 3.13, Samples/Sec: 50.06
[[34m2025-08-15 03:10:10[0m] Beginning epoch 6...
[[34m2025-08-15 03:10:35[0m] (step=0506800) Train Loss: 0.0871, Train Steps/Sec: 2.97, Samples/Sec: 47.60
[[34m2025-08-15 03:11:06[0m] (step=0506900) Train Loss: 0.0920, Train Steps/Sec: 3.25, Samples/Sec: 52.03
[[34m2025-08-15 03:11:37[0m] (step=0507000) Train Loss: 0.1004, Train Steps/Sec: 3.17, Samples/Sec: 50.79
[[34m2025-08-15 03:12:09[0m] (step=0507100) Train Loss: 0.0867, Train Steps/Sec: 3.20, Samples/Sec: 51.14
[[34m2025-08-15 03:12:40[0m] (step=0507200) Train Loss: 0.0907, Train Steps/Sec: 3.19, Samples/Sec: 51.08
[[34m2025-08-15 03:13:12[0m] (step=0507300) Train Loss: 0.0778, Train Steps/Sec: 3.12, Samples/Sec: 49.86
[[34m2025-08-15 03:13:44[0m] (step=0507400) Train Loss: 0.0975, Train Steps/Sec: 3.12, Samples/Sec: 49.98
[[34m2025-08-15 03:14:15[0m] (step=0507500) Train Loss: 0.0910, Train Steps/Sec: 3.27, Samples/Sec: 52.30
[[34m2025-08-15 03:14:46[0m] (step=0507600) Train Loss: 0.0831, Train Steps/Sec: 3.25, Samples/Sec: 52.07
[[34m2025-08-15 03:15:16[0m] (step=0507700) Train Loss: 0.0835, Train Steps/Sec: 3.25, Samples/Sec: 52.03
[[34m2025-08-15 03:15:47[0m] (step=0507800) Train Loss: 0.0820, Train Steps/Sec: 3.28, Samples/Sec: 52.41
[[34m2025-08-15 03:16:18[0m] (step=0507900) Train Loss: 0.0847, Train Steps/Sec: 3.16, Samples/Sec: 50.59
[[34m2025-08-15 03:16:49[0m] (step=0508000) Train Loss: 0.0926, Train Steps/Sec: 3.23, Samples/Sec: 51.68
[[34m2025-08-15 03:17:21[0m] (step=0508100) Train Loss: 0.0921, Train Steps/Sec: 3.13, Samples/Sec: 50.15
[[34m2025-08-15 03:17:52[0m] (step=0508200) Train Loss: 0.0860, Train Steps/Sec: 3.27, Samples/Sec: 52.38
[[34m2025-08-15 03:18:23[0m] (step=0508300) Train Loss: 0.0872, Train Steps/Sec: 3.23, Samples/Sec: 51.74
[[34m2025-08-15 03:18:55[0m] (step=0508400) Train Loss: 0.0941, Train Steps/Sec: 3.14, Samples/Sec: 50.21
[[34m2025-08-15 03:19:25[0m] (step=0508500) Train Loss: 0.0965, Train Steps/Sec: 3.25, Samples/Sec: 51.99
[[34m2025-08-15 03:19:56[0m] (step=0508600) Train Loss: 0.0792, Train Steps/Sec: 3.25, Samples/Sec: 52.00
[[34m2025-08-15 03:20:27[0m] (step=0508700) Train Loss: 0.0907, Train Steps/Sec: 3.23, Samples/Sec: 51.65
[[34m2025-08-15 03:20:59[0m] (step=0508800) Train Loss: 0.0849, Train Steps/Sec: 3.11, Samples/Sec: 49.78
[[34m2025-08-15 03:21:30[0m] (step=0508900) Train Loss: 0.0761, Train Steps/Sec: 3.25, Samples/Sec: 52.00
[[34m2025-08-15 03:22:01[0m] (step=0509000) Train Loss: 0.0892, Train Steps/Sec: 3.27, Samples/Sec: 52.27
[[34m2025-08-15 03:22:32[0m] (step=0509100) Train Loss: 0.0848, Train Steps/Sec: 3.22, Samples/Sec: 51.49
[[34m2025-08-15 03:23:04[0m] (step=0509200) Train Loss: 0.0845, Train Steps/Sec: 3.13, Samples/Sec: 50.08
[[34m2025-08-15 03:23:36[0m] (step=0509300) Train Loss: 0.0885, Train Steps/Sec: 3.09, Samples/Sec: 49.47
[[34m2025-08-15 03:24:08[0m] (step=0509400) Train Loss: 0.0838, Train Steps/Sec: 3.18, Samples/Sec: 50.84
[[34m2025-08-15 03:24:39[0m] (step=0509500) Train Loss: 0.0908, Train Steps/Sec: 3.20, Samples/Sec: 51.15
[[34m2025-08-15 03:25:11[0m] (step=0509600) Train Loss: 0.0972, Train Steps/Sec: 3.14, Samples/Sec: 50.19
[[34m2025-08-15 03:25:43[0m] (step=0509700) Train Loss: 0.0842, Train Steps/Sec: 3.15, Samples/Sec: 50.41
[[34m2025-08-15 03:26:13[0m] (step=0509800) Train Loss: 0.0920, Train Steps/Sec: 3.28, Samples/Sec: 52.47
[[34m2025-08-15 03:26:44[0m] (step=0509900) Train Loss: 0.0903, Train Steps/Sec: 3.25, Samples/Sec: 51.98
Using cache found in ./models/facebookresearch_dino_main
Using cache found in ./models/facebookresearch_dino_main
[[34m2025-08-15 03:27:15[0m] (step=0510000) Train Loss: 0.0887, Train Steps/Sec: 3.19, Samples/Sec: 50.96
Using cache found in ./models/facebookresearch_dino_main
[[34m2025-08-15 03:27:34[0m] Saved checkpoint to logs/nwm_cdit_airvln_v6_1/checkpoints/latest.pth.tar
Using cache found in ./models/facebookresearch_dino_main
[[34m2025-08-15 03:27:37[0m] Already found a `peft_config` attribute in the model. This will lead to having multiple adapters in the model. Make sure to know what you are doing!
[[34m2025-08-15 03:29:03[0m] (step=0510000) Perceptual Loss: 0.2243, Eval Time: 88.24
[[34m2025-08-15 03:29:34[0m] (step=0510100) Train Loss: 0.0806, Train Steps/Sec: 0.72, Samples/Sec: 11.56
[[34m2025-08-15 03:30:05[0m] (step=0510200) Train Loss: 0.0820, Train Steps/Sec: 3.15, Samples/Sec: 50.35
[[34m2025-08-15 03:30:38[0m] (step=0510300) Train Loss: 0.0867, Train Steps/Sec: 3.11, Samples/Sec: 49.69
[[34m2025-08-15 03:31:09[0m] (step=0510400) Train Loss: 0.0835, Train Steps/Sec: 3.15, Samples/Sec: 50.40
[[34m2025-08-15 03:31:41[0m] (step=0510500) Train Loss: 0.0804, Train Steps/Sec: 3.17, Samples/Sec: 50.65
[[34m2025-08-15 03:32:12[0m] (step=0510600) Train Loss: 0.0857, Train Steps/Sec: 3.20, Samples/Sec: 51.22
[[34m2025-08-15 03:32:44[0m] (step=0510700) Train Loss: 0.0852, Train Steps/Sec: 3.13, Samples/Sec: 50.10
[[34m2025-08-15 03:33:15[0m] (step=0510800) Train Loss: 0.0914, Train Steps/Sec: 3.22, Samples/Sec: 51.52
[[34m2025-08-15 03:33:47[0m] (step=0510900) Train Loss: 0.0867, Train Steps/Sec: 3.18, Samples/Sec: 50.90
[[34m2025-08-15 03:34:18[0m] (step=0511000) Train Loss: 0.0826, Train Steps/Sec: 3.22, Samples/Sec: 51.47
[[34m2025-08-15 03:34:49[0m] (step=0511100) Train Loss: 0.0832, Train Steps/Sec: 3.22, Samples/Sec: 51.46
[[34m2025-08-15 03:35:21[0m] (step=0511200) Train Loss: 0.1014, Train Steps/Sec: 3.15, Samples/Sec: 50.42
[[34m2025-08-15 03:35:52[0m] (step=0511300) Train Loss: 0.0820, Train Steps/Sec: 3.22, Samples/Sec: 51.55
[[34m2025-08-15 03:36:23[0m] (step=0511400) Train Loss: 0.0883, Train Steps/Sec: 3.24, Samples/Sec: 51.80
[[34m2025-08-15 03:36:55[0m] (step=0511500) Train Loss: 0.0885, Train Steps/Sec: 3.13, Samples/Sec: 50.09
[[34m2025-08-15 03:37:26[0m] (step=0511600) Train Loss: 0.0920, Train Steps/Sec: 3.14, Samples/Sec: 50.30
[[34m2025-08-15 03:37:58[0m] (step=0511700) Train Loss: 0.0834, Train Steps/Sec: 3.14, Samples/Sec: 50.29
[[34m2025-08-15 03:38:31[0m] (step=0511800) Train Loss: 0.0832, Train Steps/Sec: 3.08, Samples/Sec: 49.32
[[34m2025-08-15 03:39:02[0m] (step=0511900) Train Loss: 0.0803, Train Steps/Sec: 3.18, Samples/Sec: 50.85
[[34m2025-08-15 03:39:33[0m] (step=0512000) Train Loss: 0.0940, Train Steps/Sec: 3.26, Samples/Sec: 52.12
[[34m2025-08-15 03:40:05[0m] (step=0512100) Train Loss: 0.0919, Train Steps/Sec: 3.16, Samples/Sec: 50.52
[[34m2025-08-15 03:40:36[0m] (step=0512200) Train Loss: 0.0880, Train Steps/Sec: 3.22, Samples/Sec: 51.46
[[34m2025-08-15 03:41:06[0m] (step=0512300) Train Loss: 0.0894, Train Steps/Sec: 3.27, Samples/Sec: 52.29
[[34m2025-08-15 03:41:37[0m] (step=0512400) Train Loss: 0.0866, Train Steps/Sec: 3.24, Samples/Sec: 51.90
[[34m2025-08-15 03:42:09[0m] (step=0512500) Train Loss: 0.0850, Train Steps/Sec: 3.14, Samples/Sec: 50.16
[[34m2025-08-15 03:42:40[0m] (step=0512600) Train Loss: 0.0907, Train Steps/Sec: 3.20, Samples/Sec: 51.14
[[34m2025-08-15 03:43:11[0m] (step=0512700) Train Loss: 0.0878, Train Steps/Sec: 3.25, Samples/Sec: 52.06
[[34m2025-08-15 03:43:42[0m] (step=0512800) Train Loss: 0.0878, Train Steps/Sec: 3.21, Samples/Sec: 51.31
[[34m2025-08-15 03:44:14[0m] (step=0512900) Train Loss: 0.0900, Train Steps/Sec: 3.16, Samples/Sec: 50.59
[[34m2025-08-15 03:44:45[0m] (step=0513000) Train Loss: 0.0966, Train Steps/Sec: 3.18, Samples/Sec: 50.82
[[34m2025-08-15 03:45:16[0m] (step=0513100) Train Loss: 0.0854, Train Steps/Sec: 3.25, Samples/Sec: 52.08
[[34m2025-08-15 03:45:47[0m] (step=0513200) Train Loss: 0.0879, Train Steps/Sec: 3.24, Samples/Sec: 51.91
[[34m2025-08-15 03:46:18[0m] (step=0513300) Train Loss: 0.0860, Train Steps/Sec: 3.22, Samples/Sec: 51.54
[[34m2025-08-15 03:46:49[0m] (step=0513400) Train Loss: 0.0832, Train Steps/Sec: 3.27, Samples/Sec: 52.32
[[34m2025-08-15 03:47:20[0m] (step=0513500) Train Loss: 0.0873, Train Steps/Sec: 3.23, Samples/Sec: 51.67
[[34m2025-08-15 03:47:51[0m] (step=0513600) Train Loss: 0.0948, Train Steps/Sec: 3.16, Samples/Sec: 50.63
[[34m2025-08-15 03:48:22[0m] (step=0513700) Train Loss: 0.0912, Train Steps/Sec: 3.25, Samples/Sec: 52.03
[[34m2025-08-15 03:48:53[0m] (step=0513800) Train Loss: 0.0797, Train Steps/Sec: 3.19, Samples/Sec: 51.04
[[34m2025-08-15 03:49:24[0m] (step=0513900) Train Loss: 0.0839, Train Steps/Sec: 3.23, Samples/Sec: 51.68
[[34m2025-08-15 03:49:55[0m] (step=0514000) Train Loss: 0.0862, Train Steps/Sec: 3.30, Samples/Sec: 52.77
[[34m2025-08-15 03:50:25[0m] (step=0514100) Train Loss: 0.0821, Train Steps/Sec: 3.29, Samples/Sec: 52.66
[[34m2025-08-15 03:50:56[0m] (step=0514200) Train Loss: 0.0793, Train Steps/Sec: 3.27, Samples/Sec: 52.37
[[34m2025-08-15 03:51:27[0m] (step=0514300) Train Loss: 0.0875, Train Steps/Sec: 3.18, Samples/Sec: 50.89
[[34m2025-08-15 03:51:58[0m] (step=0514400) Train Loss: 0.0816, Train Steps/Sec: 3.21, Samples/Sec: 51.38
[[34m2025-08-15 03:52:29[0m] (step=0514500) Train Loss: 0.0856, Train Steps/Sec: 3.22, Samples/Sec: 51.45
[[34m2025-08-15 03:53:00[0m] (step=0514600) Train Loss: 0.0825, Train Steps/Sec: 3.23, Samples/Sec: 51.62
[[34m2025-08-15 03:53:31[0m] (step=0514700) Train Loss: 0.0877, Train Steps/Sec: 3.24, Samples/Sec: 51.80
[[34m2025-08-15 03:54:02[0m] (step=0514800) Train Loss: 0.0844, Train Steps/Sec: 3.26, Samples/Sec: 52.20
[[34m2025-08-15 03:54:33[0m] (step=0514900) Train Loss: 0.0893, Train Steps/Sec: 3.16, Samples/Sec: 50.63
[[34m2025-08-15 03:55:05[0m] (step=0515000) Train Loss: 0.0833, Train Steps/Sec: 3.15, Samples/Sec: 50.33
[[34m2025-08-15 03:55:36[0m] (step=0515100) Train Loss: 0.0856, Train Steps/Sec: 3.26, Samples/Sec: 52.08
[[34m2025-08-15 03:56:07[0m] (step=0515200) Train Loss: 0.0872, Train Steps/Sec: 3.20, Samples/Sec: 51.19
[[34m2025-08-15 03:56:38[0m] (step=0515300) Train Loss: 0.0921, Train Steps/Sec: 3.23, Samples/Sec: 51.70
[[34m2025-08-15 03:57:10[0m] (step=0515400) Train Loss: 0.0812, Train Steps/Sec: 3.19, Samples/Sec: 50.99
[[34m2025-08-15 03:57:43[0m] (step=0515500) Train Loss: 0.0831, Train Steps/Sec: 3.02, Samples/Sec: 48.31
[[34m2025-08-15 03:58:14[0m] (step=0515600) Train Loss: 0.0892, Train Steps/Sec: 3.18, Samples/Sec: 50.95
[[34m2025-08-15 03:58:45[0m] (step=0515700) Train Loss: 0.0816, Train Steps/Sec: 3.20, Samples/Sec: 51.22
[[34m2025-08-15 03:59:16[0m] (step=0515800) Train Loss: 0.0806, Train Steps/Sec: 3.22, Samples/Sec: 51.57
[[34m2025-08-15 03:59:47[0m] (step=0515900) Train Loss: 0.0849, Train Steps/Sec: 3.23, Samples/Sec: 51.70
[[34m2025-08-15 04:00:19[0m] (step=0516000) Train Loss: 0.0859, Train Steps/Sec: 3.15, Samples/Sec: 50.39
[[34m2025-08-15 04:00:49[0m] (step=0516100) Train Loss: 0.0866, Train Steps/Sec: 3.30, Samples/Sec: 52.82
[[34m2025-08-15 04:01:21[0m] (step=0516200) Train Loss: 0.0772, Train Steps/Sec: 3.16, Samples/Sec: 50.56
[[34m2025-08-15 04:01:52[0m] (step=0516300) Train Loss: 0.0924, Train Steps/Sec: 3.22, Samples/Sec: 51.45
[[34m2025-08-15 04:02:23[0m] (step=0516400) Train Loss: 0.0844, Train Steps/Sec: 3.24, Samples/Sec: 51.89
[[34m2025-08-15 04:02:55[0m] (step=0516500) Train Loss: 0.0881, Train Steps/Sec: 3.11, Samples/Sec: 49.74
[[34m2025-08-15 04:03:27[0m] (step=0516600) Train Loss: 0.0905, Train Steps/Sec: 3.14, Samples/Sec: 50.20
[[34m2025-08-15 04:03:59[0m] (step=0516700) Train Loss: 0.0893, Train Steps/Sec: 3.16, Samples/Sec: 50.60
[[34m2025-08-15 04:04:30[0m] (step=0516800) Train Loss: 0.0840, Train Steps/Sec: 3.21, Samples/Sec: 51.38
[[34m2025-08-15 04:05:02[0m] (step=0516900) Train Loss: 0.0818, Train Steps/Sec: 3.15, Samples/Sec: 50.35
[[34m2025-08-15 04:05:33[0m] (step=0517000) Train Loss: 0.0817, Train Steps/Sec: 3.18, Samples/Sec: 50.88
[[34m2025-08-15 04:06:04[0m] (step=0517100) Train Loss: 0.0920, Train Steps/Sec: 3.24, Samples/Sec: 51.83
[[34m2025-08-15 04:06:36[0m] (step=0517200) Train Loss: 0.0804, Train Steps/Sec: 3.15, Samples/Sec: 50.46
[[34m2025-08-15 04:07:07[0m] (step=0517300) Train Loss: 0.0864, Train Steps/Sec: 3.20, Samples/Sec: 51.24
[[34m2025-08-15 04:07:38[0m] (step=0517400) Train Loss: 0.0831, Train Steps/Sec: 3.23, Samples/Sec: 51.67
[[34m2025-08-15 04:08:09[0m] (step=0517500) Train Loss: 0.0806, Train Steps/Sec: 3.24, Samples/Sec: 51.77
[[34m2025-08-15 04:08:40[0m] (step=0517600) Train Loss: 0.0925, Train Steps/Sec: 3.20, Samples/Sec: 51.19
[[34m2025-08-15 04:09:11[0m] (step=0517700) Train Loss: 0.0770, Train Steps/Sec: 3.27, Samples/Sec: 52.32
[[34m2025-08-15 04:09:43[0m] (step=0517800) Train Loss: 0.0912, Train Steps/Sec: 3.11, Samples/Sec: 49.76
[[34m2025-08-15 04:10:14[0m] (step=0517900) Train Loss: 0.0833, Train Steps/Sec: 3.17, Samples/Sec: 50.66
[[34m2025-08-15 04:10:46[0m] (step=0518000) Train Loss: 0.0915, Train Steps/Sec: 3.19, Samples/Sec: 51.02
[[34m2025-08-15 04:11:17[0m] (step=0518100) Train Loss: 0.0899, Train Steps/Sec: 3.23, Samples/Sec: 51.74
[[34m2025-08-15 04:11:48[0m] (step=0518200) Train Loss: 0.0788, Train Steps/Sec: 3.21, Samples/Sec: 51.42
[[34m2025-08-15 04:12:20[0m] (step=0518300) Train Loss: 0.0821, Train Steps/Sec: 3.15, Samples/Sec: 50.37
[[34m2025-08-15 04:12:51[0m] (step=0518400) Train Loss: 0.0835, Train Steps/Sec: 3.17, Samples/Sec: 50.70
[[34m2025-08-15 04:13:24[0m] (step=0518500) Train Loss: 0.0878, Train Steps/Sec: 3.04, Samples/Sec: 48.67
[[34m2025-08-15 04:13:56[0m] (step=0518600) Train Loss: 0.0785, Train Steps/Sec: 3.17, Samples/Sec: 50.64
[[34m2025-08-15 04:14:26[0m] (step=0518700) Train Loss: 0.0938, Train Steps/Sec: 3.28, Samples/Sec: 52.46
[[34m2025-08-15 04:14:59[0m] (step=0518800) Train Loss: 0.0817, Train Steps/Sec: 3.07, Samples/Sec: 49.08
[[34m2025-08-15 04:15:30[0m] (step=0518900) Train Loss: 0.0944, Train Steps/Sec: 3.18, Samples/Sec: 50.93
[[34m2025-08-15 04:16:02[0m] (step=0519000) Train Loss: 0.0793, Train Steps/Sec: 3.18, Samples/Sec: 50.95
[[34m2025-08-15 04:16:33[0m] (step=0519100) Train Loss: 0.0763, Train Steps/Sec: 3.18, Samples/Sec: 50.93
[[34m2025-08-15 04:17:04[0m] (step=0519200) Train Loss: 0.0844, Train Steps/Sec: 3.26, Samples/Sec: 52.17
[[34m2025-08-15 04:17:35[0m] (step=0519300) Train Loss: 0.0815, Train Steps/Sec: 3.22, Samples/Sec: 51.53
[[34m2025-08-15 04:18:06[0m] (step=0519400) Train Loss: 0.0834, Train Steps/Sec: 3.22, Samples/Sec: 51.48
[[34m2025-08-15 04:18:37[0m] (step=0519500) Train Loss: 0.0904, Train Steps/Sec: 3.21, Samples/Sec: 51.33
[[34m2025-08-15 04:19:08[0m] (step=0519600) Train Loss: 0.0914, Train Steps/Sec: 3.28, Samples/Sec: 52.40
[[34m2025-08-15 04:19:39[0m] (step=0519700) Train Loss: 0.0848, Train Steps/Sec: 3.23, Samples/Sec: 51.61
[[34m2025-08-15 04:20:10[0m] (step=0519800) Train Loss: 0.0851, Train Steps/Sec: 3.20, Samples/Sec: 51.24
[[34m2025-08-15 04:20:41[0m] (step=0519900) Train Loss: 0.0939, Train Steps/Sec: 3.26, Samples/Sec: 52.11
[[34m2025-08-15 04:21:12[0m] (step=0520000) Train Loss: 0.0955, Train Steps/Sec: 3.17, Samples/Sec: 50.76
Using cache found in ./models/facebookresearch_dino_main
Using cache found in ./models/facebookresearch_dino_main
Using cache found in ./models/facebookresearch_dino_main
[[34m2025-08-15 04:21:30[0m] Saved checkpoint to logs/nwm_cdit_airvln_v6_1/checkpoints/latest.pth.tar
Using cache found in ./models/facebookresearch_dino_main
[[34m2025-08-15 04:21:33[0m] Already found a `peft_config` attribute in the model. This will lead to having multiple adapters in the model. Make sure to know what you are doing!
[[34m2025-08-15 04:23:00[0m] (step=0520000) Perceptual Loss: 0.2013, Eval Time: 89.85
[[34m2025-08-15 04:23:31[0m] (step=0520100) Train Loss: 0.0802, Train Steps/Sec: 0.72, Samples/Sec: 11.52
[[34m2025-08-15 04:24:02[0m] (step=0520200) Train Loss: 0.0933, Train Steps/Sec: 3.25, Samples/Sec: 52.05
[[34m2025-08-15 04:24:34[0m] (step=0520300) Train Loss: 0.0844, Train Steps/Sec: 3.12, Samples/Sec: 49.84
[[34m2025-08-15 04:25:05[0m] (step=0520400) Train Loss: 0.0817, Train Steps/Sec: 3.20, Samples/Sec: 51.16
[[34m2025-08-15 04:25:37[0m] (step=0520500) Train Loss: 0.0811, Train Steps/Sec: 3.12, Samples/Sec: 49.94
[[34m2025-08-15 04:26:10[0m] (step=0520600) Train Loss: 0.0801, Train Steps/Sec: 3.01, Samples/Sec: 48.11
[[34m2025-08-15 04:26:42[0m] (step=0520700) Train Loss: 0.0825, Train Steps/Sec: 3.19, Samples/Sec: 51.10
[[34m2025-08-15 04:27:15[0m] (step=0520800) Train Loss: 0.0951, Train Steps/Sec: 3.02, Samples/Sec: 48.36
[[34m2025-08-15 04:27:46[0m] (step=0520900) Train Loss: 0.0946, Train Steps/Sec: 3.20, Samples/Sec: 51.13
[[34m2025-08-15 04:28:17[0m] (step=0521000) Train Loss: 0.0843, Train Steps/Sec: 3.22, Samples/Sec: 51.59
[[34m2025-08-15 04:28:49[0m] (step=0521100) Train Loss: 0.0803, Train Steps/Sec: 3.13, Samples/Sec: 50.08
[[34m2025-08-15 04:29:21[0m] (step=0521200) Train Loss: 0.0830, Train Steps/Sec: 3.15, Samples/Sec: 50.44
[[34m2025-08-15 04:29:52[0m] (step=0521300) Train Loss: 0.0839, Train Steps/Sec: 3.18, Samples/Sec: 50.90
[[34m2025-08-15 04:30:24[0m] (step=0521400) Train Loss: 0.0788, Train Steps/Sec: 3.17, Samples/Sec: 50.77
[[34m2025-08-15 04:30:55[0m] (step=0521500) Train Loss: 0.0965, Train Steps/Sec: 3.26, Samples/Sec: 52.11
[[34m2025-08-15 04:31:25[0m] (step=0521600) Train Loss: 0.0870, Train Steps/Sec: 3.28, Samples/Sec: 52.46
[[34m2025-08-15 04:31:56[0m] (step=0521700) Train Loss: 0.0824, Train Steps/Sec: 3.20, Samples/Sec: 51.15
[[34m2025-08-15 04:32:27[0m] (step=0521800) Train Loss: 0.0802, Train Steps/Sec: 3.25, Samples/Sec: 51.96
[[34m2025-08-15 04:32:58[0m] (step=0521900) Train Loss: 0.0826, Train Steps/Sec: 3.23, Samples/Sec: 51.67
[[34m2025-08-15 04:33:29[0m] (step=0522000) Train Loss: 0.0884, Train Steps/Sec: 3.20, Samples/Sec: 51.15
[[34m2025-08-15 04:34:01[0m] (step=0522100) Train Loss: 0.0920, Train Steps/Sec: 3.12, Samples/Sec: 49.93
[[34m2025-08-15 04:34:33[0m] (step=0522200) Train Loss: 0.0885, Train Steps/Sec: 3.19, Samples/Sec: 50.99
[[34m2025-08-15 04:35:04[0m] (step=0522300) Train Loss: 0.0853, Train Steps/Sec: 3.22, Samples/Sec: 51.57
[[34m2025-08-15 04:35:35[0m] (step=0522400) Train Loss: 0.0961, Train Steps/Sec: 3.18, Samples/Sec: 50.85
[[34m2025-08-15 04:36:06[0m] (step=0522500) Train Loss: 0.0887, Train Steps/Sec: 3.26, Samples/Sec: 52.19
[[34m2025-08-15 04:36:37[0m] (step=0522600) Train Loss: 0.0843, Train Steps/Sec: 3.22, Samples/Sec: 51.56
[[34m2025-08-15 04:37:08[0m] (step=0522700) Train Loss: 0.0871, Train Steps/Sec: 3.28, Samples/Sec: 52.55
[[34m2025-08-15 04:37:39[0m] (step=0522800) Train Loss: 0.0886, Train Steps/Sec: 3.17, Samples/Sec: 50.72
[[34m2025-08-15 04:38:11[0m] (step=0522900) Train Loss: 0.0896, Train Steps/Sec: 3.13, Samples/Sec: 50.08
[[34m2025-08-15 04:38:42[0m] (step=0523000) Train Loss: 0.0834, Train Steps/Sec: 3.22, Samples/Sec: 51.53
[[34m2025-08-15 04:39:14[0m] (step=0523100) Train Loss: 0.0885, Train Steps/Sec: 3.14, Samples/Sec: 50.18
[[34m2025-08-15 04:39:45[0m] (step=0523200) Train Loss: 0.0938, Train Steps/Sec: 3.26, Samples/Sec: 52.16
[[34m2025-08-15 04:40:16[0m] (step=0523300) Train Loss: 0.0835, Train Steps/Sec: 3.23, Samples/Sec: 51.70
[[34m2025-08-15 04:40:46[0m] (step=0523400) Train Loss: 0.0849, Train Steps/Sec: 3.30, Samples/Sec: 52.75
[[34m2025-08-15 04:41:17[0m] (step=0523500) Train Loss: 0.0852, Train Steps/Sec: 3.26, Samples/Sec: 52.11
[[34m2025-08-15 04:41:47[0m] (step=0523600) Train Loss: 0.0832, Train Steps/Sec: 3.30, Samples/Sec: 52.86
[[34m2025-08-15 04:42:18[0m] (step=0523700) Train Loss: 0.0895, Train Steps/Sec: 3.22, Samples/Sec: 51.57
[[34m2025-08-15 04:42:48[0m] (step=0523800) Train Loss: 0.0763, Train Steps/Sec: 3.31, Samples/Sec: 52.96
[[34m2025-08-15 04:43:19[0m] (step=0523900) Train Loss: 0.0872, Train Steps/Sec: 3.29, Samples/Sec: 52.58
[[34m2025-08-15 04:43:50[0m] (step=0524000) Train Loss: 0.0810, Train Steps/Sec: 3.19, Samples/Sec: 51.02
[[34m2025-08-15 04:44:21[0m] (step=0524100) Train Loss: 0.0822, Train Steps/Sec: 3.21, Samples/Sec: 51.38
[[34m2025-08-15 04:44:53[0m] (step=0524200) Train Loss: 0.0846, Train Steps/Sec: 3.18, Samples/Sec: 50.89
[[34m2025-08-15 04:45:24[0m] (step=0524300) Train Loss: 0.0975, Train Steps/Sec: 3.19, Samples/Sec: 51.07
[[34m2025-08-15 04:45:55[0m] (step=0524400) Train Loss: 0.0869, Train Steps/Sec: 3.24, Samples/Sec: 51.79
[[34m2025-08-15 04:46:26[0m] (step=0524500) Train Loss: 0.0860, Train Steps/Sec: 3.18, Samples/Sec: 50.90
[[34m2025-08-15 04:46:58[0m] (step=0524600) Train Loss: 0.0861, Train Steps/Sec: 3.18, Samples/Sec: 50.82
[[34m2025-08-15 04:47:29[0m] (step=0524700) Train Loss: 0.0870, Train Steps/Sec: 3.17, Samples/Sec: 50.72
[[34m2025-08-15 04:48:04[0m] (step=0524800) Train Loss: 0.0976, Train Steps/Sec: 2.93, Samples/Sec: 46.84
[[34m2025-08-15 04:48:34[0m] (step=0524900) Train Loss: 0.0972, Train Steps/Sec: 3.26, Samples/Sec: 52.23
[[34m2025-08-15 04:49:06[0m] (step=0525000) Train Loss: 0.0867, Train Steps/Sec: 3.17, Samples/Sec: 50.67
[[34m2025-08-15 04:49:37[0m] (step=0525100) Train Loss: 0.0870, Train Steps/Sec: 3.16, Samples/Sec: 50.59
[[34m2025-08-15 04:50:09[0m] (step=0525200) Train Loss: 0.0928, Train Steps/Sec: 3.16, Samples/Sec: 50.57
[[34m2025-08-15 04:50:40[0m] (step=0525300) Train Loss: 0.0784, Train Steps/Sec: 3.22, Samples/Sec: 51.46
[[34m2025-08-15 04:51:12[0m] (step=0525400) Train Loss: 0.0887, Train Steps/Sec: 3.14, Samples/Sec: 50.27
[[34m2025-08-15 04:51:43[0m] (step=0525500) Train Loss: 0.0895, Train Steps/Sec: 3.23, Samples/Sec: 51.70
[[34m2025-08-15 04:52:14[0m] (step=0525600) Train Loss: 0.0850, Train Steps/Sec: 3.22, Samples/Sec: 51.49
[[34m2025-08-15 04:52:45[0m] (step=0525700) Train Loss: 0.0884, Train Steps/Sec: 3.20, Samples/Sec: 51.28
[[34m2025-08-15 04:53:17[0m] (step=0525800) Train Loss: 0.0889, Train Steps/Sec: 3.17, Samples/Sec: 50.74
[[34m2025-08-15 04:53:48[0m] (step=0525900) Train Loss: 0.0956, Train Steps/Sec: 3.24, Samples/Sec: 51.89
[[34m2025-08-15 04:54:18[0m] (step=0526000) Train Loss: 0.0863, Train Steps/Sec: 3.25, Samples/Sec: 52.06
[[34m2025-08-15 04:54:49[0m] (step=0526100) Train Loss: 0.0835, Train Steps/Sec: 3.26, Samples/Sec: 52.23
[[34m2025-08-15 04:55:22[0m] (step=0526200) Train Loss: 0.0857, Train Steps/Sec: 3.08, Samples/Sec: 49.23
[[34m2025-08-15 04:55:53[0m] (step=0526300) Train Loss: 0.0872, Train Steps/Sec: 3.17, Samples/Sec: 50.75
[[34m2025-08-15 04:56:25[0m] (step=0526400) Train Loss: 0.0847, Train Steps/Sec: 3.14, Samples/Sec: 50.31
[[34m2025-08-15 04:56:56[0m] (step=0526500) Train Loss: 0.0897, Train Steps/Sec: 3.21, Samples/Sec: 51.36
[[34m2025-08-15 04:57:28[0m] (step=0526600) Train Loss: 0.0830, Train Steps/Sec: 3.11, Samples/Sec: 49.74
[[34m2025-08-15 04:57:59[0m] (step=0526700) Train Loss: 0.0885, Train Steps/Sec: 3.20, Samples/Sec: 51.16
[[34m2025-08-15 04:58:31[0m] (step=0526800) Train Loss: 0.0838, Train Steps/Sec: 3.18, Samples/Sec: 50.95
[[34m2025-08-15 04:59:02[0m] (step=0526900) Train Loss: 0.0874, Train Steps/Sec: 3.23, Samples/Sec: 51.75
[[34m2025-08-15 04:59:34[0m] (step=0527000) Train Loss: 0.0835, Train Steps/Sec: 3.16, Samples/Sec: 50.48
[[34m2025-08-15 05:00:05[0m] (step=0527100) Train Loss: 0.0860, Train Steps/Sec: 3.19, Samples/Sec: 51.08
[[34m2025-08-15 05:00:37[0m] (step=0527200) Train Loss: 0.0906, Train Steps/Sec: 3.15, Samples/Sec: 50.34
[[34m2025-08-15 05:01:09[0m] (step=0527300) Train Loss: 0.0816, Train Steps/Sec: 3.09, Samples/Sec: 49.38
[[34m2025-08-15 05:01:41[0m] (step=0527400) Train Loss: 0.0868, Train Steps/Sec: 3.16, Samples/Sec: 50.60
[[34m2025-08-15 05:02:12[0m] (step=0527500) Train Loss: 0.0907, Train Steps/Sec: 3.17, Samples/Sec: 50.79
[[34m2025-08-15 05:02:44[0m] (step=0527600) Train Loss: 0.0798, Train Steps/Sec: 3.18, Samples/Sec: 50.89
[[34m2025-08-15 05:03:15[0m] (step=0527700) Train Loss: 0.0814, Train Steps/Sec: 3.22, Samples/Sec: 51.54
[[34m2025-08-15 05:03:47[0m] (step=0527800) Train Loss: 0.0811, Train Steps/Sec: 3.14, Samples/Sec: 50.19
[[34m2025-08-15 05:04:18[0m] (step=0527900) Train Loss: 0.0974, Train Steps/Sec: 3.15, Samples/Sec: 50.34
[[34m2025-08-15 05:04:50[0m] (step=0528000) Train Loss: 0.0839, Train Steps/Sec: 3.18, Samples/Sec: 50.86
[[34m2025-08-15 05:05:21[0m] (step=0528100) Train Loss: 0.0918, Train Steps/Sec: 3.17, Samples/Sec: 50.78
[[34m2025-08-15 05:05:53[0m] (step=0528200) Train Loss: 0.0905, Train Steps/Sec: 3.16, Samples/Sec: 50.53
[[34m2025-08-15 05:06:25[0m] (step=0528300) Train Loss: 0.0898, Train Steps/Sec: 3.17, Samples/Sec: 50.73
[[34m2025-08-15 05:06:56[0m] (step=0528400) Train Loss: 0.0812, Train Steps/Sec: 3.17, Samples/Sec: 50.75
[[34m2025-08-15 05:07:28[0m] (step=0528500) Train Loss: 0.0852, Train Steps/Sec: 3.18, Samples/Sec: 50.91
[[34m2025-08-15 05:08:00[0m] (step=0528600) Train Loss: 0.0892, Train Steps/Sec: 3.05, Samples/Sec: 48.88
[[34m2025-08-15 05:08:32[0m] (step=0528700) Train Loss: 0.0824, Train Steps/Sec: 3.18, Samples/Sec: 50.87
[[34m2025-08-15 05:09:03[0m] (step=0528800) Train Loss: 0.0780, Train Steps/Sec: 3.17, Samples/Sec: 50.80
[[34m2025-08-15 05:09:35[0m] (step=0528900) Train Loss: 0.0874, Train Steps/Sec: 3.18, Samples/Sec: 50.85
[[34m2025-08-15 05:10:07[0m] (step=0529000) Train Loss: 0.0854, Train Steps/Sec: 3.09, Samples/Sec: 49.39
[[34m2025-08-15 05:10:39[0m] (step=0529100) Train Loss: 0.0845, Train Steps/Sec: 3.14, Samples/Sec: 50.25
[[34m2025-08-15 05:11:11[0m] (step=0529200) Train Loss: 0.0822, Train Steps/Sec: 3.16, Samples/Sec: 50.59
[[34m2025-08-15 05:11:42[0m] (step=0529300) Train Loss: 0.0896, Train Steps/Sec: 3.18, Samples/Sec: 50.93
[[34m2025-08-15 05:12:13[0m] (step=0529400) Train Loss: 0.0884, Train Steps/Sec: 3.21, Samples/Sec: 51.33
[[34m2025-08-15 05:12:44[0m] (step=0529500) Train Loss: 0.0843, Train Steps/Sec: 3.23, Samples/Sec: 51.67
[[34m2025-08-15 05:13:16[0m] (step=0529600) Train Loss: 0.0842, Train Steps/Sec: 3.17, Samples/Sec: 50.80
[[34m2025-08-15 05:13:47[0m] (step=0529700) Train Loss: 0.0841, Train Steps/Sec: 3.21, Samples/Sec: 51.32
[[34m2025-08-15 05:14:18[0m] (step=0529800) Train Loss: 0.0928, Train Steps/Sec: 3.22, Samples/Sec: 51.57
[[34m2025-08-15 05:14:50[0m] (step=0529900) Train Loss: 0.0936, Train Steps/Sec: 3.15, Samples/Sec: 50.39
[[34m2025-08-15 05:15:21[0m] (step=0530000) Train Loss: 0.0802, Train Steps/Sec: 3.23, Samples/Sec: 51.73
Using cache found in ./models/facebookresearch_dino_main
Using cache found in ./models/facebookresearch_dino_main
Using cache found in ./models/facebookresearch_dino_main
[[34m2025-08-15 05:15:44[0m] Saved checkpoint to logs/nwm_cdit_airvln_v6_1/checkpoints/latest.pth.tar
Using cache found in ./models/facebookresearch_dino_main
[[34m2025-08-15 05:15:49[0m] Already found a `peft_config` attribute in the model. This will lead to having multiple adapters in the model. Make sure to know what you are doing!
[[34m2025-08-15 05:17:16[0m] (step=0530000) Perceptual Loss: 0.1886, Eval Time: 92.83
[[34m2025-08-15 05:17:48[0m] (step=0530100) Train Loss: 0.0879, Train Steps/Sec: 0.68, Samples/Sec: 10.89
[[34m2025-08-15 05:18:20[0m] (step=0530200) Train Loss: 0.0829, Train Steps/Sec: 3.06, Samples/Sec: 48.97
[[34m2025-08-15 05:18:51[0m] (step=0530300) Train Loss: 0.0896, Train Steps/Sec: 3.22, Samples/Sec: 51.58
[[34m2025-08-15 05:19:22[0m] (step=0530400) Train Loss: 0.0943, Train Steps/Sec: 3.20, Samples/Sec: 51.27
[[34m2025-08-15 05:19:54[0m] (step=0530500) Train Loss: 0.0881, Train Steps/Sec: 3.22, Samples/Sec: 51.52
[[34m2025-08-15 05:20:25[0m] (step=0530600) Train Loss: 0.0892, Train Steps/Sec: 3.17, Samples/Sec: 50.78
[[34m2025-08-15 05:20:57[0m] (step=0530700) Train Loss: 0.0820, Train Steps/Sec: 3.14, Samples/Sec: 50.22
[[34m2025-08-15 05:21:29[0m] (step=0530800) Train Loss: 0.0893, Train Steps/Sec: 3.15, Samples/Sec: 50.44
[[34m2025-08-15 05:22:00[0m] (step=0530900) Train Loss: 0.0870, Train Steps/Sec: 3.18, Samples/Sec: 50.83
[[34m2025-08-15 05:22:31[0m] (step=0531000) Train Loss: 0.0909, Train Steps/Sec: 3.21, Samples/Sec: 51.39
[[34m2025-08-15 05:23:03[0m] (step=0531100) Train Loss: 0.0895, Train Steps/Sec: 3.15, Samples/Sec: 50.43
[[34m2025-08-15 05:23:34[0m] (step=0531200) Train Loss: 0.0891, Train Steps/Sec: 3.23, Samples/Sec: 51.61
[[34m2025-08-15 05:24:07[0m] (step=0531300) Train Loss: 0.0840, Train Steps/Sec: 3.04, Samples/Sec: 48.64
[[34m2025-08-15 05:24:38[0m] (step=0531400) Train Loss: 0.0844, Train Steps/Sec: 3.20, Samples/Sec: 51.15
[[34m2025-08-15 05:25:10[0m] (step=0531500) Train Loss: 0.0863, Train Steps/Sec: 3.17, Samples/Sec: 50.69
[[34m2025-08-15 05:25:41[0m] (step=0531600) Train Loss: 0.0870, Train Steps/Sec: 3.19, Samples/Sec: 51.07
[[34m2025-08-15 05:26:14[0m] (step=0531700) Train Loss: 0.0851, Train Steps/Sec: 3.09, Samples/Sec: 49.38
[[34m2025-08-15 05:26:45[0m] (step=0531800) Train Loss: 0.0851, Train Steps/Sec: 3.23, Samples/Sec: 51.67
[[34m2025-08-15 05:27:16[0m] (step=0531900) Train Loss: 0.0810, Train Steps/Sec: 3.14, Samples/Sec: 50.25
[[34m2025-08-15 05:27:46[0m] (step=0532000) Train Loss: 0.0840, Train Steps/Sec: 3.37, Samples/Sec: 53.85
[[34m2025-08-15 05:28:17[0m] (step=0532100) Train Loss: 0.0837, Train Steps/Sec: 3.20, Samples/Sec: 51.27
[[34m2025-08-15 05:28:49[0m] (step=0532200) Train Loss: 0.0883, Train Steps/Sec: 3.19, Samples/Sec: 51.00
[[34m2025-08-15 05:29:20[0m] (step=0532300) Train Loss: 0.0873, Train Steps/Sec: 3.19, Samples/Sec: 51.04
[[34m2025-08-15 05:29:52[0m] (step=0532400) Train Loss: 0.0823, Train Steps/Sec: 3.18, Samples/Sec: 50.87
[[34m2025-08-15 05:30:22[0m] (step=0532500) Train Loss: 0.0863, Train Steps/Sec: 3.24, Samples/Sec: 51.89
[[34m2025-08-15 05:30:53[0m] (step=0532600) Train Loss: 0.0864, Train Steps/Sec: 3.24, Samples/Sec: 51.85
[[34m2025-08-15 05:31:24[0m] (step=0532700) Train Loss: 0.0826, Train Steps/Sec: 3.24, Samples/Sec: 51.89
[[34m2025-08-15 05:31:55[0m] (step=0532800) Train Loss: 0.0822, Train Steps/Sec: 3.18, Samples/Sec: 50.94
[[34m2025-08-15 05:32:27[0m] (step=0532900) Train Loss: 0.0917, Train Steps/Sec: 3.22, Samples/Sec: 51.56
[[34m2025-08-15 05:32:58[0m] (step=0533000) Train Loss: 0.0930, Train Steps/Sec: 3.16, Samples/Sec: 50.52
[[34m2025-08-15 05:33:30[0m] (step=0533100) Train Loss: 0.0793, Train Steps/Sec: 3.19, Samples/Sec: 50.99
[[34m2025-08-15 05:34:01[0m] (step=0533200) Train Loss: 0.0745, Train Steps/Sec: 3.20, Samples/Sec: 51.26
[[34m2025-08-15 05:34:32[0m] (step=0533300) Train Loss: 0.0876, Train Steps/Sec: 3.23, Samples/Sec: 51.74
[[34m2025-08-15 05:35:04[0m] (step=0533400) Train Loss: 0.0845, Train Steps/Sec: 3.06, Samples/Sec: 48.92
[[34m2025-08-15 05:35:35[0m] (step=0533500) Train Loss: 0.0929, Train Steps/Sec: 3.24, Samples/Sec: 51.90
[[34m2025-08-15 05:36:07[0m] (step=0533600) Train Loss: 0.0855, Train Steps/Sec: 3.16, Samples/Sec: 50.62
[[34m2025-08-15 05:36:38[0m] (step=0533700) Train Loss: 0.0821, Train Steps/Sec: 3.22, Samples/Sec: 51.55
[[34m2025-08-15 05:37:09[0m] (step=0533800) Train Loss: 0.0769, Train Steps/Sec: 3.24, Samples/Sec: 51.83
[[34m2025-08-15 05:37:40[0m] (step=0533900) Train Loss: 0.0903, Train Steps/Sec: 3.22, Samples/Sec: 51.45
[[34m2025-08-15 05:38:11[0m] (step=0534000) Train Loss: 0.0811, Train Steps/Sec: 3.21, Samples/Sec: 51.39
[[34m2025-08-15 05:38:44[0m] (step=0534100) Train Loss: 0.0836, Train Steps/Sec: 3.09, Samples/Sec: 49.38
[[34m2025-08-15 05:39:16[0m] (step=0534200) Train Loss: 0.0920, Train Steps/Sec: 3.12, Samples/Sec: 49.86
[[34m2025-08-15 05:39:49[0m] (step=0534300) Train Loss: 0.0800, Train Steps/Sec: 3.04, Samples/Sec: 48.64
[[34m2025-08-15 05:40:20[0m] (step=0534400) Train Loss: 0.0796, Train Steps/Sec: 3.22, Samples/Sec: 51.44
[[34m2025-08-15 05:40:50[0m] (step=0534500) Train Loss: 0.0894, Train Steps/Sec: 3.33, Samples/Sec: 53.29
[[34m2025-08-15 05:41:22[0m] (step=0534600) Train Loss: 0.0828, Train Steps/Sec: 3.12, Samples/Sec: 49.85
[[34m2025-08-15 05:41:53[0m] (step=0534700) Train Loss: 0.0896, Train Steps/Sec: 3.18, Samples/Sec: 50.80
[[34m2025-08-15 05:42:25[0m] (step=0534800) Train Loss: 0.0833, Train Steps/Sec: 3.11, Samples/Sec: 49.74
[[34m2025-08-15 05:42:57[0m] (step=0534900) Train Loss: 0.0884, Train Steps/Sec: 3.14, Samples/Sec: 50.30
[[34m2025-08-15 05:43:29[0m] (step=0535000) Train Loss: 0.0867, Train Steps/Sec: 3.12, Samples/Sec: 49.88
[[34m2025-08-15 05:44:01[0m] (step=0535100) Train Loss: 0.0863, Train Steps/Sec: 3.19, Samples/Sec: 51.05
[[34m2025-08-15 05:44:31[0m] (step=0535200) Train Loss: 0.0868, Train Steps/Sec: 3.26, Samples/Sec: 52.13
[[34m2025-08-15 05:45:03[0m] (step=0535300) Train Loss: 0.0844, Train Steps/Sec: 3.16, Samples/Sec: 50.54
[[34m2025-08-15 05:45:34[0m] (step=0535400) Train Loss: 0.0963, Train Steps/Sec: 3.19, Samples/Sec: 51.03
[[34m2025-08-15 05:46:06[0m] (step=0535500) Train Loss: 0.0965, Train Steps/Sec: 3.12, Samples/Sec: 49.92
[[34m2025-08-15 05:46:39[0m] (step=0535600) Train Loss: 0.0806, Train Steps/Sec: 3.12, Samples/Sec: 49.95
[[34m2025-08-15 05:47:10[0m] (step=0535700) Train Loss: 0.0860, Train Steps/Sec: 3.22, Samples/Sec: 51.51
[[34m2025-08-15 05:47:42[0m] (step=0535800) Train Loss: 0.0951, Train Steps/Sec: 3.11, Samples/Sec: 49.72
[[34m2025-08-15 05:48:13[0m] (step=0535900) Train Loss: 0.0883, Train Steps/Sec: 3.19, Samples/Sec: 51.07
[[34m2025-08-15 05:48:45[0m] (step=0536000) Train Loss: 0.0897, Train Steps/Sec: 3.13, Samples/Sec: 50.12
[[34m2025-08-15 05:49:16[0m] (step=0536100) Train Loss: 0.0884, Train Steps/Sec: 3.20, Samples/Sec: 51.17
[[34m2025-08-15 05:49:48[0m] (step=0536200) Train Loss: 0.0863, Train Steps/Sec: 3.13, Samples/Sec: 50.09
[[34m2025-08-15 05:50:20[0m] (step=0536300) Train Loss: 0.0883, Train Steps/Sec: 3.11, Samples/Sec: 49.78
[[34m2025-08-15 05:50:52[0m] (step=0536400) Train Loss: 0.0777, Train Steps/Sec: 3.19, Samples/Sec: 51.09
[[34m2025-08-15 05:51:23[0m] (step=0536500) Train Loss: 0.0886, Train Steps/Sec: 3.16, Samples/Sec: 50.59
[[34m2025-08-15 05:51:56[0m] (step=0536600) Train Loss: 0.0821, Train Steps/Sec: 3.04, Samples/Sec: 48.68
[[34m2025-08-15 05:52:28[0m] (step=0536700) Train Loss: 0.0963, Train Steps/Sec: 3.14, Samples/Sec: 50.29
[[34m2025-08-15 05:52:59[0m] (step=0536800) Train Loss: 0.0863, Train Steps/Sec: 3.20, Samples/Sec: 51.14
[[34m2025-08-15 05:53:31[0m] (step=0536900) Train Loss: 0.0926, Train Steps/Sec: 3.17, Samples/Sec: 50.70
[[34m2025-08-15 05:54:02[0m] (step=0537000) Train Loss: 0.0887, Train Steps/Sec: 3.17, Samples/Sec: 50.77
[[34m2025-08-15 05:54:34[0m] (step=0537100) Train Loss: 0.0878, Train Steps/Sec: 3.21, Samples/Sec: 51.42
[[34m2025-08-15 05:55:06[0m] (step=0537200) Train Loss: 0.0864, Train Steps/Sec: 3.13, Samples/Sec: 50.01
[[34m2025-08-15 05:55:38[0m] (step=0537300) Train Loss: 0.0805, Train Steps/Sec: 3.13, Samples/Sec: 50.03
[[34m2025-08-15 05:56:11[0m] (step=0537400) Train Loss: 0.0879, Train Steps/Sec: 3.00, Samples/Sec: 48.02
[[34m2025-08-15 05:56:42[0m] (step=0537500) Train Loss: 0.0874, Train Steps/Sec: 3.20, Samples/Sec: 51.13
[[34m2025-08-15 05:57:15[0m] (step=0537600) Train Loss: 0.0831, Train Steps/Sec: 3.08, Samples/Sec: 49.24
[[34m2025-08-15 05:57:46[0m] (step=0537700) Train Loss: 0.0879, Train Steps/Sec: 3.15, Samples/Sec: 50.41
[[34m2025-08-15 05:58:18[0m] (step=0537800) Train Loss: 0.0905, Train Steps/Sec: 3.21, Samples/Sec: 51.40
[[34m2025-08-15 05:58:49[0m] (step=0537900) Train Loss: 0.0933, Train Steps/Sec: 3.22, Samples/Sec: 51.50
[[34m2025-08-15 05:59:22[0m] (step=0538000) Train Loss: 0.0790, Train Steps/Sec: 3.01, Samples/Sec: 48.11
[[34m2025-08-15 05:59:54[0m] (step=0538100) Train Loss: 0.0809, Train Steps/Sec: 3.12, Samples/Sec: 49.85
[[34m2025-08-15 06:00:26[0m] (step=0538200) Train Loss: 0.0879, Train Steps/Sec: 3.10, Samples/Sec: 49.53
[[34m2025-08-15 06:00:58[0m] (step=0538300) Train Loss: 0.0872, Train Steps/Sec: 3.14, Samples/Sec: 50.22
[[34m2025-08-15 06:01:30[0m] (step=0538400) Train Loss: 0.0774, Train Steps/Sec: 3.19, Samples/Sec: 51.09
[[34m2025-08-15 06:02:01[0m] (step=0538500) Train Loss: 0.0854, Train Steps/Sec: 3.20, Samples/Sec: 51.27
[[34m2025-08-15 06:02:32[0m] (step=0538600) Train Loss: 0.0779, Train Steps/Sec: 3.19, Samples/Sec: 51.05
[[34m2025-08-15 06:03:04[0m] (step=0538700) Train Loss: 0.0870, Train Steps/Sec: 3.12, Samples/Sec: 50.00
[[34m2025-08-15 06:03:36[0m] (step=0538800) Train Loss: 0.0854, Train Steps/Sec: 3.15, Samples/Sec: 50.37
[[34m2025-08-15 06:04:08[0m] (step=0538900) Train Loss: 0.0789, Train Steps/Sec: 3.13, Samples/Sec: 50.02
[[34m2025-08-15 06:04:40[0m] (step=0539000) Train Loss: 0.0852, Train Steps/Sec: 3.15, Samples/Sec: 50.41
[[34m2025-08-15 06:05:11[0m] (step=0539100) Train Loss: 0.0864, Train Steps/Sec: 3.20, Samples/Sec: 51.13
[[34m2025-08-15 06:05:42[0m] (step=0539200) Train Loss: 0.0893, Train Steps/Sec: 3.23, Samples/Sec: 51.61
[[34m2025-08-15 06:06:14[0m] (step=0539300) Train Loss: 0.0878, Train Steps/Sec: 3.12, Samples/Sec: 49.85
[[34m2025-08-15 06:06:46[0m] (step=0539400) Train Loss: 0.0810, Train Steps/Sec: 3.09, Samples/Sec: 49.42
[[34m2025-08-15 06:07:18[0m] (step=0539500) Train Loss: 0.0895, Train Steps/Sec: 3.19, Samples/Sec: 51.01
[[34m2025-08-15 06:07:49[0m] (step=0539600) Train Loss: 0.0860, Train Steps/Sec: 3.23, Samples/Sec: 51.74
[[34m2025-08-15 06:08:21[0m] (step=0539700) Train Loss: 0.0895, Train Steps/Sec: 3.08, Samples/Sec: 49.35
[[34m2025-08-15 06:08:52[0m] (step=0539800) Train Loss: 0.0846, Train Steps/Sec: 3.24, Samples/Sec: 51.85
[[34m2025-08-15 06:09:23[0m] (step=0539900) Train Loss: 0.0859, Train Steps/Sec: 3.23, Samples/Sec: 51.67
[[34m2025-08-15 06:09:56[0m] (step=0540000) Train Loss: 0.0832, Train Steps/Sec: 3.05, Samples/Sec: 48.86
Using cache found in ./models/facebookresearch_dino_main
Using cache found in ./models/facebookresearch_dino_main
Using cache found in ./models/facebookresearch_dino_main
[[34m2025-08-15 06:10:14[0m] Saved checkpoint to logs/nwm_cdit_airvln_v6_1/checkpoints/latest.pth.tar
Using cache found in ./models/facebookresearch_dino_main
[[34m2025-08-15 06:10:17[0m] Already found a `peft_config` attribute in the model. This will lead to having multiple adapters in the model. Make sure to know what you are doing!
[[34m2025-08-15 06:11:42[0m] (step=0540000) Perceptual Loss: 0.1805, Eval Time: 87.99
[[34m2025-08-15 06:12:13[0m] (step=0540100) Train Loss: 0.0830, Train Steps/Sec: 0.73, Samples/Sec: 11.66
[[34m2025-08-15 06:12:44[0m] (step=0540200) Train Loss: 0.0899, Train Steps/Sec: 3.21, Samples/Sec: 51.37
[[34m2025-08-15 06:13:16[0m] (step=0540300) Train Loss: 0.0869, Train Steps/Sec: 3.18, Samples/Sec: 50.89
[[34m2025-08-15 06:13:48[0m] (step=0540400) Train Loss: 0.0837, Train Steps/Sec: 3.12, Samples/Sec: 49.99
[[34m2025-08-15 06:14:20[0m] (step=0540500) Train Loss: 0.0821, Train Steps/Sec: 3.11, Samples/Sec: 49.71
[[34m2025-08-15 06:14:52[0m] (step=0540600) Train Loss: 0.0982, Train Steps/Sec: 3.13, Samples/Sec: 50.08
[[34m2025-08-15 06:15:23[0m] (step=0540700) Train Loss: 0.0777, Train Steps/Sec: 3.18, Samples/Sec: 50.94
[[34m2025-08-15 06:15:54[0m] (step=0540800) Train Loss: 0.0915, Train Steps/Sec: 3.26, Samples/Sec: 52.14
[[34m2025-08-15 06:16:27[0m] (step=0540900) Train Loss: 0.0885, Train Steps/Sec: 3.01, Samples/Sec: 48.19
[[34m2025-08-15 06:16:58[0m] (step=0541000) Train Loss: 0.0866, Train Steps/Sec: 3.20, Samples/Sec: 51.15
[[34m2025-08-15 06:17:30[0m] (step=0541100) Train Loss: 0.0935, Train Steps/Sec: 3.16, Samples/Sec: 50.49
[[34m2025-08-15 06:18:01[0m] (step=0541200) Train Loss: 0.0906, Train Steps/Sec: 3.20, Samples/Sec: 51.16
[[34m2025-08-15 06:18:33[0m] (step=0541300) Train Loss: 0.0898, Train Steps/Sec: 3.17, Samples/Sec: 50.75
[[34m2025-08-15 06:19:04[0m] (step=0541400) Train Loss: 0.0815, Train Steps/Sec: 3.18, Samples/Sec: 50.96
[[34m2025-08-15 06:19:36[0m] (step=0541500) Train Loss: 0.0911, Train Steps/Sec: 3.18, Samples/Sec: 50.91
[[34m2025-08-15 06:20:07[0m] (step=0541600) Train Loss: 0.0886, Train Steps/Sec: 3.17, Samples/Sec: 50.72
[[34m2025-08-15 06:20:38[0m] (step=0541700) Train Loss: 0.0845, Train Steps/Sec: 3.23, Samples/Sec: 51.68
[[34m2025-08-15 06:21:09[0m] (step=0541800) Train Loss: 0.0908, Train Steps/Sec: 3.27, Samples/Sec: 52.30
[[34m2025-08-15 06:21:40[0m] (step=0541900) Train Loss: 0.0931, Train Steps/Sec: 3.17, Samples/Sec: 50.77
[[34m2025-08-15 06:22:12[0m] (step=0542000) Train Loss: 0.0940, Train Steps/Sec: 3.13, Samples/Sec: 50.10
[[34m2025-08-15 06:22:44[0m] (step=0542100) Train Loss: 0.0839, Train Steps/Sec: 3.21, Samples/Sec: 51.33
[[34m2025-08-15 06:23:15[0m] (step=0542200) Train Loss: 0.0834, Train Steps/Sec: 3.14, Samples/Sec: 50.31
[[34m2025-08-15 06:23:47[0m] (step=0542300) Train Loss: 0.0917, Train Steps/Sec: 3.21, Samples/Sec: 51.37
[[34m2025-08-15 06:24:17[0m] (step=0542400) Train Loss: 0.0913, Train Steps/Sec: 3.24, Samples/Sec: 51.85
[[34m2025-08-15 06:24:48[0m] (step=0542500) Train Loss: 0.0896, Train Steps/Sec: 3.25, Samples/Sec: 51.93
[[34m2025-08-15 06:25:19[0m] (step=0542600) Train Loss: 0.0870, Train Steps/Sec: 3.20, Samples/Sec: 51.23
[[34m2025-08-15 06:25:51[0m] (step=0542700) Train Loss: 0.0847, Train Steps/Sec: 3.17, Samples/Sec: 50.71
[[34m2025-08-15 06:26:22[0m] (step=0542800) Train Loss: 0.0908, Train Steps/Sec: 3.19, Samples/Sec: 50.98
[[34m2025-08-15 06:26:54[0m] (step=0542900) Train Loss: 0.0808, Train Steps/Sec: 3.15, Samples/Sec: 50.43
[[34m2025-08-15 06:27:26[0m] (step=0543000) Train Loss: 0.0798, Train Steps/Sec: 3.16, Samples/Sec: 50.63
[[34m2025-08-15 06:27:57[0m] (step=0543100) Train Loss: 0.0877, Train Steps/Sec: 3.22, Samples/Sec: 51.57
[[34m2025-08-15 06:28:27[0m] (step=0543200) Train Loss: 0.0908, Train Steps/Sec: 3.27, Samples/Sec: 52.28
[[34m2025-08-15 06:28:58[0m] (step=0543300) Train Loss: 0.0832, Train Steps/Sec: 3.24, Samples/Sec: 51.89
[[34m2025-08-15 06:29:30[0m] (step=0543400) Train Loss: 0.0823, Train Steps/Sec: 3.19, Samples/Sec: 50.98
[[34m2025-08-15 06:30:01[0m] (step=0543500) Train Loss: 0.0986, Train Steps/Sec: 3.23, Samples/Sec: 51.72
[[34m2025-08-15 06:30:32[0m] (step=0543600) Train Loss: 0.0913, Train Steps/Sec: 3.21, Samples/Sec: 51.41
[[34m2025-08-15 06:31:03[0m] (step=0543700) Train Loss: 0.0836, Train Steps/Sec: 3.20, Samples/Sec: 51.25
[[34m2025-08-15 06:31:34[0m] (step=0543800) Train Loss: 0.0854, Train Steps/Sec: 3.26, Samples/Sec: 52.16
[[34m2025-08-15 06:32:04[0m] (step=0543900) Train Loss: 0.0897, Train Steps/Sec: 3.28, Samples/Sec: 52.49
[[34m2025-08-15 06:32:37[0m] (step=0544000) Train Loss: 0.0821, Train Steps/Sec: 3.07, Samples/Sec: 49.08
[[34m2025-08-15 06:33:08[0m] (step=0544100) Train Loss: 0.0824, Train Steps/Sec: 3.15, Samples/Sec: 50.48
[[34m2025-08-15 06:33:40[0m] (step=0544200) Train Loss: 0.0900, Train Steps/Sec: 3.20, Samples/Sec: 51.22
[[34m2025-08-15 06:34:12[0m] (step=0544300) Train Loss: 0.0853, Train Steps/Sec: 3.12, Samples/Sec: 49.84
[[34m2025-08-15 06:34:42[0m] (step=0544400) Train Loss: 0.0898, Train Steps/Sec: 3.28, Samples/Sec: 52.52
[[34m2025-08-15 06:35:14[0m] (step=0544500) Train Loss: 0.0928, Train Steps/Sec: 3.13, Samples/Sec: 50.13
[[34m2025-08-15 06:35:46[0m] (step=0544600) Train Loss: 0.0843, Train Steps/Sec: 3.19, Samples/Sec: 51.05
[[34m2025-08-15 06:36:18[0m] (step=0544700) Train Loss: 0.0801, Train Steps/Sec: 3.11, Samples/Sec: 49.70
[[34m2025-08-15 06:36:49[0m] (step=0544800) Train Loss: 0.0888, Train Steps/Sec: 3.20, Samples/Sec: 51.18
[[34m2025-08-15 06:37:21[0m] (step=0544900) Train Loss: 0.0904, Train Steps/Sec: 3.15, Samples/Sec: 50.44
[[34m2025-08-15 06:37:52[0m] (step=0545000) Train Loss: 0.0940, Train Steps/Sec: 3.24, Samples/Sec: 51.82
[[34m2025-08-15 06:38:24[0m] (step=0545100) Train Loss: 0.0921, Train Steps/Sec: 3.13, Samples/Sec: 50.09
[[34m2025-08-15 06:38:55[0m] (step=0545200) Train Loss: 0.0859, Train Steps/Sec: 3.21, Samples/Sec: 51.32
[[34m2025-08-15 06:39:27[0m] (step=0545300) Train Loss: 0.0876, Train Steps/Sec: 3.13, Samples/Sec: 50.13
[[34m2025-08-15 06:39:58[0m] (step=0545400) Train Loss: 0.0894, Train Steps/Sec: 3.21, Samples/Sec: 51.29
[[34m2025-08-15 06:40:29[0m] (step=0545500) Train Loss: 0.0791, Train Steps/Sec: 3.18, Samples/Sec: 50.86
[[34m2025-08-15 06:41:00[0m] (step=0545600) Train Loss: 0.0840, Train Steps/Sec: 3.23, Samples/Sec: 51.63
[[34m2025-08-15 06:41:31[0m] (step=0545700) Train Loss: 0.0858, Train Steps/Sec: 3.25, Samples/Sec: 51.94
[[34m2025-08-15 06:42:03[0m] (step=0545800) Train Loss: 0.0943, Train Steps/Sec: 3.15, Samples/Sec: 50.41
[[34m2025-08-15 06:42:34[0m] (step=0545900) Train Loss: 0.0924, Train Steps/Sec: 3.26, Samples/Sec: 52.23
[[34m2025-08-15 06:43:05[0m] (step=0546000) Train Loss: 0.0974, Train Steps/Sec: 3.18, Samples/Sec: 50.83
[[34m2025-08-15 06:43:37[0m] (step=0546100) Train Loss: 0.0879, Train Steps/Sec: 3.10, Samples/Sec: 49.66
[[34m2025-08-15 06:44:08[0m] (step=0546200) Train Loss: 0.0905, Train Steps/Sec: 3.22, Samples/Sec: 51.55
[[34m2025-08-15 06:44:39[0m] (step=0546300) Train Loss: 0.0947, Train Steps/Sec: 3.24, Samples/Sec: 51.82
[[34m2025-08-15 06:45:10[0m] (step=0546400) Train Loss: 0.0895, Train Steps/Sec: 3.25, Samples/Sec: 52.03
[[34m2025-08-15 06:45:41[0m] (step=0546500) Train Loss: 0.0937, Train Steps/Sec: 3.27, Samples/Sec: 52.39
[[34m2025-08-15 06:46:13[0m] (step=0546600) Train Loss: 0.0844, Train Steps/Sec: 3.12, Samples/Sec: 49.85
[[34m2025-08-15 06:46:45[0m] (step=0546700) Train Loss: 0.0846, Train Steps/Sec: 3.08, Samples/Sec: 49.22
[[34m2025-08-15 06:47:16[0m] (step=0546800) Train Loss: 0.0838, Train Steps/Sec: 3.24, Samples/Sec: 51.85
[[34m2025-08-15 06:47:47[0m] (step=0546900) Train Loss: 0.0796, Train Steps/Sec: 3.27, Samples/Sec: 52.26
[[34m2025-08-15 06:48:17[0m] (step=0547000) Train Loss: 0.0869, Train Steps/Sec: 3.30, Samples/Sec: 52.87
[[34m2025-08-15 06:48:48[0m] (step=0547100) Train Loss: 0.0833, Train Steps/Sec: 3.25, Samples/Sec: 52.07
[[34m2025-08-15 06:49:19[0m] (step=0547200) Train Loss: 0.0967, Train Steps/Sec: 3.23, Samples/Sec: 51.74
[[34m2025-08-15 06:49:49[0m] (step=0547300) Train Loss: 0.0883, Train Steps/Sec: 3.24, Samples/Sec: 51.88
[[34m2025-08-15 06:50:20[0m] (step=0547400) Train Loss: 0.0809, Train Steps/Sec: 3.25, Samples/Sec: 51.97
[[34m2025-08-15 06:50:53[0m] (step=0547500) Train Loss: 0.0840, Train Steps/Sec: 3.08, Samples/Sec: 49.25
[[34m2025-08-15 06:51:24[0m] (step=0547600) Train Loss: 0.0886, Train Steps/Sec: 3.22, Samples/Sec: 51.53
[[34m2025-08-15 06:51:55[0m] (step=0547700) Train Loss: 0.0847, Train Steps/Sec: 3.18, Samples/Sec: 50.86
[[34m2025-08-15 06:52:27[0m] (step=0547800) Train Loss: 0.0871, Train Steps/Sec: 3.18, Samples/Sec: 50.82
[[34m2025-08-15 06:52:58[0m] (step=0547900) Train Loss: 0.0913, Train Steps/Sec: 3.16, Samples/Sec: 50.49
[[34m2025-08-15 06:53:30[0m] (step=0548000) Train Loss: 0.0917, Train Steps/Sec: 3.15, Samples/Sec: 50.43
[[34m2025-08-15 06:54:01[0m] (step=0548100) Train Loss: 0.0883, Train Steps/Sec: 3.20, Samples/Sec: 51.21
[[34m2025-08-15 06:54:32[0m] (step=0548200) Train Loss: 0.0812, Train Steps/Sec: 3.31, Samples/Sec: 53.03
[[34m2025-08-15 06:55:03[0m] (step=0548300) Train Loss: 0.0772, Train Steps/Sec: 3.18, Samples/Sec: 50.85
[[34m2025-08-15 06:55:35[0m] (step=0548400) Train Loss: 0.0812, Train Steps/Sec: 3.17, Samples/Sec: 50.77
[[34m2025-08-15 06:56:06[0m] (step=0548500) Train Loss: 0.0865, Train Steps/Sec: 3.14, Samples/Sec: 50.30
[[34m2025-08-15 06:56:37[0m] (step=0548600) Train Loss: 0.0812, Train Steps/Sec: 3.23, Samples/Sec: 51.70
[[34m2025-08-15 06:57:09[0m] (step=0548700) Train Loss: 0.0836, Train Steps/Sec: 3.20, Samples/Sec: 51.26
[[34m2025-08-15 06:57:40[0m] (step=0548800) Train Loss: 0.0870, Train Steps/Sec: 3.21, Samples/Sec: 51.41
[[34m2025-08-15 06:58:11[0m] (step=0548900) Train Loss: 0.0867, Train Steps/Sec: 3.21, Samples/Sec: 51.35
[[34m2025-08-15 06:58:42[0m] (step=0549000) Train Loss: 0.0888, Train Steps/Sec: 3.21, Samples/Sec: 51.35
[[34m2025-08-15 06:59:14[0m] (step=0549100) Train Loss: 0.0798, Train Steps/Sec: 3.17, Samples/Sec: 50.77
[[34m2025-08-15 06:59:45[0m] (step=0549200) Train Loss: 0.0900, Train Steps/Sec: 3.22, Samples/Sec: 51.49
[[34m2025-08-15 07:00:18[0m] (step=0549300) Train Loss: 0.0792, Train Steps/Sec: 3.05, Samples/Sec: 48.73
[[34m2025-08-15 07:00:50[0m] (step=0549400) Train Loss: 0.0878, Train Steps/Sec: 3.11, Samples/Sec: 49.69
[[34m2025-08-15 07:01:21[0m] (step=0549500) Train Loss: 0.0822, Train Steps/Sec: 3.21, Samples/Sec: 51.37
[[34m2025-08-15 07:01:53[0m] (step=0549600) Train Loss: 0.0900, Train Steps/Sec: 3.16, Samples/Sec: 50.55
[[34m2025-08-15 07:02:24[0m] (step=0549700) Train Loss: 0.0823, Train Steps/Sec: 3.22, Samples/Sec: 51.56
[[34m2025-08-15 07:02:55[0m] (step=0549800) Train Loss: 0.0911, Train Steps/Sec: 3.22, Samples/Sec: 51.54
[[34m2025-08-15 07:03:25[0m] (step=0549900) Train Loss: 0.0908, Train Steps/Sec: 3.25, Samples/Sec: 51.99
[[34m2025-08-15 07:03:57[0m] (step=0550000) Train Loss: 0.0785, Train Steps/Sec: 3.18, Samples/Sec: 50.84
Using cache found in ./models/facebookresearch_dino_main
Using cache found in ./models/facebookresearch_dino_main
Using cache found in ./models/facebookresearch_dino_main
[[34m2025-08-15 07:04:15[0m] Saved checkpoint to logs/nwm_cdit_airvln_v6_1/checkpoints/latest.pth.tar
Using cache found in ./models/facebookresearch_dino_main
[[34m2025-08-15 07:04:18[0m] Already found a `peft_config` attribute in the model. This will lead to having multiple adapters in the model. Make sure to know what you are doing!
[[34m2025-08-15 07:05:46[0m] (step=0550000) Perceptual Loss: 0.1961, Eval Time: 90.96
[[34m2025-08-15 07:06:19[0m] (step=0550100) Train Loss: 0.0928, Train Steps/Sec: 0.70, Samples/Sec: 11.27
[[34m2025-08-15 07:06:51[0m] (step=0550200) Train Loss: 0.0806, Train Steps/Sec: 3.15, Samples/Sec: 50.37
[[34m2025-08-15 07:07:23[0m] (step=0550300) Train Loss: 0.0930, Train Steps/Sec: 3.14, Samples/Sec: 50.21
[[34m2025-08-15 07:07:54[0m] (step=0550400) Train Loss: 0.0863, Train Steps/Sec: 3.19, Samples/Sec: 51.10
[[34m2025-08-15 07:08:26[0m] (step=0550500) Train Loss: 0.0907, Train Steps/Sec: 3.16, Samples/Sec: 50.57
[[34m2025-08-15 07:08:57[0m] (step=0550600) Train Loss: 0.0935, Train Steps/Sec: 3.17, Samples/Sec: 50.74
[[34m2025-08-15 07:09:28[0m] (step=0550700) Train Loss: 0.0880, Train Steps/Sec: 3.24, Samples/Sec: 51.86
[[34m2025-08-15 07:09:59[0m] (step=0550800) Train Loss: 0.0795, Train Steps/Sec: 3.24, Samples/Sec: 51.89
[[34m2025-08-15 07:10:31[0m] (step=0550900) Train Loss: 0.0868, Train Steps/Sec: 3.12, Samples/Sec: 49.92
[[34m2025-08-15 07:11:02[0m] (step=0551000) Train Loss: 0.0800, Train Steps/Sec: 3.27, Samples/Sec: 52.34
[[34m2025-08-15 07:11:33[0m] (step=0551100) Train Loss: 0.0840, Train Steps/Sec: 3.18, Samples/Sec: 50.85
[[34m2025-08-15 07:12:04[0m] (step=0551200) Train Loss: 0.0749, Train Steps/Sec: 3.18, Samples/Sec: 50.94
[[34m2025-08-15 07:12:36[0m] (step=0551300) Train Loss: 0.0796, Train Steps/Sec: 3.18, Samples/Sec: 50.95
[[34m2025-08-15 07:13:07[0m] (step=0551400) Train Loss: 0.0834, Train Steps/Sec: 3.21, Samples/Sec: 51.37
[[34m2025-08-15 07:13:40[0m] (step=0551500) Train Loss: 0.0906, Train Steps/Sec: 3.08, Samples/Sec: 49.22
[[34m2025-08-15 07:14:11[0m] (step=0551600) Train Loss: 0.0945, Train Steps/Sec: 3.17, Samples/Sec: 50.66
[[34m2025-08-15 07:14:43[0m] (step=0551700) Train Loss: 0.0932, Train Steps/Sec: 3.09, Samples/Sec: 49.44
[[34m2025-08-15 07:15:15[0m] (step=0551800) Train Loss: 0.0813, Train Steps/Sec: 3.20, Samples/Sec: 51.12
[[34m2025-08-15 07:15:46[0m] (step=0551900) Train Loss: 0.0872, Train Steps/Sec: 3.16, Samples/Sec: 50.51
[[34m2025-08-15 07:16:18[0m] (step=0552000) Train Loss: 0.0927, Train Steps/Sec: 3.17, Samples/Sec: 50.80
[[34m2025-08-15 07:16:49[0m] (step=0552100) Train Loss: 0.0814, Train Steps/Sec: 3.25, Samples/Sec: 51.95
[[34m2025-08-15 07:17:20[0m] (step=0552200) Train Loss: 0.0895, Train Steps/Sec: 3.21, Samples/Sec: 51.40
[[34m2025-08-15 07:17:54[0m] (step=0552300) Train Loss: 0.0878, Train Steps/Sec: 2.94, Samples/Sec: 47.05
[[34m2025-08-15 07:18:26[0m] (step=0552400) Train Loss: 0.0950, Train Steps/Sec: 3.13, Samples/Sec: 50.05
[[34m2025-08-15 07:18:59[0m] (step=0552500) Train Loss: 0.0846, Train Steps/Sec: 3.06, Samples/Sec: 48.99
[[34m2025-08-15 07:19:29[0m] (step=0552600) Train Loss: 0.0890, Train Steps/Sec: 3.24, Samples/Sec: 51.77
[[34m2025-08-15 07:20:02[0m] (step=0552700) Train Loss: 0.0868, Train Steps/Sec: 3.10, Samples/Sec: 49.58
[[34m2025-08-15 07:20:33[0m] (step=0552800) Train Loss: 0.0768, Train Steps/Sec: 3.18, Samples/Sec: 50.86
[[34m2025-08-15 07:21:05[0m] (step=0552900) Train Loss: 0.0882, Train Steps/Sec: 3.19, Samples/Sec: 51.01
[[34m2025-08-15 07:21:36[0m] (step=0553000) Train Loss: 0.0846, Train Steps/Sec: 3.16, Samples/Sec: 50.60
[[34m2025-08-15 07:22:09[0m] (step=0553100) Train Loss: 0.0920, Train Steps/Sec: 3.09, Samples/Sec: 49.44
[[34m2025-08-15 07:22:40[0m] (step=0553200) Train Loss: 0.0842, Train Steps/Sec: 3.22, Samples/Sec: 51.58
[[34m2025-08-15 07:23:11[0m] (step=0553300) Train Loss: 0.0830, Train Steps/Sec: 3.19, Samples/Sec: 51.09
[[34m2025-08-15 07:23:43[0m] (step=0553400) Train Loss: 0.0893, Train Steps/Sec: 3.19, Samples/Sec: 51.00
[[34m2025-08-15 07:24:13[0m] (step=0553500) Train Loss: 0.0799, Train Steps/Sec: 3.28, Samples/Sec: 52.55
[[34m2025-08-15 07:24:44[0m] (step=0553600) Train Loss: 0.0949, Train Steps/Sec: 3.19, Samples/Sec: 51.02
[[34m2025-08-15 07:25:16[0m] (step=0553700) Train Loss: 0.0901, Train Steps/Sec: 3.16, Samples/Sec: 50.56
[[34m2025-08-15 07:25:47[0m] (step=0553800) Train Loss: 0.0863, Train Steps/Sec: 3.24, Samples/Sec: 51.79
[[34m2025-08-15 07:26:19[0m] (step=0553900) Train Loss: 0.0865, Train Steps/Sec: 3.13, Samples/Sec: 50.02
[[34m2025-08-15 07:26:50[0m] (step=0554000) Train Loss: 0.0885, Train Steps/Sec: 3.24, Samples/Sec: 51.89
[[34m2025-08-15 07:27:22[0m] (step=0554100) Train Loss: 0.0865, Train Steps/Sec: 3.05, Samples/Sec: 48.86
[[34m2025-08-15 07:27:53[0m] (step=0554200) Train Loss: 0.0830, Train Steps/Sec: 3.26, Samples/Sec: 52.22
[[34m2025-08-15 07:28:25[0m] (step=0554300) Train Loss: 0.0920, Train Steps/Sec: 3.18, Samples/Sec: 50.84
[[34m2025-08-15 07:28:55[0m] (step=0554400) Train Loss: 0.0883, Train Steps/Sec: 3.25, Samples/Sec: 51.96
[[34m2025-08-15 07:29:27[0m] (step=0554500) Train Loss: 0.0796, Train Steps/Sec: 3.16, Samples/Sec: 50.54
[[34m2025-08-15 07:29:58[0m] (step=0554600) Train Loss: 0.0865, Train Steps/Sec: 3.24, Samples/Sec: 51.77
[[34m2025-08-15 07:30:29[0m] (step=0554700) Train Loss: 0.0848, Train Steps/Sec: 3.26, Samples/Sec: 52.20
[[34m2025-08-15 07:31:00[0m] (step=0554800) Train Loss: 0.0857, Train Steps/Sec: 3.22, Samples/Sec: 51.51
[[34m2025-08-15 07:31:31[0m] (step=0554900) Train Loss: 0.0842, Train Steps/Sec: 3.25, Samples/Sec: 51.94
[[34m2025-08-15 07:32:01[0m] (step=0555000) Train Loss: 0.0842, Train Steps/Sec: 3.23, Samples/Sec: 51.71
[[34m2025-08-15 07:32:33[0m] (step=0555100) Train Loss: 0.0891, Train Steps/Sec: 3.15, Samples/Sec: 50.42
[[34m2025-08-15 07:33:04[0m] (step=0555200) Train Loss: 0.0875, Train Steps/Sec: 3.25, Samples/Sec: 52.06
[[34m2025-08-15 07:33:35[0m] (step=0555300) Train Loss: 0.0849, Train Steps/Sec: 3.18, Samples/Sec: 50.89
[[34m2025-08-15 07:34:08[0m] (step=0555400) Train Loss: 0.0865, Train Steps/Sec: 3.07, Samples/Sec: 49.16
[[34m2025-08-15 07:34:39[0m] (step=0555500) Train Loss: 0.0908, Train Steps/Sec: 3.22, Samples/Sec: 51.49
[[34m2025-08-15 07:35:10[0m] (step=0555600) Train Loss: 0.0826, Train Steps/Sec: 3.25, Samples/Sec: 52.01
[[34m2025-08-15 07:35:41[0m] (step=0555700) Train Loss: 0.0903, Train Steps/Sec: 3.22, Samples/Sec: 51.48
[[34m2025-08-15 07:36:12[0m] (step=0555800) Train Loss: 0.0901, Train Steps/Sec: 3.18, Samples/Sec: 50.87
[[34m2025-08-15 07:36:43[0m] (step=0555900) Train Loss: 0.0816, Train Steps/Sec: 3.29, Samples/Sec: 52.59
[[34m2025-08-15 07:37:14[0m] (step=0556000) Train Loss: 0.0814, Train Steps/Sec: 3.24, Samples/Sec: 51.83
[[34m2025-08-15 07:37:45[0m] (step=0556100) Train Loss: 0.0812, Train Steps/Sec: 3.22, Samples/Sec: 51.58
[[34m2025-08-15 07:38:16[0m] (step=0556200) Train Loss: 0.0819, Train Steps/Sec: 3.21, Samples/Sec: 51.44
[[34m2025-08-15 07:38:48[0m] (step=0556300) Train Loss: 0.0855, Train Steps/Sec: 3.14, Samples/Sec: 50.20
[[34m2025-08-15 07:39:19[0m] (step=0556400) Train Loss: 0.0749, Train Steps/Sec: 3.15, Samples/Sec: 50.33
[[34m2025-08-15 07:39:51[0m] (step=0556500) Train Loss: 0.0861, Train Steps/Sec: 3.22, Samples/Sec: 51.52
[[34m2025-08-15 07:40:21[0m] (step=0556600) Train Loss: 0.0875, Train Steps/Sec: 3.25, Samples/Sec: 51.98
[[34m2025-08-15 07:40:52[0m] (step=0556700) Train Loss: 0.0894, Train Steps/Sec: 3.25, Samples/Sec: 52.08
[[34m2025-08-15 07:41:25[0m] (step=0556800) Train Loss: 0.0818, Train Steps/Sec: 3.06, Samples/Sec: 48.94
[[34m2025-08-15 07:41:56[0m] (step=0556900) Train Loss: 0.0978, Train Steps/Sec: 3.21, Samples/Sec: 51.34
[[34m2025-08-15 07:42:27[0m] (step=0557000) Train Loss: 0.0872, Train Steps/Sec: 3.25, Samples/Sec: 52.06
[[34m2025-08-15 07:42:59[0m] (step=0557100) Train Loss: 0.0840, Train Steps/Sec: 3.13, Samples/Sec: 50.14
[[34m2025-08-15 07:43:30[0m] (step=0557200) Train Loss: 0.0798, Train Steps/Sec: 3.17, Samples/Sec: 50.69
[[34m2025-08-15 07:44:01[0m] (step=0557300) Train Loss: 0.0837, Train Steps/Sec: 3.29, Samples/Sec: 52.64
[[34m2025-08-15 07:44:34[0m] (step=0557400) Train Loss: 0.0924, Train Steps/Sec: 3.01, Samples/Sec: 48.21
[[34m2025-08-15 07:45:05[0m] (step=0557500) Train Loss: 0.0892, Train Steps/Sec: 3.24, Samples/Sec: 51.77
[[34m2025-08-15 07:45:36[0m] (step=0557600) Train Loss: 0.0829, Train Steps/Sec: 3.16, Samples/Sec: 50.52
[[34m2025-08-15 07:46:08[0m] (step=0557700) Train Loss: 0.0888, Train Steps/Sec: 3.17, Samples/Sec: 50.74
[[34m2025-08-15 07:46:40[0m] (step=0557800) Train Loss: 0.0771, Train Steps/Sec: 3.08, Samples/Sec: 49.30
[[34m2025-08-15 07:47:12[0m] (step=0557900) Train Loss: 0.0888, Train Steps/Sec: 3.12, Samples/Sec: 49.94
[[34m2025-08-15 07:47:44[0m] (step=0558000) Train Loss: 0.0869, Train Steps/Sec: 3.16, Samples/Sec: 50.56
[[34m2025-08-15 07:48:14[0m] (step=0558100) Train Loss: 0.0895, Train Steps/Sec: 3.32, Samples/Sec: 53.10
[[34m2025-08-15 07:48:45[0m] (step=0558200) Train Loss: 0.0891, Train Steps/Sec: 3.23, Samples/Sec: 51.68
[[34m2025-08-15 07:49:16[0m] (step=0558300) Train Loss: 0.0866, Train Steps/Sec: 3.21, Samples/Sec: 51.39
[[34m2025-08-15 07:49:48[0m] (step=0558400) Train Loss: 0.0826, Train Steps/Sec: 3.14, Samples/Sec: 50.30
[[34m2025-08-15 07:50:20[0m] (step=0558500) Train Loss: 0.0831, Train Steps/Sec: 3.13, Samples/Sec: 50.05
[[34m2025-08-15 07:50:51[0m] (step=0558600) Train Loss: 0.0868, Train Steps/Sec: 3.20, Samples/Sec: 51.23
[[34m2025-08-15 07:51:23[0m] (step=0558700) Train Loss: 0.0891, Train Steps/Sec: 3.20, Samples/Sec: 51.27
[[34m2025-08-15 07:51:53[0m] (step=0558800) Train Loss: 0.0880, Train Steps/Sec: 3.27, Samples/Sec: 52.37
[[34m2025-08-15 07:52:24[0m] (step=0558900) Train Loss: 0.0826, Train Steps/Sec: 3.21, Samples/Sec: 51.30
[[34m2025-08-15 07:52:55[0m] (step=0559000) Train Loss: 0.0889, Train Steps/Sec: 3.22, Samples/Sec: 51.49
[[34m2025-08-15 07:53:28[0m] (step=0559100) Train Loss: 0.0891, Train Steps/Sec: 3.09, Samples/Sec: 49.51
[[34m2025-08-15 07:53:59[0m] (step=0559200) Train Loss: 0.0893, Train Steps/Sec: 3.20, Samples/Sec: 51.18
[[34m2025-08-15 07:54:30[0m] (step=0559300) Train Loss: 0.0983, Train Steps/Sec: 3.22, Samples/Sec: 51.50
[[34m2025-08-15 07:55:01[0m] (step=0559400) Train Loss: 0.0859, Train Steps/Sec: 3.24, Samples/Sec: 51.79
[[34m2025-08-15 07:55:36[0m] (step=0559500) Train Loss: 0.0901, Train Steps/Sec: 2.88, Samples/Sec: 46.03
[[34m2025-08-15 07:56:07[0m] (step=0559600) Train Loss: 0.0810, Train Steps/Sec: 3.22, Samples/Sec: 51.53
[[34m2025-08-15 07:56:38[0m] (step=0559700) Train Loss: 0.0823, Train Steps/Sec: 3.21, Samples/Sec: 51.37
[[34m2025-08-15 07:57:09[0m] (step=0559800) Train Loss: 0.0815, Train Steps/Sec: 3.21, Samples/Sec: 51.29
[[34m2025-08-15 07:57:40[0m] (step=0559900) Train Loss: 0.0892, Train Steps/Sec: 3.25, Samples/Sec: 51.95
[[34m2025-08-15 07:58:11[0m] (step=0560000) Train Loss: 0.0782, Train Steps/Sec: 3.23, Samples/Sec: 51.73
Using cache found in ./models/facebookresearch_dino_main
Using cache found in ./models/facebookresearch_dino_main
Using cache found in ./models/facebookresearch_dino_main
[[34m2025-08-15 07:58:33[0m] Saved checkpoint to logs/nwm_cdit_airvln_v6_1/checkpoints/latest.pth.tar
Using cache found in ./models/facebookresearch_dino_main
[[34m2025-08-15 07:58:39[0m] Already found a `peft_config` attribute in the model. This will lead to having multiple adapters in the model. Make sure to know what you are doing!
[[34m2025-08-15 08:00:07[0m] (step=0560000) Perceptual Loss: 0.2088, Eval Time: 93.84
[[34m2025-08-15 08:00:39[0m] (step=0560100) Train Loss: 0.0816, Train Steps/Sec: 0.68, Samples/Sec: 10.84
[[34m2025-08-15 08:01:10[0m] (step=0560200) Train Loss: 0.0883, Train Steps/Sec: 3.23, Samples/Sec: 51.61
[[34m2025-08-15 08:01:41[0m] (step=0560300) Train Loss: 0.0827, Train Steps/Sec: 3.20, Samples/Sec: 51.21
[[34m2025-08-15 08:02:13[0m] (step=0560400) Train Loss: 0.0865, Train Steps/Sec: 3.09, Samples/Sec: 49.39
[[34m2025-08-15 08:02:45[0m] (step=0560500) Train Loss: 0.0937, Train Steps/Sec: 3.13, Samples/Sec: 50.04
[[34m2025-08-15 08:03:16[0m] (step=0560600) Train Loss: 0.0885, Train Steps/Sec: 3.29, Samples/Sec: 52.58
[[34m2025-08-15 08:03:47[0m] (step=0560700) Train Loss: 0.0778, Train Steps/Sec: 3.23, Samples/Sec: 51.72
[[34m2025-08-15 08:04:18[0m] (step=0560800) Train Loss: 0.0815, Train Steps/Sec: 3.17, Samples/Sec: 50.75
[[34m2025-08-15 08:04:50[0m] (step=0560900) Train Loss: 0.0764, Train Steps/Sec: 3.09, Samples/Sec: 49.51
[[34m2025-08-15 08:05:22[0m] (step=0561000) Train Loss: 0.0826, Train Steps/Sec: 3.18, Samples/Sec: 50.87
[[34m2025-08-15 08:05:53[0m] (step=0561100) Train Loss: 0.0883, Train Steps/Sec: 3.22, Samples/Sec: 51.53
[[34m2025-08-15 08:06:25[0m] (step=0561200) Train Loss: 0.0887, Train Steps/Sec: 3.12, Samples/Sec: 49.91
[[34m2025-08-15 08:06:56[0m] (step=0561300) Train Loss: 0.0777, Train Steps/Sec: 3.25, Samples/Sec: 51.95
[[34m2025-08-15 08:07:27[0m] (step=0561400) Train Loss: 0.0887, Train Steps/Sec: 3.23, Samples/Sec: 51.69
[[34m2025-08-15 08:07:58[0m] (step=0561500) Train Loss: 0.0879, Train Steps/Sec: 3.18, Samples/Sec: 50.93
[[34m2025-08-15 08:08:30[0m] (step=0561600) Train Loss: 0.0846, Train Steps/Sec: 3.12, Samples/Sec: 49.96
[[34m2025-08-15 08:09:03[0m] (step=0561700) Train Loss: 0.0874, Train Steps/Sec: 3.07, Samples/Sec: 49.10
[[34m2025-08-15 08:09:33[0m] (step=0561800) Train Loss: 0.0882, Train Steps/Sec: 3.26, Samples/Sec: 52.18
[[34m2025-08-15 08:10:04[0m] (step=0561900) Train Loss: 0.0813, Train Steps/Sec: 3.23, Samples/Sec: 51.75
[[34m2025-08-15 08:10:35[0m] (step=0562000) Train Loss: 0.0814, Train Steps/Sec: 3.23, Samples/Sec: 51.74
[[34m2025-08-15 08:11:07[0m] (step=0562100) Train Loss: 0.0834, Train Steps/Sec: 3.11, Samples/Sec: 49.81
[[34m2025-08-15 08:11:39[0m] (step=0562200) Train Loss: 0.0871, Train Steps/Sec: 3.21, Samples/Sec: 51.42
[[34m2025-08-15 08:12:11[0m] (step=0562300) Train Loss: 0.0843, Train Steps/Sec: 3.06, Samples/Sec: 48.95
[[34m2025-08-15 08:12:43[0m] (step=0562400) Train Loss: 0.0852, Train Steps/Sec: 3.12, Samples/Sec: 49.90
[[34m2025-08-15 08:13:15[0m] (step=0562500) Train Loss: 0.0931, Train Steps/Sec: 3.21, Samples/Sec: 51.31
[[34m2025-08-15 08:13:45[0m] (step=0562600) Train Loss: 0.0808, Train Steps/Sec: 3.24, Samples/Sec: 51.91
[[34m2025-08-15 08:14:16[0m] (step=0562700) Train Loss: 0.0947, Train Steps/Sec: 3.31, Samples/Sec: 52.98
[[34m2025-08-15 08:14:47[0m] (step=0562800) Train Loss: 0.0856, Train Steps/Sec: 3.21, Samples/Sec: 51.30
[[34m2025-08-15 08:15:19[0m] (step=0562900) Train Loss: 0.0823, Train Steps/Sec: 3.14, Samples/Sec: 50.27
[[34m2025-08-15 08:15:50[0m] (step=0563000) Train Loss: 0.0864, Train Steps/Sec: 3.20, Samples/Sec: 51.21
[[34m2025-08-15 08:16:21[0m] (step=0563100) Train Loss: 0.0864, Train Steps/Sec: 3.26, Samples/Sec: 52.18
[[34m2025-08-15 08:16:51[0m] (step=0563200) Train Loss: 0.0891, Train Steps/Sec: 3.28, Samples/Sec: 52.42
[[34m2025-08-15 08:17:22[0m] (step=0563300) Train Loss: 0.0866, Train Steps/Sec: 3.24, Samples/Sec: 51.80
[[34m2025-08-15 08:17:53[0m] (step=0563400) Train Loss: 0.0910, Train Steps/Sec: 3.25, Samples/Sec: 51.99
[[34m2025-08-15 08:18:24[0m] (step=0563500) Train Loss: 0.0843, Train Steps/Sec: 3.17, Samples/Sec: 50.77
[[34m2025-08-15 08:18:55[0m] (step=0563600) Train Loss: 0.0815, Train Steps/Sec: 3.24, Samples/Sec: 51.85
[[34m2025-08-15 08:19:26[0m] (step=0563700) Train Loss: 0.0842, Train Steps/Sec: 3.24, Samples/Sec: 51.78
[[34m2025-08-15 08:19:57[0m] (step=0563800) Train Loss: 0.0870, Train Steps/Sec: 3.23, Samples/Sec: 51.71
[[34m2025-08-15 08:20:28[0m] (step=0563900) Train Loss: 0.0770, Train Steps/Sec: 3.24, Samples/Sec: 51.84
[[34m2025-08-15 08:20:59[0m] (step=0564000) Train Loss: 0.0866, Train Steps/Sec: 3.26, Samples/Sec: 52.12
[[34m2025-08-15 08:21:30[0m] (step=0564100) Train Loss: 0.0920, Train Steps/Sec: 3.15, Samples/Sec: 50.43
[[34m2025-08-15 08:22:02[0m] (step=0564200) Train Loss: 0.0817, Train Steps/Sec: 3.21, Samples/Sec: 51.34
[[34m2025-08-15 08:22:33[0m] (step=0564300) Train Loss: 0.0880, Train Steps/Sec: 3.20, Samples/Sec: 51.18
[[34m2025-08-15 08:23:04[0m] (step=0564400) Train Loss: 0.0903, Train Steps/Sec: 3.20, Samples/Sec: 51.28
[[34m2025-08-15 08:23:35[0m] (step=0564500) Train Loss: 0.0789, Train Steps/Sec: 3.24, Samples/Sec: 51.86
[[34m2025-08-15 08:24:06[0m] (step=0564600) Train Loss: 0.0805, Train Steps/Sec: 3.20, Samples/Sec: 51.25
[[34m2025-08-15 08:24:37[0m] (step=0564700) Train Loss: 0.0907, Train Steps/Sec: 3.23, Samples/Sec: 51.62
[[34m2025-08-15 08:25:10[0m] (step=0564800) Train Loss: 0.0764, Train Steps/Sec: 3.07, Samples/Sec: 49.13
[[34m2025-08-15 08:25:41[0m] (step=0564900) Train Loss: 0.0824, Train Steps/Sec: 3.23, Samples/Sec: 51.63
[[34m2025-08-15 08:26:12[0m] (step=0565000) Train Loss: 0.0884, Train Steps/Sec: 3.16, Samples/Sec: 50.58
[[34m2025-08-15 08:26:43[0m] (step=0565100) Train Loss: 0.0798, Train Steps/Sec: 3.24, Samples/Sec: 51.83
[[34m2025-08-15 08:27:15[0m] (step=0565200) Train Loss: 0.0832, Train Steps/Sec: 3.14, Samples/Sec: 50.30
[[34m2025-08-15 08:27:46[0m] (step=0565300) Train Loss: 0.0878, Train Steps/Sec: 3.23, Samples/Sec: 51.62
[[34m2025-08-15 08:28:18[0m] (step=0565400) Train Loss: 0.0832, Train Steps/Sec: 3.10, Samples/Sec: 49.64
[[34m2025-08-15 08:28:49[0m] (step=0565500) Train Loss: 0.0821, Train Steps/Sec: 3.22, Samples/Sec: 51.47
[[34m2025-08-15 08:29:21[0m] (step=0565600) Train Loss: 0.0887, Train Steps/Sec: 3.17, Samples/Sec: 50.64
[[34m2025-08-15 08:29:53[0m] (step=0565700) Train Loss: 0.0840, Train Steps/Sec: 3.16, Samples/Sec: 50.53
[[34m2025-08-15 08:30:24[0m] (step=0565800) Train Loss: 0.0786, Train Steps/Sec: 3.22, Samples/Sec: 51.49
[[34m2025-08-15 08:30:55[0m] (step=0565900) Train Loss: 0.0921, Train Steps/Sec: 3.18, Samples/Sec: 50.95
[[34m2025-08-15 08:31:27[0m] (step=0566000) Train Loss: 0.0919, Train Steps/Sec: 3.16, Samples/Sec: 50.63
[[34m2025-08-15 08:31:58[0m] (step=0566100) Train Loss: 0.0877, Train Steps/Sec: 3.23, Samples/Sec: 51.72
[[34m2025-08-15 08:32:29[0m] (step=0566200) Train Loss: 0.0891, Train Steps/Sec: 3.23, Samples/Sec: 51.71
[[34m2025-08-15 08:33:00[0m] (step=0566300) Train Loss: 0.0820, Train Steps/Sec: 3.21, Samples/Sec: 51.32
[[34m2025-08-15 08:33:31[0m] (step=0566400) Train Loss: 0.0835, Train Steps/Sec: 3.21, Samples/Sec: 51.40
[[34m2025-08-15 08:34:02[0m] (step=0566500) Train Loss: 0.0830, Train Steps/Sec: 3.20, Samples/Sec: 51.24
[[34m2025-08-15 08:34:34[0m] (step=0566600) Train Loss: 0.0806, Train Steps/Sec: 3.09, Samples/Sec: 49.49
[[34m2025-08-15 08:35:07[0m] (step=0566700) Train Loss: 0.0853, Train Steps/Sec: 3.10, Samples/Sec: 49.68
[[34m2025-08-15 08:35:39[0m] (step=0566800) Train Loss: 0.0845, Train Steps/Sec: 3.08, Samples/Sec: 49.30
[[34m2025-08-15 08:36:10[0m] (step=0566900) Train Loss: 0.0905, Train Steps/Sec: 3.25, Samples/Sec: 52.00
[[34m2025-08-15 08:36:41[0m] (step=0567000) Train Loss: 0.0871, Train Steps/Sec: 3.24, Samples/Sec: 51.78
[[34m2025-08-15 08:37:12[0m] (step=0567100) Train Loss: 0.0801, Train Steps/Sec: 3.24, Samples/Sec: 51.88
[[34m2025-08-15 08:37:44[0m] (step=0567200) Train Loss: 0.0786, Train Steps/Sec: 3.13, Samples/Sec: 50.08
[[34m2025-08-15 08:38:15[0m] (step=0567300) Train Loss: 0.0851, Train Steps/Sec: 3.17, Samples/Sec: 50.68
[[34m2025-08-15 08:38:47[0m] (step=0567400) Train Loss: 0.0891, Train Steps/Sec: 3.14, Samples/Sec: 50.18
[[34m2025-08-15 08:39:18[0m] (step=0567500) Train Loss: 0.0815, Train Steps/Sec: 3.22, Samples/Sec: 51.51
[[34m2025-08-15 08:39:50[0m] (step=0567600) Train Loss: 0.0857, Train Steps/Sec: 3.11, Samples/Sec: 49.77
[[34m2025-08-15 08:40:21[0m] (step=0567700) Train Loss: 0.0914, Train Steps/Sec: 3.23, Samples/Sec: 51.71
[[34m2025-08-15 08:40:52[0m] (step=0567800) Train Loss: 0.0813, Train Steps/Sec: 3.25, Samples/Sec: 52.07
[[34m2025-08-15 08:41:23[0m] (step=0567900) Train Loss: 0.0900, Train Steps/Sec: 3.25, Samples/Sec: 51.96
[[34m2025-08-15 08:41:54[0m] (step=0568000) Train Loss: 0.0957, Train Steps/Sec: 3.19, Samples/Sec: 51.06
[[34m2025-08-15 08:42:25[0m] (step=0568100) Train Loss: 0.0855, Train Steps/Sec: 3.21, Samples/Sec: 51.32
[[34m2025-08-15 08:42:58[0m] (step=0568200) Train Loss: 0.0897, Train Steps/Sec: 3.06, Samples/Sec: 48.99
[[34m2025-08-15 08:43:31[0m] (step=0568300) Train Loss: 0.0865, Train Steps/Sec: 3.07, Samples/Sec: 49.15
[[34m2025-08-15 08:44:02[0m] (step=0568400) Train Loss: 0.0901, Train Steps/Sec: 3.21, Samples/Sec: 51.31
[[34m2025-08-15 08:44:34[0m] (step=0568500) Train Loss: 0.0938, Train Steps/Sec: 3.13, Samples/Sec: 50.04
[[34m2025-08-15 08:45:05[0m] (step=0568600) Train Loss: 0.0783, Train Steps/Sec: 3.19, Samples/Sec: 51.08
[[34m2025-08-15 08:45:36[0m] (step=0568700) Train Loss: 0.0982, Train Steps/Sec: 3.25, Samples/Sec: 51.99
[[34m2025-08-15 08:46:08[0m] (step=0568800) Train Loss: 0.0796, Train Steps/Sec: 3.11, Samples/Sec: 49.77
[[34m2025-08-15 08:46:40[0m] (step=0568900) Train Loss: 0.0871, Train Steps/Sec: 3.12, Samples/Sec: 49.87
[[34m2025-08-15 08:47:12[0m] (step=0569000) Train Loss: 0.0963, Train Steps/Sec: 3.18, Samples/Sec: 50.91
[[34m2025-08-15 08:47:43[0m] (step=0569100) Train Loss: 0.0811, Train Steps/Sec: 3.14, Samples/Sec: 50.26
[[34m2025-08-15 08:48:14[0m] (step=0569200) Train Loss: 0.0837, Train Steps/Sec: 3.22, Samples/Sec: 51.48
[[34m2025-08-15 08:48:45[0m] (step=0569300) Train Loss: 0.0859, Train Steps/Sec: 3.25, Samples/Sec: 51.97
[[34m2025-08-15 08:49:16[0m] (step=0569400) Train Loss: 0.0875, Train Steps/Sec: 3.25, Samples/Sec: 51.97
[[34m2025-08-15 08:49:48[0m] (step=0569500) Train Loss: 0.0855, Train Steps/Sec: 3.18, Samples/Sec: 50.83
[[34m2025-08-15 08:50:19[0m] (step=0569600) Train Loss: 0.0891, Train Steps/Sec: 3.19, Samples/Sec: 51.03
[[34m2025-08-15 08:50:50[0m] (step=0569700) Train Loss: 0.0871, Train Steps/Sec: 3.20, Samples/Sec: 51.18
[[34m2025-08-15 08:51:21[0m] (step=0569800) Train Loss: 0.0890, Train Steps/Sec: 3.23, Samples/Sec: 51.75
[[34m2025-08-15 08:51:52[0m] (step=0569900) Train Loss: 0.0881, Train Steps/Sec: 3.20, Samples/Sec: 51.12
[[34m2025-08-15 08:52:24[0m] (step=0570000) Train Loss: 0.0867, Train Steps/Sec: 3.19, Samples/Sec: 51.07
Using cache found in ./models/facebookresearch_dino_main
Using cache found in ./models/facebookresearch_dino_main
Using cache found in ./models/facebookresearch_dino_main
[[34m2025-08-15 08:52:43[0m] Saved checkpoint to logs/nwm_cdit_airvln_v6_1/checkpoints/latest.pth.tar
Using cache found in ./models/facebookresearch_dino_main
[[34m2025-08-15 08:52:46[0m] Already found a `peft_config` attribute in the model. This will lead to having multiple adapters in the model. Make sure to know what you are doing!
[[34m2025-08-15 08:54:14[0m] (step=0570000) Perceptual Loss: 0.1806, Eval Time: 90.98
[[34m2025-08-15 08:54:46[0m] (step=0570100) Train Loss: 0.0832, Train Steps/Sec: 0.70, Samples/Sec: 11.27
[[34m2025-08-15 08:55:17[0m] (step=0570200) Train Loss: 0.0843, Train Steps/Sec: 3.17, Samples/Sec: 50.66
[[34m2025-08-15 08:55:48[0m] (step=0570300) Train Loss: 0.0931, Train Steps/Sec: 3.22, Samples/Sec: 51.44
[[34m2025-08-15 08:56:20[0m] (step=0570400) Train Loss: 0.0866, Train Steps/Sec: 3.15, Samples/Sec: 50.44
[[34m2025-08-15 08:56:52[0m] (step=0570500) Train Loss: 0.0797, Train Steps/Sec: 3.19, Samples/Sec: 50.99
[[34m2025-08-15 08:57:23[0m] (step=0570600) Train Loss: 0.0823, Train Steps/Sec: 3.21, Samples/Sec: 51.39
[[34m2025-08-15 08:57:54[0m] (step=0570700) Train Loss: 0.0862, Train Steps/Sec: 3.24, Samples/Sec: 51.81
[[34m2025-08-15 08:58:25[0m] (step=0570800) Train Loss: 0.0889, Train Steps/Sec: 3.20, Samples/Sec: 51.19
[[34m2025-08-15 08:58:56[0m] (step=0570900) Train Loss: 0.0876, Train Steps/Sec: 3.17, Samples/Sec: 50.72
[[34m2025-08-15 08:59:28[0m] (step=0571000) Train Loss: 0.0900, Train Steps/Sec: 3.20, Samples/Sec: 51.23
[[34m2025-08-15 08:59:59[0m] (step=0571100) Train Loss: 0.0798, Train Steps/Sec: 3.20, Samples/Sec: 51.13
[[34m2025-08-15 09:00:30[0m] (step=0571200) Train Loss: 0.0810, Train Steps/Sec: 3.24, Samples/Sec: 51.78
[[34m2025-08-15 09:01:00[0m] (step=0571300) Train Loss: 0.0841, Train Steps/Sec: 3.30, Samples/Sec: 52.85
[[34m2025-08-15 09:01:33[0m] (step=0571400) Train Loss: 0.0779, Train Steps/Sec: 3.09, Samples/Sec: 49.36
[[34m2025-08-15 09:02:03[0m] (step=0571500) Train Loss: 0.0921, Train Steps/Sec: 3.28, Samples/Sec: 52.47
[[34m2025-08-15 09:02:34[0m] (step=0571600) Train Loss: 0.0857, Train Steps/Sec: 3.27, Samples/Sec: 52.28
[[34m2025-08-15 09:03:05[0m] (step=0571700) Train Loss: 0.0882, Train Steps/Sec: 3.21, Samples/Sec: 51.32
[[34m2025-08-15 09:03:37[0m] (step=0571800) Train Loss: 0.0982, Train Steps/Sec: 3.17, Samples/Sec: 50.69
[[34m2025-08-15 09:04:08[0m] (step=0571900) Train Loss: 0.0975, Train Steps/Sec: 3.15, Samples/Sec: 50.39
[[34m2025-08-15 09:04:40[0m] (step=0572000) Train Loss: 0.0821, Train Steps/Sec: 3.13, Samples/Sec: 50.08
[[34m2025-08-15 09:05:12[0m] (step=0572100) Train Loss: 0.1001, Train Steps/Sec: 3.13, Samples/Sec: 50.09
[[34m2025-08-15 09:05:44[0m] (step=0572200) Train Loss: 0.0912, Train Steps/Sec: 3.15, Samples/Sec: 50.33
[[34m2025-08-15 09:06:15[0m] (step=0572300) Train Loss: 0.0897, Train Steps/Sec: 3.21, Samples/Sec: 51.33
[[34m2025-08-15 09:06:46[0m] (step=0572400) Train Loss: 0.0839, Train Steps/Sec: 3.23, Samples/Sec: 51.70
[[34m2025-08-15 09:07:17[0m] (step=0572500) Train Loss: 0.0834, Train Steps/Sec: 3.23, Samples/Sec: 51.63
[[34m2025-08-15 09:07:48[0m] (step=0572600) Train Loss: 0.0826, Train Steps/Sec: 3.26, Samples/Sec: 52.18
[[34m2025-08-15 09:08:21[0m] (step=0572700) Train Loss: 0.0811, Train Steps/Sec: 3.05, Samples/Sec: 48.76
[[34m2025-08-15 09:08:52[0m] (step=0572800) Train Loss: 0.0835, Train Steps/Sec: 3.19, Samples/Sec: 51.10
[[34m2025-08-15 09:09:23[0m] (step=0572900) Train Loss: 0.0900, Train Steps/Sec: 3.18, Samples/Sec: 50.87
[[34m2025-08-15 09:09:54[0m] (step=0573000) Train Loss: 0.0865, Train Steps/Sec: 3.27, Samples/Sec: 52.30
[[34m2025-08-15 09:10:26[0m] (step=0573100) Train Loss: 0.0842, Train Steps/Sec: 3.11, Samples/Sec: 49.76
[[34m2025-08-15 09:10:57[0m] (step=0573200) Train Loss: 0.0816, Train Steps/Sec: 3.21, Samples/Sec: 51.36
[[34m2025-08-15 09:11:28[0m] (step=0573300) Train Loss: 0.0898, Train Steps/Sec: 3.21, Samples/Sec: 51.40
[[34m2025-08-15 09:11:59[0m] (step=0573400) Train Loss: 0.0870, Train Steps/Sec: 3.26, Samples/Sec: 52.19
[[34m2025-08-15 09:12:31[0m] (step=0573500) Train Loss: 0.0794, Train Steps/Sec: 3.14, Samples/Sec: 50.30
[[34m2025-08-15 09:13:02[0m] (step=0573600) Train Loss: 0.0848, Train Steps/Sec: 3.25, Samples/Sec: 51.96
[[34m2025-08-15 09:13:33[0m] (step=0573700) Train Loss: 0.0853, Train Steps/Sec: 3.21, Samples/Sec: 51.40
[[34m2025-08-15 09:14:04[0m] (step=0573800) Train Loss: 0.0808, Train Steps/Sec: 3.19, Samples/Sec: 51.04
[[34m2025-08-15 09:14:36[0m] (step=0573900) Train Loss: 0.0910, Train Steps/Sec: 3.18, Samples/Sec: 50.88
[[34m2025-08-15 09:15:10[0m] (step=0574000) Train Loss: 0.0845, Train Steps/Sec: 2.92, Samples/Sec: 46.65
[[34m2025-08-15 09:15:42[0m] (step=0574100) Train Loss: 0.0901, Train Steps/Sec: 3.15, Samples/Sec: 50.48
[[34m2025-08-15 09:16:13[0m] (step=0574200) Train Loss: 0.0778, Train Steps/Sec: 3.20, Samples/Sec: 51.14
[[34m2025-08-15 09:16:45[0m] (step=0574300) Train Loss: 0.0933, Train Steps/Sec: 3.13, Samples/Sec: 50.04
[[34m2025-08-15 09:17:17[0m] (step=0574400) Train Loss: 0.0905, Train Steps/Sec: 3.11, Samples/Sec: 49.70
[[34m2025-08-15 09:17:49[0m] (step=0574500) Train Loss: 0.0792, Train Steps/Sec: 3.18, Samples/Sec: 50.84
[[34m2025-08-15 09:18:20[0m] (step=0574600) Train Loss: 0.0845, Train Steps/Sec: 3.14, Samples/Sec: 50.30
[[34m2025-08-15 09:18:51[0m] (step=0574700) Train Loss: 0.0953, Train Steps/Sec: 3.27, Samples/Sec: 52.33
[[34m2025-08-15 09:19:22[0m] (step=0574800) Train Loss: 0.0763, Train Steps/Sec: 3.20, Samples/Sec: 51.14
[[34m2025-08-15 09:19:54[0m] (step=0574900) Train Loss: 0.0782, Train Steps/Sec: 3.15, Samples/Sec: 50.42
[[34m2025-08-15 09:20:25[0m] (step=0575000) Train Loss: 0.0776, Train Steps/Sec: 3.22, Samples/Sec: 51.55
[[34m2025-08-15 09:20:56[0m] (step=0575100) Train Loss: 0.0848, Train Steps/Sec: 3.20, Samples/Sec: 51.18
[[34m2025-08-15 09:21:28[0m] (step=0575200) Train Loss: 0.0876, Train Steps/Sec: 3.18, Samples/Sec: 50.93
[[34m2025-08-15 09:21:59[0m] (step=0575300) Train Loss: 0.0887, Train Steps/Sec: 3.18, Samples/Sec: 50.94
[[34m2025-08-15 09:22:31[0m] (step=0575400) Train Loss: 0.0896, Train Steps/Sec: 3.16, Samples/Sec: 50.49
[[34m2025-08-15 09:23:02[0m] (step=0575500) Train Loss: 0.0853, Train Steps/Sec: 3.21, Samples/Sec: 51.39
[[34m2025-08-15 09:23:33[0m] (step=0575600) Train Loss: 0.0909, Train Steps/Sec: 3.28, Samples/Sec: 52.44
[[34m2025-08-15 09:24:04[0m] (step=0575700) Train Loss: 0.0896, Train Steps/Sec: 3.21, Samples/Sec: 51.39
[[34m2025-08-15 09:24:35[0m] (step=0575800) Train Loss: 0.0892, Train Steps/Sec: 3.22, Samples/Sec: 51.59
[[34m2025-08-15 09:25:07[0m] (step=0575900) Train Loss: 0.0970, Train Steps/Sec: 3.08, Samples/Sec: 49.32
[[34m2025-08-15 09:25:38[0m] (step=0576000) Train Loss: 0.0904, Train Steps/Sec: 3.24, Samples/Sec: 51.78
[[34m2025-08-15 09:26:10[0m] (step=0576100) Train Loss: 0.0917, Train Steps/Sec: 3.17, Samples/Sec: 50.64
[[34m2025-08-15 09:26:41[0m] (step=0576200) Train Loss: 0.0820, Train Steps/Sec: 3.24, Samples/Sec: 51.77
[[34m2025-08-15 09:27:13[0m] (step=0576300) Train Loss: 0.0772, Train Steps/Sec: 3.07, Samples/Sec: 49.09
[[34m2025-08-15 09:27:44[0m] (step=0576400) Train Loss: 0.0897, Train Steps/Sec: 3.21, Samples/Sec: 51.38
[[34m2025-08-15 09:28:16[0m] (step=0576500) Train Loss: 0.0891, Train Steps/Sec: 3.15, Samples/Sec: 50.42
[[34m2025-08-15 09:28:48[0m] (step=0576600) Train Loss: 0.0785, Train Steps/Sec: 3.18, Samples/Sec: 50.87
[[34m2025-08-15 09:29:20[0m] (step=0576700) Train Loss: 0.0835, Train Steps/Sec: 3.12, Samples/Sec: 49.87
[[34m2025-08-15 09:29:51[0m] (step=0576800) Train Loss: 0.0898, Train Steps/Sec: 3.19, Samples/Sec: 51.06
[[34m2025-08-15 09:30:22[0m] (step=0576900) Train Loss: 0.0839, Train Steps/Sec: 3.19, Samples/Sec: 51.09
[[34m2025-08-15 09:30:53[0m] (step=0577000) Train Loss: 0.0952, Train Steps/Sec: 3.26, Samples/Sec: 52.15
[[34m2025-08-15 09:31:24[0m] (step=0577100) Train Loss: 0.0793, Train Steps/Sec: 3.21, Samples/Sec: 51.35
[[34m2025-08-15 09:31:57[0m] (step=0577200) Train Loss: 0.0900, Train Steps/Sec: 3.06, Samples/Sec: 49.02
[[34m2025-08-15 09:32:28[0m] (step=0577300) Train Loss: 0.0931, Train Steps/Sec: 3.22, Samples/Sec: 51.45
[[34m2025-08-15 09:32:59[0m] (step=0577400) Train Loss: 0.0894, Train Steps/Sec: 3.25, Samples/Sec: 52.04
[[34m2025-08-15 09:33:31[0m] (step=0577500) Train Loss: 0.0832, Train Steps/Sec: 3.10, Samples/Sec: 49.63
[[34m2025-08-15 09:34:02[0m] (step=0577600) Train Loss: 0.0911, Train Steps/Sec: 3.21, Samples/Sec: 51.44
[[34m2025-08-15 09:34:33[0m] (step=0577700) Train Loss: 0.0859, Train Steps/Sec: 3.20, Samples/Sec: 51.25
[[34m2025-08-15 09:35:04[0m] (step=0577800) Train Loss: 0.0834, Train Steps/Sec: 3.25, Samples/Sec: 52.00
[[34m2025-08-15 09:35:35[0m] (step=0577900) Train Loss: 0.0815, Train Steps/Sec: 3.21, Samples/Sec: 51.32
[[34m2025-08-15 09:36:06[0m] (step=0578000) Train Loss: 0.0845, Train Steps/Sec: 3.30, Samples/Sec: 52.74
[[34m2025-08-15 09:36:38[0m] (step=0578100) Train Loss: 0.0894, Train Steps/Sec: 3.04, Samples/Sec: 48.71
[[34m2025-08-15 09:37:09[0m] (step=0578200) Train Loss: 0.0831, Train Steps/Sec: 3.25, Samples/Sec: 51.99
[[34m2025-08-15 09:37:40[0m] (step=0578300) Train Loss: 0.0970, Train Steps/Sec: 3.21, Samples/Sec: 51.30
[[34m2025-08-15 09:38:12[0m] (step=0578400) Train Loss: 0.0796, Train Steps/Sec: 3.18, Samples/Sec: 50.81
[[34m2025-08-15 09:38:43[0m] (step=0578500) Train Loss: 0.0772, Train Steps/Sec: 3.21, Samples/Sec: 51.30
[[34m2025-08-15 09:39:16[0m] (step=0578600) Train Loss: 0.0899, Train Steps/Sec: 3.04, Samples/Sec: 48.67
[[34m2025-08-15 09:39:48[0m] (step=0578700) Train Loss: 0.0912, Train Steps/Sec: 3.17, Samples/Sec: 50.71
[[34m2025-08-15 09:40:19[0m] (step=0578800) Train Loss: 0.0872, Train Steps/Sec: 3.21, Samples/Sec: 51.28
[[34m2025-08-15 09:40:49[0m] (step=0578900) Train Loss: 0.0884, Train Steps/Sec: 3.26, Samples/Sec: 52.14
[[34m2025-08-15 09:41:21[0m] (step=0579000) Train Loss: 0.0857, Train Steps/Sec: 3.20, Samples/Sec: 51.26
[[34m2025-08-15 09:41:52[0m] (step=0579100) Train Loss: 0.0835, Train Steps/Sec: 3.20, Samples/Sec: 51.14
[[34m2025-08-15 09:42:25[0m] (step=0579200) Train Loss: 0.0806, Train Steps/Sec: 3.00, Samples/Sec: 48.02
[[34m2025-08-15 09:42:57[0m] (step=0579300) Train Loss: 0.0824, Train Steps/Sec: 3.14, Samples/Sec: 50.32
[[34m2025-08-15 09:43:28[0m] (step=0579400) Train Loss: 0.0840, Train Steps/Sec: 3.21, Samples/Sec: 51.33
[[34m2025-08-15 09:43:59[0m] (step=0579500) Train Loss: 0.0821, Train Steps/Sec: 3.24, Samples/Sec: 51.81
[[34m2025-08-15 09:44:31[0m] (step=0579600) Train Loss: 0.0872, Train Steps/Sec: 3.18, Samples/Sec: 50.86
[[34m2025-08-15 09:45:02[0m] (step=0579700) Train Loss: 0.0804, Train Steps/Sec: 3.19, Samples/Sec: 51.09
[[34m2025-08-15 09:45:33[0m] (step=0579800) Train Loss: 0.0870, Train Steps/Sec: 3.21, Samples/Sec: 51.39
[[34m2025-08-15 09:46:05[0m] (step=0579900) Train Loss: 0.0760, Train Steps/Sec: 3.09, Samples/Sec: 49.42
[[34m2025-08-15 09:46:37[0m] (step=0580000) Train Loss: 0.0893, Train Steps/Sec: 3.14, Samples/Sec: 50.28
Using cache found in ./models/facebookresearch_dino_main
Using cache found in ./models/facebookresearch_dino_main
Using cache found in ./models/facebookresearch_dino_main
[[34m2025-08-15 09:46:56[0m] Saved checkpoint to logs/nwm_cdit_airvln_v6_1/checkpoints/latest.pth.tar
Using cache found in ./models/facebookresearch_dino_main
[[34m2025-08-15 09:46:59[0m] Already found a `peft_config` attribute in the model. This will lead to having multiple adapters in the model. Make sure to know what you are doing!
[[34m2025-08-15 09:48:25[0m] (step=0580000) Perceptual Loss: 0.1775, Eval Time: 89.56
[[34m2025-08-15 09:48:57[0m] (step=0580100) Train Loss: 0.0866, Train Steps/Sec: 0.71, Samples/Sec: 11.42
[[34m2025-08-15 09:49:29[0m] (step=0580200) Train Loss: 0.0996, Train Steps/Sec: 3.20, Samples/Sec: 51.23
[[34m2025-08-15 09:50:01[0m] (step=0580300) Train Loss: 0.0873, Train Steps/Sec: 3.08, Samples/Sec: 49.34
[[34m2025-08-15 09:50:33[0m] (step=0580400) Train Loss: 0.0799, Train Steps/Sec: 3.16, Samples/Sec: 50.54
[[34m2025-08-15 09:51:04[0m] (step=0580500) Train Loss: 0.0849, Train Steps/Sec: 3.17, Samples/Sec: 50.77
[[34m2025-08-15 09:51:37[0m] (step=0580600) Train Loss: 0.0829, Train Steps/Sec: 3.05, Samples/Sec: 48.76
[[34m2025-08-15 09:52:08[0m] (step=0580700) Train Loss: 0.0847, Train Steps/Sec: 3.22, Samples/Sec: 51.49
[[34m2025-08-15 09:52:39[0m] (step=0580800) Train Loss: 0.0889, Train Steps/Sec: 3.20, Samples/Sec: 51.20
[[34m2025-08-15 09:53:11[0m] (step=0580900) Train Loss: 0.0883, Train Steps/Sec: 3.22, Samples/Sec: 51.50
[[34m2025-08-15 09:53:42[0m] (step=0581000) Train Loss: 0.0915, Train Steps/Sec: 3.19, Samples/Sec: 51.03
[[34m2025-08-15 09:54:12[0m] (step=0581100) Train Loss: 0.0856, Train Steps/Sec: 3.28, Samples/Sec: 52.49
[[34m2025-08-15 09:54:43[0m] (step=0581200) Train Loss: 0.0833, Train Steps/Sec: 3.26, Samples/Sec: 52.11
[[34m2025-08-15 09:55:14[0m] (step=0581300) Train Loss: 0.0876, Train Steps/Sec: 3.24, Samples/Sec: 51.84
[[34m2025-08-15 09:55:46[0m] (step=0581400) Train Loss: 0.0829, Train Steps/Sec: 3.13, Samples/Sec: 50.07
[[34m2025-08-15 09:56:18[0m] (step=0581500) Train Loss: 0.0883, Train Steps/Sec: 3.17, Samples/Sec: 50.68
[[34m2025-08-15 09:56:48[0m] (step=0581600) Train Loss: 0.0964, Train Steps/Sec: 3.27, Samples/Sec: 52.40
[[34m2025-08-15 09:57:20[0m] (step=0581700) Train Loss: 0.0856, Train Steps/Sec: 3.16, Samples/Sec: 50.53
[[34m2025-08-15 09:57:51[0m] (step=0581800) Train Loss: 0.0807, Train Steps/Sec: 3.20, Samples/Sec: 51.27
[[34m2025-08-15 09:58:23[0m] (step=0581900) Train Loss: 0.0888, Train Steps/Sec: 3.14, Samples/Sec: 50.22
[[34m2025-08-15 09:58:54[0m] (step=0582000) Train Loss: 0.0923, Train Steps/Sec: 3.21, Samples/Sec: 51.44
[[34m2025-08-15 09:59:25[0m] (step=0582100) Train Loss: 0.0790, Train Steps/Sec: 3.21, Samples/Sec: 51.34
[[34m2025-08-15 09:59:56[0m] (step=0582200) Train Loss: 0.0760, Train Steps/Sec: 3.22, Samples/Sec: 51.57
[[34m2025-08-15 10:00:28[0m] (step=0582300) Train Loss: 0.0892, Train Steps/Sec: 3.20, Samples/Sec: 51.24
[[34m2025-08-15 10:00:59[0m] (step=0582400) Train Loss: 0.0957, Train Steps/Sec: 3.14, Samples/Sec: 50.28
[[34m2025-08-15 10:01:31[0m] (step=0582500) Train Loss: 0.0879, Train Steps/Sec: 3.20, Samples/Sec: 51.22
[[34m2025-08-15 10:02:04[0m] (step=0582600) Train Loss: 0.0804, Train Steps/Sec: 3.05, Samples/Sec: 48.79
[[34m2025-08-15 10:02:35[0m] (step=0582700) Train Loss: 0.0778, Train Steps/Sec: 3.16, Samples/Sec: 50.59
[[34m2025-08-15 10:03:08[0m] (step=0582800) Train Loss: 0.0922, Train Steps/Sec: 3.09, Samples/Sec: 49.37
[[34m2025-08-15 10:03:39[0m] (step=0582900) Train Loss: 0.0906, Train Steps/Sec: 3.14, Samples/Sec: 50.25
[[34m2025-08-15 10:04:10[0m] (step=0583000) Train Loss: 0.0828, Train Steps/Sec: 3.26, Samples/Sec: 52.23
[[34m2025-08-15 10:04:41[0m] (step=0583100) Train Loss: 0.0871, Train Steps/Sec: 3.23, Samples/Sec: 51.68
[[34m2025-08-15 10:05:12[0m] (step=0583200) Train Loss: 0.1027, Train Steps/Sec: 3.27, Samples/Sec: 52.39
[[34m2025-08-15 10:05:42[0m] (step=0583300) Train Loss: 0.0798, Train Steps/Sec: 3.27, Samples/Sec: 52.35
[[34m2025-08-15 10:06:13[0m] (step=0583400) Train Loss: 0.0802, Train Steps/Sec: 3.24, Samples/Sec: 51.84
[[34m2025-08-15 10:06:45[0m] (step=0583500) Train Loss: 0.0862, Train Steps/Sec: 3.17, Samples/Sec: 50.71
[[34m2025-08-15 10:07:16[0m] (step=0583600) Train Loss: 0.0791, Train Steps/Sec: 3.23, Samples/Sec: 51.66
[[34m2025-08-15 10:07:47[0m] (step=0583700) Train Loss: 0.0813, Train Steps/Sec: 3.21, Samples/Sec: 51.43
[[34m2025-08-15 10:08:18[0m] (step=0583800) Train Loss: 0.0992, Train Steps/Sec: 3.22, Samples/Sec: 51.47
[[34m2025-08-15 10:08:49[0m] (step=0583900) Train Loss: 0.0870, Train Steps/Sec: 3.22, Samples/Sec: 51.58
[[34m2025-08-15 10:09:20[0m] (step=0584000) Train Loss: 0.0763, Train Steps/Sec: 3.20, Samples/Sec: 51.24
[[34m2025-08-15 10:09:51[0m] (step=0584100) Train Loss: 0.0902, Train Steps/Sec: 3.22, Samples/Sec: 51.56
[[34m2025-08-15 10:10:23[0m] (step=0584200) Train Loss: 0.0910, Train Steps/Sec: 3.18, Samples/Sec: 50.81
[[34m2025-08-15 10:10:54[0m] (step=0584300) Train Loss: 0.0873, Train Steps/Sec: 3.15, Samples/Sec: 50.43
[[34m2025-08-15 10:11:25[0m] (step=0584400) Train Loss: 0.0879, Train Steps/Sec: 3.26, Samples/Sec: 52.19
[[34m2025-08-15 10:11:56[0m] (step=0584500) Train Loss: 0.0808, Train Steps/Sec: 3.24, Samples/Sec: 51.78
[[34m2025-08-15 10:12:27[0m] (step=0584600) Train Loss: 0.0822, Train Steps/Sec: 3.20, Samples/Sec: 51.23
[[34m2025-08-15 10:12:58[0m] (step=0584700) Train Loss: 0.0827, Train Steps/Sec: 3.24, Samples/Sec: 51.76
[[34m2025-08-15 10:13:30[0m] (step=0584800) Train Loss: 0.0891, Train Steps/Sec: 3.17, Samples/Sec: 50.73
[[34m2025-08-15 10:14:01[0m] (step=0584900) Train Loss: 0.0825, Train Steps/Sec: 3.15, Samples/Sec: 50.34
[[34m2025-08-15 10:14:32[0m] (step=0585000) Train Loss: 0.0879, Train Steps/Sec: 3.23, Samples/Sec: 51.62
[[34m2025-08-15 10:15:03[0m] (step=0585100) Train Loss: 0.0851, Train Steps/Sec: 3.23, Samples/Sec: 51.68
[[34m2025-08-15 10:15:34[0m] (step=0585200) Train Loss: 0.0937, Train Steps/Sec: 3.24, Samples/Sec: 51.88
[[34m2025-08-15 10:16:06[0m] (step=0585300) Train Loss: 0.0840, Train Steps/Sec: 3.15, Samples/Sec: 50.40
[[34m2025-08-15 10:16:38[0m] (step=0585400) Train Loss: 0.0896, Train Steps/Sec: 3.18, Samples/Sec: 50.80
[[34m2025-08-15 10:17:09[0m] (step=0585500) Train Loss: 0.0884, Train Steps/Sec: 3.16, Samples/Sec: 50.61
[[34m2025-08-15 10:17:41[0m] (step=0585600) Train Loss: 0.0945, Train Steps/Sec: 3.18, Samples/Sec: 50.90
[[34m2025-08-15 10:18:12[0m] (step=0585700) Train Loss: 0.0850, Train Steps/Sec: 3.20, Samples/Sec: 51.21
[[34m2025-08-15 10:18:45[0m] (step=0585800) Train Loss: 0.0937, Train Steps/Sec: 3.03, Samples/Sec: 48.44
[[34m2025-08-15 10:19:17[0m] (step=0585900) Train Loss: 0.0885, Train Steps/Sec: 3.16, Samples/Sec: 50.48
[[34m2025-08-15 10:19:48[0m] (step=0586000) Train Loss: 0.0821, Train Steps/Sec: 3.21, Samples/Sec: 51.35
[[34m2025-08-15 10:20:19[0m] (step=0586100) Train Loss: 0.0842, Train Steps/Sec: 3.21, Samples/Sec: 51.35
[[34m2025-08-15 10:20:50[0m] (step=0586200) Train Loss: 0.0775, Train Steps/Sec: 3.20, Samples/Sec: 51.18
[[34m2025-08-15 10:21:21[0m] (step=0586300) Train Loss: 0.0857, Train Steps/Sec: 3.25, Samples/Sec: 52.00
[[34m2025-08-15 10:21:53[0m] (step=0586400) Train Loss: 0.0886, Train Steps/Sec: 3.11, Samples/Sec: 49.72
[[34m2025-08-15 10:22:24[0m] (step=0586500) Train Loss: 0.0897, Train Steps/Sec: 3.23, Samples/Sec: 51.61
[[34m2025-08-15 10:22:55[0m] (step=0586600) Train Loss: 0.0878, Train Steps/Sec: 3.21, Samples/Sec: 51.39
[[34m2025-08-15 10:23:27[0m] (step=0586700) Train Loss: 0.0838, Train Steps/Sec: 3.20, Samples/Sec: 51.18
[[34m2025-08-15 10:23:59[0m] (step=0586800) Train Loss: 0.0794, Train Steps/Sec: 3.13, Samples/Sec: 50.01
[[34m2025-08-15 10:24:29[0m] (step=0586900) Train Loss: 0.0850, Train Steps/Sec: 3.24, Samples/Sec: 51.82
[[34m2025-08-15 10:25:03[0m] (step=0587000) Train Loss: 0.0869, Train Steps/Sec: 2.97, Samples/Sec: 47.55
[[34m2025-08-15 10:25:34[0m] (step=0587100) Train Loss: 0.0860, Train Steps/Sec: 3.22, Samples/Sec: 51.49
[[34m2025-08-15 10:26:05[0m] (step=0587200) Train Loss: 0.0866, Train Steps/Sec: 3.20, Samples/Sec: 51.13
[[34m2025-08-15 10:26:37[0m] (step=0587300) Train Loss: 0.0854, Train Steps/Sec: 3.20, Samples/Sec: 51.25
[[34m2025-08-15 10:27:09[0m] (step=0587400) Train Loss: 0.0844, Train Steps/Sec: 3.15, Samples/Sec: 50.35
[[34m2025-08-15 10:27:40[0m] (step=0587500) Train Loss: 0.0954, Train Steps/Sec: 3.16, Samples/Sec: 50.51
[[34m2025-08-15 10:28:12[0m] (step=0587600) Train Loss: 0.0758, Train Steps/Sec: 3.16, Samples/Sec: 50.57
[[34m2025-08-15 10:28:43[0m] (step=0587700) Train Loss: 0.0902, Train Steps/Sec: 3.21, Samples/Sec: 51.31
[[34m2025-08-15 10:29:14[0m] (step=0587800) Train Loss: 0.0831, Train Steps/Sec: 3.18, Samples/Sec: 50.91
[[34m2025-08-15 10:29:45[0m] (step=0587900) Train Loss: 0.0878, Train Steps/Sec: 3.22, Samples/Sec: 51.59
[[34m2025-08-15 10:30:17[0m] (step=0588000) Train Loss: 0.0898, Train Steps/Sec: 3.17, Samples/Sec: 50.76
[[34m2025-08-15 10:30:48[0m] (step=0588100) Train Loss: 0.0907, Train Steps/Sec: 3.25, Samples/Sec: 52.07
[[34m2025-08-15 10:31:19[0m] (step=0588200) Train Loss: 0.0885, Train Steps/Sec: 3.17, Samples/Sec: 50.70
[[34m2025-08-15 10:31:51[0m] (step=0588300) Train Loss: 0.0980, Train Steps/Sec: 3.12, Samples/Sec: 49.96
[[34m2025-08-15 10:32:22[0m] (step=0588400) Train Loss: 0.0831, Train Steps/Sec: 3.28, Samples/Sec: 52.46
[[34m2025-08-15 10:32:53[0m] (step=0588500) Train Loss: 0.0877, Train Steps/Sec: 3.25, Samples/Sec: 52.07
[[34m2025-08-15 10:33:24[0m] (step=0588600) Train Loss: 0.0904, Train Steps/Sec: 3.20, Samples/Sec: 51.18
[[34m2025-08-15 10:33:56[0m] (step=0588700) Train Loss: 0.0909, Train Steps/Sec: 3.08, Samples/Sec: 49.24
[[34m2025-08-15 10:34:28[0m] (step=0588800) Train Loss: 0.0911, Train Steps/Sec: 3.13, Samples/Sec: 50.11
[[34m2025-08-15 10:34:59[0m] (step=0588900) Train Loss: 0.0909, Train Steps/Sec: 3.21, Samples/Sec: 51.36
[[34m2025-08-15 10:35:31[0m] (step=0589000) Train Loss: 0.0889, Train Steps/Sec: 3.19, Samples/Sec: 50.96
[[34m2025-08-15 10:36:02[0m] (step=0589100) Train Loss: 0.0868, Train Steps/Sec: 3.17, Samples/Sec: 50.67
[[34m2025-08-15 10:36:35[0m] (step=0589200) Train Loss: 0.0958, Train Steps/Sec: 3.12, Samples/Sec: 49.85
[[34m2025-08-15 10:37:06[0m] (step=0589300) Train Loss: 0.0998, Train Steps/Sec: 3.21, Samples/Sec: 51.29
[[34m2025-08-15 10:37:37[0m] (step=0589400) Train Loss: 0.0760, Train Steps/Sec: 3.21, Samples/Sec: 51.38
[[34m2025-08-15 10:38:08[0m] (step=0589500) Train Loss: 0.0846, Train Steps/Sec: 3.17, Samples/Sec: 50.77
[[34m2025-08-15 10:38:39[0m] (step=0589600) Train Loss: 0.0853, Train Steps/Sec: 3.25, Samples/Sec: 52.00
[[34m2025-08-15 10:39:11[0m] (step=0589700) Train Loss: 0.0883, Train Steps/Sec: 3.19, Samples/Sec: 51.06
[[34m2025-08-15 10:39:42[0m] (step=0589800) Train Loss: 0.0901, Train Steps/Sec: 3.21, Samples/Sec: 51.44
[[34m2025-08-15 10:40:14[0m] (step=0589900) Train Loss: 0.0798, Train Steps/Sec: 3.11, Samples/Sec: 49.74
[[34m2025-08-15 10:40:45[0m] (step=0590000) Train Loss: 0.0846, Train Steps/Sec: 3.23, Samples/Sec: 51.70
Using cache found in ./models/facebookresearch_dino_main
Using cache found in ./models/facebookresearch_dino_main
Using cache found in ./models/facebookresearch_dino_main
[[34m2025-08-15 10:41:03[0m] Saved checkpoint to logs/nwm_cdit_airvln_v6_1/checkpoints/latest.pth.tar
Using cache found in ./models/facebookresearch_dino_main
[[34m2025-08-15 10:41:06[0m] Already found a `peft_config` attribute in the model. This will lead to having multiple adapters in the model. Make sure to know what you are doing!
[[34m2025-08-15 10:42:33[0m] (step=0590000) Perceptual Loss: 0.2297, Eval Time: 89.97
[[34m2025-08-15 10:43:04[0m] (step=0590100) Train Loss: 0.0843, Train Steps/Sec: 0.72, Samples/Sec: 11.48
[[34m2025-08-15 10:43:36[0m] (step=0590200) Train Loss: 0.0935, Train Steps/Sec: 3.17, Samples/Sec: 50.76
[[34m2025-08-15 10:44:07[0m] (step=0590300) Train Loss: 0.0821, Train Steps/Sec: 3.16, Samples/Sec: 50.54
[[34m2025-08-15 10:44:38[0m] (step=0590400) Train Loss: 0.0845, Train Steps/Sec: 3.26, Samples/Sec: 52.15
[[34m2025-08-15 10:45:09[0m] (step=0590500) Train Loss: 0.0821, Train Steps/Sec: 3.22, Samples/Sec: 51.55
[[34m2025-08-15 10:45:41[0m] (step=0590600) Train Loss: 0.0853, Train Steps/Sec: 3.15, Samples/Sec: 50.47
[[34m2025-08-15 10:46:12[0m] (step=0590700) Train Loss: 0.0827, Train Steps/Sec: 3.17, Samples/Sec: 50.76
[[34m2025-08-15 10:46:44[0m] (step=0590800) Train Loss: 0.0812, Train Steps/Sec: 3.20, Samples/Sec: 51.20
[[34m2025-08-15 10:47:15[0m] (step=0590900) Train Loss: 0.0930, Train Steps/Sec: 3.23, Samples/Sec: 51.62
[[34m2025-08-15 10:47:45[0m] (step=0591000) Train Loss: 0.0842, Train Steps/Sec: 3.24, Samples/Sec: 51.86
[[34m2025-08-15 10:48:18[0m] (step=0591100) Train Loss: 0.0786, Train Steps/Sec: 3.09, Samples/Sec: 49.36
[[34m2025-08-15 10:48:45[0m] Beginning epoch 7...
[[34m2025-08-15 10:48:53[0m] (step=0591200) Train Loss: 0.0817, Train Steps/Sec: 2.87, Samples/Sec: 45.92
[[34m2025-08-15 10:49:25[0m] (step=0591300) Train Loss: 0.0856, Train Steps/Sec: 3.05, Samples/Sec: 48.87
[[34m2025-08-15 10:49:56[0m] (step=0591400) Train Loss: 0.0877, Train Steps/Sec: 3.29, Samples/Sec: 52.66
[[34m2025-08-15 10:50:26[0m] (step=0591500) Train Loss: 0.0878, Train Steps/Sec: 3.30, Samples/Sec: 52.87
[[34m2025-08-15 10:50:57[0m] (step=0591600) Train Loss: 0.0819, Train Steps/Sec: 3.28, Samples/Sec: 52.55
[[34m2025-08-15 10:51:28[0m] (step=0591700) Train Loss: 0.0816, Train Steps/Sec: 3.21, Samples/Sec: 51.39
[[34m2025-08-15 10:51:58[0m] (step=0591800) Train Loss: 0.0788, Train Steps/Sec: 3.25, Samples/Sec: 52.06
[[34m2025-08-15 10:52:29[0m] (step=0591900) Train Loss: 0.0841, Train Steps/Sec: 3.24, Samples/Sec: 51.77
[[34m2025-08-15 10:53:00[0m] (step=0592000) Train Loss: 0.0850, Train Steps/Sec: 3.23, Samples/Sec: 51.64
[[34m2025-08-15 10:53:31[0m] (step=0592100) Train Loss: 0.0857, Train Steps/Sec: 3.28, Samples/Sec: 52.40
[[34m2025-08-15 10:54:02[0m] (step=0592200) Train Loss: 0.0834, Train Steps/Sec: 3.20, Samples/Sec: 51.24
[[34m2025-08-15 10:54:34[0m] (step=0592300) Train Loss: 0.0931, Train Steps/Sec: 3.18, Samples/Sec: 50.90
[[34m2025-08-15 10:55:05[0m] (step=0592400) Train Loss: 0.0940, Train Steps/Sec: 3.21, Samples/Sec: 51.38
[[34m2025-08-15 10:55:36[0m] (step=0592500) Train Loss: 0.0907, Train Steps/Sec: 3.22, Samples/Sec: 51.49
[[34m2025-08-15 10:56:07[0m] (step=0592600) Train Loss: 0.0860, Train Steps/Sec: 3.16, Samples/Sec: 50.59
[[34m2025-08-15 10:56:39[0m] (step=0592700) Train Loss: 0.0884, Train Steps/Sec: 3.16, Samples/Sec: 50.60
[[34m2025-08-15 10:57:10[0m] (step=0592800) Train Loss: 0.0853, Train Steps/Sec: 3.23, Samples/Sec: 51.74
[[34m2025-08-15 10:57:41[0m] (step=0592900) Train Loss: 0.0872, Train Steps/Sec: 3.24, Samples/Sec: 51.86
[[34m2025-08-15 10:58:12[0m] (step=0593000) Train Loss: 0.0902, Train Steps/Sec: 3.26, Samples/Sec: 52.13
[[34m2025-08-15 10:58:42[0m] (step=0593100) Train Loss: 0.0942, Train Steps/Sec: 3.25, Samples/Sec: 52.06
[[34m2025-08-15 10:59:15[0m] (step=0593200) Train Loss: 0.0932, Train Steps/Sec: 3.04, Samples/Sec: 48.62
[[34m2025-08-15 10:59:47[0m] (step=0593300) Train Loss: 0.0828, Train Steps/Sec: 3.19, Samples/Sec: 51.09
[[34m2025-08-15 11:00:18[0m] (step=0593400) Train Loss: 0.0846, Train Steps/Sec: 3.19, Samples/Sec: 51.06
[[34m2025-08-15 11:00:49[0m] (step=0593500) Train Loss: 0.0843, Train Steps/Sec: 3.19, Samples/Sec: 51.07
[[34m2025-08-15 11:01:20[0m] (step=0593600) Train Loss: 0.0836, Train Steps/Sec: 3.28, Samples/Sec: 52.54
[[34m2025-08-15 11:01:51[0m] (step=0593700) Train Loss: 0.0846, Train Steps/Sec: 3.17, Samples/Sec: 50.79
[[34m2025-08-15 11:02:23[0m] (step=0593800) Train Loss: 0.0727, Train Steps/Sec: 3.18, Samples/Sec: 50.92
[[34m2025-08-15 11:02:54[0m] (step=0593900) Train Loss: 0.0855, Train Steps/Sec: 3.18, Samples/Sec: 50.87
[[34m2025-08-15 11:03:25[0m] (step=0594000) Train Loss: 0.0893, Train Steps/Sec: 3.23, Samples/Sec: 51.65
[[34m2025-08-15 11:03:57[0m] (step=0594100) Train Loss: 0.0919, Train Steps/Sec: 3.12, Samples/Sec: 50.00
[[34m2025-08-15 11:04:28[0m] (step=0594200) Train Loss: 0.0849, Train Steps/Sec: 3.22, Samples/Sec: 51.57
[[34m2025-08-15 11:04:59[0m] (step=0594300) Train Loss: 0.0947, Train Steps/Sec: 3.24, Samples/Sec: 51.77
[[34m2025-08-15 11:05:30[0m] (step=0594400) Train Loss: 0.0891, Train Steps/Sec: 3.18, Samples/Sec: 50.90
[[34m2025-08-15 11:06:03[0m] (step=0594500) Train Loss: 0.0793, Train Steps/Sec: 3.09, Samples/Sec: 49.41
[[34m2025-08-15 11:06:34[0m] (step=0594600) Train Loss: 0.0785, Train Steps/Sec: 3.26, Samples/Sec: 52.16
[[34m2025-08-15 11:07:04[0m] (step=0594700) Train Loss: 0.0853, Train Steps/Sec: 3.25, Samples/Sec: 52.05
[[34m2025-08-15 11:07:35[0m] (step=0594800) Train Loss: 0.0917, Train Steps/Sec: 3.30, Samples/Sec: 52.86
[[34m2025-08-15 11:08:05[0m] (step=0594900) Train Loss: 0.0907, Train Steps/Sec: 3.28, Samples/Sec: 52.41
[[34m2025-08-15 11:08:38[0m] (step=0595000) Train Loss: 0.0813, Train Steps/Sec: 3.08, Samples/Sec: 49.34
[[34m2025-08-15 11:09:09[0m] (step=0595100) Train Loss: 0.0962, Train Steps/Sec: 3.24, Samples/Sec: 51.76
[[34m2025-08-15 11:09:40[0m] (step=0595200) Train Loss: 0.0839, Train Steps/Sec: 3.23, Samples/Sec: 51.73
[[34m2025-08-15 11:10:10[0m] (step=0595300) Train Loss: 0.0851, Train Steps/Sec: 3.24, Samples/Sec: 51.80
[[34m2025-08-15 11:10:40[0m] (step=0595400) Train Loss: 0.0838, Train Steps/Sec: 3.34, Samples/Sec: 53.45
[[34m2025-08-15 11:11:12[0m] (step=0595500) Train Loss: 0.0848, Train Steps/Sec: 3.19, Samples/Sec: 50.97
[[34m2025-08-15 11:11:43[0m] (step=0595600) Train Loss: 0.0874, Train Steps/Sec: 3.20, Samples/Sec: 51.23
[[34m2025-08-15 11:12:14[0m] (step=0595700) Train Loss: 0.0908, Train Steps/Sec: 3.23, Samples/Sec: 51.66
[[34m2025-08-15 11:12:45[0m] (step=0595800) Train Loss: 0.0876, Train Steps/Sec: 3.19, Samples/Sec: 50.97
[[34m2025-08-15 11:13:17[0m] (step=0595900) Train Loss: 0.0825, Train Steps/Sec: 3.16, Samples/Sec: 50.49
[[34m2025-08-15 11:13:49[0m] (step=0596000) Train Loss: 0.0815, Train Steps/Sec: 3.19, Samples/Sec: 50.98
[[34m2025-08-15 11:14:19[0m] (step=0596100) Train Loss: 0.0860, Train Steps/Sec: 3.24, Samples/Sec: 51.78
[[34m2025-08-15 11:14:50[0m] (step=0596200) Train Loss: 0.0896, Train Steps/Sec: 3.26, Samples/Sec: 52.12
[[34m2025-08-15 11:15:21[0m] (step=0596300) Train Loss: 0.0856, Train Steps/Sec: 3.27, Samples/Sec: 52.35
[[34m2025-08-15 11:15:52[0m] (step=0596400) Train Loss: 0.0850, Train Steps/Sec: 3.18, Samples/Sec: 50.82
[[34m2025-08-15 11:16:24[0m] (step=0596500) Train Loss: 0.0851, Train Steps/Sec: 3.15, Samples/Sec: 50.47
[[34m2025-08-15 11:16:55[0m] (step=0596600) Train Loss: 0.0869, Train Steps/Sec: 3.18, Samples/Sec: 50.82
[[34m2025-08-15 11:17:28[0m] (step=0596700) Train Loss: 0.0936, Train Steps/Sec: 3.11, Samples/Sec: 49.70
[[34m2025-08-15 11:17:59[0m] (step=0596800) Train Loss: 0.0825, Train Steps/Sec: 3.19, Samples/Sec: 50.99
[[34m2025-08-15 11:18:30[0m] (step=0596900) Train Loss: 0.0815, Train Steps/Sec: 3.22, Samples/Sec: 51.54
[[34m2025-08-15 11:19:01[0m] (step=0597000) Train Loss: 0.0861, Train Steps/Sec: 3.24, Samples/Sec: 51.76
[[34m2025-08-15 11:19:33[0m] (step=0597100) Train Loss: 0.0843, Train Steps/Sec: 3.14, Samples/Sec: 50.27
[[34m2025-08-15 11:20:05[0m] (step=0597200) Train Loss: 0.0918, Train Steps/Sec: 3.15, Samples/Sec: 50.43
[[34m2025-08-15 11:20:36[0m] (step=0597300) Train Loss: 0.0932, Train Steps/Sec: 3.21, Samples/Sec: 51.33
[[34m2025-08-15 11:21:06[0m] (step=0597400) Train Loss: 0.0921, Train Steps/Sec: 3.26, Samples/Sec: 52.10
[[34m2025-08-15 11:21:38[0m] (step=0597500) Train Loss: 0.0837, Train Steps/Sec: 3.13, Samples/Sec: 50.09
[[34m2025-08-15 11:22:09[0m] (step=0597600) Train Loss: 0.0895, Train Steps/Sec: 3.23, Samples/Sec: 51.74
[[34m2025-08-15 11:22:40[0m] (step=0597700) Train Loss: 0.0840, Train Steps/Sec: 3.21, Samples/Sec: 51.36
[[34m2025-08-15 11:23:12[0m] (step=0597800) Train Loss: 0.0869, Train Steps/Sec: 3.15, Samples/Sec: 50.33
[[34m2025-08-15 11:23:44[0m] (step=0597900) Train Loss: 0.0775, Train Steps/Sec: 3.15, Samples/Sec: 50.33
[[34m2025-08-15 11:24:15[0m] (step=0598000) Train Loss: 0.0807, Train Steps/Sec: 3.19, Samples/Sec: 51.04
[[34m2025-08-15 11:24:46[0m] (step=0598100) Train Loss: 0.0829, Train Steps/Sec: 3.24, Samples/Sec: 51.91
[[34m2025-08-15 11:25:17[0m] (step=0598200) Train Loss: 0.0936, Train Steps/Sec: 3.26, Samples/Sec: 52.08
[[34m2025-08-15 11:25:48[0m] (step=0598300) Train Loss: 0.0822, Train Steps/Sec: 3.24, Samples/Sec: 51.84
[[34m2025-08-15 11:26:19[0m] (step=0598400) Train Loss: 0.0859, Train Steps/Sec: 3.25, Samples/Sec: 52.06
[[34m2025-08-15 11:26:50[0m] (step=0598500) Train Loss: 0.0831, Train Steps/Sec: 3.14, Samples/Sec: 50.30
[[34m2025-08-15 11:27:23[0m] (step=0598600) Train Loss: 0.0913, Train Steps/Sec: 3.09, Samples/Sec: 49.42
[[34m2025-08-15 11:27:54[0m] (step=0598700) Train Loss: 0.0860, Train Steps/Sec: 3.19, Samples/Sec: 51.00
[[34m2025-08-15 11:28:25[0m] (step=0598800) Train Loss: 0.0907, Train Steps/Sec: 3.23, Samples/Sec: 51.66
[[34m2025-08-15 11:28:56[0m] (step=0598900) Train Loss: 0.0846, Train Steps/Sec: 3.27, Samples/Sec: 52.29
[[34m2025-08-15 11:29:27[0m] (step=0599000) Train Loss: 0.0888, Train Steps/Sec: 3.22, Samples/Sec: 51.60
[[34m2025-08-15 11:29:58[0m] (step=0599100) Train Loss: 0.0868, Train Steps/Sec: 3.20, Samples/Sec: 51.21
[[34m2025-08-15 11:30:30[0m] (step=0599200) Train Loss: 0.0850, Train Steps/Sec: 3.09, Samples/Sec: 49.38
[[34m2025-08-15 11:31:03[0m] (step=0599300) Train Loss: 0.0919, Train Steps/Sec: 3.10, Samples/Sec: 49.57
[[34m2025-08-15 11:31:34[0m] (step=0599400) Train Loss: 0.0873, Train Steps/Sec: 3.17, Samples/Sec: 50.68
[[34m2025-08-15 11:32:05[0m] (step=0599500) Train Loss: 0.0873, Train Steps/Sec: 3.24, Samples/Sec: 51.91
[[34m2025-08-15 11:32:36[0m] (step=0599600) Train Loss: 0.0817, Train Steps/Sec: 3.26, Samples/Sec: 52.17
[[34m2025-08-15 11:33:07[0m] (step=0599700) Train Loss: 0.0817, Train Steps/Sec: 3.23, Samples/Sec: 51.69
[[34m2025-08-15 11:33:38[0m] (step=0599800) Train Loss: 0.0835, Train Steps/Sec: 3.16, Samples/Sec: 50.63
[[34m2025-08-15 11:34:10[0m] (step=0599900) Train Loss: 0.0888, Train Steps/Sec: 3.16, Samples/Sec: 50.63
[[34m2025-08-15 11:34:41[0m] (step=0600000) Train Loss: 0.0857, Train Steps/Sec: 3.23, Samples/Sec: 51.68
Using cache found in ./models/facebookresearch_dino_main
Using cache found in ./models/facebookresearch_dino_main
Using cache found in ./models/facebookresearch_dino_main
[[34m2025-08-15 11:35:23[0m] Saved checkpoint to logs/nwm_cdit_airvln_v6_1/checkpoints/0600000.pth.tar
Using cache found in ./models/facebookresearch_dino_main
[[34m2025-08-15 11:35:29[0m] Already found a `peft_config` attribute in the model. This will lead to having multiple adapters in the model. Make sure to know what you are doing!
[[34m2025-08-15 11:36:55[0m] (step=0600000) Perceptual Loss: 0.1421, Eval Time: 91.90
[[34m2025-08-15 11:37:27[0m] (step=0600100) Train Loss: 0.0934, Train Steps/Sec: 0.60, Samples/Sec: 9.66
[[34m2025-08-15 11:37:57[0m] (step=0600200) Train Loss: 0.0823, Train Steps/Sec: 3.25, Samples/Sec: 52.06
[[34m2025-08-15 11:38:28[0m] (step=0600300) Train Loss: 0.0817, Train Steps/Sec: 3.24, Samples/Sec: 51.87
[[34m2025-08-15 11:39:00[0m] (step=0600400) Train Loss: 0.0845, Train Steps/Sec: 3.10, Samples/Sec: 49.54
[[34m2025-08-15 11:39:32[0m] (step=0600500) Train Loss: 0.0859, Train Steps/Sec: 3.12, Samples/Sec: 49.88
[[34m2025-08-15 11:40:04[0m] (step=0600600) Train Loss: 0.0847, Train Steps/Sec: 3.21, Samples/Sec: 51.44
[[34m2025-08-15 11:40:35[0m] (step=0600700) Train Loss: 0.0907, Train Steps/Sec: 3.19, Samples/Sec: 51.00
[[34m2025-08-15 11:41:06[0m] (step=0600800) Train Loss: 0.0863, Train Steps/Sec: 3.22, Samples/Sec: 51.49
[[34m2025-08-15 11:41:37[0m] (step=0600900) Train Loss: 0.0943, Train Steps/Sec: 3.20, Samples/Sec: 51.26
[[34m2025-08-15 11:42:08[0m] (step=0601000) Train Loss: 0.0946, Train Steps/Sec: 3.23, Samples/Sec: 51.65
[[34m2025-08-15 11:42:39[0m] (step=0601100) Train Loss: 0.0838, Train Steps/Sec: 3.27, Samples/Sec: 52.35
[[34m2025-08-15 11:43:10[0m] (step=0601200) Train Loss: 0.0854, Train Steps/Sec: 3.22, Samples/Sec: 51.54
[[34m2025-08-15 11:43:41[0m] (step=0601300) Train Loss: 0.0796, Train Steps/Sec: 3.20, Samples/Sec: 51.13
[[34m2025-08-15 11:44:12[0m] (step=0601400) Train Loss: 0.0904, Train Steps/Sec: 3.20, Samples/Sec: 51.15
[[34m2025-08-15 11:44:44[0m] (step=0601500) Train Loss: 0.0829, Train Steps/Sec: 3.21, Samples/Sec: 51.42
[[34m2025-08-15 11:45:15[0m] (step=0601600) Train Loss: 0.0861, Train Steps/Sec: 3.21, Samples/Sec: 51.33
[[34m2025-08-15 11:45:46[0m] (step=0601700) Train Loss: 0.0796, Train Steps/Sec: 3.24, Samples/Sec: 51.81
[[34m2025-08-15 11:46:17[0m] (step=0601800) Train Loss: 0.0795, Train Steps/Sec: 3.19, Samples/Sec: 51.05
[[34m2025-08-15 11:46:48[0m] (step=0601900) Train Loss: 0.0864, Train Steps/Sec: 3.24, Samples/Sec: 51.92
[[34m2025-08-15 11:47:19[0m] (step=0602000) Train Loss: 0.0835, Train Steps/Sec: 3.23, Samples/Sec: 51.61
[[34m2025-08-15 11:47:50[0m] (step=0602100) Train Loss: 0.0882, Train Steps/Sec: 3.19, Samples/Sec: 51.07
[[34m2025-08-15 11:48:21[0m] (step=0602200) Train Loss: 0.0843, Train Steps/Sec: 3.19, Samples/Sec: 51.11
[[34m2025-08-15 11:48:53[0m] (step=0602300) Train Loss: 0.0919, Train Steps/Sec: 3.21, Samples/Sec: 51.38
[[34m2025-08-15 11:49:24[0m] (step=0602400) Train Loss: 0.0819, Train Steps/Sec: 3.20, Samples/Sec: 51.23
[[34m2025-08-15 11:49:55[0m] (step=0602500) Train Loss: 0.0850, Train Steps/Sec: 3.24, Samples/Sec: 51.82
[[34m2025-08-15 11:50:25[0m] (step=0602600) Train Loss: 0.0848, Train Steps/Sec: 3.26, Samples/Sec: 52.18
[[34m2025-08-15 11:50:56[0m] (step=0602700) Train Loss: 0.0852, Train Steps/Sec: 3.23, Samples/Sec: 51.69
[[34m2025-08-15 11:51:28[0m] (step=0602800) Train Loss: 0.0755, Train Steps/Sec: 3.21, Samples/Sec: 51.43
[[34m2025-08-15 11:51:59[0m] (step=0602900) Train Loss: 0.0931, Train Steps/Sec: 3.18, Samples/Sec: 50.89
[[34m2025-08-15 11:52:30[0m] (step=0603000) Train Loss: 0.0864, Train Steps/Sec: 3.20, Samples/Sec: 51.20
[[34m2025-08-15 11:53:02[0m] (step=0603100) Train Loss: 0.0852, Train Steps/Sec: 3.17, Samples/Sec: 50.67
[[34m2025-08-15 11:53:33[0m] (step=0603200) Train Loss: 0.0790, Train Steps/Sec: 3.20, Samples/Sec: 51.26
[[34m2025-08-15 11:54:04[0m] (step=0603300) Train Loss: 0.0878, Train Steps/Sec: 3.22, Samples/Sec: 51.51
[[34m2025-08-15 11:54:36[0m] (step=0603400) Train Loss: 0.0902, Train Steps/Sec: 3.16, Samples/Sec: 50.57
[[34m2025-08-15 11:55:07[0m] (step=0603500) Train Loss: 0.0873, Train Steps/Sec: 3.23, Samples/Sec: 51.73
[[34m2025-08-15 11:55:39[0m] (step=0603600) Train Loss: 0.0921, Train Steps/Sec: 3.13, Samples/Sec: 50.11
[[34m2025-08-15 11:56:10[0m] (step=0603700) Train Loss: 0.0840, Train Steps/Sec: 3.15, Samples/Sec: 50.46
[[34m2025-08-15 11:56:41[0m] (step=0603800) Train Loss: 0.0757, Train Steps/Sec: 3.21, Samples/Sec: 51.38
[[34m2025-08-15 11:57:12[0m] (step=0603900) Train Loss: 0.0777, Train Steps/Sec: 3.25, Samples/Sec: 52.01
[[34m2025-08-15 11:57:44[0m] (step=0604000) Train Loss: 0.0836, Train Steps/Sec: 3.16, Samples/Sec: 50.61
[[34m2025-08-15 11:58:17[0m] (step=0604100) Train Loss: 0.0870, Train Steps/Sec: 3.06, Samples/Sec: 49.01
[[34m2025-08-15 11:58:48[0m] (step=0604200) Train Loss: 0.0892, Train Steps/Sec: 3.17, Samples/Sec: 50.72
[[34m2025-08-15 11:59:20[0m] (step=0604300) Train Loss: 0.0793, Train Steps/Sec: 3.17, Samples/Sec: 50.70
[[34m2025-08-15 11:59:51[0m] (step=0604400) Train Loss: 0.0915, Train Steps/Sec: 3.20, Samples/Sec: 51.20
[[34m2025-08-15 12:00:22[0m] (step=0604500) Train Loss: 0.0833, Train Steps/Sec: 3.25, Samples/Sec: 51.93
[[34m2025-08-15 12:00:53[0m] (step=0604600) Train Loss: 0.0916, Train Steps/Sec: 3.21, Samples/Sec: 51.41
[[34m2025-08-15 12:01:24[0m] (step=0604700) Train Loss: 0.0790, Train Steps/Sec: 3.22, Samples/Sec: 51.45
[[34m2025-08-15 12:01:55[0m] (step=0604800) Train Loss: 0.0885, Train Steps/Sec: 3.20, Samples/Sec: 51.23
[[34m2025-08-15 12:02:26[0m] (step=0604900) Train Loss: 0.0946, Train Steps/Sec: 3.22, Samples/Sec: 51.54
[[34m2025-08-15 12:02:57[0m] (step=0605000) Train Loss: 0.0791, Train Steps/Sec: 3.24, Samples/Sec: 51.86
[[34m2025-08-15 12:03:28[0m] (step=0605100) Train Loss: 0.0870, Train Steps/Sec: 3.20, Samples/Sec: 51.22
[[34m2025-08-15 12:03:59[0m] (step=0605200) Train Loss: 0.0832, Train Steps/Sec: 3.24, Samples/Sec: 51.83
[[34m2025-08-15 12:04:31[0m] (step=0605300) Train Loss: 0.0907, Train Steps/Sec: 3.16, Samples/Sec: 50.62
[[34m2025-08-15 12:05:03[0m] (step=0605400) Train Loss: 0.0844, Train Steps/Sec: 3.14, Samples/Sec: 50.18
[[34m2025-08-15 12:05:34[0m] (step=0605500) Train Loss: 0.0869, Train Steps/Sec: 3.19, Samples/Sec: 51.00
[[34m2025-08-15 12:06:05[0m] (step=0605600) Train Loss: 0.0881, Train Steps/Sec: 3.24, Samples/Sec: 51.79
[[34m2025-08-15 12:06:36[0m] (step=0605700) Train Loss: 0.0850, Train Steps/Sec: 3.26, Samples/Sec: 52.11
[[34m2025-08-15 12:07:07[0m] (step=0605800) Train Loss: 0.0793, Train Steps/Sec: 3.20, Samples/Sec: 51.22
[[34m2025-08-15 12:07:38[0m] (step=0605900) Train Loss: 0.0840, Train Steps/Sec: 3.21, Samples/Sec: 51.32
[[34m2025-08-15 12:08:09[0m] (step=0606000) Train Loss: 0.0827, Train Steps/Sec: 3.23, Samples/Sec: 51.74
[[34m2025-08-15 12:08:41[0m] (step=0606100) Train Loss: 0.0835, Train Steps/Sec: 3.19, Samples/Sec: 51.10
[[34m2025-08-15 12:09:12[0m] (step=0606200) Train Loss: 0.0830, Train Steps/Sec: 3.19, Samples/Sec: 51.08
[[34m2025-08-15 12:09:43[0m] (step=0606300) Train Loss: 0.0863, Train Steps/Sec: 3.22, Samples/Sec: 51.49
[[34m2025-08-15 12:10:14[0m] (step=0606400) Train Loss: 0.0880, Train Steps/Sec: 3.19, Samples/Sec: 50.98
[[34m2025-08-15 12:10:46[0m] (step=0606500) Train Loss: 0.0887, Train Steps/Sec: 3.20, Samples/Sec: 51.13
[[34m2025-08-15 12:11:17[0m] (step=0606600) Train Loss: 0.0859, Train Steps/Sec: 3.22, Samples/Sec: 51.44
[[34m2025-08-15 12:11:48[0m] (step=0606700) Train Loss: 0.0857, Train Steps/Sec: 3.23, Samples/Sec: 51.68
[[34m2025-08-15 12:12:20[0m] (step=0606800) Train Loss: 0.0858, Train Steps/Sec: 3.15, Samples/Sec: 50.46
[[34m2025-08-15 12:12:51[0m] (step=0606900) Train Loss: 0.0801, Train Steps/Sec: 3.20, Samples/Sec: 51.22
[[34m2025-08-15 12:13:23[0m] (step=0607000) Train Loss: 0.0833, Train Steps/Sec: 3.15, Samples/Sec: 50.39
[[34m2025-08-15 12:13:53[0m] (step=0607100) Train Loss: 0.0838, Train Steps/Sec: 3.25, Samples/Sec: 52.04
[[34m2025-08-15 12:14:24[0m] (step=0607200) Train Loss: 0.0901, Train Steps/Sec: 3.21, Samples/Sec: 51.33
[[34m2025-08-15 12:14:56[0m] (step=0607300) Train Loss: 0.0854, Train Steps/Sec: 3.19, Samples/Sec: 51.08
[[34m2025-08-15 12:15:28[0m] (step=0607400) Train Loss: 0.0816, Train Steps/Sec: 3.13, Samples/Sec: 50.04
[[34m2025-08-15 12:15:59[0m] (step=0607500) Train Loss: 0.0901, Train Steps/Sec: 3.18, Samples/Sec: 50.89
[[34m2025-08-15 12:16:30[0m] (step=0607600) Train Loss: 0.0830, Train Steps/Sec: 3.20, Samples/Sec: 51.23
[[34m2025-08-15 12:17:02[0m] (step=0607700) Train Loss: 0.0842, Train Steps/Sec: 3.21, Samples/Sec: 51.29
[[34m2025-08-15 12:17:33[0m] (step=0607800) Train Loss: 0.0843, Train Steps/Sec: 3.21, Samples/Sec: 51.35
[[34m2025-08-15 12:18:04[0m] (step=0607900) Train Loss: 0.0880, Train Steps/Sec: 3.21, Samples/Sec: 51.40
[[34m2025-08-15 12:18:35[0m] (step=0608000) Train Loss: 0.0880, Train Steps/Sec: 3.19, Samples/Sec: 50.99
[[34m2025-08-15 12:19:07[0m] (step=0608100) Train Loss: 0.0829, Train Steps/Sec: 3.21, Samples/Sec: 51.31
[[34m2025-08-15 12:19:38[0m] (step=0608200) Train Loss: 0.0863, Train Steps/Sec: 3.19, Samples/Sec: 51.00
[[34m2025-08-15 12:20:09[0m] (step=0608300) Train Loss: 0.0955, Train Steps/Sec: 3.22, Samples/Sec: 51.51
[[34m2025-08-15 12:20:40[0m] (step=0608400) Train Loss: 0.0826, Train Steps/Sec: 3.24, Samples/Sec: 51.91
[[34m2025-08-15 12:21:11[0m] (step=0608500) Train Loss: 0.0906, Train Steps/Sec: 3.20, Samples/Sec: 51.14
[[34m2025-08-15 12:21:42[0m] (step=0608600) Train Loss: 0.0864, Train Steps/Sec: 3.22, Samples/Sec: 51.57
[[34m2025-08-15 12:22:13[0m] (step=0608700) Train Loss: 0.0887, Train Steps/Sec: 3.22, Samples/Sec: 51.46
[[34m2025-08-15 12:22:44[0m] (step=0608800) Train Loss: 0.0924, Train Steps/Sec: 3.26, Samples/Sec: 52.20
[[34m2025-08-15 12:23:15[0m] (step=0608900) Train Loss: 0.0861, Train Steps/Sec: 3.25, Samples/Sec: 51.93
[[34m2025-08-15 12:23:48[0m] (step=0609000) Train Loss: 0.0857, Train Steps/Sec: 3.05, Samples/Sec: 48.74
[[34m2025-08-15 12:24:18[0m] (step=0609100) Train Loss: 0.0820, Train Steps/Sec: 3.24, Samples/Sec: 51.76
[[34m2025-08-15 12:24:50[0m] (step=0609200) Train Loss: 0.0911, Train Steps/Sec: 3.17, Samples/Sec: 50.80
[[34m2025-08-15 12:25:21[0m] (step=0609300) Train Loss: 0.0875, Train Steps/Sec: 3.17, Samples/Sec: 50.74
[[34m2025-08-15 12:25:52[0m] (step=0609400) Train Loss: 0.0810, Train Steps/Sec: 3.26, Samples/Sec: 52.09
[[34m2025-08-15 12:26:24[0m] (step=0609500) Train Loss: 0.0892, Train Steps/Sec: 3.19, Samples/Sec: 51.00
[[34m2025-08-15 12:26:56[0m] (step=0609600) Train Loss: 0.0830, Train Steps/Sec: 3.06, Samples/Sec: 48.99
[[34m2025-08-15 12:27:28[0m] (step=0609700) Train Loss: 0.0943, Train Steps/Sec: 3.18, Samples/Sec: 50.85
[[34m2025-08-15 12:27:59[0m] (step=0609800) Train Loss: 0.0884, Train Steps/Sec: 3.19, Samples/Sec: 51.09
[[34m2025-08-15 12:28:30[0m] (step=0609900) Train Loss: 0.0883, Train Steps/Sec: 3.23, Samples/Sec: 51.70
[[34m2025-08-15 12:29:01[0m] (step=0610000) Train Loss: 0.0888, Train Steps/Sec: 3.22, Samples/Sec: 51.59
Using cache found in ./models/facebookresearch_dino_main
Using cache found in ./models/facebookresearch_dino_main
Using cache found in ./models/facebookresearch_dino_main
[[34m2025-08-15 12:29:24[0m] Saved checkpoint to logs/nwm_cdit_airvln_v6_1/checkpoints/latest.pth.tar
Using cache found in ./models/facebookresearch_dino_main
[[34m2025-08-15 12:29:29[0m] Already found a `peft_config` attribute in the model. This will lead to having multiple adapters in the model. Make sure to know what you are doing!
[[34m2025-08-15 12:30:56[0m] (step=0610000) Perceptual Loss: 0.1967, Eval Time: 92.44
[[34m2025-08-15 12:31:27[0m] (step=0610100) Train Loss: 0.0919, Train Steps/Sec: 0.68, Samples/Sec: 10.93
[[34m2025-08-15 12:31:59[0m] (step=0610200) Train Loss: 0.0890, Train Steps/Sec: 3.20, Samples/Sec: 51.22
[[34m2025-08-15 12:32:30[0m] (step=0610300) Train Loss: 0.0859, Train Steps/Sec: 3.16, Samples/Sec: 50.51
[[34m2025-08-15 12:33:01[0m] (step=0610400) Train Loss: 0.0731, Train Steps/Sec: 3.23, Samples/Sec: 51.72
[[34m2025-08-15 12:33:33[0m] (step=0610500) Train Loss: 0.0843, Train Steps/Sec: 3.18, Samples/Sec: 50.94
[[34m2025-08-15 12:34:04[0m] (step=0610600) Train Loss: 0.0820, Train Steps/Sec: 3.19, Samples/Sec: 50.97
[[34m2025-08-15 12:34:35[0m] (step=0610700) Train Loss: 0.0868, Train Steps/Sec: 3.20, Samples/Sec: 51.21
[[34m2025-08-15 12:35:06[0m] (step=0610800) Train Loss: 0.0948, Train Steps/Sec: 3.24, Samples/Sec: 51.79
[[34m2025-08-15 12:35:37[0m] (step=0610900) Train Loss: 0.0798, Train Steps/Sec: 3.21, Samples/Sec: 51.38
[[34m2025-08-15 12:36:09[0m] (step=0611000) Train Loss: 0.0917, Train Steps/Sec: 3.19, Samples/Sec: 51.07
[[34m2025-08-15 12:36:40[0m] (step=0611100) Train Loss: 0.0860, Train Steps/Sec: 3.18, Samples/Sec: 50.94
[[34m2025-08-15 12:37:11[0m] (step=0611200) Train Loss: 0.0862, Train Steps/Sec: 3.21, Samples/Sec: 51.35
[[34m2025-08-15 12:37:42[0m] (step=0611300) Train Loss: 0.0850, Train Steps/Sec: 3.22, Samples/Sec: 51.52
[[34m2025-08-15 12:38:14[0m] (step=0611400) Train Loss: 0.0959, Train Steps/Sec: 3.21, Samples/Sec: 51.43
[[34m2025-08-15 12:38:45[0m] (step=0611500) Train Loss: 0.0893, Train Steps/Sec: 3.17, Samples/Sec: 50.72
[[34m2025-08-15 12:39:16[0m] (step=0611600) Train Loss: 0.0905, Train Steps/Sec: 3.22, Samples/Sec: 51.50
[[34m2025-08-15 12:39:47[0m] (step=0611700) Train Loss: 0.0909, Train Steps/Sec: 3.24, Samples/Sec: 51.89
[[34m2025-08-15 12:40:19[0m] (step=0611800) Train Loss: 0.0813, Train Steps/Sec: 3.18, Samples/Sec: 50.81
[[34m2025-08-15 12:40:50[0m] (step=0611900) Train Loss: 0.0799, Train Steps/Sec: 3.19, Samples/Sec: 51.02
[[34m2025-08-15 12:41:21[0m] (step=0612000) Train Loss: 0.0863, Train Steps/Sec: 3.23, Samples/Sec: 51.70
[[34m2025-08-15 12:41:52[0m] (step=0612100) Train Loss: 0.0843, Train Steps/Sec: 3.17, Samples/Sec: 50.68
[[34m2025-08-15 12:42:24[0m] (step=0612200) Train Loss: 0.0873, Train Steps/Sec: 3.17, Samples/Sec: 50.66
[[34m2025-08-15 12:42:55[0m] (step=0612300) Train Loss: 0.0806, Train Steps/Sec: 3.20, Samples/Sec: 51.21
[[34m2025-08-15 12:43:26[0m] (step=0612400) Train Loss: 0.0903, Train Steps/Sec: 3.23, Samples/Sec: 51.66
[[34m2025-08-15 12:43:57[0m] (step=0612500) Train Loss: 0.0845, Train Steps/Sec: 3.25, Samples/Sec: 51.92
[[34m2025-08-15 12:44:28[0m] (step=0612600) Train Loss: 0.0930, Train Steps/Sec: 3.24, Samples/Sec: 51.79
[[34m2025-08-15 12:44:59[0m] (step=0612700) Train Loss: 0.0802, Train Steps/Sec: 3.22, Samples/Sec: 51.48
[[34m2025-08-15 12:45:30[0m] (step=0612800) Train Loss: 0.0874, Train Steps/Sec: 3.22, Samples/Sec: 51.45
[[34m2025-08-15 12:46:02[0m] (step=0612900) Train Loss: 0.0917, Train Steps/Sec: 3.19, Samples/Sec: 51.11
[[34m2025-08-15 12:46:33[0m] (step=0613000) Train Loss: 0.0821, Train Steps/Sec: 3.22, Samples/Sec: 51.58
[[34m2025-08-15 12:47:04[0m] (step=0613100) Train Loss: 0.0867, Train Steps/Sec: 3.22, Samples/Sec: 51.48
[[34m2025-08-15 12:47:35[0m] (step=0613200) Train Loss: 0.0828, Train Steps/Sec: 3.21, Samples/Sec: 51.33
[[34m2025-08-15 12:48:06[0m] (step=0613300) Train Loss: 0.0830, Train Steps/Sec: 3.22, Samples/Sec: 51.51
[[34m2025-08-15 12:48:37[0m] (step=0613400) Train Loss: 0.0937, Train Steps/Sec: 3.17, Samples/Sec: 50.74
[[34m2025-08-15 12:49:08[0m] (step=0613500) Train Loss: 0.0867, Train Steps/Sec: 3.24, Samples/Sec: 51.78
[[34m2025-08-15 12:49:40[0m] (step=0613600) Train Loss: 0.0914, Train Steps/Sec: 3.18, Samples/Sec: 50.88
[[34m2025-08-15 12:50:11[0m] (step=0613700) Train Loss: 0.0877, Train Steps/Sec: 3.25, Samples/Sec: 51.97
[[34m2025-08-15 12:50:42[0m] (step=0613800) Train Loss: 0.0807, Train Steps/Sec: 3.21, Samples/Sec: 51.42
[[34m2025-08-15 12:51:13[0m] (step=0613900) Train Loss: 0.0796, Train Steps/Sec: 3.24, Samples/Sec: 51.78
[[34m2025-08-15 12:51:44[0m] (step=0614000) Train Loss: 0.0898, Train Steps/Sec: 3.18, Samples/Sec: 50.92
[[34m2025-08-15 12:52:16[0m] (step=0614100) Train Loss: 0.0917, Train Steps/Sec: 3.15, Samples/Sec: 50.39
[[34m2025-08-15 12:52:48[0m] (step=0614200) Train Loss: 0.0918, Train Steps/Sec: 3.09, Samples/Sec: 49.40
[[34m2025-08-15 12:53:19[0m] (step=0614300) Train Loss: 0.0855, Train Steps/Sec: 3.23, Samples/Sec: 51.71
[[34m2025-08-15 12:53:51[0m] (step=0614400) Train Loss: 0.0876, Train Steps/Sec: 3.19, Samples/Sec: 50.99
[[34m2025-08-15 12:54:22[0m] (step=0614500) Train Loss: 0.0872, Train Steps/Sec: 3.21, Samples/Sec: 51.30
[[34m2025-08-15 12:54:53[0m] (step=0614600) Train Loss: 0.0882, Train Steps/Sec: 3.23, Samples/Sec: 51.71
[[34m2025-08-15 12:55:23[0m] (step=0614700) Train Loss: 0.0871, Train Steps/Sec: 3.26, Samples/Sec: 52.09
[[34m2025-08-15 12:55:54[0m] (step=0614800) Train Loss: 0.0839, Train Steps/Sec: 3.27, Samples/Sec: 52.37
[[34m2025-08-15 12:56:25[0m] (step=0614900) Train Loss: 0.0921, Train Steps/Sec: 3.19, Samples/Sec: 50.98
[[34m2025-08-15 12:56:57[0m] (step=0615000) Train Loss: 0.0948, Train Steps/Sec: 3.19, Samples/Sec: 51.05
[[34m2025-08-15 12:57:28[0m] (step=0615100) Train Loss: 0.0950, Train Steps/Sec: 3.16, Samples/Sec: 50.53
[[34m2025-08-15 12:57:59[0m] (step=0615200) Train Loss: 0.0863, Train Steps/Sec: 3.24, Samples/Sec: 51.76
[[34m2025-08-15 12:58:30[0m] (step=0615300) Train Loss: 0.0777, Train Steps/Sec: 3.21, Samples/Sec: 51.32
[[34m2025-08-15 12:59:02[0m] (step=0615400) Train Loss: 0.0863, Train Steps/Sec: 3.20, Samples/Sec: 51.25
[[34m2025-08-15 12:59:33[0m] (step=0615500) Train Loss: 0.0841, Train Steps/Sec: 3.21, Samples/Sec: 51.36
[[34m2025-08-15 13:00:04[0m] (step=0615600) Train Loss: 0.0737, Train Steps/Sec: 3.22, Samples/Sec: 51.57
[[34m2025-08-15 13:00:35[0m] (step=0615700) Train Loss: 0.0887, Train Steps/Sec: 3.22, Samples/Sec: 51.50
[[34m2025-08-15 13:01:06[0m] (step=0615800) Train Loss: 0.0830, Train Steps/Sec: 3.24, Samples/Sec: 51.82
[[34m2025-08-15 13:01:38[0m] (step=0615900) Train Loss: 0.0873, Train Steps/Sec: 3.14, Samples/Sec: 50.31
[[34m2025-08-15 13:02:09[0m] (step=0616000) Train Loss: 0.0891, Train Steps/Sec: 3.22, Samples/Sec: 51.49
[[34m2025-08-15 13:02:39[0m] (step=0616100) Train Loss: 0.0880, Train Steps/Sec: 3.26, Samples/Sec: 52.15
[[34m2025-08-15 13:03:10[0m] (step=0616200) Train Loss: 0.0837, Train Steps/Sec: 3.24, Samples/Sec: 51.92
[[34m2025-08-15 13:03:42[0m] (step=0616300) Train Loss: 0.0838, Train Steps/Sec: 3.20, Samples/Sec: 51.14
[[34m2025-08-15 13:04:13[0m] (step=0616400) Train Loss: 0.0898, Train Steps/Sec: 3.21, Samples/Sec: 51.30
[[34m2025-08-15 13:04:44[0m] (step=0616500) Train Loss: 0.0780, Train Steps/Sec: 3.21, Samples/Sec: 51.28
[[34m2025-08-15 13:05:15[0m] (step=0616600) Train Loss: 0.0930, Train Steps/Sec: 3.21, Samples/Sec: 51.35
[[34m2025-08-15 13:05:47[0m] (step=0616700) Train Loss: 0.0860, Train Steps/Sec: 3.17, Samples/Sec: 50.73
[[34m2025-08-15 13:06:18[0m] (step=0616800) Train Loss: 0.0832, Train Steps/Sec: 3.20, Samples/Sec: 51.24
[[34m2025-08-15 13:06:49[0m] (step=0616900) Train Loss: 0.0875, Train Steps/Sec: 3.18, Samples/Sec: 50.94
[[34m2025-08-15 13:07:21[0m] (step=0617000) Train Loss: 0.0824, Train Steps/Sec: 3.18, Samples/Sec: 50.82
[[34m2025-08-15 13:07:52[0m] (step=0617100) Train Loss: 0.0813, Train Steps/Sec: 3.24, Samples/Sec: 51.91
[[34m2025-08-15 13:08:23[0m] (step=0617200) Train Loss: 0.0806, Train Steps/Sec: 3.19, Samples/Sec: 51.10
[[34m2025-08-15 13:08:55[0m] (step=0617300) Train Loss: 0.0853, Train Steps/Sec: 3.17, Samples/Sec: 50.67
[[34m2025-08-15 13:09:26[0m] (step=0617400) Train Loss: 0.0853, Train Steps/Sec: 3.16, Samples/Sec: 50.55
[[34m2025-08-15 13:09:58[0m] (step=0617500) Train Loss: 0.0876, Train Steps/Sec: 3.12, Samples/Sec: 49.93
[[34m2025-08-15 13:10:30[0m] (step=0617600) Train Loss: 0.0811, Train Steps/Sec: 3.14, Samples/Sec: 50.28
[[34m2025-08-15 13:11:01[0m] (step=0617700) Train Loss: 0.0794, Train Steps/Sec: 3.19, Samples/Sec: 51.08
[[34m2025-08-15 13:11:33[0m] (step=0617800) Train Loss: 0.0960, Train Steps/Sec: 3.21, Samples/Sec: 51.35
[[34m2025-08-15 13:12:04[0m] (step=0617900) Train Loss: 0.0935, Train Steps/Sec: 3.22, Samples/Sec: 51.60
[[34m2025-08-15 13:12:35[0m] (step=0618000) Train Loss: 0.0873, Train Steps/Sec: 3.20, Samples/Sec: 51.16
[[34m2025-08-15 13:13:06[0m] (step=0618100) Train Loss: 0.0930, Train Steps/Sec: 3.25, Samples/Sec: 52.03
[[34m2025-08-15 13:13:37[0m] (step=0618200) Train Loss: 0.0887, Train Steps/Sec: 3.21, Samples/Sec: 51.42
[[34m2025-08-15 13:14:08[0m] (step=0618300) Train Loss: 0.0858, Train Steps/Sec: 3.21, Samples/Sec: 51.29
[[34m2025-08-15 13:14:39[0m] (step=0618400) Train Loss: 0.0894, Train Steps/Sec: 3.28, Samples/Sec: 52.40
[[34m2025-08-15 13:15:10[0m] (step=0618500) Train Loss: 0.0858, Train Steps/Sec: 3.20, Samples/Sec: 51.19
[[34m2025-08-15 13:15:41[0m] (step=0618600) Train Loss: 0.0829, Train Steps/Sec: 3.18, Samples/Sec: 50.86
[[34m2025-08-15 13:16:12[0m] (step=0618700) Train Loss: 0.0935, Train Steps/Sec: 3.23, Samples/Sec: 51.70
[[34m2025-08-15 13:16:44[0m] (step=0618800) Train Loss: 0.0786, Train Steps/Sec: 3.17, Samples/Sec: 50.79
[[34m2025-08-15 13:17:15[0m] (step=0618900) Train Loss: 0.0924, Train Steps/Sec: 3.17, Samples/Sec: 50.72
[[34m2025-08-15 13:17:46[0m] (step=0619000) Train Loss: 0.0734, Train Steps/Sec: 3.21, Samples/Sec: 51.34
[[34m2025-08-15 13:18:17[0m] (step=0619100) Train Loss: 0.0827, Train Steps/Sec: 3.28, Samples/Sec: 52.52
[[34m2025-08-15 13:18:48[0m] (step=0619200) Train Loss: 0.0880, Train Steps/Sec: 3.21, Samples/Sec: 51.32
[[34m2025-08-15 13:19:20[0m] (step=0619300) Train Loss: 0.0820, Train Steps/Sec: 3.17, Samples/Sec: 50.73
[[34m2025-08-15 13:19:51[0m] (step=0619400) Train Loss: 0.0943, Train Steps/Sec: 3.17, Samples/Sec: 50.73
[[34m2025-08-15 13:20:22[0m] (step=0619500) Train Loss: 0.0890, Train Steps/Sec: 3.21, Samples/Sec: 51.44
[[34m2025-08-15 13:20:54[0m] (step=0619600) Train Loss: 0.0795, Train Steps/Sec: 3.21, Samples/Sec: 51.30
[[34m2025-08-15 13:21:24[0m] (step=0619700) Train Loss: 0.0919, Train Steps/Sec: 3.28, Samples/Sec: 52.42
[[34m2025-08-15 13:21:55[0m] (step=0619800) Train Loss: 0.0997, Train Steps/Sec: 3.24, Samples/Sec: 51.78
[[34m2025-08-15 13:22:26[0m] (step=0619900) Train Loss: 0.0879, Train Steps/Sec: 3.21, Samples/Sec: 51.33
[[34m2025-08-15 13:22:57[0m] (step=0620000) Train Loss: 0.0932, Train Steps/Sec: 3.23, Samples/Sec: 51.69
Using cache found in ./models/facebookresearch_dino_main
Using cache found in ./models/facebookresearch_dino_main
Using cache found in ./models/facebookresearch_dino_main
[[34m2025-08-15 13:23:16[0m] Saved checkpoint to logs/nwm_cdit_airvln_v6_1/checkpoints/latest.pth.tar
Using cache found in ./models/facebookresearch_dino_main
[[34m2025-08-15 13:23:19[0m] Already found a `peft_config` attribute in the model. This will lead to having multiple adapters in the model. Make sure to know what you are doing!
[[34m2025-08-15 13:24:43[0m] (step=0620000) Perceptual Loss: 0.1733, Eval Time: 87.69
[[34m2025-08-15 13:25:15[0m] (step=0620100) Train Loss: 0.0845, Train Steps/Sec: 0.72, Samples/Sec: 11.56
[[34m2025-08-15 13:25:47[0m] (step=0620200) Train Loss: 0.0896, Train Steps/Sec: 3.21, Samples/Sec: 51.33
[[34m2025-08-15 13:26:18[0m] (step=0620300) Train Loss: 0.0863, Train Steps/Sec: 3.21, Samples/Sec: 51.41
[[34m2025-08-15 13:26:49[0m] (step=0620400) Train Loss: 0.0888, Train Steps/Sec: 3.20, Samples/Sec: 51.17
[[34m2025-08-15 13:27:21[0m] (step=0620500) Train Loss: 0.0907, Train Steps/Sec: 3.15, Samples/Sec: 50.44
[[34m2025-08-15 13:27:52[0m] (step=0620600) Train Loss: 0.0812, Train Steps/Sec: 3.19, Samples/Sec: 50.97
[[34m2025-08-15 13:28:24[0m] (step=0620700) Train Loss: 0.0883, Train Steps/Sec: 3.19, Samples/Sec: 51.07
[[34m2025-08-15 13:28:56[0m] (step=0620800) Train Loss: 0.0833, Train Steps/Sec: 3.13, Samples/Sec: 50.04
[[34m2025-08-15 13:29:27[0m] (step=0620900) Train Loss: 0.0789, Train Steps/Sec: 3.19, Samples/Sec: 51.01
[[34m2025-08-15 13:29:58[0m] (step=0621000) Train Loss: 0.0884, Train Steps/Sec: 3.22, Samples/Sec: 51.59
[[34m2025-08-15 13:30:28[0m] (step=0621100) Train Loss: 0.0915, Train Steps/Sec: 3.28, Samples/Sec: 52.42
[[34m2025-08-15 13:31:00[0m] (step=0621200) Train Loss: 0.0886, Train Steps/Sec: 3.21, Samples/Sec: 51.40
[[34m2025-08-15 13:31:31[0m] (step=0621300) Train Loss: 0.0886, Train Steps/Sec: 3.23, Samples/Sec: 51.66
[[34m2025-08-15 13:32:01[0m] (step=0621400) Train Loss: 0.0787, Train Steps/Sec: 3.24, Samples/Sec: 51.79
[[34m2025-08-15 13:32:33[0m] (step=0621500) Train Loss: 0.0935, Train Steps/Sec: 3.17, Samples/Sec: 50.74
[[34m2025-08-15 13:33:04[0m] (step=0621600) Train Loss: 0.0857, Train Steps/Sec: 3.21, Samples/Sec: 51.34
[[34m2025-08-15 13:33:35[0m] (step=0621700) Train Loss: 0.0946, Train Steps/Sec: 3.22, Samples/Sec: 51.51
[[34m2025-08-15 13:34:06[0m] (step=0621800) Train Loss: 0.0850, Train Steps/Sec: 3.23, Samples/Sec: 51.64
[[34m2025-08-15 13:34:37[0m] (step=0621900) Train Loss: 0.0884, Train Steps/Sec: 3.21, Samples/Sec: 51.42
[[34m2025-08-15 13:35:09[0m] (step=0622000) Train Loss: 0.0815, Train Steps/Sec: 3.18, Samples/Sec: 50.90
[[34m2025-08-15 13:35:40[0m] (step=0622100) Train Loss: 0.0884, Train Steps/Sec: 3.19, Samples/Sec: 50.97
[[34m2025-08-15 13:36:11[0m] (step=0622200) Train Loss: 0.0870, Train Steps/Sec: 3.20, Samples/Sec: 51.18
[[34m2025-08-15 13:36:42[0m] (step=0622300) Train Loss: 0.0904, Train Steps/Sec: 3.23, Samples/Sec: 51.76
[[34m2025-08-15 13:37:13[0m] (step=0622400) Train Loss: 0.0945, Train Steps/Sec: 3.27, Samples/Sec: 52.25
[[34m2025-08-15 13:37:44[0m] (step=0622500) Train Loss: 0.0808, Train Steps/Sec: 3.27, Samples/Sec: 52.27
[[34m2025-08-15 13:38:15[0m] (step=0622600) Train Loss: 0.0809, Train Steps/Sec: 3.24, Samples/Sec: 51.79
[[34m2025-08-15 13:38:46[0m] (step=0622700) Train Loss: 0.0816, Train Steps/Sec: 3.20, Samples/Sec: 51.17
[[34m2025-08-15 13:39:17[0m] (step=0622800) Train Loss: 0.0876, Train Steps/Sec: 3.16, Samples/Sec: 50.55
[[34m2025-08-15 13:39:48[0m] (step=0622900) Train Loss: 0.0840, Train Steps/Sec: 3.26, Samples/Sec: 52.21
[[34m2025-08-15 13:40:19[0m] (step=0623000) Train Loss: 0.0785, Train Steps/Sec: 3.24, Samples/Sec: 51.89
[[34m2025-08-15 13:40:50[0m] (step=0623100) Train Loss: 0.0897, Train Steps/Sec: 3.18, Samples/Sec: 50.86
[[34m2025-08-15 13:41:23[0m] (step=0623200) Train Loss: 0.0819, Train Steps/Sec: 3.07, Samples/Sec: 49.13
[[34m2025-08-15 13:41:55[0m] (step=0623300) Train Loss: 0.0857, Train Steps/Sec: 3.16, Samples/Sec: 50.57
[[34m2025-08-15 13:42:26[0m] (step=0623400) Train Loss: 0.0859, Train Steps/Sec: 3.17, Samples/Sec: 50.74
[[34m2025-08-15 13:42:58[0m] (step=0623500) Train Loss: 0.0895, Train Steps/Sec: 3.18, Samples/Sec: 50.84
[[34m2025-08-15 13:43:29[0m] (step=0623600) Train Loss: 0.0822, Train Steps/Sec: 3.17, Samples/Sec: 50.69
[[34m2025-08-15 13:44:01[0m] (step=0623700) Train Loss: 0.0874, Train Steps/Sec: 3.12, Samples/Sec: 49.93
[[34m2025-08-15 13:44:33[0m] (step=0623800) Train Loss: 0.0824, Train Steps/Sec: 3.18, Samples/Sec: 50.88
[[34m2025-08-15 13:45:04[0m] (step=0623900) Train Loss: 0.0870, Train Steps/Sec: 3.21, Samples/Sec: 51.37
[[34m2025-08-15 13:45:35[0m] (step=0624000) Train Loss: 0.0799, Train Steps/Sec: 3.18, Samples/Sec: 50.93
[[34m2025-08-15 13:46:08[0m] (step=0624100) Train Loss: 0.0825, Train Steps/Sec: 3.08, Samples/Sec: 49.23
[[34m2025-08-15 13:46:39[0m] (step=0624200) Train Loss: 0.0873, Train Steps/Sec: 3.21, Samples/Sec: 51.32
[[34m2025-08-15 13:47:10[0m] (step=0624300) Train Loss: 0.0892, Train Steps/Sec: 3.18, Samples/Sec: 50.96
[[34m2025-08-15 13:47:42[0m] (step=0624400) Train Loss: 0.0891, Train Steps/Sec: 3.21, Samples/Sec: 51.39
[[34m2025-08-15 13:48:13[0m] (step=0624500) Train Loss: 0.0824, Train Steps/Sec: 3.22, Samples/Sec: 51.56
[[34m2025-08-15 13:48:44[0m] (step=0624600) Train Loss: 0.0952, Train Steps/Sec: 3.22, Samples/Sec: 51.55
[[34m2025-08-15 13:49:15[0m] (step=0624700) Train Loss: 0.0886, Train Steps/Sec: 3.20, Samples/Sec: 51.24
[[34m2025-08-15 13:49:46[0m] (step=0624800) Train Loss: 0.0861, Train Steps/Sec: 3.21, Samples/Sec: 51.40
[[34m2025-08-15 13:50:17[0m] (step=0624900) Train Loss: 0.0889, Train Steps/Sec: 3.21, Samples/Sec: 51.29
[[34m2025-08-15 13:50:48[0m] (step=0625000) Train Loss: 0.0859, Train Steps/Sec: 3.21, Samples/Sec: 51.32
[[34m2025-08-15 13:51:20[0m] (step=0625100) Train Loss: 0.0965, Train Steps/Sec: 3.21, Samples/Sec: 51.30
[[34m2025-08-15 13:51:51[0m] (step=0625200) Train Loss: 0.0831, Train Steps/Sec: 3.21, Samples/Sec: 51.41
[[34m2025-08-15 13:52:22[0m] (step=0625300) Train Loss: 0.0767, Train Steps/Sec: 3.21, Samples/Sec: 51.39
[[34m2025-08-15 13:52:53[0m] (step=0625400) Train Loss: 0.0891, Train Steps/Sec: 3.21, Samples/Sec: 51.39
[[34m2025-08-15 13:53:24[0m] (step=0625500) Train Loss: 0.0917, Train Steps/Sec: 3.21, Samples/Sec: 51.43
[[34m2025-08-15 13:53:56[0m] (step=0625600) Train Loss: 0.0822, Train Steps/Sec: 3.18, Samples/Sec: 50.82
[[34m2025-08-15 13:54:26[0m] (step=0625700) Train Loss: 0.0715, Train Steps/Sec: 3.25, Samples/Sec: 51.94
[[34m2025-08-15 13:54:58[0m] (step=0625800) Train Loss: 0.0846, Train Steps/Sec: 3.19, Samples/Sec: 51.07
[[34m2025-08-15 13:55:29[0m] (step=0625900) Train Loss: 0.0874, Train Steps/Sec: 3.18, Samples/Sec: 50.93
[[34m2025-08-15 13:56:01[0m] (step=0626000) Train Loss: 0.0838, Train Steps/Sec: 3.13, Samples/Sec: 50.15
[[34m2025-08-15 13:56:33[0m] (step=0626100) Train Loss: 0.0940, Train Steps/Sec: 3.21, Samples/Sec: 51.32
[[34m2025-08-15 13:57:04[0m] (step=0626200) Train Loss: 0.0845, Train Steps/Sec: 3.22, Samples/Sec: 51.54
[[34m2025-08-15 13:57:35[0m] (step=0626300) Train Loss: 0.0867, Train Steps/Sec: 3.14, Samples/Sec: 50.27
[[34m2025-08-15 13:58:07[0m] (step=0626400) Train Loss: 0.0868, Train Steps/Sec: 3.21, Samples/Sec: 51.33
[[34m2025-08-15 13:58:38[0m] (step=0626500) Train Loss: 0.0877, Train Steps/Sec: 3.19, Samples/Sec: 51.09
[[34m2025-08-15 13:59:10[0m] (step=0626600) Train Loss: 0.0880, Train Steps/Sec: 3.17, Samples/Sec: 50.67
[[34m2025-08-15 13:59:41[0m] (step=0626700) Train Loss: 0.0808, Train Steps/Sec: 3.21, Samples/Sec: 51.39
[[34m2025-08-15 14:00:13[0m] (step=0626800) Train Loss: 0.0844, Train Steps/Sec: 3.13, Samples/Sec: 50.05
[[34m2025-08-15 14:00:44[0m] (step=0626900) Train Loss: 0.0842, Train Steps/Sec: 3.20, Samples/Sec: 51.15
[[34m2025-08-15 14:01:15[0m] (step=0627000) Train Loss: 0.0852, Train Steps/Sec: 3.21, Samples/Sec: 51.29
[[34m2025-08-15 14:01:46[0m] (step=0627100) Train Loss: 0.0897, Train Steps/Sec: 3.21, Samples/Sec: 51.34
[[34m2025-08-15 14:02:18[0m] (step=0627200) Train Loss: 0.0856, Train Steps/Sec: 3.20, Samples/Sec: 51.24
[[34m2025-08-15 14:02:49[0m] (step=0627300) Train Loss: 0.0928, Train Steps/Sec: 3.19, Samples/Sec: 50.98
[[34m2025-08-15 14:03:21[0m] (step=0627400) Train Loss: 0.1005, Train Steps/Sec: 3.09, Samples/Sec: 49.45
[[34m2025-08-15 14:03:53[0m] (step=0627500) Train Loss: 0.0828, Train Steps/Sec: 3.13, Samples/Sec: 50.02
[[34m2025-08-15 14:04:24[0m] (step=0627600) Train Loss: 0.0822, Train Steps/Sec: 3.23, Samples/Sec: 51.72
[[34m2025-08-15 14:04:56[0m] (step=0627700) Train Loss: 0.0815, Train Steps/Sec: 3.20, Samples/Sec: 51.26
[[34m2025-08-15 14:05:27[0m] (step=0627800) Train Loss: 0.0947, Train Steps/Sec: 3.13, Samples/Sec: 50.07
[[34m2025-08-15 14:05:59[0m] (step=0627900) Train Loss: 0.0838, Train Steps/Sec: 3.15, Samples/Sec: 50.39
[[34m2025-08-15 14:06:31[0m] (step=0628000) Train Loss: 0.0847, Train Steps/Sec: 3.18, Samples/Sec: 50.88
[[34m2025-08-15 14:07:02[0m] (step=0628100) Train Loss: 0.0862, Train Steps/Sec: 3.16, Samples/Sec: 50.54
[[34m2025-08-15 14:07:34[0m] (step=0628200) Train Loss: 0.0859, Train Steps/Sec: 3.18, Samples/Sec: 50.85
[[34m2025-08-15 14:08:05[0m] (step=0628300) Train Loss: 0.0895, Train Steps/Sec: 3.22, Samples/Sec: 51.45
[[34m2025-08-15 14:08:36[0m] (step=0628400) Train Loss: 0.0850, Train Steps/Sec: 3.20, Samples/Sec: 51.19
[[34m2025-08-15 14:09:07[0m] (step=0628500) Train Loss: 0.0789, Train Steps/Sec: 3.22, Samples/Sec: 51.55
[[34m2025-08-15 14:09:39[0m] (step=0628600) Train Loss: 0.0859, Train Steps/Sec: 3.15, Samples/Sec: 50.46
[[34m2025-08-15 14:10:11[0m] (step=0628700) Train Loss: 0.0817, Train Steps/Sec: 3.12, Samples/Sec: 50.00
[[34m2025-08-15 14:10:43[0m] (step=0628800) Train Loss: 0.0829, Train Steps/Sec: 3.15, Samples/Sec: 50.44
[[34m2025-08-15 14:11:13[0m] (step=0628900) Train Loss: 0.0869, Train Steps/Sec: 3.25, Samples/Sec: 52.01
[[34m2025-08-15 14:11:45[0m] (step=0629000) Train Loss: 0.0860, Train Steps/Sec: 3.19, Samples/Sec: 51.02
[[34m2025-08-15 14:12:17[0m] (step=0629100) Train Loss: 0.0850, Train Steps/Sec: 3.15, Samples/Sec: 50.47
[[34m2025-08-15 14:12:49[0m] (step=0629200) Train Loss: 0.0883, Train Steps/Sec: 3.13, Samples/Sec: 50.08
[[34m2025-08-15 14:13:20[0m] (step=0629300) Train Loss: 0.0839, Train Steps/Sec: 3.20, Samples/Sec: 51.21
[[34m2025-08-15 14:13:51[0m] (step=0629400) Train Loss: 0.0772, Train Steps/Sec: 3.20, Samples/Sec: 51.20
[[34m2025-08-15 14:14:23[0m] (step=0629500) Train Loss: 0.0901, Train Steps/Sec: 3.14, Samples/Sec: 50.29
[[34m2025-08-15 14:14:54[0m] (step=0629600) Train Loss: 0.0834, Train Steps/Sec: 3.20, Samples/Sec: 51.23
[[34m2025-08-15 14:15:26[0m] (step=0629700) Train Loss: 0.0855, Train Steps/Sec: 3.17, Samples/Sec: 50.68
[[34m2025-08-15 14:15:58[0m] (step=0629800) Train Loss: 0.0805, Train Steps/Sec: 3.13, Samples/Sec: 50.03
[[34m2025-08-15 14:16:29[0m] (step=0629900) Train Loss: 0.0901, Train Steps/Sec: 3.21, Samples/Sec: 51.34
[[34m2025-08-15 14:17:01[0m] (step=0630000) Train Loss: 0.0894, Train Steps/Sec: 3.13, Samples/Sec: 50.06
Using cache found in ./models/facebookresearch_dino_main
Using cache found in ./models/facebookresearch_dino_main
Using cache found in ./models/facebookresearch_dino_main
[[34m2025-08-15 14:17:23[0m] Saved checkpoint to logs/nwm_cdit_airvln_v6_1/checkpoints/latest.pth.tar
Using cache found in ./models/facebookresearch_dino_main
[[34m2025-08-15 14:17:29[0m] Already found a `peft_config` attribute in the model. This will lead to having multiple adapters in the model. Make sure to know what you are doing!
[[34m2025-08-15 14:18:58[0m] (step=0630000) Perceptual Loss: 0.2013, Eval Time: 94.88
[[34m2025-08-15 14:19:29[0m] (step=0630100) Train Loss: 0.0806, Train Steps/Sec: 0.68, Samples/Sec: 10.80
[[34m2025-08-15 14:20:00[0m] (step=0630200) Train Loss: 0.0886, Train Steps/Sec: 3.22, Samples/Sec: 51.59
[[34m2025-08-15 14:20:31[0m] (step=0630300) Train Loss: 0.0888, Train Steps/Sec: 3.24, Samples/Sec: 51.87
[[34m2025-08-15 14:21:02[0m] (step=0630400) Train Loss: 0.0856, Train Steps/Sec: 3.21, Samples/Sec: 51.32
[[34m2025-08-15 14:21:34[0m] (step=0630500) Train Loss: 0.0869, Train Steps/Sec: 3.15, Samples/Sec: 50.34
[[34m2025-08-15 14:22:05[0m] (step=0630600) Train Loss: 0.0914, Train Steps/Sec: 3.21, Samples/Sec: 51.30
[[34m2025-08-15 14:22:37[0m] (step=0630700) Train Loss: 0.0859, Train Steps/Sec: 3.17, Samples/Sec: 50.78
[[34m2025-08-15 14:23:07[0m] (step=0630800) Train Loss: 0.0871, Train Steps/Sec: 3.24, Samples/Sec: 51.85
[[34m2025-08-15 14:23:39[0m] (step=0630900) Train Loss: 0.0800, Train Steps/Sec: 3.18, Samples/Sec: 50.91
[[34m2025-08-15 14:24:11[0m] (step=0631000) Train Loss: 0.0785, Train Steps/Sec: 3.14, Samples/Sec: 50.31
[[34m2025-08-15 14:24:42[0m] (step=0631100) Train Loss: 0.0843, Train Steps/Sec: 3.16, Samples/Sec: 50.62
[[34m2025-08-15 14:25:15[0m] (step=0631200) Train Loss: 0.0908, Train Steps/Sec: 3.09, Samples/Sec: 49.44
[[34m2025-08-15 14:25:46[0m] (step=0631300) Train Loss: 0.0861, Train Steps/Sec: 3.19, Samples/Sec: 50.97
[[34m2025-08-15 14:26:17[0m] (step=0631400) Train Loss: 0.0858, Train Steps/Sec: 3.20, Samples/Sec: 51.25
[[34m2025-08-15 14:26:48[0m] (step=0631500) Train Loss: 0.0819, Train Steps/Sec: 3.21, Samples/Sec: 51.32
[[34m2025-08-15 14:27:20[0m] (step=0631600) Train Loss: 0.0768, Train Steps/Sec: 3.22, Samples/Sec: 51.46
[[34m2025-08-15 14:27:51[0m] (step=0631700) Train Loss: 0.0830, Train Steps/Sec: 3.17, Samples/Sec: 50.70
[[34m2025-08-15 14:28:23[0m] (step=0631800) Train Loss: 0.0845, Train Steps/Sec: 3.17, Samples/Sec: 50.72
[[34m2025-08-15 14:28:54[0m] (step=0631900) Train Loss: 0.0874, Train Steps/Sec: 3.19, Samples/Sec: 50.99
[[34m2025-08-15 14:29:25[0m] (step=0632000) Train Loss: 0.0817, Train Steps/Sec: 3.19, Samples/Sec: 50.98
[[34m2025-08-15 14:29:56[0m] (step=0632100) Train Loss: 0.0812, Train Steps/Sec: 3.23, Samples/Sec: 51.64
[[34m2025-08-15 14:30:28[0m] (step=0632200) Train Loss: 0.0919, Train Steps/Sec: 3.19, Samples/Sec: 51.07
[[34m2025-08-15 14:30:59[0m] (step=0632300) Train Loss: 0.0905, Train Steps/Sec: 3.20, Samples/Sec: 51.21
[[34m2025-08-15 14:31:30[0m] (step=0632400) Train Loss: 0.0809, Train Steps/Sec: 3.21, Samples/Sec: 51.39
[[34m2025-08-15 14:32:02[0m] (step=0632500) Train Loss: 0.0882, Train Steps/Sec: 3.17, Samples/Sec: 50.70
[[34m2025-08-15 14:32:33[0m] (step=0632600) Train Loss: 0.0829, Train Steps/Sec: 3.22, Samples/Sec: 51.55
[[34m2025-08-15 14:33:04[0m] (step=0632700) Train Loss: 0.0869, Train Steps/Sec: 3.19, Samples/Sec: 51.05
[[34m2025-08-15 14:33:35[0m] (step=0632800) Train Loss: 0.0838, Train Steps/Sec: 3.24, Samples/Sec: 51.85
[[34m2025-08-15 14:34:06[0m] (step=0632900) Train Loss: 0.0852, Train Steps/Sec: 3.23, Samples/Sec: 51.75
[[34m2025-08-15 14:34:38[0m] (step=0633000) Train Loss: 0.0851, Train Steps/Sec: 3.15, Samples/Sec: 50.43
[[34m2025-08-15 14:35:09[0m] (step=0633100) Train Loss: 0.0913, Train Steps/Sec: 3.19, Samples/Sec: 51.06
[[34m2025-08-15 14:35:41[0m] (step=0633200) Train Loss: 0.0793, Train Steps/Sec: 3.15, Samples/Sec: 50.41
[[34m2025-08-15 14:36:12[0m] (step=0633300) Train Loss: 0.0732, Train Steps/Sec: 3.18, Samples/Sec: 50.87
[[34m2025-08-15 14:36:44[0m] (step=0633400) Train Loss: 0.0829, Train Steps/Sec: 3.13, Samples/Sec: 50.14
[[34m2025-08-15 14:37:15[0m] (step=0633500) Train Loss: 0.0775, Train Steps/Sec: 3.20, Samples/Sec: 51.23
[[34m2025-08-15 14:37:46[0m] (step=0633600) Train Loss: 0.0831, Train Steps/Sec: 3.22, Samples/Sec: 51.56
[[34m2025-08-15 14:38:18[0m] (step=0633700) Train Loss: 0.0863, Train Steps/Sec: 3.18, Samples/Sec: 50.86
[[34m2025-08-15 14:38:50[0m] (step=0633800) Train Loss: 0.0929, Train Steps/Sec: 3.11, Samples/Sec: 49.76
[[34m2025-08-15 14:39:21[0m] (step=0633900) Train Loss: 0.0872, Train Steps/Sec: 3.21, Samples/Sec: 51.29
[[34m2025-08-15 14:39:52[0m] (step=0634000) Train Loss: 0.0913, Train Steps/Sec: 3.25, Samples/Sec: 52.01
[[34m2025-08-15 14:40:23[0m] (step=0634100) Train Loss: 0.0938, Train Steps/Sec: 3.26, Samples/Sec: 52.18
[[34m2025-08-15 14:40:54[0m] (step=0634200) Train Loss: 0.0805, Train Steps/Sec: 3.22, Samples/Sec: 51.51
[[34m2025-08-15 14:41:25[0m] (step=0634300) Train Loss: 0.0844, Train Steps/Sec: 3.25, Samples/Sec: 52.03
[[34m2025-08-15 14:41:56[0m] (step=0634400) Train Loss: 0.0843, Train Steps/Sec: 3.24, Samples/Sec: 51.83
[[34m2025-08-15 14:42:27[0m] (step=0634500) Train Loss: 0.0917, Train Steps/Sec: 3.16, Samples/Sec: 50.53
[[34m2025-08-15 14:42:59[0m] (step=0634600) Train Loss: 0.0800, Train Steps/Sec: 3.13, Samples/Sec: 50.11
[[34m2025-08-15 14:43:31[0m] (step=0634700) Train Loss: 0.0883, Train Steps/Sec: 3.18, Samples/Sec: 50.82
[[34m2025-08-15 14:44:02[0m] (step=0634800) Train Loss: 0.0799, Train Steps/Sec: 3.16, Samples/Sec: 50.50
[[34m2025-08-15 14:44:33[0m] (step=0634900) Train Loss: 0.0813, Train Steps/Sec: 3.23, Samples/Sec: 51.66
[[34m2025-08-15 14:45:06[0m] (step=0635000) Train Loss: 0.0906, Train Steps/Sec: 3.08, Samples/Sec: 49.29
[[34m2025-08-15 14:45:37[0m] (step=0635100) Train Loss: 0.0892, Train Steps/Sec: 3.18, Samples/Sec: 50.93
[[34m2025-08-15 14:46:09[0m] (step=0635200) Train Loss: 0.0866, Train Steps/Sec: 3.16, Samples/Sec: 50.64
[[34m2025-08-15 14:46:40[0m] (step=0635300) Train Loss: 0.0864, Train Steps/Sec: 3.20, Samples/Sec: 51.12
[[34m2025-08-15 14:47:11[0m] (step=0635400) Train Loss: 0.0808, Train Steps/Sec: 3.22, Samples/Sec: 51.53
[[34m2025-08-15 14:47:43[0m] (step=0635500) Train Loss: 0.0831, Train Steps/Sec: 3.18, Samples/Sec: 50.93
[[34m2025-08-15 14:48:15[0m] (step=0635600) Train Loss: 0.0831, Train Steps/Sec: 3.09, Samples/Sec: 49.37
[[34m2025-08-15 14:48:46[0m] (step=0635700) Train Loss: 0.0828, Train Steps/Sec: 3.19, Samples/Sec: 51.02
[[34m2025-08-15 14:49:18[0m] (step=0635800) Train Loss: 0.0859, Train Steps/Sec: 3.21, Samples/Sec: 51.32
[[34m2025-08-15 14:49:49[0m] (step=0635900) Train Loss: 0.0910, Train Steps/Sec: 3.20, Samples/Sec: 51.16
[[34m2025-08-15 14:50:20[0m] (step=0636000) Train Loss: 0.0983, Train Steps/Sec: 3.19, Samples/Sec: 51.02
[[34m2025-08-15 14:50:51[0m] (step=0636100) Train Loss: 0.0886, Train Steps/Sec: 3.25, Samples/Sec: 51.92
[[34m2025-08-15 14:51:24[0m] (step=0636200) Train Loss: 0.0887, Train Steps/Sec: 3.03, Samples/Sec: 48.51
[[34m2025-08-15 14:51:55[0m] (step=0636300) Train Loss: 0.0911, Train Steps/Sec: 3.20, Samples/Sec: 51.15
[[34m2025-08-15 14:52:26[0m] (step=0636400) Train Loss: 0.0893, Train Steps/Sec: 3.26, Samples/Sec: 52.17
[[34m2025-08-15 14:52:58[0m] (step=0636500) Train Loss: 0.0822, Train Steps/Sec: 3.15, Samples/Sec: 50.37
[[34m2025-08-15 14:53:29[0m] (step=0636600) Train Loss: 0.0852, Train Steps/Sec: 3.19, Samples/Sec: 51.11
[[34m2025-08-15 14:54:00[0m] (step=0636700) Train Loss: 0.0820, Train Steps/Sec: 3.26, Samples/Sec: 52.16
[[34m2025-08-15 14:54:30[0m] (step=0636800) Train Loss: 0.0955, Train Steps/Sec: 3.26, Samples/Sec: 52.23
[[34m2025-08-15 14:55:01[0m] (step=0636900) Train Loss: 0.0803, Train Steps/Sec: 3.23, Samples/Sec: 51.69
[[34m2025-08-15 14:55:33[0m] (step=0637000) Train Loss: 0.0850, Train Steps/Sec: 3.16, Samples/Sec: 50.63
[[34m2025-08-15 14:56:07[0m] (step=0637100) Train Loss: 0.0914, Train Steps/Sec: 2.94, Samples/Sec: 47.02
[[34m2025-08-15 14:56:38[0m] (step=0637200) Train Loss: 0.0890, Train Steps/Sec: 3.22, Samples/Sec: 51.54
[[34m2025-08-15 14:57:09[0m] (step=0637300) Train Loss: 0.0862, Train Steps/Sec: 3.21, Samples/Sec: 51.41
[[34m2025-08-15 14:57:40[0m] (step=0637400) Train Loss: 0.0923, Train Steps/Sec: 3.28, Samples/Sec: 52.48
[[34m2025-08-15 14:58:12[0m] (step=0637500) Train Loss: 0.0886, Train Steps/Sec: 3.14, Samples/Sec: 50.26
[[34m2025-08-15 14:58:43[0m] (step=0637600) Train Loss: 0.0975, Train Steps/Sec: 3.17, Samples/Sec: 50.70
[[34m2025-08-15 14:59:14[0m] (step=0637700) Train Loss: 0.0954, Train Steps/Sec: 3.21, Samples/Sec: 51.35
[[34m2025-08-15 14:59:46[0m] (step=0637800) Train Loss: 0.0841, Train Steps/Sec: 3.18, Samples/Sec: 50.94
[[34m2025-08-15 15:00:17[0m] (step=0637900) Train Loss: 0.0928, Train Steps/Sec: 3.22, Samples/Sec: 51.53
[[34m2025-08-15 15:00:50[0m] (step=0638000) Train Loss: 0.0981, Train Steps/Sec: 3.03, Samples/Sec: 48.49
[[34m2025-08-15 15:01:21[0m] (step=0638100) Train Loss: 0.0891, Train Steps/Sec: 3.23, Samples/Sec: 51.61
[[34m2025-08-15 15:01:52[0m] (step=0638200) Train Loss: 0.0878, Train Steps/Sec: 3.23, Samples/Sec: 51.74
[[34m2025-08-15 15:02:23[0m] (step=0638300) Train Loss: 0.0843, Train Steps/Sec: 3.20, Samples/Sec: 51.16
[[34m2025-08-15 15:02:54[0m] (step=0638400) Train Loss: 0.0852, Train Steps/Sec: 3.23, Samples/Sec: 51.71
[[34m2025-08-15 15:03:25[0m] (step=0638500) Train Loss: 0.0896, Train Steps/Sec: 3.17, Samples/Sec: 50.75
[[34m2025-08-15 15:03:57[0m] (step=0638600) Train Loss: 0.0806, Train Steps/Sec: 3.13, Samples/Sec: 50.09
[[34m2025-08-15 15:04:29[0m] (step=0638700) Train Loss: 0.0853, Train Steps/Sec: 3.22, Samples/Sec: 51.45
[[34m2025-08-15 15:05:00[0m] (step=0638800) Train Loss: 0.0905, Train Steps/Sec: 3.21, Samples/Sec: 51.35
[[34m2025-08-15 15:05:31[0m] (step=0638900) Train Loss: 0.0798, Train Steps/Sec: 3.19, Samples/Sec: 51.09
[[34m2025-08-15 15:06:02[0m] (step=0639000) Train Loss: 0.0889, Train Steps/Sec: 3.19, Samples/Sec: 50.97
[[34m2025-08-15 15:06:33[0m] (step=0639100) Train Loss: 0.0923, Train Steps/Sec: 3.24, Samples/Sec: 51.80
[[34m2025-08-15 15:07:05[0m] (step=0639200) Train Loss: 0.0848, Train Steps/Sec: 3.15, Samples/Sec: 50.41
[[34m2025-08-15 15:07:36[0m] (step=0639300) Train Loss: 0.0906, Train Steps/Sec: 3.24, Samples/Sec: 51.81
[[34m2025-08-15 15:08:07[0m] (step=0639400) Train Loss: 0.0926, Train Steps/Sec: 3.21, Samples/Sec: 51.34
[[34m2025-08-15 15:08:38[0m] (step=0639500) Train Loss: 0.0837, Train Steps/Sec: 3.20, Samples/Sec: 51.24
[[34m2025-08-15 15:09:10[0m] (step=0639600) Train Loss: 0.0951, Train Steps/Sec: 3.20, Samples/Sec: 51.28
[[34m2025-08-15 15:09:41[0m] (step=0639700) Train Loss: 0.0893, Train Steps/Sec: 3.23, Samples/Sec: 51.70
[[34m2025-08-15 15:10:12[0m] (step=0639800) Train Loss: 0.0861, Train Steps/Sec: 3.19, Samples/Sec: 51.09
[[34m2025-08-15 15:10:45[0m] (step=0639900) Train Loss: 0.0836, Train Steps/Sec: 3.05, Samples/Sec: 48.81
[[34m2025-08-15 15:11:16[0m] (step=0640000) Train Loss: 0.0854, Train Steps/Sec: 3.15, Samples/Sec: 50.39
Using cache found in ./models/facebookresearch_dino_main
Using cache found in ./models/facebookresearch_dino_main
Using cache found in ./models/facebookresearch_dino_main
[[34m2025-08-15 15:11:35[0m] Saved checkpoint to logs/nwm_cdit_airvln_v6_1/checkpoints/latest.pth.tar
Using cache found in ./models/facebookresearch_dino_main
[[34m2025-08-15 15:11:38[0m] Already found a `peft_config` attribute in the model. This will lead to having multiple adapters in the model. Make sure to know what you are doing!
[[34m2025-08-15 15:13:05[0m] (step=0640000) Perceptual Loss: 0.2031, Eval Time: 90.71
[[34m2025-08-15 15:13:37[0m] (step=0640100) Train Loss: 0.0771, Train Steps/Sec: 0.71, Samples/Sec: 11.40
[[34m2025-08-15 15:14:09[0m] (step=0640200) Train Loss: 0.0891, Train Steps/Sec: 3.14, Samples/Sec: 50.23
[[34m2025-08-15 15:14:40[0m] (step=0640300) Train Loss: 0.0836, Train Steps/Sec: 3.16, Samples/Sec: 50.60
[[34m2025-08-15 15:15:11[0m] (step=0640400) Train Loss: 0.0861, Train Steps/Sec: 3.21, Samples/Sec: 51.34
[[34m2025-08-15 15:15:44[0m] (step=0640500) Train Loss: 0.0945, Train Steps/Sec: 3.10, Samples/Sec: 49.64
[[34m2025-08-15 15:16:15[0m] (step=0640600) Train Loss: 0.0893, Train Steps/Sec: 3.22, Samples/Sec: 51.52
[[34m2025-08-15 15:16:46[0m] (step=0640700) Train Loss: 0.0857, Train Steps/Sec: 3.17, Samples/Sec: 50.77
[[34m2025-08-15 15:17:18[0m] (step=0640800) Train Loss: 0.0841, Train Steps/Sec: 3.19, Samples/Sec: 51.00
[[34m2025-08-15 15:17:49[0m] (step=0640900) Train Loss: 0.0800, Train Steps/Sec: 3.21, Samples/Sec: 51.30
[[34m2025-08-15 15:18:20[0m] (step=0641000) Train Loss: 0.0857, Train Steps/Sec: 3.17, Samples/Sec: 50.78
[[34m2025-08-15 15:18:53[0m] (step=0641100) Train Loss: 0.0915, Train Steps/Sec: 3.09, Samples/Sec: 49.45
[[34m2025-08-15 15:19:24[0m] (step=0641200) Train Loss: 0.0931, Train Steps/Sec: 3.22, Samples/Sec: 51.47
[[34m2025-08-15 15:19:56[0m] (step=0641300) Train Loss: 0.0849, Train Steps/Sec: 3.15, Samples/Sec: 50.38
[[34m2025-08-15 15:20:27[0m] (step=0641400) Train Loss: 0.0863, Train Steps/Sec: 3.17, Samples/Sec: 50.67
[[34m2025-08-15 15:20:58[0m] (step=0641500) Train Loss: 0.0722, Train Steps/Sec: 3.21, Samples/Sec: 51.43
[[34m2025-08-15 15:21:30[0m] (step=0641600) Train Loss: 0.0855, Train Steps/Sec: 3.14, Samples/Sec: 50.23
[[34m2025-08-15 15:22:03[0m] (step=0641700) Train Loss: 0.0872, Train Steps/Sec: 3.07, Samples/Sec: 49.13
[[34m2025-08-15 15:22:35[0m] (step=0641800) Train Loss: 0.0810, Train Steps/Sec: 3.14, Samples/Sec: 50.21
[[34m2025-08-15 15:23:05[0m] (step=0641900) Train Loss: 0.1002, Train Steps/Sec: 3.25, Samples/Sec: 52.01
[[34m2025-08-15 15:23:36[0m] (step=0642000) Train Loss: 0.0826, Train Steps/Sec: 3.21, Samples/Sec: 51.42
[[34m2025-08-15 15:24:08[0m] (step=0642100) Train Loss: 0.0872, Train Steps/Sec: 3.19, Samples/Sec: 50.96
[[34m2025-08-15 15:24:40[0m] (step=0642200) Train Loss: 0.0910, Train Steps/Sec: 3.14, Samples/Sec: 50.25
[[34m2025-08-15 15:25:10[0m] (step=0642300) Train Loss: 0.0834, Train Steps/Sec: 3.27, Samples/Sec: 52.29
[[34m2025-08-15 15:25:41[0m] (step=0642400) Train Loss: 0.0861, Train Steps/Sec: 3.28, Samples/Sec: 52.49
[[34m2025-08-15 15:26:12[0m] (step=0642500) Train Loss: 0.0898, Train Steps/Sec: 3.23, Samples/Sec: 51.62
[[34m2025-08-15 15:26:44[0m] (step=0642600) Train Loss: 0.0833, Train Steps/Sec: 3.15, Samples/Sec: 50.43
[[34m2025-08-15 15:27:15[0m] (step=0642700) Train Loss: 0.0894, Train Steps/Sec: 3.20, Samples/Sec: 51.27
[[34m2025-08-15 15:27:46[0m] (step=0642800) Train Loss: 0.0866, Train Steps/Sec: 3.19, Samples/Sec: 51.06
[[34m2025-08-15 15:28:17[0m] (step=0642900) Train Loss: 0.0822, Train Steps/Sec: 3.26, Samples/Sec: 52.17
[[34m2025-08-15 15:28:48[0m] (step=0643000) Train Loss: 0.0897, Train Steps/Sec: 3.22, Samples/Sec: 51.59
[[34m2025-08-15 15:29:19[0m] (step=0643100) Train Loss: 0.0951, Train Steps/Sec: 3.18, Samples/Sec: 50.95
[[34m2025-08-15 15:29:50[0m] (step=0643200) Train Loss: 0.0876, Train Steps/Sec: 3.20, Samples/Sec: 51.18
[[34m2025-08-15 15:30:22[0m] (step=0643300) Train Loss: 0.0856, Train Steps/Sec: 3.16, Samples/Sec: 50.59
[[34m2025-08-15 15:30:53[0m] (step=0643400) Train Loss: 0.0930, Train Steps/Sec: 3.26, Samples/Sec: 52.19
[[34m2025-08-15 15:31:24[0m] (step=0643500) Train Loss: 0.0890, Train Steps/Sec: 3.24, Samples/Sec: 51.91
[[34m2025-08-15 15:31:55[0m] (step=0643600) Train Loss: 0.0902, Train Steps/Sec: 3.22, Samples/Sec: 51.58
[[34m2025-08-15 15:32:26[0m] (step=0643700) Train Loss: 0.0923, Train Steps/Sec: 3.23, Samples/Sec: 51.72
[[34m2025-08-15 15:32:56[0m] (step=0643800) Train Loss: 0.0918, Train Steps/Sec: 3.24, Samples/Sec: 51.83
[[34m2025-08-15 15:33:29[0m] (step=0643900) Train Loss: 0.0841, Train Steps/Sec: 3.08, Samples/Sec: 49.33
[[34m2025-08-15 15:34:01[0m] (step=0644000) Train Loss: 0.0914, Train Steps/Sec: 3.16, Samples/Sec: 50.58
[[34m2025-08-15 15:34:32[0m] (step=0644100) Train Loss: 0.0845, Train Steps/Sec: 3.20, Samples/Sec: 51.13
[[34m2025-08-15 15:35:04[0m] (step=0644200) Train Loss: 0.0911, Train Steps/Sec: 3.11, Samples/Sec: 49.72
[[34m2025-08-15 15:35:35[0m] (step=0644300) Train Loss: 0.0953, Train Steps/Sec: 3.19, Samples/Sec: 50.98
[[34m2025-08-15 15:36:07[0m] (step=0644400) Train Loss: 0.0902, Train Steps/Sec: 3.19, Samples/Sec: 51.10
[[34m2025-08-15 15:36:38[0m] (step=0644500) Train Loss: 0.0855, Train Steps/Sec: 3.19, Samples/Sec: 51.08
[[34m2025-08-15 15:37:09[0m] (step=0644600) Train Loss: 0.1035, Train Steps/Sec: 3.20, Samples/Sec: 51.26
[[34m2025-08-15 15:37:41[0m] (step=0644700) Train Loss: 0.0866, Train Steps/Sec: 3.17, Samples/Sec: 50.73
[[34m2025-08-15 15:38:12[0m] (step=0644800) Train Loss: 0.0860, Train Steps/Sec: 3.25, Samples/Sec: 51.93
[[34m2025-08-15 15:38:43[0m] (step=0644900) Train Loss: 0.0856, Train Steps/Sec: 3.19, Samples/Sec: 51.00
[[34m2025-08-15 15:39:15[0m] (step=0645000) Train Loss: 0.0908, Train Steps/Sec: 3.18, Samples/Sec: 50.82
[[34m2025-08-15 15:39:46[0m] (step=0645100) Train Loss: 0.0906, Train Steps/Sec: 3.20, Samples/Sec: 51.20
[[34m2025-08-15 15:40:16[0m] (step=0645200) Train Loss: 0.0883, Train Steps/Sec: 3.26, Samples/Sec: 52.16
[[34m2025-08-15 15:40:47[0m] (step=0645300) Train Loss: 0.0811, Train Steps/Sec: 3.24, Samples/Sec: 51.81
[[34m2025-08-15 15:41:19[0m] (step=0645400) Train Loss: 0.0874, Train Steps/Sec: 3.20, Samples/Sec: 51.13
[[34m2025-08-15 15:41:50[0m] (step=0645500) Train Loss: 0.0860, Train Steps/Sec: 3.18, Samples/Sec: 50.83
[[34m2025-08-15 15:42:22[0m] (step=0645600) Train Loss: 0.0900, Train Steps/Sec: 3.16, Samples/Sec: 50.50
[[34m2025-08-15 15:42:53[0m] (step=0645700) Train Loss: 0.0781, Train Steps/Sec: 3.17, Samples/Sec: 50.67
[[34m2025-08-15 15:43:25[0m] (step=0645800) Train Loss: 0.0986, Train Steps/Sec: 3.18, Samples/Sec: 50.80
[[34m2025-08-15 15:43:56[0m] (step=0645900) Train Loss: 0.0767, Train Steps/Sec: 3.19, Samples/Sec: 51.06
[[34m2025-08-15 15:44:28[0m] (step=0646000) Train Loss: 0.0929, Train Steps/Sec: 3.14, Samples/Sec: 50.26
[[34m2025-08-15 15:44:59[0m] (step=0646100) Train Loss: 0.0879, Train Steps/Sec: 3.23, Samples/Sec: 51.62
[[34m2025-08-15 15:45:31[0m] (step=0646200) Train Loss: 0.0816, Train Steps/Sec: 3.18, Samples/Sec: 50.80
[[34m2025-08-15 15:46:03[0m] (step=0646300) Train Loss: 0.0848, Train Steps/Sec: 3.12, Samples/Sec: 49.87
[[34m2025-08-15 15:46:34[0m] (step=0646400) Train Loss: 0.0856, Train Steps/Sec: 3.19, Samples/Sec: 50.98
[[34m2025-08-15 15:47:05[0m] (step=0646500) Train Loss: 0.0967, Train Steps/Sec: 3.25, Samples/Sec: 51.93
[[34m2025-08-15 15:47:36[0m] (step=0646600) Train Loss: 0.0887, Train Steps/Sec: 3.19, Samples/Sec: 51.08
[[34m2025-08-15 15:48:07[0m] (step=0646700) Train Loss: 0.0806, Train Steps/Sec: 3.23, Samples/Sec: 51.76
[[34m2025-08-15 15:48:39[0m] (step=0646800) Train Loss: 0.0877, Train Steps/Sec: 3.17, Samples/Sec: 50.68
[[34m2025-08-15 15:49:09[0m] (step=0646900) Train Loss: 0.0894, Train Steps/Sec: 3.26, Samples/Sec: 52.21
[[34m2025-08-15 15:49:40[0m] (step=0647000) Train Loss: 0.0820, Train Steps/Sec: 3.29, Samples/Sec: 52.71
[[34m2025-08-15 15:50:11[0m] (step=0647100) Train Loss: 0.0838, Train Steps/Sec: 3.17, Samples/Sec: 50.77
[[34m2025-08-15 15:50:43[0m] (step=0647200) Train Loss: 0.0896, Train Steps/Sec: 3.20, Samples/Sec: 51.12
[[34m2025-08-15 15:51:13[0m] (step=0647300) Train Loss: 0.0822, Train Steps/Sec: 3.24, Samples/Sec: 51.87
[[34m2025-08-15 15:51:45[0m] (step=0647400) Train Loss: 0.0878, Train Steps/Sec: 3.19, Samples/Sec: 51.07
[[34m2025-08-15 15:52:17[0m] (step=0647500) Train Loss: 0.0910, Train Steps/Sec: 3.15, Samples/Sec: 50.34
[[34m2025-08-15 15:52:50[0m] (step=0647600) Train Loss: 0.0856, Train Steps/Sec: 3.00, Samples/Sec: 47.95
[[34m2025-08-15 15:53:23[0m] (step=0647700) Train Loss: 0.0879, Train Steps/Sec: 3.04, Samples/Sec: 48.61
[[34m2025-08-15 15:53:55[0m] (step=0647800) Train Loss: 0.0919, Train Steps/Sec: 3.16, Samples/Sec: 50.52
[[34m2025-08-15 15:54:26[0m] (step=0647900) Train Loss: 0.0900, Train Steps/Sec: 3.19, Samples/Sec: 51.00
[[34m2025-08-15 15:54:58[0m] (step=0648000) Train Loss: 0.0942, Train Steps/Sec: 3.16, Samples/Sec: 50.58
[[34m2025-08-15 15:55:33[0m] (step=0648100) Train Loss: 0.0778, Train Steps/Sec: 2.86, Samples/Sec: 45.69
[[34m2025-08-15 15:56:04[0m] (step=0648200) Train Loss: 0.0882, Train Steps/Sec: 3.21, Samples/Sec: 51.30
[[34m2025-08-15 15:56:36[0m] (step=0648300) Train Loss: 0.0809, Train Steps/Sec: 3.14, Samples/Sec: 50.24
[[34m2025-08-15 15:57:09[0m] (step=0648400) Train Loss: 0.0873, Train Steps/Sec: 3.01, Samples/Sec: 48.09
[[34m2025-08-15 15:57:40[0m] (step=0648500) Train Loss: 0.0875, Train Steps/Sec: 3.23, Samples/Sec: 51.63
[[34m2025-08-15 15:58:10[0m] (step=0648600) Train Loss: 0.0943, Train Steps/Sec: 3.30, Samples/Sec: 52.77
[[34m2025-08-15 15:58:41[0m] (step=0648700) Train Loss: 0.0876, Train Steps/Sec: 3.23, Samples/Sec: 51.63
[[34m2025-08-15 15:59:12[0m] (step=0648800) Train Loss: 0.0949, Train Steps/Sec: 3.23, Samples/Sec: 51.68
[[34m2025-08-15 15:59:44[0m] (step=0648900) Train Loss: 0.0904, Train Steps/Sec: 3.14, Samples/Sec: 50.29
[[34m2025-08-15 16:00:16[0m] (step=0649000) Train Loss: 0.0847, Train Steps/Sec: 3.10, Samples/Sec: 49.56
[[34m2025-08-15 16:00:47[0m] (step=0649100) Train Loss: 0.0889, Train Steps/Sec: 3.22, Samples/Sec: 51.54
[[34m2025-08-15 16:01:18[0m] (step=0649200) Train Loss: 0.0809, Train Steps/Sec: 3.26, Samples/Sec: 52.09
[[34m2025-08-15 16:01:49[0m] (step=0649300) Train Loss: 0.0830, Train Steps/Sec: 3.29, Samples/Sec: 52.58
[[34m2025-08-15 16:02:19[0m] (step=0649400) Train Loss: 0.0871, Train Steps/Sec: 3.27, Samples/Sec: 52.27
[[34m2025-08-15 16:02:50[0m] (step=0649500) Train Loss: 0.0918, Train Steps/Sec: 3.21, Samples/Sec: 51.32
[[34m2025-08-15 16:03:24[0m] (step=0649600) Train Loss: 0.0869, Train Steps/Sec: 3.00, Samples/Sec: 48.04
[[34m2025-08-15 16:03:56[0m] (step=0649700) Train Loss: 0.0853, Train Steps/Sec: 3.13, Samples/Sec: 50.00
[[34m2025-08-15 16:04:27[0m] (step=0649800) Train Loss: 0.0899, Train Steps/Sec: 3.15, Samples/Sec: 50.40
[[34m2025-08-15 16:04:59[0m] (step=0649900) Train Loss: 0.0876, Train Steps/Sec: 3.14, Samples/Sec: 50.21
[[34m2025-08-15 16:05:31[0m] (step=0650000) Train Loss: 0.0909, Train Steps/Sec: 3.12, Samples/Sec: 50.00
Using cache found in ./models/facebookresearch_dino_main
Using cache found in ./models/facebookresearch_dino_main
Using cache found in ./models/facebookresearch_dino_main
[[34m2025-08-15 16:05:50[0m] Saved checkpoint to logs/nwm_cdit_airvln_v6_1/checkpoints/latest.pth.tar
Using cache found in ./models/facebookresearch_dino_main
[[34m2025-08-15 16:05:53[0m] Already found a `peft_config` attribute in the model. This will lead to having multiple adapters in the model. Make sure to know what you are doing!
[[34m2025-08-15 16:07:21[0m] (step=0650000) Perceptual Loss: 0.1811, Eval Time: 91.12
[[34m2025-08-15 16:07:53[0m] (step=0650100) Train Loss: 0.0923, Train Steps/Sec: 0.71, Samples/Sec: 11.33
[[34m2025-08-15 16:08:26[0m] (step=0650200) Train Loss: 0.0931, Train Steps/Sec: 3.04, Samples/Sec: 48.58
[[34m2025-08-15 16:08:57[0m] (step=0650300) Train Loss: 0.0890, Train Steps/Sec: 3.19, Samples/Sec: 51.04
[[34m2025-08-15 16:09:28[0m] (step=0650400) Train Loss: 0.0852, Train Steps/Sec: 3.17, Samples/Sec: 50.79
[[34m2025-08-15 16:10:31[0m] (step=0650500) Train Loss: 0.0814, Train Steps/Sec: 1.60, Samples/Sec: 25.64
[[34m2025-08-15 16:11:02[0m] (step=0650600) Train Loss: 0.0902, Train Steps/Sec: 3.17, Samples/Sec: 50.68
[[34m2025-08-15 16:11:33[0m] (step=0650700) Train Loss: 0.0884, Train Steps/Sec: 3.27, Samples/Sec: 52.32
[[34m2025-08-15 16:12:05[0m] (step=0650800) Train Loss: 0.0833, Train Steps/Sec: 3.16, Samples/Sec: 50.59
[[34m2025-08-15 16:12:36[0m] (step=0650900) Train Loss: 0.0780, Train Steps/Sec: 3.23, Samples/Sec: 51.62
[[34m2025-08-15 16:13:06[0m] (step=0651000) Train Loss: 0.0901, Train Steps/Sec: 3.25, Samples/Sec: 52.07
[[34m2025-08-15 16:13:37[0m] (step=0651100) Train Loss: 0.0833, Train Steps/Sec: 3.24, Samples/Sec: 51.84
[[34m2025-08-15 16:14:09[0m] (step=0651200) Train Loss: 0.0869, Train Steps/Sec: 3.13, Samples/Sec: 50.06
[[34m2025-08-15 16:14:39[0m] (step=0651300) Train Loss: 0.0875, Train Steps/Sec: 3.31, Samples/Sec: 52.96
[[34m2025-08-15 16:15:12[0m] (step=0651400) Train Loss: 0.0772, Train Steps/Sec: 3.11, Samples/Sec: 49.83
[[34m2025-08-15 16:15:42[0m] (step=0651500) Train Loss: 0.0963, Train Steps/Sec: 3.25, Samples/Sec: 51.99
[[34m2025-08-15 16:16:15[0m] (step=0651600) Train Loss: 0.0958, Train Steps/Sec: 3.09, Samples/Sec: 49.47
[[34m2025-08-15 16:16:46[0m] (step=0651700) Train Loss: 0.0938, Train Steps/Sec: 3.19, Samples/Sec: 51.00
[[34m2025-08-15 16:17:17[0m] (step=0651800) Train Loss: 0.0894, Train Steps/Sec: 3.26, Samples/Sec: 52.21
[[34m2025-08-15 16:17:48[0m] (step=0651900) Train Loss: 0.0782, Train Steps/Sec: 3.16, Samples/Sec: 50.56
[[34m2025-08-15 16:18:19[0m] (step=0652000) Train Loss: 0.0783, Train Steps/Sec: 3.23, Samples/Sec: 51.64
[[34m2025-08-15 16:18:51[0m] (step=0652100) Train Loss: 0.0850, Train Steps/Sec: 3.18, Samples/Sec: 50.93
[[34m2025-08-15 16:19:23[0m] (step=0652200) Train Loss: 0.0837, Train Steps/Sec: 3.15, Samples/Sec: 50.36
[[34m2025-08-15 16:19:55[0m] (step=0652300) Train Loss: 0.0871, Train Steps/Sec: 3.06, Samples/Sec: 49.01
[[34m2025-08-15 16:20:27[0m] (step=0652400) Train Loss: 0.0863, Train Steps/Sec: 3.20, Samples/Sec: 51.17
[[34m2025-08-15 16:20:57[0m] (step=0652500) Train Loss: 0.0905, Train Steps/Sec: 3.23, Samples/Sec: 51.71
[[34m2025-08-15 16:21:30[0m] (step=0652600) Train Loss: 0.0816, Train Steps/Sec: 3.08, Samples/Sec: 49.24
[[34m2025-08-15 16:22:01[0m] (step=0652700) Train Loss: 0.0854, Train Steps/Sec: 3.22, Samples/Sec: 51.51
[[34m2025-08-15 16:22:32[0m] (step=0652800) Train Loss: 0.0967, Train Steps/Sec: 3.19, Samples/Sec: 50.96
[[34m2025-08-15 16:23:04[0m] (step=0652900) Train Loss: 0.0793, Train Steps/Sec: 3.19, Samples/Sec: 51.05
[[34m2025-08-15 16:23:35[0m] (step=0653000) Train Loss: 0.0844, Train Steps/Sec: 3.23, Samples/Sec: 51.61
[[34m2025-08-15 16:24:08[0m] (step=0653100) Train Loss: 0.0913, Train Steps/Sec: 3.01, Samples/Sec: 48.17
[[34m2025-08-15 16:24:39[0m] (step=0653200) Train Loss: 0.0806, Train Steps/Sec: 3.26, Samples/Sec: 52.21
[[34m2025-08-15 16:25:10[0m] (step=0653300) Train Loss: 0.0751, Train Steps/Sec: 3.22, Samples/Sec: 51.46
[[34m2025-08-15 16:25:41[0m] (step=0653400) Train Loss: 0.0872, Train Steps/Sec: 3.24, Samples/Sec: 51.89
[[34m2025-08-15 16:26:12[0m] (step=0653500) Train Loss: 0.0864, Train Steps/Sec: 3.24, Samples/Sec: 51.83
[[34m2025-08-15 16:26:43[0m] (step=0653600) Train Loss: 0.0909, Train Steps/Sec: 3.17, Samples/Sec: 50.75
[[34m2025-08-15 16:27:15[0m] (step=0653700) Train Loss: 0.0833, Train Steps/Sec: 3.11, Samples/Sec: 49.73
[[34m2025-08-15 16:27:46[0m] (step=0653800) Train Loss: 0.0908, Train Steps/Sec: 3.25, Samples/Sec: 52.01
[[34m2025-08-15 16:28:17[0m] (step=0653900) Train Loss: 0.0829, Train Steps/Sec: 3.21, Samples/Sec: 51.31
[[34m2025-08-15 16:28:48[0m] (step=0654000) Train Loss: 0.0867, Train Steps/Sec: 3.21, Samples/Sec: 51.41
[[34m2025-08-15 16:29:20[0m] (step=0654100) Train Loss: 0.0824, Train Steps/Sec: 3.18, Samples/Sec: 50.94
[[34m2025-08-15 16:29:51[0m] (step=0654200) Train Loss: 0.0933, Train Steps/Sec: 3.23, Samples/Sec: 51.64
[[34m2025-08-15 16:30:23[0m] (step=0654300) Train Loss: 0.0864, Train Steps/Sec: 3.12, Samples/Sec: 49.97
[[34m2025-08-15 16:30:55[0m] (step=0654400) Train Loss: 0.0865, Train Steps/Sec: 3.06, Samples/Sec: 49.01
[[34m2025-08-15 16:31:27[0m] (step=0654500) Train Loss: 0.0810, Train Steps/Sec: 3.21, Samples/Sec: 51.39
[[34m2025-08-15 16:31:57[0m] (step=0654600) Train Loss: 0.0910, Train Steps/Sec: 3.24, Samples/Sec: 51.86
[[34m2025-08-15 16:32:30[0m] (step=0654700) Train Loss: 0.0870, Train Steps/Sec: 3.12, Samples/Sec: 49.87
[[34m2025-08-15 16:33:01[0m] (step=0654800) Train Loss: 0.0957, Train Steps/Sec: 3.20, Samples/Sec: 51.19
[[34m2025-08-15 16:33:33[0m] (step=0654900) Train Loss: 0.0925, Train Steps/Sec: 3.10, Samples/Sec: 49.64
[[34m2025-08-15 16:34:08[0m] (step=0655000) Train Loss: 0.0872, Train Steps/Sec: 2.90, Samples/Sec: 46.39
[[34m2025-08-15 16:34:41[0m] (step=0655100) Train Loss: 0.0797, Train Steps/Sec: 3.03, Samples/Sec: 48.43
[[34m2025-08-15 16:35:12[0m] (step=0655200) Train Loss: 0.0828, Train Steps/Sec: 3.16, Samples/Sec: 50.60
[[34m2025-08-15 16:35:45[0m] (step=0655300) Train Loss: 0.0872, Train Steps/Sec: 3.09, Samples/Sec: 49.52
[[34m2025-08-15 16:36:16[0m] (step=0655400) Train Loss: 0.0832, Train Steps/Sec: 3.19, Samples/Sec: 50.99
[[34m2025-08-15 16:36:49[0m] (step=0655500) Train Loss: 0.0881, Train Steps/Sec: 3.06, Samples/Sec: 49.01
[[34m2025-08-15 16:37:20[0m] (step=0655600) Train Loss: 0.0808, Train Steps/Sec: 3.13, Samples/Sec: 50.15
[[34m2025-08-15 16:37:52[0m] (step=0655700) Train Loss: 0.0918, Train Steps/Sec: 3.19, Samples/Sec: 51.00
[[34m2025-08-15 16:38:24[0m] (step=0655800) Train Loss: 0.0779, Train Steps/Sec: 3.10, Samples/Sec: 49.66
[[34m2025-08-15 16:38:57[0m] (step=0655900) Train Loss: 0.0859, Train Steps/Sec: 3.05, Samples/Sec: 48.72
[[34m2025-08-15 16:39:29[0m] (step=0656000) Train Loss: 0.0778, Train Steps/Sec: 3.10, Samples/Sec: 49.66
[[34m2025-08-15 16:40:01[0m] (step=0656100) Train Loss: 0.0840, Train Steps/Sec: 3.19, Samples/Sec: 51.02
[[34m2025-08-15 16:40:32[0m] (step=0656200) Train Loss: 0.0822, Train Steps/Sec: 3.16, Samples/Sec: 50.60
[[34m2025-08-15 16:41:04[0m] (step=0656300) Train Loss: 0.0809, Train Steps/Sec: 3.13, Samples/Sec: 50.01
[[34m2025-08-15 16:41:36[0m] (step=0656400) Train Loss: 0.0871, Train Steps/Sec: 3.10, Samples/Sec: 49.62
[[34m2025-08-15 16:42:08[0m] (step=0656500) Train Loss: 0.0859, Train Steps/Sec: 3.12, Samples/Sec: 49.93
[[34m2025-08-15 16:42:41[0m] (step=0656600) Train Loss: 0.0928, Train Steps/Sec: 3.07, Samples/Sec: 49.13
[[34m2025-08-15 16:43:13[0m] (step=0656700) Train Loss: 0.0896, Train Steps/Sec: 3.14, Samples/Sec: 50.32
[[34m2025-08-15 16:43:45[0m] (step=0656800) Train Loss: 0.0836, Train Steps/Sec: 3.08, Samples/Sec: 49.32
[[34m2025-08-15 16:44:17[0m] (step=0656900) Train Loss: 0.0812, Train Steps/Sec: 3.12, Samples/Sec: 49.86
[[34m2025-08-15 16:44:49[0m] (step=0657000) Train Loss: 0.0889, Train Steps/Sec: 3.17, Samples/Sec: 50.76
[[34m2025-08-15 16:45:21[0m] (step=0657100) Train Loss: 0.0837, Train Steps/Sec: 3.16, Samples/Sec: 50.58
[[34m2025-08-15 16:45:52[0m] (step=0657200) Train Loss: 0.0782, Train Steps/Sec: 3.19, Samples/Sec: 51.01
[[34m2025-08-15 16:46:23[0m] (step=0657300) Train Loss: 0.0869, Train Steps/Sec: 3.22, Samples/Sec: 51.51
[[34m2025-08-15 16:46:55[0m] (step=0657400) Train Loss: 0.0806, Train Steps/Sec: 3.12, Samples/Sec: 49.97
[[34m2025-08-15 16:47:27[0m] (step=0657500) Train Loss: 0.0888, Train Steps/Sec: 3.12, Samples/Sec: 49.94
[[34m2025-08-15 16:47:59[0m] (step=0657600) Train Loss: 0.0874, Train Steps/Sec: 3.13, Samples/Sec: 50.07
[[34m2025-08-15 16:48:31[0m] (step=0657700) Train Loss: 0.0841, Train Steps/Sec: 3.17, Samples/Sec: 50.73
[[34m2025-08-15 16:49:02[0m] (step=0657800) Train Loss: 0.0747, Train Steps/Sec: 3.20, Samples/Sec: 51.18
[[34m2025-08-15 16:49:33[0m] (step=0657900) Train Loss: 0.0840, Train Steps/Sec: 3.24, Samples/Sec: 51.92
[[34m2025-08-15 16:50:04[0m] (step=0658000) Train Loss: 0.0873, Train Steps/Sec: 3.16, Samples/Sec: 50.56
[[34m2025-08-15 16:50:36[0m] (step=0658100) Train Loss: 0.0912, Train Steps/Sec: 3.18, Samples/Sec: 50.84
[[34m2025-08-15 16:51:07[0m] (step=0658200) Train Loss: 0.0903, Train Steps/Sec: 3.16, Samples/Sec: 50.61
[[34m2025-08-15 16:51:39[0m] (step=0658300) Train Loss: 0.0839, Train Steps/Sec: 3.17, Samples/Sec: 50.78
[[34m2025-08-15 16:52:10[0m] (step=0658400) Train Loss: 0.0856, Train Steps/Sec: 3.22, Samples/Sec: 51.49
[[34m2025-08-15 16:52:42[0m] (step=0658500) Train Loss: 0.0841, Train Steps/Sec: 3.14, Samples/Sec: 50.23
[[34m2025-08-15 16:53:13[0m] (step=0658600) Train Loss: 0.0882, Train Steps/Sec: 3.19, Samples/Sec: 51.08
[[34m2025-08-15 16:53:44[0m] (step=0658700) Train Loss: 0.0847, Train Steps/Sec: 3.22, Samples/Sec: 51.52
[[34m2025-08-15 16:54:16[0m] (step=0658800) Train Loss: 0.0834, Train Steps/Sec: 3.15, Samples/Sec: 50.35
[[34m2025-08-15 16:54:48[0m] (step=0658900) Train Loss: 0.0805, Train Steps/Sec: 3.14, Samples/Sec: 50.29
[[34m2025-08-15 16:55:19[0m] (step=0659000) Train Loss: 0.0842, Train Steps/Sec: 3.17, Samples/Sec: 50.72
[[34m2025-08-15 16:55:51[0m] (step=0659100) Train Loss: 0.0866, Train Steps/Sec: 3.18, Samples/Sec: 50.93
[[34m2025-08-15 16:56:22[0m] (step=0659200) Train Loss: 0.0868, Train Steps/Sec: 3.20, Samples/Sec: 51.14
[[34m2025-08-15 16:56:54[0m] (step=0659300) Train Loss: 0.0899, Train Steps/Sec: 3.16, Samples/Sec: 50.57
[[34m2025-08-15 16:57:26[0m] (step=0659400) Train Loss: 0.0902, Train Steps/Sec: 3.15, Samples/Sec: 50.41
[[34m2025-08-15 16:57:57[0m] (step=0659500) Train Loss: 0.0893, Train Steps/Sec: 3.21, Samples/Sec: 51.33
[[34m2025-08-15 16:58:28[0m] (step=0659600) Train Loss: 0.0892, Train Steps/Sec: 3.19, Samples/Sec: 51.02
[[34m2025-08-15 16:59:00[0m] (step=0659700) Train Loss: 0.0852, Train Steps/Sec: 3.18, Samples/Sec: 50.91
[[34m2025-08-15 16:59:31[0m] (step=0659800) Train Loss: 0.0872, Train Steps/Sec: 3.16, Samples/Sec: 50.54
[[34m2025-08-15 17:00:02[0m] (step=0659900) Train Loss: 0.0833, Train Steps/Sec: 3.20, Samples/Sec: 51.25
[[34m2025-08-15 17:00:34[0m] (step=0660000) Train Loss: 0.0882, Train Steps/Sec: 3.20, Samples/Sec: 51.13
Using cache found in ./models/facebookresearch_dino_main
Using cache found in ./models/facebookresearch_dino_main
Using cache found in ./models/facebookresearch_dino_main
[[34m2025-08-15 17:00:52[0m] Saved checkpoint to logs/nwm_cdit_airvln_v6_1/checkpoints/latest.pth.tar
Using cache found in ./models/facebookresearch_dino_main
[[34m2025-08-15 17:00:55[0m] Already found a `peft_config` attribute in the model. This will lead to having multiple adapters in the model. Make sure to know what you are doing!
[[34m2025-08-15 17:02:20[0m] (step=0660000) Perceptual Loss: 0.1927, Eval Time: 88.15
[[34m2025-08-15 17:02:52[0m] (step=0660100) Train Loss: 0.0874, Train Steps/Sec: 0.72, Samples/Sec: 11.58
[[34m2025-08-15 17:03:24[0m] (step=0660200) Train Loss: 0.0860, Train Steps/Sec: 3.16, Samples/Sec: 50.61
[[34m2025-08-15 17:03:56[0m] (step=0660300) Train Loss: 0.0836, Train Steps/Sec: 3.11, Samples/Sec: 49.81
[[34m2025-08-15 17:04:26[0m] (step=0660400) Train Loss: 0.0867, Train Steps/Sec: 3.28, Samples/Sec: 52.44
[[34m2025-08-15 17:05:00[0m] (step=0660500) Train Loss: 0.0894, Train Steps/Sec: 2.97, Samples/Sec: 47.50
[[34m2025-08-15 17:05:32[0m] (step=0660600) Train Loss: 0.0910, Train Steps/Sec: 3.13, Samples/Sec: 50.07
[[34m2025-08-15 17:06:04[0m] (step=0660700) Train Loss: 0.0851, Train Steps/Sec: 3.13, Samples/Sec: 50.13
[[34m2025-08-15 17:06:36[0m] (step=0660800) Train Loss: 0.0845, Train Steps/Sec: 3.11, Samples/Sec: 49.73
[[34m2025-08-15 17:07:08[0m] (step=0660900) Train Loss: 0.0883, Train Steps/Sec: 3.13, Samples/Sec: 50.15
[[34m2025-08-15 17:07:40[0m] (step=0661000) Train Loss: 0.0818, Train Steps/Sec: 3.08, Samples/Sec: 49.21
[[34m2025-08-15 17:08:12[0m] (step=0661100) Train Loss: 0.0954, Train Steps/Sec: 3.16, Samples/Sec: 50.57
[[34m2025-08-15 17:08:44[0m] (step=0661200) Train Loss: 0.0812, Train Steps/Sec: 3.11, Samples/Sec: 49.83
[[34m2025-08-15 17:09:16[0m] (step=0661300) Train Loss: 0.0781, Train Steps/Sec: 3.15, Samples/Sec: 50.36
[[34m2025-08-15 17:09:48[0m] (step=0661400) Train Loss: 0.0829, Train Steps/Sec: 3.15, Samples/Sec: 50.34
[[34m2025-08-15 17:10:19[0m] (step=0661500) Train Loss: 0.0907, Train Steps/Sec: 3.20, Samples/Sec: 51.17
[[34m2025-08-15 17:10:51[0m] (step=0661600) Train Loss: 0.0905, Train Steps/Sec: 3.13, Samples/Sec: 50.02
[[34m2025-08-15 17:11:22[0m] (step=0661700) Train Loss: 0.0876, Train Steps/Sec: 3.21, Samples/Sec: 51.33
[[34m2025-08-15 17:11:54[0m] (step=0661800) Train Loss: 0.0847, Train Steps/Sec: 3.19, Samples/Sec: 51.05
[[34m2025-08-15 17:12:27[0m] (step=0661900) Train Loss: 0.0878, Train Steps/Sec: 3.04, Samples/Sec: 48.57
[[34m2025-08-15 17:12:58[0m] (step=0662000) Train Loss: 0.0796, Train Steps/Sec: 3.20, Samples/Sec: 51.17
[[34m2025-08-15 17:13:29[0m] (step=0662100) Train Loss: 0.0822, Train Steps/Sec: 3.21, Samples/Sec: 51.39
[[34m2025-08-15 17:14:00[0m] (step=0662200) Train Loss: 0.0931, Train Steps/Sec: 3.21, Samples/Sec: 51.43
[[34m2025-08-15 17:14:31[0m] (step=0662300) Train Loss: 0.0806, Train Steps/Sec: 3.22, Samples/Sec: 51.53
[[34m2025-08-15 17:15:03[0m] (step=0662400) Train Loss: 0.0808, Train Steps/Sec: 3.19, Samples/Sec: 50.98
[[34m2025-08-15 17:15:33[0m] (step=0662500) Train Loss: 0.0775, Train Steps/Sec: 3.26, Samples/Sec: 52.22
[[34m2025-08-15 17:16:04[0m] (step=0662600) Train Loss: 0.0846, Train Steps/Sec: 3.23, Samples/Sec: 51.74
[[34m2025-08-15 17:16:35[0m] (step=0662700) Train Loss: 0.0819, Train Steps/Sec: 3.27, Samples/Sec: 52.26
[[34m2025-08-15 17:17:06[0m] (step=0662800) Train Loss: 0.0972, Train Steps/Sec: 3.20, Samples/Sec: 51.27
[[34m2025-08-15 17:17:38[0m] (step=0662900) Train Loss: 0.0908, Train Steps/Sec: 3.17, Samples/Sec: 50.65
[[34m2025-08-15 17:18:08[0m] (step=0663000) Train Loss: 0.0804, Train Steps/Sec: 3.28, Samples/Sec: 52.47
[[34m2025-08-15 17:18:40[0m] (step=0663100) Train Loss: 0.0878, Train Steps/Sec: 3.13, Samples/Sec: 50.04
[[34m2025-08-15 17:19:12[0m] (step=0663200) Train Loss: 0.0947, Train Steps/Sec: 3.17, Samples/Sec: 50.78
[[34m2025-08-15 17:19:43[0m] (step=0663300) Train Loss: 0.0844, Train Steps/Sec: 3.19, Samples/Sec: 51.10
[[34m2025-08-15 17:20:14[0m] (step=0663400) Train Loss: 0.0877, Train Steps/Sec: 3.23, Samples/Sec: 51.60
[[34m2025-08-15 17:20:45[0m] (step=0663500) Train Loss: 0.0896, Train Steps/Sec: 3.22, Samples/Sec: 51.56
[[34m2025-08-15 17:21:16[0m] (step=0663600) Train Loss: 0.0793, Train Steps/Sec: 3.18, Samples/Sec: 50.92
[[34m2025-08-15 17:21:47[0m] (step=0663700) Train Loss: 0.0827, Train Steps/Sec: 3.25, Samples/Sec: 52.07
[[34m2025-08-15 17:22:18[0m] (step=0663800) Train Loss: 0.0858, Train Steps/Sec: 3.23, Samples/Sec: 51.69
[[34m2025-08-15 17:22:49[0m] (step=0663900) Train Loss: 0.0806, Train Steps/Sec: 3.20, Samples/Sec: 51.15
[[34m2025-08-15 17:23:20[0m] (step=0664000) Train Loss: 0.0918, Train Steps/Sec: 3.21, Samples/Sec: 51.32
[[34m2025-08-15 17:23:51[0m] (step=0664100) Train Loss: 0.0937, Train Steps/Sec: 3.26, Samples/Sec: 52.23
[[34m2025-08-15 17:24:22[0m] (step=0664200) Train Loss: 0.0864, Train Steps/Sec: 3.20, Samples/Sec: 51.21
[[34m2025-08-15 17:24:54[0m] (step=0664300) Train Loss: 0.0875, Train Steps/Sec: 3.19, Samples/Sec: 51.08
[[34m2025-08-15 17:25:25[0m] (step=0664400) Train Loss: 0.0840, Train Steps/Sec: 3.23, Samples/Sec: 51.76
[[34m2025-08-15 17:25:56[0m] (step=0664500) Train Loss: 0.0838, Train Steps/Sec: 3.20, Samples/Sec: 51.15
[[34m2025-08-15 17:26:27[0m] (step=0664600) Train Loss: 0.0868, Train Steps/Sec: 3.26, Samples/Sec: 52.10
[[34m2025-08-15 17:26:58[0m] (step=0664700) Train Loss: 0.0857, Train Steps/Sec: 3.20, Samples/Sec: 51.14
[[34m2025-08-15 17:27:29[0m] (step=0664800) Train Loss: 0.0879, Train Steps/Sec: 3.21, Samples/Sec: 51.42
[[34m2025-08-15 17:28:00[0m] (step=0664900) Train Loss: 0.0908, Train Steps/Sec: 3.26, Samples/Sec: 52.12
[[34m2025-08-15 17:28:30[0m] (step=0665000) Train Loss: 0.0906, Train Steps/Sec: 3.26, Samples/Sec: 52.10
[[34m2025-08-15 17:29:02[0m] (step=0665100) Train Loss: 0.0837, Train Steps/Sec: 3.21, Samples/Sec: 51.35
[[34m2025-08-15 17:29:33[0m] (step=0665200) Train Loss: 0.0890, Train Steps/Sec: 3.15, Samples/Sec: 50.40
[[34m2025-08-15 17:30:05[0m] (step=0665300) Train Loss: 0.0944, Train Steps/Sec: 3.18, Samples/Sec: 50.84
[[34m2025-08-15 17:30:36[0m] (step=0665400) Train Loss: 0.0900, Train Steps/Sec: 3.21, Samples/Sec: 51.40
[[34m2025-08-15 17:31:07[0m] (step=0665500) Train Loss: 0.0885, Train Steps/Sec: 3.22, Samples/Sec: 51.47
[[34m2025-08-15 17:31:39[0m] (step=0665600) Train Loss: 0.0765, Train Steps/Sec: 3.17, Samples/Sec: 50.79
[[34m2025-08-15 17:32:10[0m] (step=0665700) Train Loss: 0.0875, Train Steps/Sec: 3.14, Samples/Sec: 50.24
[[34m2025-08-15 17:32:42[0m] (step=0665800) Train Loss: 0.0932, Train Steps/Sec: 3.22, Samples/Sec: 51.50
[[34m2025-08-15 17:33:13[0m] (step=0665900) Train Loss: 0.0781, Train Steps/Sec: 3.18, Samples/Sec: 50.80
[[34m2025-08-15 17:33:45[0m] (step=0666000) Train Loss: 0.0895, Train Steps/Sec: 3.18, Samples/Sec: 50.85
[[34m2025-08-15 17:34:16[0m] (step=0666100) Train Loss: 0.0835, Train Steps/Sec: 3.23, Samples/Sec: 51.66
[[34m2025-08-15 17:34:47[0m] (step=0666200) Train Loss: 0.0833, Train Steps/Sec: 3.19, Samples/Sec: 51.09
[[34m2025-08-15 17:35:18[0m] (step=0666300) Train Loss: 0.0815, Train Steps/Sec: 3.18, Samples/Sec: 50.86
[[34m2025-08-15 17:35:49[0m] (step=0666400) Train Loss: 0.0881, Train Steps/Sec: 3.23, Samples/Sec: 51.71
[[34m2025-08-15 17:36:21[0m] (step=0666500) Train Loss: 0.0861, Train Steps/Sec: 3.18, Samples/Sec: 50.87
[[34m2025-08-15 17:36:52[0m] (step=0666600) Train Loss: 0.0876, Train Steps/Sec: 3.20, Samples/Sec: 51.16
[[34m2025-08-15 17:37:23[0m] (step=0666700) Train Loss: 0.0877, Train Steps/Sec: 3.19, Samples/Sec: 51.04
[[34m2025-08-15 17:37:54[0m] (step=0666800) Train Loss: 0.0916, Train Steps/Sec: 3.23, Samples/Sec: 51.71
[[34m2025-08-15 17:38:26[0m] (step=0666900) Train Loss: 0.0872, Train Steps/Sec: 3.21, Samples/Sec: 51.31
[[34m2025-08-15 17:38:57[0m] (step=0667000) Train Loss: 0.0911, Train Steps/Sec: 3.21, Samples/Sec: 51.31
[[34m2025-08-15 17:39:29[0m] (step=0667100) Train Loss: 0.0915, Train Steps/Sec: 3.12, Samples/Sec: 49.91
[[34m2025-08-15 17:40:00[0m] (step=0667200) Train Loss: 0.0827, Train Steps/Sec: 3.17, Samples/Sec: 50.78
[[34m2025-08-15 17:40:32[0m] (step=0667300) Train Loss: 0.0819, Train Steps/Sec: 3.20, Samples/Sec: 51.15
[[34m2025-08-15 17:41:03[0m] (step=0667400) Train Loss: 0.0816, Train Steps/Sec: 3.17, Samples/Sec: 50.78
[[34m2025-08-15 17:41:34[0m] (step=0667500) Train Loss: 0.0920, Train Steps/Sec: 3.23, Samples/Sec: 51.64
[[34m2025-08-15 17:42:06[0m] (step=0667600) Train Loss: 0.0846, Train Steps/Sec: 3.17, Samples/Sec: 50.64
[[34m2025-08-15 17:42:37[0m] (step=0667700) Train Loss: 0.0909, Train Steps/Sec: 3.24, Samples/Sec: 51.77
[[34m2025-08-15 17:43:08[0m] (step=0667800) Train Loss: 0.0742, Train Steps/Sec: 3.19, Samples/Sec: 50.97
[[34m2025-08-15 17:43:39[0m] (step=0667900) Train Loss: 0.0889, Train Steps/Sec: 3.21, Samples/Sec: 51.39
[[34m2025-08-15 17:44:10[0m] (step=0668000) Train Loss: 0.0858, Train Steps/Sec: 3.23, Samples/Sec: 51.72
[[34m2025-08-15 17:44:41[0m] (step=0668100) Train Loss: 0.0955, Train Steps/Sec: 3.22, Samples/Sec: 51.59
[[34m2025-08-15 17:45:12[0m] (step=0668200) Train Loss: 0.0841, Train Steps/Sec: 3.29, Samples/Sec: 52.59
[[34m2025-08-15 17:45:43[0m] (step=0668300) Train Loss: 0.0802, Train Steps/Sec: 3.22, Samples/Sec: 51.51
[[34m2025-08-15 17:46:14[0m] (step=0668400) Train Loss: 0.0858, Train Steps/Sec: 3.22, Samples/Sec: 51.46
[[34m2025-08-15 17:46:45[0m] (step=0668500) Train Loss: 0.0909, Train Steps/Sec: 3.20, Samples/Sec: 51.23
[[34m2025-08-15 17:47:16[0m] (step=0668600) Train Loss: 0.0932, Train Steps/Sec: 3.22, Samples/Sec: 51.51
[[34m2025-08-15 17:47:47[0m] (step=0668700) Train Loss: 0.0796, Train Steps/Sec: 3.23, Samples/Sec: 51.62
[[34m2025-08-15 17:48:18[0m] (step=0668800) Train Loss: 0.0872, Train Steps/Sec: 3.23, Samples/Sec: 51.66
[[34m2025-08-15 17:48:48[0m] (step=0668900) Train Loss: 0.0809, Train Steps/Sec: 3.30, Samples/Sec: 52.82
[[34m2025-08-15 17:49:20[0m] (step=0669000) Train Loss: 0.0836, Train Steps/Sec: 3.17, Samples/Sec: 50.74
[[34m2025-08-15 17:49:51[0m] (step=0669100) Train Loss: 0.0916, Train Steps/Sec: 3.20, Samples/Sec: 51.24
[[34m2025-08-15 17:50:22[0m] (step=0669200) Train Loss: 0.0894, Train Steps/Sec: 3.20, Samples/Sec: 51.17
[[34m2025-08-15 17:50:53[0m] (step=0669300) Train Loss: 0.0816, Train Steps/Sec: 3.26, Samples/Sec: 52.15
[[34m2025-08-15 17:51:25[0m] (step=0669400) Train Loss: 0.0822, Train Steps/Sec: 3.17, Samples/Sec: 50.72
[[34m2025-08-15 17:51:56[0m] (step=0669500) Train Loss: 0.0883, Train Steps/Sec: 3.20, Samples/Sec: 51.28
[[34m2025-08-15 17:52:27[0m] (step=0669600) Train Loss: 0.0853, Train Steps/Sec: 3.21, Samples/Sec: 51.32
[[34m2025-08-15 17:52:59[0m] (step=0669700) Train Loss: 0.0834, Train Steps/Sec: 3.16, Samples/Sec: 50.53
[[34m2025-08-15 17:53:31[0m] (step=0669800) Train Loss: 0.0851, Train Steps/Sec: 3.15, Samples/Sec: 50.32
[[34m2025-08-15 17:54:01[0m] (step=0669900) Train Loss: 0.0859, Train Steps/Sec: 3.23, Samples/Sec: 51.68
[[34m2025-08-15 17:54:32[0m] (step=0670000) Train Loss: 0.0812, Train Steps/Sec: 3.23, Samples/Sec: 51.65
Using cache found in ./models/facebookresearch_dino_main
Using cache found in ./models/facebookresearch_dino_main
Using cache found in ./models/facebookresearch_dino_main
[[34m2025-08-15 17:54:51[0m] Saved checkpoint to logs/nwm_cdit_airvln_v6_1/checkpoints/latest.pth.tar
Using cache found in ./models/facebookresearch_dino_main
[[34m2025-08-15 17:54:54[0m] Already found a `peft_config` attribute in the model. This will lead to having multiple adapters in the model. Make sure to know what you are doing!
[[34m2025-08-15 17:56:22[0m] (step=0670000) Perceptual Loss: 0.2044, Eval Time: 91.05
[[34m2025-08-15 17:56:53[0m] (step=0670100) Train Loss: 0.0912, Train Steps/Sec: 0.71, Samples/Sec: 11.39
[[34m2025-08-15 17:57:24[0m] (step=0670200) Train Loss: 0.0870, Train Steps/Sec: 3.22, Samples/Sec: 51.45
[[34m2025-08-15 17:57:55[0m] (step=0670300) Train Loss: 0.0790, Train Steps/Sec: 3.18, Samples/Sec: 50.88
[[34m2025-08-15 17:58:27[0m] (step=0670400) Train Loss: 0.0849, Train Steps/Sec: 3.20, Samples/Sec: 51.25
[[34m2025-08-15 17:58:57[0m] (step=0670500) Train Loss: 0.0897, Train Steps/Sec: 3.26, Samples/Sec: 52.12
[[34m2025-08-15 17:59:29[0m] (step=0670600) Train Loss: 0.0785, Train Steps/Sec: 3.17, Samples/Sec: 50.64
[[34m2025-08-15 18:00:00[0m] (step=0670700) Train Loss: 0.0900, Train Steps/Sec: 3.24, Samples/Sec: 51.84
[[34m2025-08-15 18:00:31[0m] (step=0670800) Train Loss: 0.0985, Train Steps/Sec: 3.24, Samples/Sec: 51.78
[[34m2025-08-15 18:01:03[0m] (step=0670900) Train Loss: 0.0817, Train Steps/Sec: 3.10, Samples/Sec: 49.57
[[34m2025-08-15 18:01:34[0m] (step=0671000) Train Loss: 0.0780, Train Steps/Sec: 3.19, Samples/Sec: 50.99
[[34m2025-08-15 18:02:05[0m] (step=0671100) Train Loss: 0.0920, Train Steps/Sec: 3.22, Samples/Sec: 51.59
[[34m2025-08-15 18:02:37[0m] (step=0671200) Train Loss: 0.0926, Train Steps/Sec: 3.19, Samples/Sec: 51.00
[[34m2025-08-15 18:03:09[0m] (step=0671300) Train Loss: 0.0802, Train Steps/Sec: 3.16, Samples/Sec: 50.57
[[34m2025-08-15 18:03:39[0m] (step=0671400) Train Loss: 0.0938, Train Steps/Sec: 3.26, Samples/Sec: 52.14
[[34m2025-08-15 18:04:11[0m] (step=0671500) Train Loss: 0.0814, Train Steps/Sec: 3.11, Samples/Sec: 49.80
[[34m2025-08-15 18:04:44[0m] (step=0671600) Train Loss: 0.0812, Train Steps/Sec: 3.08, Samples/Sec: 49.28
[[34m2025-08-15 18:05:16[0m] (step=0671700) Train Loss: 0.0834, Train Steps/Sec: 3.10, Samples/Sec: 49.62
[[34m2025-08-15 18:05:47[0m] (step=0671800) Train Loss: 0.0874, Train Steps/Sec: 3.23, Samples/Sec: 51.67
[[34m2025-08-15 18:06:18[0m] (step=0671900) Train Loss: 0.0858, Train Steps/Sec: 3.22, Samples/Sec: 51.45
[[34m2025-08-15 18:06:50[0m] (step=0672000) Train Loss: 0.0750, Train Steps/Sec: 3.16, Samples/Sec: 50.61
[[34m2025-08-15 18:07:21[0m] (step=0672100) Train Loss: 0.0826, Train Steps/Sec: 3.21, Samples/Sec: 51.36
[[34m2025-08-15 18:07:52[0m] (step=0672200) Train Loss: 0.0985, Train Steps/Sec: 3.24, Samples/Sec: 51.91
[[34m2025-08-15 18:08:23[0m] (step=0672300) Train Loss: 0.0852, Train Steps/Sec: 3.22, Samples/Sec: 51.44
[[34m2025-08-15 18:08:54[0m] (step=0672400) Train Loss: 0.0960, Train Steps/Sec: 3.17, Samples/Sec: 50.77
[[34m2025-08-15 18:09:26[0m] (step=0672500) Train Loss: 0.0828, Train Steps/Sec: 3.18, Samples/Sec: 50.80
[[34m2025-08-15 18:09:57[0m] (step=0672600) Train Loss: 0.0875, Train Steps/Sec: 3.21, Samples/Sec: 51.32
[[34m2025-08-15 18:10:28[0m] (step=0672700) Train Loss: 0.0857, Train Steps/Sec: 3.21, Samples/Sec: 51.40
[[34m2025-08-15 18:10:59[0m] (step=0672800) Train Loss: 0.0878, Train Steps/Sec: 3.22, Samples/Sec: 51.54
[[34m2025-08-15 18:11:30[0m] (step=0672900) Train Loss: 0.0891, Train Steps/Sec: 3.29, Samples/Sec: 52.71
[[34m2025-08-15 18:12:01[0m] (step=0673000) Train Loss: 0.0886, Train Steps/Sec: 3.19, Samples/Sec: 50.98
[[34m2025-08-15 18:12:33[0m] (step=0673100) Train Loss: 0.0823, Train Steps/Sec: 3.15, Samples/Sec: 50.45
[[34m2025-08-15 18:13:04[0m] (step=0673200) Train Loss: 0.0969, Train Steps/Sec: 3.22, Samples/Sec: 51.55
[[34m2025-08-15 18:13:35[0m] (step=0673300) Train Loss: 0.0868, Train Steps/Sec: 3.16, Samples/Sec: 50.62
[[34m2025-08-15 18:14:06[0m] (step=0673400) Train Loss: 0.0879, Train Steps/Sec: 3.23, Samples/Sec: 51.66
[[34m2025-08-15 18:14:37[0m] (step=0673500) Train Loss: 0.0931, Train Steps/Sec: 3.24, Samples/Sec: 51.83
[[34m2025-08-15 18:15:08[0m] (step=0673600) Train Loss: 0.0868, Train Steps/Sec: 3.23, Samples/Sec: 51.68
[[34m2025-08-15 18:15:40[0m] (step=0673700) Train Loss: 0.0842, Train Steps/Sec: 3.18, Samples/Sec: 50.83
[[34m2025-08-15 18:16:11[0m] (step=0673800) Train Loss: 0.0846, Train Steps/Sec: 3.22, Samples/Sec: 51.49
[[34m2025-08-15 18:16:42[0m] (step=0673900) Train Loss: 0.0847, Train Steps/Sec: 3.21, Samples/Sec: 51.36
[[34m2025-08-15 18:17:13[0m] (step=0674000) Train Loss: 0.0898, Train Steps/Sec: 3.20, Samples/Sec: 51.23
[[34m2025-08-15 18:17:44[0m] (step=0674100) Train Loss: 0.0821, Train Steps/Sec: 3.30, Samples/Sec: 52.85
[[34m2025-08-15 18:18:15[0m] (step=0674200) Train Loss: 0.0829, Train Steps/Sec: 3.17, Samples/Sec: 50.67
[[34m2025-08-15 18:18:46[0m] (step=0674300) Train Loss: 0.0960, Train Steps/Sec: 3.20, Samples/Sec: 51.25
[[34m2025-08-15 18:19:17[0m] (step=0674400) Train Loss: 0.0838, Train Steps/Sec: 3.24, Samples/Sec: 51.92
[[34m2025-08-15 18:19:49[0m] (step=0674500) Train Loss: 0.0939, Train Steps/Sec: 3.19, Samples/Sec: 50.96
[[34m2025-08-15 18:20:20[0m] (step=0674600) Train Loss: 0.0859, Train Steps/Sec: 3.21, Samples/Sec: 51.43
[[34m2025-08-15 18:20:51[0m] (step=0674700) Train Loss: 0.0804, Train Steps/Sec: 3.17, Samples/Sec: 50.75
[[34m2025-08-15 18:21:22[0m] (step=0674800) Train Loss: 0.0795, Train Steps/Sec: 3.23, Samples/Sec: 51.65
[[34m2025-08-15 18:21:53[0m] (step=0674900) Train Loss: 0.0815, Train Steps/Sec: 3.23, Samples/Sec: 51.63
[[34m2025-08-15 18:22:24[0m] (step=0675000) Train Loss: 0.0894, Train Steps/Sec: 3.20, Samples/Sec: 51.13
[[34m2025-08-15 18:22:56[0m] (step=0675100) Train Loss: 0.0827, Train Steps/Sec: 3.21, Samples/Sec: 51.38
[[34m2025-08-15 18:23:27[0m] (step=0675200) Train Loss: 0.0918, Train Steps/Sec: 3.23, Samples/Sec: 51.71
[[34m2025-08-15 18:23:59[0m] (step=0675300) Train Loss: 0.0843, Train Steps/Sec: 3.12, Samples/Sec: 49.89
[[34m2025-08-15 18:24:30[0m] (step=0675400) Train Loss: 0.0867, Train Steps/Sec: 3.16, Samples/Sec: 50.64
[[34m2025-08-15 18:25:04[0m] (step=0675500) Train Loss: 0.0831, Train Steps/Sec: 2.96, Samples/Sec: 47.32
[[34m2025-08-15 18:25:35[0m] (step=0675600) Train Loss: 0.0843, Train Steps/Sec: 3.21, Samples/Sec: 51.40
[[34m2025-08-15 18:25:49[0m] Beginning epoch 8...
[[34m2025-08-15 18:26:11[0m] (step=0675700) Train Loss: 0.0885, Train Steps/Sec: 2.81, Samples/Sec: 44.94
[[34m2025-08-15 18:26:43[0m] (step=0675800) Train Loss: 0.0852, Train Steps/Sec: 3.11, Samples/Sec: 49.74
[[34m2025-08-15 18:27:15[0m] (step=0675900) Train Loss: 0.0811, Train Steps/Sec: 3.17, Samples/Sec: 50.66
[[34m2025-08-15 18:27:46[0m] (step=0676000) Train Loss: 0.0848, Train Steps/Sec: 3.15, Samples/Sec: 50.39
[[34m2025-08-15 18:28:17[0m] (step=0676100) Train Loss: 0.0836, Train Steps/Sec: 3.23, Samples/Sec: 51.65
[[34m2025-08-15 18:28:49[0m] (step=0676200) Train Loss: 0.0829, Train Steps/Sec: 3.20, Samples/Sec: 51.17
[[34m2025-08-15 18:29:20[0m] (step=0676300) Train Loss: 0.0878, Train Steps/Sec: 3.19, Samples/Sec: 51.02
[[34m2025-08-15 18:29:51[0m] (step=0676400) Train Loss: 0.0880, Train Steps/Sec: 3.20, Samples/Sec: 51.22
[[34m2025-08-15 18:30:22[0m] (step=0676500) Train Loss: 0.0822, Train Steps/Sec: 3.20, Samples/Sec: 51.20
[[34m2025-08-15 18:30:54[0m] (step=0676600) Train Loss: 0.0847, Train Steps/Sec: 3.22, Samples/Sec: 51.45
[[34m2025-08-15 18:31:25[0m] (step=0676700) Train Loss: 0.0886, Train Steps/Sec: 3.14, Samples/Sec: 50.30
[[34m2025-08-15 18:31:57[0m] (step=0676800) Train Loss: 0.0963, Train Steps/Sec: 3.19, Samples/Sec: 51.10
[[34m2025-08-15 18:32:28[0m] (step=0676900) Train Loss: 0.0889, Train Steps/Sec: 3.20, Samples/Sec: 51.24
[[34m2025-08-15 18:33:00[0m] (step=0677000) Train Loss: 0.0769, Train Steps/Sec: 3.15, Samples/Sec: 50.33
[[34m2025-08-15 18:33:30[0m] (step=0677100) Train Loss: 0.0875, Train Steps/Sec: 3.26, Samples/Sec: 52.12
[[34m2025-08-15 18:34:02[0m] (step=0677200) Train Loss: 0.0852, Train Steps/Sec: 3.17, Samples/Sec: 50.69
[[34m2025-08-15 18:34:33[0m] (step=0677300) Train Loss: 0.0911, Train Steps/Sec: 3.21, Samples/Sec: 51.36
[[34m2025-08-15 18:35:04[0m] (step=0677400) Train Loss: 0.0915, Train Steps/Sec: 3.20, Samples/Sec: 51.18
[[34m2025-08-15 18:35:35[0m] (step=0677500) Train Loss: 0.0850, Train Steps/Sec: 3.25, Samples/Sec: 52.03
[[34m2025-08-15 18:36:06[0m] (step=0677600) Train Loss: 0.0887, Train Steps/Sec: 3.24, Samples/Sec: 51.80
[[34m2025-08-15 18:36:38[0m] (step=0677700) Train Loss: 0.0908, Train Steps/Sec: 3.17, Samples/Sec: 50.65
[[34m2025-08-15 18:37:09[0m] (step=0677800) Train Loss: 0.0834, Train Steps/Sec: 3.19, Samples/Sec: 51.05
[[34m2025-08-15 18:37:40[0m] (step=0677900) Train Loss: 0.0844, Train Steps/Sec: 3.22, Samples/Sec: 51.45
[[34m2025-08-15 18:38:11[0m] (step=0678000) Train Loss: 0.0880, Train Steps/Sec: 3.21, Samples/Sec: 51.40
[[34m2025-08-15 18:38:42[0m] (step=0678100) Train Loss: 0.0895, Train Steps/Sec: 3.23, Samples/Sec: 51.62
[[34m2025-08-15 18:39:13[0m] (step=0678200) Train Loss: 0.0893, Train Steps/Sec: 3.22, Samples/Sec: 51.48
[[34m2025-08-15 18:39:45[0m] (step=0678300) Train Loss: 0.0858, Train Steps/Sec: 3.20, Samples/Sec: 51.17
[[34m2025-08-15 18:40:16[0m] (step=0678400) Train Loss: 0.0835, Train Steps/Sec: 3.20, Samples/Sec: 51.15
[[34m2025-08-15 18:40:48[0m] (step=0678500) Train Loss: 0.0886, Train Steps/Sec: 3.16, Samples/Sec: 50.61
[[34m2025-08-15 18:41:19[0m] (step=0678600) Train Loss: 0.0800, Train Steps/Sec: 3.24, Samples/Sec: 51.77
[[34m2025-08-15 18:41:50[0m] (step=0678700) Train Loss: 0.0952, Train Steps/Sec: 3.20, Samples/Sec: 51.23
[[34m2025-08-15 18:42:21[0m] (step=0678800) Train Loss: 0.0807, Train Steps/Sec: 3.21, Samples/Sec: 51.39
[[34m2025-08-15 18:42:52[0m] (step=0678900) Train Loss: 0.0853, Train Steps/Sec: 3.18, Samples/Sec: 50.91
[[34m2025-08-15 18:43:24[0m] (step=0679000) Train Loss: 0.0793, Train Steps/Sec: 3.14, Samples/Sec: 50.31
[[34m2025-08-15 18:43:56[0m] (step=0679100) Train Loss: 0.0827, Train Steps/Sec: 3.16, Samples/Sec: 50.63
[[34m2025-08-15 18:44:27[0m] (step=0679200) Train Loss: 0.0873, Train Steps/Sec: 3.16, Samples/Sec: 50.56
[[34m2025-08-15 18:44:59[0m] (step=0679300) Train Loss: 0.0953, Train Steps/Sec: 3.18, Samples/Sec: 50.96
[[34m2025-08-15 18:45:31[0m] (step=0679400) Train Loss: 0.0934, Train Steps/Sec: 3.16, Samples/Sec: 50.51
[[34m2025-08-15 18:46:01[0m] (step=0679500) Train Loss: 0.0853, Train Steps/Sec: 3.28, Samples/Sec: 52.52
[[34m2025-08-15 18:46:33[0m] (step=0679600) Train Loss: 0.0899, Train Steps/Sec: 3.17, Samples/Sec: 50.78
[[34m2025-08-15 18:47:04[0m] (step=0679700) Train Loss: 0.0931, Train Steps/Sec: 3.21, Samples/Sec: 51.30
[[34m2025-08-15 18:47:37[0m] (step=0679800) Train Loss: 0.0815, Train Steps/Sec: 3.04, Samples/Sec: 48.67
[[34m2025-08-15 18:48:08[0m] (step=0679900) Train Loss: 0.0742, Train Steps/Sec: 3.17, Samples/Sec: 50.75
[[34m2025-08-15 18:48:39[0m] (step=0680000) Train Loss: 0.0880, Train Steps/Sec: 3.23, Samples/Sec: 51.61
Using cache found in ./models/facebookresearch_dino_main
Using cache found in ./models/facebookresearch_dino_main
Using cache found in ./models/facebookresearch_dino_main
[[34m2025-08-15 18:49:02[0m] Saved checkpoint to logs/nwm_cdit_airvln_v6_1/checkpoints/latest.pth.tar
Using cache found in ./models/facebookresearch_dino_main
[[34m2025-08-15 18:49:07[0m] Already found a `peft_config` attribute in the model. This will lead to having multiple adapters in the model. Make sure to know what you are doing!
[[34m2025-08-15 18:50:33[0m] (step=0680000) Perceptual Loss: 0.1824, Eval Time: 91.59
[[34m2025-08-15 18:51:04[0m] (step=0680100) Train Loss: 0.0755, Train Steps/Sec: 0.69, Samples/Sec: 11.04
[[34m2025-08-15 18:51:35[0m] (step=0680200) Train Loss: 0.0833, Train Steps/Sec: 3.24, Samples/Sec: 51.79
[[34m2025-08-15 18:52:06[0m] (step=0680300) Train Loss: 0.0929, Train Steps/Sec: 3.20, Samples/Sec: 51.17
[[34m2025-08-15 18:52:37[0m] (step=0680400) Train Loss: 0.0907, Train Steps/Sec: 3.23, Samples/Sec: 51.69
[[34m2025-08-15 18:53:10[0m] (step=0680500) Train Loss: 0.0740, Train Steps/Sec: 3.09, Samples/Sec: 49.37
[[34m2025-08-15 18:53:41[0m] (step=0680600) Train Loss: 0.0861, Train Steps/Sec: 3.19, Samples/Sec: 51.06
[[34m2025-08-15 18:54:12[0m] (step=0680700) Train Loss: 0.0885, Train Steps/Sec: 3.21, Samples/Sec: 51.30
[[34m2025-08-15 18:54:44[0m] (step=0680800) Train Loss: 0.0809, Train Steps/Sec: 3.19, Samples/Sec: 51.01
[[34m2025-08-15 18:55:15[0m] (step=0680900) Train Loss: 0.0910, Train Steps/Sec: 3.20, Samples/Sec: 51.20
[[34m2025-08-15 18:55:47[0m] (step=0681000) Train Loss: 0.0928, Train Steps/Sec: 3.14, Samples/Sec: 50.17
[[34m2025-08-15 18:56:18[0m] (step=0681100) Train Loss: 0.0840, Train Steps/Sec: 3.24, Samples/Sec: 51.88
[[34m2025-08-15 18:56:48[0m] (step=0681200) Train Loss: 0.0801, Train Steps/Sec: 3.23, Samples/Sec: 51.69
[[34m2025-08-15 18:57:19[0m] (step=0681300) Train Loss: 0.0851, Train Steps/Sec: 3.24, Samples/Sec: 51.88
[[34m2025-08-15 18:57:50[0m] (step=0681400) Train Loss: 0.0879, Train Steps/Sec: 3.22, Samples/Sec: 51.54
[[34m2025-08-15 18:58:22[0m] (step=0681500) Train Loss: 0.0833, Train Steps/Sec: 3.21, Samples/Sec: 51.36
[[34m2025-08-15 18:58:53[0m] (step=0681600) Train Loss: 0.0962, Train Steps/Sec: 3.21, Samples/Sec: 51.40
[[34m2025-08-15 18:59:25[0m] (step=0681700) Train Loss: 0.0782, Train Steps/Sec: 3.07, Samples/Sec: 49.20
[[34m2025-08-15 18:59:57[0m] (step=0681800) Train Loss: 0.0816, Train Steps/Sec: 3.16, Samples/Sec: 50.64
[[34m2025-08-15 19:00:28[0m] (step=0681900) Train Loss: 0.0819, Train Steps/Sec: 3.19, Samples/Sec: 51.10
[[34m2025-08-15 19:01:00[0m] (step=0682000) Train Loss: 0.0826, Train Steps/Sec: 3.11, Samples/Sec: 49.75
[[34m2025-08-15 19:01:32[0m] (step=0682100) Train Loss: 0.0820, Train Steps/Sec: 3.20, Samples/Sec: 51.27
[[34m2025-08-15 19:02:03[0m] (step=0682200) Train Loss: 0.0862, Train Steps/Sec: 3.17, Samples/Sec: 50.73
[[34m2025-08-15 19:02:35[0m] (step=0682300) Train Loss: 0.0879, Train Steps/Sec: 3.14, Samples/Sec: 50.25
[[34m2025-08-15 19:03:07[0m] (step=0682400) Train Loss: 0.0884, Train Steps/Sec: 3.14, Samples/Sec: 50.18
[[34m2025-08-15 19:03:39[0m] (step=0682500) Train Loss: 0.0887, Train Steps/Sec: 3.15, Samples/Sec: 50.45
[[34m2025-08-15 19:04:09[0m] (step=0682600) Train Loss: 0.0839, Train Steps/Sec: 3.23, Samples/Sec: 51.72
[[34m2025-08-15 19:04:41[0m] (step=0682700) Train Loss: 0.0784, Train Steps/Sec: 3.16, Samples/Sec: 50.60
[[34m2025-08-15 19:05:14[0m] (step=0682800) Train Loss: 0.0947, Train Steps/Sec: 3.08, Samples/Sec: 49.29
[[34m2025-08-15 19:05:45[0m] (step=0682900) Train Loss: 0.0818, Train Steps/Sec: 3.19, Samples/Sec: 51.04
[[34m2025-08-15 19:06:16[0m] (step=0683000) Train Loss: 0.0844, Train Steps/Sec: 3.23, Samples/Sec: 51.73
[[34m2025-08-15 19:06:48[0m] (step=0683100) Train Loss: 0.0835, Train Steps/Sec: 3.14, Samples/Sec: 50.16
[[34m2025-08-15 19:07:19[0m] (step=0683200) Train Loss: 0.0840, Train Steps/Sec: 3.21, Samples/Sec: 51.40
[[34m2025-08-15 19:07:50[0m] (step=0683300) Train Loss: 0.0829, Train Steps/Sec: 3.19, Samples/Sec: 51.11
[[34m2025-08-15 19:08:22[0m] (step=0683400) Train Loss: 0.0859, Train Steps/Sec: 3.18, Samples/Sec: 50.86
[[34m2025-08-15 19:08:53[0m] (step=0683500) Train Loss: 0.0915, Train Steps/Sec: 3.15, Samples/Sec: 50.42
[[34m2025-08-15 19:09:25[0m] (step=0683600) Train Loss: 0.0883, Train Steps/Sec: 3.18, Samples/Sec: 50.84
[[34m2025-08-15 19:09:57[0m] (step=0683700) Train Loss: 0.0843, Train Steps/Sec: 3.12, Samples/Sec: 49.96
[[34m2025-08-15 19:10:28[0m] (step=0683800) Train Loss: 0.0910, Train Steps/Sec: 3.24, Samples/Sec: 51.82
[[34m2025-08-15 19:10:59[0m] (step=0683900) Train Loss: 0.0906, Train Steps/Sec: 3.24, Samples/Sec: 51.91
[[34m2025-08-15 19:11:30[0m] (step=0684000) Train Loss: 0.0814, Train Steps/Sec: 3.18, Samples/Sec: 50.96
[[34m2025-08-15 19:12:01[0m] (step=0684100) Train Loss: 0.0862, Train Steps/Sec: 3.24, Samples/Sec: 51.89
[[34m2025-08-15 19:12:32[0m] (step=0684200) Train Loss: 0.0947, Train Steps/Sec: 3.17, Samples/Sec: 50.75
[[34m2025-08-15 19:13:05[0m] (step=0684300) Train Loss: 0.0895, Train Steps/Sec: 3.12, Samples/Sec: 49.99
[[34m2025-08-15 19:13:36[0m] (step=0684400) Train Loss: 0.0920, Train Steps/Sec: 3.17, Samples/Sec: 50.77
[[34m2025-08-15 19:14:07[0m] (step=0684500) Train Loss: 0.0831, Train Steps/Sec: 3.23, Samples/Sec: 51.61
[[34m2025-08-15 19:14:39[0m] (step=0684600) Train Loss: 0.0828, Train Steps/Sec: 3.16, Samples/Sec: 50.62
[[34m2025-08-15 19:15:09[0m] (step=0684700) Train Loss: 0.0829, Train Steps/Sec: 3.26, Samples/Sec: 52.10
[[34m2025-08-15 19:15:41[0m] (step=0684800) Train Loss: 0.0806, Train Steps/Sec: 3.21, Samples/Sec: 51.35
[[34m2025-08-15 19:16:12[0m] (step=0684900) Train Loss: 0.0918, Train Steps/Sec: 3.16, Samples/Sec: 50.53
[[34m2025-08-15 19:16:44[0m] (step=0685000) Train Loss: 0.0897, Train Steps/Sec: 3.16, Samples/Sec: 50.54
[[34m2025-08-15 19:17:15[0m] (step=0685100) Train Loss: 0.0850, Train Steps/Sec: 3.23, Samples/Sec: 51.61
[[34m2025-08-15 19:17:46[0m] (step=0685200) Train Loss: 0.0897, Train Steps/Sec: 3.22, Samples/Sec: 51.59
[[34m2025-08-15 19:18:18[0m] (step=0685300) Train Loss: 0.0929, Train Steps/Sec: 3.15, Samples/Sec: 50.45
[[34m2025-08-15 19:18:49[0m] (step=0685400) Train Loss: 0.0940, Train Steps/Sec: 3.21, Samples/Sec: 51.31
[[34m2025-08-15 19:19:20[0m] (step=0685500) Train Loss: 0.0813, Train Steps/Sec: 3.21, Samples/Sec: 51.32
[[34m2025-08-15 19:19:51[0m] (step=0685600) Train Loss: 0.0819, Train Steps/Sec: 3.25, Samples/Sec: 51.96
[[34m2025-08-15 19:20:22[0m] (step=0685700) Train Loss: 0.0858, Train Steps/Sec: 3.20, Samples/Sec: 51.20
[[34m2025-08-15 19:20:54[0m] (step=0685800) Train Loss: 0.0909, Train Steps/Sec: 3.18, Samples/Sec: 50.82
[[34m2025-08-15 19:21:25[0m] (step=0685900) Train Loss: 0.0906, Train Steps/Sec: 3.21, Samples/Sec: 51.43
[[34m2025-08-15 19:21:55[0m] (step=0686000) Train Loss: 0.0886, Train Steps/Sec: 3.27, Samples/Sec: 52.28
[[34m2025-08-15 19:22:26[0m] (step=0686100) Train Loss: 0.0847, Train Steps/Sec: 3.24, Samples/Sec: 51.76
[[34m2025-08-15 19:22:57[0m] (step=0686200) Train Loss: 0.0855, Train Steps/Sec: 3.25, Samples/Sec: 51.95
[[34m2025-08-15 19:23:28[0m] (step=0686300) Train Loss: 0.0912, Train Steps/Sec: 3.23, Samples/Sec: 51.69
[[34m2025-08-15 19:24:01[0m] (step=0686400) Train Loss: 0.0922, Train Steps/Sec: 3.05, Samples/Sec: 48.84
[[34m2025-08-15 19:24:32[0m] (step=0686500) Train Loss: 0.0817, Train Steps/Sec: 3.25, Samples/Sec: 51.95
[[34m2025-08-15 19:25:03[0m] (step=0686600) Train Loss: 0.0797, Train Steps/Sec: 3.23, Samples/Sec: 51.66
[[34m2025-08-15 19:25:34[0m] (step=0686700) Train Loss: 0.0832, Train Steps/Sec: 3.23, Samples/Sec: 51.62
[[34m2025-08-15 19:26:05[0m] (step=0686800) Train Loss: 0.0926, Train Steps/Sec: 3.19, Samples/Sec: 51.05
[[34m2025-08-15 19:26:36[0m] (step=0686900) Train Loss: 0.0897, Train Steps/Sec: 3.23, Samples/Sec: 51.64
[[34m2025-08-15 19:27:07[0m] (step=0687000) Train Loss: 0.0748, Train Steps/Sec: 3.21, Samples/Sec: 51.28
[[34m2025-08-15 19:27:38[0m] (step=0687100) Train Loss: 0.0783, Train Steps/Sec: 3.20, Samples/Sec: 51.26
[[34m2025-08-15 19:28:09[0m] (step=0687200) Train Loss: 0.0869, Train Steps/Sec: 3.24, Samples/Sec: 51.77
[[34m2025-08-15 19:28:42[0m] (step=0687300) Train Loss: 0.0848, Train Steps/Sec: 3.09, Samples/Sec: 49.44
[[34m2025-08-15 19:29:13[0m] (step=0687400) Train Loss: 0.0918, Train Steps/Sec: 3.22, Samples/Sec: 51.45
[[34m2025-08-15 19:29:44[0m] (step=0687500) Train Loss: 0.0842, Train Steps/Sec: 3.19, Samples/Sec: 50.99
[[34m2025-08-15 19:30:16[0m] (step=0687600) Train Loss: 0.0866, Train Steps/Sec: 3.17, Samples/Sec: 50.66
[[34m2025-08-15 19:30:48[0m] (step=0687700) Train Loss: 0.0869, Train Steps/Sec: 3.15, Samples/Sec: 50.32
[[34m2025-08-15 19:31:19[0m] (step=0687800) Train Loss: 0.0857, Train Steps/Sec: 3.19, Samples/Sec: 51.09
[[34m2025-08-15 19:31:50[0m] (step=0687900) Train Loss: 0.0847, Train Steps/Sec: 3.19, Samples/Sec: 51.03
[[34m2025-08-15 19:32:21[0m] (step=0688000) Train Loss: 0.0828, Train Steps/Sec: 3.22, Samples/Sec: 51.52
[[34m2025-08-15 19:32:54[0m] (step=0688100) Train Loss: 0.0851, Train Steps/Sec: 3.08, Samples/Sec: 49.21
[[34m2025-08-15 19:33:25[0m] (step=0688200) Train Loss: 0.0883, Train Steps/Sec: 3.20, Samples/Sec: 51.20
[[34m2025-08-15 19:33:56[0m] (step=0688300) Train Loss: 0.0895, Train Steps/Sec: 3.20, Samples/Sec: 51.16
[[34m2025-08-15 19:34:29[0m] (step=0688400) Train Loss: 0.0843, Train Steps/Sec: 3.11, Samples/Sec: 49.69
[[34m2025-08-15 19:35:00[0m] (step=0688500) Train Loss: 0.0841, Train Steps/Sec: 3.20, Samples/Sec: 51.13
[[34m2025-08-15 19:35:31[0m] (step=0688600) Train Loss: 0.0904, Train Steps/Sec: 3.23, Samples/Sec: 51.66
[[34m2025-08-15 19:36:02[0m] (step=0688700) Train Loss: 0.0823, Train Steps/Sec: 3.25, Samples/Sec: 51.96
[[34m2025-08-15 19:36:33[0m] (step=0688800) Train Loss: 0.0766, Train Steps/Sec: 3.17, Samples/Sec: 50.72
[[34m2025-08-15 19:37:05[0m] (step=0688900) Train Loss: 0.0834, Train Steps/Sec: 3.15, Samples/Sec: 50.42
[[34m2025-08-15 19:37:37[0m] (step=0689000) Train Loss: 0.0763, Train Steps/Sec: 3.15, Samples/Sec: 50.39
[[34m2025-08-15 19:38:08[0m] (step=0689100) Train Loss: 0.0845, Train Steps/Sec: 3.20, Samples/Sec: 51.15
[[34m2025-08-15 19:38:39[0m] (step=0689200) Train Loss: 0.0896, Train Steps/Sec: 3.20, Samples/Sec: 51.12
[[34m2025-08-15 19:39:11[0m] (step=0689300) Train Loss: 0.0926, Train Steps/Sec: 3.18, Samples/Sec: 50.88
[[34m2025-08-15 19:39:42[0m] (step=0689400) Train Loss: 0.0890, Train Steps/Sec: 3.24, Samples/Sec: 51.91
[[34m2025-08-15 19:40:13[0m] (step=0689500) Train Loss: 0.0936, Train Steps/Sec: 3.20, Samples/Sec: 51.19
[[34m2025-08-15 19:40:44[0m] (step=0689600) Train Loss: 0.0791, Train Steps/Sec: 3.20, Samples/Sec: 51.26
[[34m2025-08-15 19:41:15[0m] (step=0689700) Train Loss: 0.0852, Train Steps/Sec: 3.20, Samples/Sec: 51.16
[[34m2025-08-15 19:41:47[0m] (step=0689800) Train Loss: 0.0869, Train Steps/Sec: 3.18, Samples/Sec: 50.87
[[34m2025-08-15 19:42:18[0m] (step=0689900) Train Loss: 0.0782, Train Steps/Sec: 3.20, Samples/Sec: 51.23
[[34m2025-08-15 19:42:49[0m] (step=0690000) Train Loss: 0.0851, Train Steps/Sec: 3.20, Samples/Sec: 51.24
Using cache found in ./models/facebookresearch_dino_main
Using cache found in ./models/facebookresearch_dino_main
Using cache found in ./models/facebookresearch_dino_main
[[34m2025-08-15 19:43:07[0m] Saved checkpoint to logs/nwm_cdit_airvln_v6_1/checkpoints/latest.pth.tar
Using cache found in ./models/facebookresearch_dino_main
[[34m2025-08-15 19:43:10[0m] Already found a `peft_config` attribute in the model. This will lead to having multiple adapters in the model. Make sure to know what you are doing!
[[34m2025-08-15 19:44:35[0m] (step=0690000) Perceptual Loss: 0.2215, Eval Time: 87.94
[[34m2025-08-15 19:45:07[0m] (step=0690100) Train Loss: 0.0869, Train Steps/Sec: 0.73, Samples/Sec: 11.62
[[34m2025-08-15 19:45:39[0m] (step=0690200) Train Loss: 0.0938, Train Steps/Sec: 3.12, Samples/Sec: 49.95
[[34m2025-08-15 19:46:10[0m] (step=0690300) Train Loss: 0.0845, Train Steps/Sec: 3.23, Samples/Sec: 51.68
[[34m2025-08-15 19:46:41[0m] (step=0690400) Train Loss: 0.0822, Train Steps/Sec: 3.17, Samples/Sec: 50.79
[[34m2025-08-15 19:47:12[0m] (step=0690500) Train Loss: 0.0799, Train Steps/Sec: 3.24, Samples/Sec: 51.78
[[34m2025-08-15 19:47:43[0m] (step=0690600) Train Loss: 0.0909, Train Steps/Sec: 3.22, Samples/Sec: 51.50
[[34m2025-08-15 19:48:15[0m] (step=0690700) Train Loss: 0.0798, Train Steps/Sec: 3.19, Samples/Sec: 50.99
[[34m2025-08-15 19:48:46[0m] (step=0690800) Train Loss: 0.0774, Train Steps/Sec: 3.20, Samples/Sec: 51.21
[[34m2025-08-15 19:49:17[0m] (step=0690900) Train Loss: 0.0862, Train Steps/Sec: 3.22, Samples/Sec: 51.47
[[34m2025-08-15 19:49:48[0m] (step=0691000) Train Loss: 0.0898, Train Steps/Sec: 3.21, Samples/Sec: 51.40
[[34m2025-08-15 19:50:19[0m] (step=0691100) Train Loss: 0.0746, Train Steps/Sec: 3.22, Samples/Sec: 51.56
[[34m2025-08-15 19:50:50[0m] (step=0691200) Train Loss: 0.0868, Train Steps/Sec: 3.27, Samples/Sec: 52.29
[[34m2025-08-15 19:51:22[0m] (step=0691300) Train Loss: 0.0838, Train Steps/Sec: 3.16, Samples/Sec: 50.48
[[34m2025-08-15 19:51:53[0m] (step=0691400) Train Loss: 0.0857, Train Steps/Sec: 3.15, Samples/Sec: 50.34
[[34m2025-08-15 19:52:25[0m] (step=0691500) Train Loss: 0.1036, Train Steps/Sec: 3.20, Samples/Sec: 51.20
[[34m2025-08-15 19:52:56[0m] (step=0691600) Train Loss: 0.0891, Train Steps/Sec: 3.22, Samples/Sec: 51.45
[[34m2025-08-15 19:53:26[0m] (step=0691700) Train Loss: 0.0760, Train Steps/Sec: 3.26, Samples/Sec: 52.10
[[34m2025-08-15 19:53:57[0m] (step=0691800) Train Loss: 0.0846, Train Steps/Sec: 3.23, Samples/Sec: 51.63
[[34m2025-08-15 19:54:29[0m] (step=0691900) Train Loss: 0.0879, Train Steps/Sec: 3.22, Samples/Sec: 51.55
[[34m2025-08-15 19:55:00[0m] (step=0692000) Train Loss: 0.0857, Train Steps/Sec: 3.23, Samples/Sec: 51.60
[[34m2025-08-15 19:55:30[0m] (step=0692100) Train Loss: 0.0921, Train Steps/Sec: 3.24, Samples/Sec: 51.87
[[34m2025-08-15 19:56:02[0m] (step=0692200) Train Loss: 0.0900, Train Steps/Sec: 3.20, Samples/Sec: 51.15
[[34m2025-08-15 19:56:33[0m] (step=0692300) Train Loss: 0.0905, Train Steps/Sec: 3.23, Samples/Sec: 51.75
[[34m2025-08-15 19:57:04[0m] (step=0692400) Train Loss: 0.0908, Train Steps/Sec: 3.22, Samples/Sec: 51.51
[[34m2025-08-15 19:57:35[0m] (step=0692500) Train Loss: 0.0903, Train Steps/Sec: 3.17, Samples/Sec: 50.66
[[34m2025-08-15 19:58:07[0m] (step=0692600) Train Loss: 0.0938, Train Steps/Sec: 3.19, Samples/Sec: 51.12
[[34m2025-08-15 19:58:38[0m] (step=0692700) Train Loss: 0.0905, Train Steps/Sec: 3.17, Samples/Sec: 50.77
[[34m2025-08-15 19:59:09[0m] (step=0692800) Train Loss: 0.0864, Train Steps/Sec: 3.23, Samples/Sec: 51.72
[[34m2025-08-15 19:59:40[0m] (step=0692900) Train Loss: 0.0839, Train Steps/Sec: 3.21, Samples/Sec: 51.34
[[34m2025-08-15 20:00:12[0m] (step=0693000) Train Loss: 0.0764, Train Steps/Sec: 3.16, Samples/Sec: 50.55
[[34m2025-08-15 20:00:43[0m] (step=0693100) Train Loss: 0.0905, Train Steps/Sec: 3.23, Samples/Sec: 51.69
[[34m2025-08-15 20:01:14[0m] (step=0693200) Train Loss: 0.0860, Train Steps/Sec: 3.21, Samples/Sec: 51.44
[[34m2025-08-15 20:01:45[0m] (step=0693300) Train Loss: 0.0823, Train Steps/Sec: 3.19, Samples/Sec: 50.99
[[34m2025-08-15 20:02:17[0m] (step=0693400) Train Loss: 0.0793, Train Steps/Sec: 3.18, Samples/Sec: 50.91
[[34m2025-08-15 20:02:49[0m] (step=0693500) Train Loss: 0.0805, Train Steps/Sec: 3.11, Samples/Sec: 49.72
[[34m2025-08-15 20:03:21[0m] (step=0693600) Train Loss: 0.0935, Train Steps/Sec: 3.17, Samples/Sec: 50.67
[[34m2025-08-15 20:03:52[0m] (step=0693700) Train Loss: 0.0890, Train Steps/Sec: 3.20, Samples/Sec: 51.12
[[34m2025-08-15 20:04:23[0m] (step=0693800) Train Loss: 0.0903, Train Steps/Sec: 3.18, Samples/Sec: 50.88
[[34m2025-08-15 20:04:55[0m] (step=0693900) Train Loss: 0.0902, Train Steps/Sec: 3.21, Samples/Sec: 51.33
[[34m2025-08-15 20:05:26[0m] (step=0694000) Train Loss: 0.0935, Train Steps/Sec: 3.22, Samples/Sec: 51.60
[[34m2025-08-15 20:05:57[0m] (step=0694100) Train Loss: 0.0828, Train Steps/Sec: 3.16, Samples/Sec: 50.54
[[34m2025-08-15 20:06:29[0m] (step=0694200) Train Loss: 0.0879, Train Steps/Sec: 3.14, Samples/Sec: 50.23
[[34m2025-08-15 20:07:00[0m] (step=0694300) Train Loss: 0.0814, Train Steps/Sec: 3.24, Samples/Sec: 51.87
[[34m2025-08-15 20:07:31[0m] (step=0694400) Train Loss: 0.0817, Train Steps/Sec: 3.19, Samples/Sec: 51.02
[[34m2025-08-15 20:08:03[0m] (step=0694500) Train Loss: 0.0876, Train Steps/Sec: 3.17, Samples/Sec: 50.64
[[34m2025-08-15 20:08:36[0m] (step=0694600) Train Loss: 0.0817, Train Steps/Sec: 3.01, Samples/Sec: 48.14
[[34m2025-08-15 20:09:09[0m] (step=0694700) Train Loss: 0.0779, Train Steps/Sec: 3.00, Samples/Sec: 48.08
[[34m2025-08-15 20:09:41[0m] (step=0694800) Train Loss: 0.0856, Train Steps/Sec: 3.15, Samples/Sec: 50.37
[[34m2025-08-15 20:10:13[0m] (step=0694900) Train Loss: 0.0921, Train Steps/Sec: 3.17, Samples/Sec: 50.68
[[34m2025-08-15 20:10:44[0m] (step=0695000) Train Loss: 0.0931, Train Steps/Sec: 3.23, Samples/Sec: 51.69
[[34m2025-08-15 20:11:15[0m] (step=0695100) Train Loss: 0.0850, Train Steps/Sec: 3.19, Samples/Sec: 50.98
[[34m2025-08-15 20:11:47[0m] (step=0695200) Train Loss: 0.0837, Train Steps/Sec: 3.18, Samples/Sec: 50.95
[[34m2025-08-15 20:12:19[0m] (step=0695300) Train Loss: 0.0864, Train Steps/Sec: 3.10, Samples/Sec: 49.66
[[34m2025-08-15 20:12:50[0m] (step=0695400) Train Loss: 0.0891, Train Steps/Sec: 3.20, Samples/Sec: 51.14
[[34m2025-08-15 20:13:21[0m] (step=0695500) Train Loss: 0.0864, Train Steps/Sec: 3.19, Samples/Sec: 50.99
Traceback (most recent call last):
  File "train_v6.py", line 450, in <module>
    main(args)
  File "train_v6.py", line 302, in main
    loss_dict = diffusion.training_losses(model, x_start, t, model_kwargs)
  File "/data1/tpz/nwm-main/diffusion/respace.py", line 103, in training_losses
[2025-08-15 20:13:44,307] torch.distributed.elastic.agent.server.api: [WARNING] Received Signals.SIGINT death signal, shutting down workers
[2025-08-15 20:13:44,317] torch.distributed.elastic.multiprocessing.api: [WARNING] Sending process 3756327 closing signal SIGINT
Traceback (most recent call last):
  File "train_v6.py", line 450, in <module>
  File "/data1/tpz/nwm-main/diffusion/gaussian_diffusion.py", line 753, in training_losses
    model_output = model(x_t, t, **model_kwargs)
  File "/data1/tpz/nwm-main/diffusion/respace.py", line 135, in __call__
    return self.model(x, new_ts, **kwargs)
  File "/data1/zwc/miniconda3/envs/nwm2/lib/python3.8/site-packages/torch/nn/modules/module.py", line 1518, in _wrapped_call_impl
    main(args)
  File "train_v6.py", line 302, in main
    return self._call_impl(*args, **kwargs)
      File "/data1/zwc/miniconda3/envs/nwm2/lib/python3.8/site-packages/torch/nn/modules/module.py", line 1527, in _call_impl
loss_dict = diffusion.training_losses(model, x_start, t, model_kwargs)
  File "/data1/tpz/nwm-main/diffusion/respace.py", line 103, in training_losses
    return super().training_losses(self._wrap_model(model), *args, **kwargs)
  File "/data1/tpz/nwm-main/diffusion/gaussian_diffusion.py", line 753, in training_losses
    return forward_call(*args, **kwargs)
  File "/data1/zwc/miniconda3/envs/nwm2/lib/python3.8/site-packages/torch/nn/parallel/distributed.py", line 1519, in forward
    model_output = model(x_t, t, **model_kwargs)
  File "/data1/tpz/nwm-main/diffusion/respace.py", line 135, in __call__
    return self.model(x, new_ts, **kwargs)
  File "/data1/zwc/miniconda3/envs/nwm2/lib/python3.8/site-packages/torch/nn/modules/module.py", line 1518, in _wrapped_call_impl
    else self._run_ddp_forward(*inputs, **kwargs)
  File "/data1/zwc/miniconda3/envs/nwm2/lib/python3.8/site-packages/torch/nn/parallel/distributed.py", line 1355, in _run_ddp_forward
    return self._call_impl(*args, **kwargs)
  File "/data1/zwc/miniconda3/envs/nwm2/lib/python3.8/site-packages/torch/nn/modules/module.py", line 1527, in _call_impl
    return self.module(*inputs, **kwargs)  # type: ignore[index]
  File "/data1/zwc/miniconda3/envs/nwm2/lib/python3.8/site-packages/torch/nn/modules/module.py", line 1518, in _wrapped_call_impl
    return self._call_impl(*args, **kwargs)
  File "/data1/zwc/miniconda3/envs/nwm2/lib/python3.8/site-packages/torch/nn/modules/module.py", line 1527, in _call_impl
    return forward_call(*args, **kwargs)
  File "/data1/zwc/miniconda3/envs/nwm2/lib/python3.8/site-packages/torch/nn/parallel/distributed.py", line 1519, in forward
    return forward_call(*args, **kwargs)
  File "/data1/tpz/nwm-main/models_zwc_v6_1.py", line 249, in forward
    else self._run_ddp_forward(*inputs, **kwargs)
  File "/data1/zwc/miniconda3/envs/nwm2/lib/python3.8/site-packages/torch/nn/parallel/distributed.py", line 1355, in _run_ddp_forward
  File "/data1/zwc/miniconda3/envs/nwm2/lib/python3.8/site-packages/torch/nn/modules/module.py", line 1518, in _wrapped_call_impl
    return self._call_impl(*args, **kwargs)
  File "/data1/zwc/miniconda3/envs/nwm2/lib/python3.8/site-packages/torch/nn/modules/module.py", line 1527, in _call_impl
    return self.module(*inputs, **kwargs)  # type: ignore[index]
  File "/data1/zwc/miniconda3/envs/nwm2/lib/python3.8/site-packages/torch/nn/modules/module.py", line 1518, in _wrapped_call_impl
    return forward_call(*args, **kwargs)
  File "/data1/tpz/nwm-main/models_zwc_v6_1.py", line 113, in forward
  File "/data1/tpz/nwm-main/models_zwc_v6_1.py", line 21, in modulate
    return self._call_impl(*args, **kwargs)KeyboardInterrupt

  File "/data1/zwc/miniconda3/envs/nwm2/lib/python3.8/site-packages/torch/nn/modules/module.py", line 1527, in _call_impl
    return forward_call(*args, **kwargs)
  File "/data1/tpz/nwm-main/models_zwc_v6_1.py", line 250, in forward
  File "/data1/zwc/miniconda3/envs/nwm2/lib/python3.8/site-packages/torch/nn/modules/module.py", line 1518, in _wrapped_call_impl
    return self._call_impl(*args, **kwargs)
  File "/data1/zwc/miniconda3/envs/nwm2/lib/python3.8/site-packages/torch/nn/modules/module.py", line 1527, in _call_impl
    return forward_call(*args, **kwargs)
  File "/data1/tpz/nwm-main/models_zwc_v6_1.py", line 132, in forward
  File "/data1/tpz/nwm-main/models_zwc_v6_1.py", line 21, in modulate
KeyboardInterrupt
Traceback (most recent call last):
  File "train_v6.py", line 450, in <module>
    main(args)
  File "train_v6.py", line 310, in main
    scaler.scale(loss).backward()
  File "/data1/zwc/miniconda3/envs/nwm2/lib/python3.8/site-packages/torch/_tensor.py", line 492, in backward
    torch.autograd.backward(
  File "/data1/zwc/miniconda3/envs/nwm2/lib/python3.8/site-packages/torch/autograd/__init__.py", line 251, in backward
    Variable._execution_engine.run_backward(  # Calls into the C++ engine to run the backward pass
KeyboardInterrupt
[2025-08-15 20:13:44,425] torch.distributed.elastic.multiprocessing.api: [WARNING] Sending process 3756328 closing signal SIGINT
[2025-08-15 20:13:44,427] torch.distributed.elastic.multiprocessing.api: [WARNING] Sending process 3756329 closing signal SIGINT
Error in atexit._run_exitfuncs:
Traceback (most recent call last):
  File "/data1/zwc/miniconda3/envs/nwm2/lib/python3.8/site-packages/torch/utils/data/dataloader.py", line 1472, in _clean_up_worker
    w.join(timeout=_utils.MP_STATUS_CHECK_INTERVAL)
  File "/data1/zwc/miniconda3/envs/nwm2/lib/python3.8/multiprocessing/process.py", line 149, in join
[2025-08-15 20:13:44,428] torch.distributed.elastic.multiprocessing.api: [WARNING] Sending process 3756330 closing signal SIGINT
    res = self._popen.wait(timeout)
  File "/data1/zwc/miniconda3/envs/nwm2/lib/python3.8/multiprocessing/popen_fork.py", line 44, in wait
    if not wait([self.sentinel], timeout):
  File "/data1/zwc/miniconda3/envs/nwm2/lib/python3.8/multiprocessing/connection.py", line 931, in wait
    ready = selector.select(timeout)
  File "/data1/zwc/miniconda3/envs/nwm2/lib/python3.8/selectors.py", line 415, in select
    fd_event_list = self._selector.poll(timeout)
KeyboardInterrupt
Error in atexit._run_exitfuncs:
Traceback (most recent call last):
  File "/data1/zwc/miniconda3/envs/nwm2/lib/python3.8/site-packages/torch/utils/data/dataloader.py", line 1472, in _clean_up_worker
    w.join(timeout=_utils.MP_STATUS_CHECK_INTERVAL)
  File "/data1/zwc/miniconda3/envs/nwm2/lib/python3.8/multiprocessing/process.py", line 149, in join
    res = self._popen.wait(timeout)
  File "/data1/zwc/miniconda3/envs/nwm2/lib/python3.8/multiprocessing/popen_fork.py", line 44, in wait
    if not wait([self.sentinel], timeout):
  File "/data1/zwc/miniconda3/envs/nwm2/lib/python3.8/multiprocessing/connection.py", line 931, in wait
    ready = selector.select(timeout)
  File "/data1/zwc/miniconda3/envs/nwm2/lib/python3.8/selectors.py", line 415, in select
    fd_event_list = self._selector.poll(timeout)
KeyboardInterrupt
Traceback (most recent call last):
  File "train_v6.py", line 450, in <module>
    main(args)
  File "train_v6.py", line 310, in main
    scaler.scale(loss).backward()
  File "/data1/zwc/miniconda3/envs/nwm2/lib/python3.8/site-packages/torch/_tensor.py", line 492, in backward
    torch.autograd.backward(
  File "/data1/zwc/miniconda3/envs/nwm2/lib/python3.8/site-packages/torch/autograd/__init__.py", line 251, in backward
    Variable._execution_engine.run_backward(  # Calls into the C++ engine to run the backward pass
KeyboardInterrupt
Traceback (most recent call last):
  File "/data1/tpz/anaconda3/envs/nwm2/bin/torchrun", line 8, in <module>
    sys.exit(main())
  File "/data1/zwc/miniconda3/envs/nwm2/lib/python3.8/site-packages/torch/distributed/elastic/multiprocessing/errors/__init__.py", line 346, in wrapper
    return f(*args, **kwargs)
  File "/data1/zwc/miniconda3/envs/nwm2/lib/python3.8/site-packages/torch/distributed/run.py", line 806, in main
    run(args)
  File "/data1/zwc/miniconda3/envs/nwm2/lib/python3.8/site-packages/torch/distributed/run.py", line 797, in run
    elastic_launch(
  File "/data1/zwc/miniconda3/envs/nwm2/lib/python3.8/site-packages/torch/distributed/launcher/api.py", line 134, in __call__
    return launch_agent(self._config, self._entrypoint, list(args))
  File "/data1/zwc/miniconda3/envs/nwm2/lib/python3.8/site-packages/torch/distributed/launcher/api.py", line 255, in launch_agent
    result = agent.run()
  File "/data1/zwc/miniconda3/envs/nwm2/lib/python3.8/site-packages/torch/distributed/elastic/metrics/api.py", line 124, in wrapper
    result = f(*args, **kwargs)
  File "/data1/zwc/miniconda3/envs/nwm2/lib/python3.8/site-packages/torch/distributed/elastic/agent/server/api.py", line 736, in run
    result = self._invoke_run(role)
  File "/data1/zwc/miniconda3/envs/nwm2/lib/python3.8/site-packages/torch/distributed/elastic/agent/server/api.py", line 877, in _invoke_run
    time.sleep(monitor_interval)
  File "/data1/zwc/miniconda3/envs/nwm2/lib/python3.8/site-packages/torch/distributed/elastic/multiprocessing/api.py", line 62, in _terminate_process_handler
    raise SignalException(f"Process {os.getpid()} got signal: {sigval}", sigval=sigval)
torch.distributed.elastic.multiprocessing.api.SignalException: Process 3756255 got signal: 2
