[2025-06-05 05:03:09,451] torch.distributed.run: [WARNING] 
[2025-06-05 05:03:09,451] torch.distributed.run: [WARNING] *****************************************
[2025-06-05 05:03:09,451] torch.distributed.run: [WARNING] Setting OMP_NUM_THREADS environment variable for each process to be 1 in default, to avoid your system being overloaded, please further tune the variable for optimal performance in your application as needed. 
[2025-06-05 05:03:09,451] torch.distributed.run: [WARNING] *****************************************
[[34m2025-06-05 05:03:12[0m] Experiment directory created at logs/nwm_cdit_recon
[[34m2025-06-05 05:03:24[0m] CDiT Parameters: 1,014,614,816
[[34m2025-06-05 05:03:25[0m] Dataset contains 132,929 images
[[34m2025-06-05 05:03:25[0m] Training for 300 epochs...
[[34m2025-06-05 05:03:25[0m] Beginning epoch 0...
[[34m2025-06-05 05:04:28[0m] (step=0000100) Train Loss: 0.3123, Train Steps/Sec: 1.60, Samples/Sec: 76.61
[[34m2025-06-05 05:05:29[0m] (step=0000200) Train Loss: 0.1959, Train Steps/Sec: 1.63, Samples/Sec: 78.42
[[34m2025-06-05 05:06:30[0m] (step=0000300) Train Loss: 0.1962, Train Steps/Sec: 1.64, Samples/Sec: 78.71
[[34m2025-06-05 05:07:31[0m] (step=0000400) Train Loss: 0.1799, Train Steps/Sec: 1.64, Samples/Sec: 78.62
[[34m2025-06-05 05:08:32[0m] (step=0000500) Train Loss: 0.1841, Train Steps/Sec: 1.64, Samples/Sec: 78.67
[[34m2025-06-05 05:09:33[0m] (step=0000600) Train Loss: 0.1847, Train Steps/Sec: 1.64, Samples/Sec: 78.60
[[34m2025-06-05 05:10:34[0m] (step=0000700) Train Loss: 0.1777, Train Steps/Sec: 1.64, Samples/Sec: 78.65
[[34m2025-06-05 05:11:35[0m] (step=0000800) Train Loss: 0.1724, Train Steps/Sec: 1.64, Samples/Sec: 78.49
[[34m2025-06-05 05:12:36[0m] (step=0000900) Train Loss: 0.1767, Train Steps/Sec: 1.64, Samples/Sec: 78.65
[[34m2025-06-05 05:13:37[0m] (step=0001000) Train Loss: 0.1808, Train Steps/Sec: 1.64, Samples/Sec: 78.73
[[34m2025-06-05 05:14:38[0m] (step=0001100) Train Loss: 0.1823, Train Steps/Sec: 1.64, Samples/Sec: 78.68
[[34m2025-06-05 05:15:39[0m] (step=0001200) Train Loss: 0.1691, Train Steps/Sec: 1.64, Samples/Sec: 78.68
[[34m2025-06-05 05:16:40[0m] (step=0001300) Train Loss: 0.1652, Train Steps/Sec: 1.64, Samples/Sec: 78.71
[[34m2025-06-05 05:17:41[0m] (step=0001400) Train Loss: 0.1636, Train Steps/Sec: 1.64, Samples/Sec: 78.65
[[34m2025-06-05 05:18:42[0m] (step=0001500) Train Loss: 0.1732, Train Steps/Sec: 1.63, Samples/Sec: 78.38
[[34m2025-06-05 05:19:43[0m] (step=0001600) Train Loss: 0.1647, Train Steps/Sec: 1.64, Samples/Sec: 78.71
[[34m2025-06-05 05:20:44[0m] (step=0001700) Train Loss: 0.1685, Train Steps/Sec: 1.64, Samples/Sec: 78.69
[[34m2025-06-05 05:21:45[0m] (step=0001800) Train Loss: 0.1741, Train Steps/Sec: 1.64, Samples/Sec: 78.62
[[34m2025-06-05 05:22:46[0m] (step=0001900) Train Loss: 0.1701, Train Steps/Sec: 1.64, Samples/Sec: 78.72
[[34m2025-06-05 05:23:47[0m] (step=0002000) Train Loss: 0.1606, Train Steps/Sec: 1.64, Samples/Sec: 78.70
[[34m2025-06-05 05:24:02[0m] Saved checkpoint to logs/nwm_cdit_recon/checkpoints/latest.pth.tar
[[34m2025-06-05 05:25:03[0m] (step=0002100) Train Loss: 0.1617, Train Steps/Sec: 1.32, Samples/Sec: 63.32
[[34m2025-06-05 05:26:04[0m] (step=0002200) Train Loss: 0.1680, Train Steps/Sec: 1.64, Samples/Sec: 78.66
[[34m2025-06-05 05:27:05[0m] (step=0002300) Train Loss: 0.1779, Train Steps/Sec: 1.64, Samples/Sec: 78.74
[[34m2025-06-05 05:28:06[0m] (step=0002400) Train Loss: 0.1591, Train Steps/Sec: 1.64, Samples/Sec: 78.64
[[34m2025-06-05 05:29:07[0m] (step=0002500) Train Loss: 0.1554, Train Steps/Sec: 1.64, Samples/Sec: 78.70
[[34m2025-06-05 05:30:08[0m] (step=0002600) Train Loss: 0.1643, Train Steps/Sec: 1.64, Samples/Sec: 78.71
[[34m2025-06-05 05:31:09[0m] (step=0002700) Train Loss: 0.1684, Train Steps/Sec: 1.64, Samples/Sec: 78.60
[[34m2025-06-05 05:32:10[0m] (step=0002800) Train Loss: 0.1681, Train Steps/Sec: 1.64, Samples/Sec: 78.53
[[34m2025-06-05 05:33:11[0m] (step=0002900) Train Loss: 0.1629, Train Steps/Sec: 1.64, Samples/Sec: 78.72
[[34m2025-06-05 05:34:12[0m] (step=0003000) Train Loss: 0.1586, Train Steps/Sec: 1.64, Samples/Sec: 78.70
[[34m2025-06-05 05:35:13[0m] (step=0003100) Train Loss: 0.1638, Train Steps/Sec: 1.64, Samples/Sec: 78.73
[[34m2025-06-05 05:36:14[0m] (step=0003200) Train Loss: 0.1600, Train Steps/Sec: 1.64, Samples/Sec: 78.67
[[34m2025-06-05 05:37:15[0m] (step=0003300) Train Loss: 0.1558, Train Steps/Sec: 1.64, Samples/Sec: 78.69
[[34m2025-06-05 05:38:17[0m] (step=0003400) Train Loss: 0.1570, Train Steps/Sec: 1.63, Samples/Sec: 78.38
[[34m2025-06-05 05:39:18[0m] (step=0003500) Train Loss: 0.1618, Train Steps/Sec: 1.64, Samples/Sec: 78.55
[[34m2025-06-05 05:40:19[0m] (step=0003600) Train Loss: 0.1601, Train Steps/Sec: 1.64, Samples/Sec: 78.71
[[34m2025-06-05 05:41:20[0m] (step=0003700) Train Loss: 0.1518, Train Steps/Sec: 1.64, Samples/Sec: 78.61
[[34m2025-06-05 05:42:21[0m] (step=0003800) Train Loss: 0.1565, Train Steps/Sec: 1.64, Samples/Sec: 78.69
[[34m2025-06-05 05:43:22[0m] (step=0003900) Train Loss: 0.1591, Train Steps/Sec: 1.64, Samples/Sec: 78.68
[[34m2025-06-05 05:44:23[0m] (step=0004000) Train Loss: 0.1554, Train Steps/Sec: 1.64, Samples/Sec: 78.62
[[34m2025-06-05 05:44:39[0m] Saved checkpoint to logs/nwm_cdit_recon/checkpoints/latest.pth.tar
[[34m2025-06-05 05:45:40[0m] (step=0004100) Train Loss: 0.1534, Train Steps/Sec: 1.30, Samples/Sec: 62.17
[[34m2025-06-05 05:46:41[0m] (step=0004200) Train Loss: 0.1592, Train Steps/Sec: 1.64, Samples/Sec: 78.65
[[34m2025-06-05 05:47:42[0m] (step=0004300) Train Loss: 0.1700, Train Steps/Sec: 1.64, Samples/Sec: 78.62
[[34m2025-06-05 05:48:43[0m] (step=0004400) Train Loss: 0.1535, Train Steps/Sec: 1.64, Samples/Sec: 78.69
[[34m2025-06-05 05:49:44[0m] (step=0004500) Train Loss: 0.1556, Train Steps/Sec: 1.64, Samples/Sec: 78.72
[[34m2025-06-05 05:50:45[0m] (step=0004600) Train Loss: 0.1610, Train Steps/Sec: 1.64, Samples/Sec: 78.57
[[34m2025-06-05 05:51:46[0m] (step=0004700) Train Loss: 0.1502, Train Steps/Sec: 1.64, Samples/Sec: 78.67
[[34m2025-06-05 05:52:47[0m] (step=0004800) Train Loss: 0.1483, Train Steps/Sec: 1.63, Samples/Sec: 78.46
[[34m2025-06-05 05:53:48[0m] (step=0004900) Train Loss: 0.1535, Train Steps/Sec: 1.64, Samples/Sec: 78.67
[[34m2025-06-05 05:54:49[0m] (step=0005000) Train Loss: 0.1492, Train Steps/Sec: 1.64, Samples/Sec: 78.67
[[34m2025-06-05 05:55:50[0m] (step=0005100) Train Loss: 0.1517, Train Steps/Sec: 1.64, Samples/Sec: 78.62
[[34m2025-06-05 05:56:51[0m] (step=0005200) Train Loss: 0.1617, Train Steps/Sec: 1.64, Samples/Sec: 78.62
[[34m2025-06-05 05:57:53[0m] (step=0005300) Train Loss: 0.1467, Train Steps/Sec: 1.64, Samples/Sec: 78.56
[[34m2025-06-05 05:58:54[0m] (step=0005400) Train Loss: 0.1586, Train Steps/Sec: 1.64, Samples/Sec: 78.51
[[34m2025-06-05 05:59:55[0m] (step=0005500) Train Loss: 0.1461, Train Steps/Sec: 1.64, Samples/Sec: 78.65
[[34m2025-06-05 06:00:56[0m] (step=0005600) Train Loss: 0.1505, Train Steps/Sec: 1.64, Samples/Sec: 78.68
[[34m2025-06-05 06:01:57[0m] (step=0005700) Train Loss: 0.1462, Train Steps/Sec: 1.64, Samples/Sec: 78.70
[[34m2025-06-05 06:02:58[0m] (step=0005800) Train Loss: 0.1540, Train Steps/Sec: 1.64, Samples/Sec: 78.64
[[34m2025-06-05 06:03:59[0m] (step=0005900) Train Loss: 0.1530, Train Steps/Sec: 1.64, Samples/Sec: 78.59
[[34m2025-06-05 06:05:00[0m] (step=0006000) Train Loss: 0.1502, Train Steps/Sec: 1.64, Samples/Sec: 78.64
[[34m2025-06-05 06:05:16[0m] Saved checkpoint to logs/nwm_cdit_recon/checkpoints/latest.pth.tar
[[34m2025-06-05 06:06:17[0m] (step=0006100) Train Loss: 0.1467, Train Steps/Sec: 1.30, Samples/Sec: 62.29
[[34m2025-06-05 06:07:18[0m] (step=0006200) Train Loss: 0.1445, Train Steps/Sec: 1.64, Samples/Sec: 78.65
[[34m2025-06-05 06:08:19[0m] (step=0006300) Train Loss: 0.1487, Train Steps/Sec: 1.64, Samples/Sec: 78.65
[[34m2025-06-05 06:09:21[0m] (step=0006400) Train Loss: 0.1514, Train Steps/Sec: 1.62, Samples/Sec: 77.96
[[34m2025-06-05 06:10:21[0m] (step=0006500) Train Loss: 0.1494, Train Steps/Sec: 1.64, Samples/Sec: 78.91
[[34m2025-06-05 06:11:22[0m] (step=0006600) Train Loss: 0.1555, Train Steps/Sec: 1.64, Samples/Sec: 78.82
[[34m2025-06-05 06:12:24[0m] (step=0006700) Train Loss: 0.1440, Train Steps/Sec: 1.63, Samples/Sec: 78.42
[[34m2025-06-05 06:13:25[0m] (step=0006800) Train Loss: 0.1441, Train Steps/Sec: 1.64, Samples/Sec: 78.65
[[34m2025-06-05 06:14:26[0m] (step=0006900) Train Loss: 0.1419, Train Steps/Sec: 1.64, Samples/Sec: 78.68
[[34m2025-06-05 06:15:27[0m] (step=0007000) Train Loss: 0.1399, Train Steps/Sec: 1.64, Samples/Sec: 78.66
[[34m2025-06-05 06:16:28[0m] (step=0007100) Train Loss: 0.1446, Train Steps/Sec: 1.64, Samples/Sec: 78.70
[[34m2025-06-05 06:17:29[0m] (step=0007200) Train Loss: 0.1539, Train Steps/Sec: 1.64, Samples/Sec: 78.61
[[34m2025-06-05 06:18:30[0m] (step=0007300) Train Loss: 0.1457, Train Steps/Sec: 1.64, Samples/Sec: 78.68
[[34m2025-06-05 06:19:31[0m] (step=0007400) Train Loss: 0.1521, Train Steps/Sec: 1.63, Samples/Sec: 78.42
[[34m2025-06-05 06:20:32[0m] (step=0007500) Train Loss: 0.1410, Train Steps/Sec: 1.64, Samples/Sec: 78.67
[[34m2025-06-05 06:21:34[0m] (step=0007600) Train Loss: 0.1445, Train Steps/Sec: 1.61, Samples/Sec: 77.14
[[34m2025-06-05 06:22:35[0m] (step=0007700) Train Loss: 0.1473, Train Steps/Sec: 1.64, Samples/Sec: 78.67
[[34m2025-06-05 06:23:36[0m] (step=0007800) Train Loss: 0.1509, Train Steps/Sec: 1.64, Samples/Sec: 78.54
[[34m2025-06-05 06:24:37[0m] (step=0007900) Train Loss: 0.1474, Train Steps/Sec: 1.64, Samples/Sec: 78.68
[[34m2025-06-05 06:25:38[0m] (step=0008000) Train Loss: 0.1366, Train Steps/Sec: 1.64, Samples/Sec: 78.67
[[34m2025-06-05 06:25:54[0m] Saved checkpoint to logs/nwm_cdit_recon/checkpoints/latest.pth.tar
[[34m2025-06-05 06:26:55[0m] (step=0008100) Train Loss: 0.1462, Train Steps/Sec: 1.30, Samples/Sec: 62.22
[[34m2025-06-05 06:27:56[0m] (step=0008200) Train Loss: 0.1438, Train Steps/Sec: 1.64, Samples/Sec: 78.71
[[34m2025-06-05 06:28:57[0m] (step=0008300) Train Loss: 0.1486, Train Steps/Sec: 1.64, Samples/Sec: 78.73
[[34m2025-06-05 06:29:58[0m] (step=0008400) Train Loss: 0.1455, Train Steps/Sec: 1.64, Samples/Sec: 78.56
[[34m2025-06-05 06:30:59[0m] (step=0008500) Train Loss: 0.1463, Train Steps/Sec: 1.64, Samples/Sec: 78.75
[[34m2025-06-05 06:32:00[0m] (step=0008600) Train Loss: 0.1452, Train Steps/Sec: 1.64, Samples/Sec: 78.71
[[34m2025-06-05 06:33:01[0m] (step=0008700) Train Loss: 0.1460, Train Steps/Sec: 1.64, Samples/Sec: 78.54
[[34m2025-06-05 06:34:02[0m] (step=0008800) Train Loss: 0.1464, Train Steps/Sec: 1.64, Samples/Sec: 78.73
[[34m2025-06-05 06:35:03[0m] (step=0008900) Train Loss: 0.1438, Train Steps/Sec: 1.64, Samples/Sec: 78.70
[[34m2025-06-05 06:36:04[0m] (step=0009000) Train Loss: 0.1474, Train Steps/Sec: 1.64, Samples/Sec: 78.75
[[34m2025-06-05 06:37:05[0m] (step=0009100) Train Loss: 0.1452, Train Steps/Sec: 1.64, Samples/Sec: 78.64
[[34m2025-06-05 06:38:06[0m] (step=0009200) Train Loss: 0.1445, Train Steps/Sec: 1.64, Samples/Sec: 78.73
[[34m2025-06-05 06:39:07[0m] (step=0009300) Train Loss: 0.1448, Train Steps/Sec: 1.64, Samples/Sec: 78.76
[[34m2025-06-05 06:40:08[0m] (step=0009400) Train Loss: 0.1457, Train Steps/Sec: 1.64, Samples/Sec: 78.54
[[34m2025-06-05 06:41:09[0m] (step=0009500) Train Loss: 0.1438, Train Steps/Sec: 1.64, Samples/Sec: 78.74
[[34m2025-06-05 06:42:10[0m] (step=0009600) Train Loss: 0.1394, Train Steps/Sec: 1.64, Samples/Sec: 78.77
[[34m2025-06-05 06:43:11[0m] (step=0009700) Train Loss: 0.1356, Train Steps/Sec: 1.64, Samples/Sec: 78.65
[[34m2025-06-05 06:44:12[0m] (step=0009800) Train Loss: 0.1417, Train Steps/Sec: 1.64, Samples/Sec: 78.74
[[34m2025-06-05 06:45:13[0m] (step=0009900) Train Loss: 0.1386, Train Steps/Sec: 1.64, Samples/Sec: 78.76
[[34m2025-06-05 06:46:14[0m] (step=0010000) Train Loss: 0.1453, Train Steps/Sec: 1.63, Samples/Sec: 78.48
Using cache found in ./models/facebookresearch_dino_main
Using cache found in ./models/facebookresearch_dino_main
/data1/zwc/miniconda3/envs/nwm2/lib/python3.8/site-packages/torch/_utils.py:831: UserWarning: TypedStorage is deprecated. It will be removed in the future and UntypedStorage will be the only storage class. This should only matter to you if you are using storages directly.  To access UntypedStorage directly, use tensor.untyped_storage() instead of tensor.storage()
  return self.fget.__get__(instance, owner)()
/data1/zwc/miniconda3/envs/nwm2/lib/python3.8/site-packages/torch/_utils.py:831: UserWarning: TypedStorage is deprecated. It will be removed in the future and UntypedStorage will be the only storage class. This should only matter to you if you are using storages directly.  To access UntypedStorage directly, use tensor.untyped_storage() instead of tensor.storage()
  return self.fget.__get__(instance, owner)()
/data1/zwc/miniconda3/envs/nwm2/lib/python3.8/site-packages/torch/nn/utils/weight_norm.py:30: UserWarning: torch.nn.utils.weight_norm is deprecated in favor of torch.nn.utils.parametrizations.weight_norm.
  warnings.warn("torch.nn.utils.weight_norm is deprecated in favor of torch.nn.utils.parametrizations.weight_norm.")
/data1/zwc/miniconda3/envs/nwm2/lib/python3.8/site-packages/torch/nn/utils/weight_norm.py:30: UserWarning: torch.nn.utils.weight_norm is deprecated in favor of torch.nn.utils.parametrizations.weight_norm.
  warnings.warn("torch.nn.utils.weight_norm is deprecated in favor of torch.nn.utils.parametrizations.weight_norm.")
[[34m2025-06-05 06:46:31[0m] Saved checkpoint to logs/nwm_cdit_recon/checkpoints/latest.pth.tar
Using cache found in ./models/facebookresearch_dino_main
/data1/zwc/miniconda3/envs/nwm2/lib/python3.8/site-packages/torch/_utils.py:831: UserWarning: TypedStorage is deprecated. It will be removed in the future and UntypedStorage will be the only storage class. This should only matter to you if you are using storages directly.  To access UntypedStorage directly, use tensor.untyped_storage() instead of tensor.storage()
  return self.fget.__get__(instance, owner)()
/data1/zwc/miniconda3/envs/nwm2/lib/python3.8/site-packages/torch/nn/utils/weight_norm.py:30: UserWarning: torch.nn.utils.weight_norm is deprecated in favor of torch.nn.utils.parametrizations.weight_norm.
  warnings.warn("torch.nn.utils.weight_norm is deprecated in favor of torch.nn.utils.parametrizations.weight_norm.")
[[34m2025-06-05 06:46:35[0m] Already found a `peft_config` attribute in the model. This will lead to having multiple adapters in the model. Make sure to know what you are doing!
[[34m2025-06-05 06:48:54[0m] (step=0010000) Perceptual Loss: 0.8338, Eval Time: 143.00
[[34m2025-06-05 06:49:55[0m] (step=0010100) Train Loss: 0.1429, Train Steps/Sec: 0.45, Samples/Sec: 21.73
[[34m2025-06-05 06:50:56[0m] (step=0010200) Train Loss: 0.1415, Train Steps/Sec: 1.64, Samples/Sec: 78.58
[[34m2025-06-05 06:51:58[0m] (step=0010300) Train Loss: 0.1452, Train Steps/Sec: 1.64, Samples/Sec: 78.62
[[34m2025-06-05 06:52:59[0m] (step=0010400) Train Loss: 0.1437, Train Steps/Sec: 1.64, Samples/Sec: 78.60
[[34m2025-06-05 06:54:00[0m] (step=0010500) Train Loss: 0.1459, Train Steps/Sec: 1.63, Samples/Sec: 78.35
[[34m2025-06-05 06:55:01[0m] (step=0010600) Train Loss: 0.1498, Train Steps/Sec: 1.64, Samples/Sec: 78.59
[[34m2025-06-05 06:56:02[0m] (step=0010700) Train Loss: 0.1431, Train Steps/Sec: 1.63, Samples/Sec: 78.48
[[34m2025-06-05 06:57:03[0m] (step=0010800) Train Loss: 0.1415, Train Steps/Sec: 1.64, Samples/Sec: 78.64
[[34m2025-06-05 06:58:04[0m] (step=0010900) Train Loss: 0.1383, Train Steps/Sec: 1.64, Samples/Sec: 78.51
[[34m2025-06-05 06:59:05[0m] (step=0011000) Train Loss: 0.1367, Train Steps/Sec: 1.64, Samples/Sec: 78.60
[[34m2025-06-05 06:59:52[0m] Beginning epoch 1...
[[34m2025-06-05 07:00:07[0m] (step=0011100) Train Loss: 0.1376, Train Steps/Sec: 1.62, Samples/Sec: 77.94
[[34m2025-06-05 07:01:08[0m] (step=0011200) Train Loss: 0.1417, Train Steps/Sec: 1.63, Samples/Sec: 78.34
[[34m2025-06-05 07:02:09[0m] (step=0011300) Train Loss: 0.1380, Train Steps/Sec: 1.64, Samples/Sec: 78.49
[[34m2025-06-05 07:03:10[0m] (step=0011400) Train Loss: 0.1424, Train Steps/Sec: 1.64, Samples/Sec: 78.52
[[34m2025-06-05 07:04:12[0m] (step=0011500) Train Loss: 0.1397, Train Steps/Sec: 1.64, Samples/Sec: 78.48
[[34m2025-06-05 07:05:13[0m] (step=0011600) Train Loss: 0.1383, Train Steps/Sec: 1.63, Samples/Sec: 78.42
[[34m2025-06-05 07:06:14[0m] (step=0011700) Train Loss: 0.1411, Train Steps/Sec: 1.64, Samples/Sec: 78.51
[[34m2025-06-05 07:07:15[0m] (step=0011800) Train Loss: 0.1453, Train Steps/Sec: 1.63, Samples/Sec: 78.48
[[34m2025-06-05 07:08:16[0m] (step=0011900) Train Loss: 0.1374, Train Steps/Sec: 1.63, Samples/Sec: 78.43
[[34m2025-06-05 07:09:17[0m] (step=0012000) Train Loss: 0.1397, Train Steps/Sec: 1.64, Samples/Sec: 78.57
[[34m2025-06-05 07:09:31[0m] Saved checkpoint to logs/nwm_cdit_recon/checkpoints/latest.pth.tar
[[34m2025-06-05 07:10:32[0m] (step=0012100) Train Loss: 0.1406, Train Steps/Sec: 1.35, Samples/Sec: 64.57
[[34m2025-06-05 07:11:33[0m] (step=0012200) Train Loss: 0.1382, Train Steps/Sec: 1.64, Samples/Sec: 78.53
[[34m2025-06-05 07:12:34[0m] (step=0012300) Train Loss: 0.1416, Train Steps/Sec: 1.64, Samples/Sec: 78.63
[[34m2025-06-05 07:13:35[0m] (step=0012400) Train Loss: 0.1402, Train Steps/Sec: 1.64, Samples/Sec: 78.48
[[34m2025-06-05 07:14:36[0m] (step=0012500) Train Loss: 0.1442, Train Steps/Sec: 1.63, Samples/Sec: 78.33
[[34m2025-06-05 07:15:38[0m] (step=0012600) Train Loss: 0.1391, Train Steps/Sec: 1.64, Samples/Sec: 78.54
[[34m2025-06-05 07:16:39[0m] (step=0012700) Train Loss: 0.1325, Train Steps/Sec: 1.64, Samples/Sec: 78.60
[[34m2025-06-05 07:17:40[0m] (step=0012800) Train Loss: 0.1361, Train Steps/Sec: 1.64, Samples/Sec: 78.58
[[34m2025-06-05 07:18:41[0m] (step=0012900) Train Loss: 0.1360, Train Steps/Sec: 1.64, Samples/Sec: 78.53
[[34m2025-06-05 07:19:42[0m] (step=0013000) Train Loss: 0.1444, Train Steps/Sec: 1.64, Samples/Sec: 78.64
[[34m2025-06-05 07:20:43[0m] (step=0013100) Train Loss: 0.1379, Train Steps/Sec: 1.64, Samples/Sec: 78.54
[[34m2025-06-05 07:21:44[0m] (step=0013200) Train Loss: 0.1430, Train Steps/Sec: 1.63, Samples/Sec: 78.32
[[34m2025-06-05 07:22:45[0m] (step=0013300) Train Loss: 0.1436, Train Steps/Sec: 1.64, Samples/Sec: 78.61
[[34m2025-06-05 07:23:46[0m] (step=0013400) Train Loss: 0.1373, Train Steps/Sec: 1.64, Samples/Sec: 78.55
[[34m2025-06-05 07:24:48[0m] (step=0013500) Train Loss: 0.1440, Train Steps/Sec: 1.63, Samples/Sec: 78.42
[[34m2025-06-05 07:25:49[0m] (step=0013600) Train Loss: 0.1357, Train Steps/Sec: 1.64, Samples/Sec: 78.51
[[34m2025-06-05 07:26:50[0m] (step=0013700) Train Loss: 0.1396, Train Steps/Sec: 1.64, Samples/Sec: 78.62
[[34m2025-06-05 07:27:51[0m] (step=0013800) Train Loss: 0.1421, Train Steps/Sec: 1.64, Samples/Sec: 78.62
[[34m2025-06-05 07:28:52[0m] (step=0013900) Train Loss: 0.1410, Train Steps/Sec: 1.63, Samples/Sec: 78.30
[[34m2025-06-05 07:29:53[0m] (step=0014000) Train Loss: 0.1437, Train Steps/Sec: 1.64, Samples/Sec: 78.54
[[34m2025-06-05 07:30:08[0m] Saved checkpoint to logs/nwm_cdit_recon/checkpoints/latest.pth.tar
[[34m2025-06-05 07:31:09[0m] (step=0014100) Train Loss: 0.1378, Train Steps/Sec: 1.33, Samples/Sec: 63.67
[[34m2025-06-05 07:32:10[0m] (step=0014200) Train Loss: 0.1367, Train Steps/Sec: 1.64, Samples/Sec: 78.56
[[34m2025-06-05 07:33:11[0m] (step=0014300) Train Loss: 0.1412, Train Steps/Sec: 1.64, Samples/Sec: 78.63
[[34m2025-06-05 07:34:12[0m] (step=0014400) Train Loss: 0.1398, Train Steps/Sec: 1.64, Samples/Sec: 78.56
[[34m2025-06-05 07:35:13[0m] (step=0014500) Train Loss: 0.1394, Train Steps/Sec: 1.64, Samples/Sec: 78.52
[[34m2025-06-05 07:36:14[0m] (step=0014600) Train Loss: 0.1460, Train Steps/Sec: 1.63, Samples/Sec: 78.48
[[34m2025-06-05 07:37:15[0m] (step=0014700) Train Loss: 0.1370, Train Steps/Sec: 1.64, Samples/Sec: 78.73
[[34m2025-06-05 07:38:16[0m] (step=0014800) Train Loss: 0.1399, Train Steps/Sec: 1.64, Samples/Sec: 78.87
[[34m2025-06-05 07:39:17[0m] (step=0014900) Train Loss: 0.1370, Train Steps/Sec: 1.64, Samples/Sec: 78.64
[[34m2025-06-05 07:40:18[0m] (step=0015000) Train Loss: 0.1405, Train Steps/Sec: 1.63, Samples/Sec: 78.37
[[34m2025-06-05 07:41:20[0m] (step=0015100) Train Loss: 0.1439, Train Steps/Sec: 1.64, Samples/Sec: 78.55
[[34m2025-06-05 07:42:21[0m] (step=0015200) Train Loss: 0.1335, Train Steps/Sec: 1.63, Samples/Sec: 78.30
[[34m2025-06-05 07:43:22[0m] (step=0015300) Train Loss: 0.1411, Train Steps/Sec: 1.64, Samples/Sec: 78.49
[[34m2025-06-05 07:44:23[0m] (step=0015400) Train Loss: 0.1401, Train Steps/Sec: 1.64, Samples/Sec: 78.57
[[34m2025-06-05 07:45:24[0m] (step=0015500) Train Loss: 0.1324, Train Steps/Sec: 1.63, Samples/Sec: 78.47
[[34m2025-06-05 07:46:25[0m] (step=0015600) Train Loss: 0.1309, Train Steps/Sec: 1.63, Samples/Sec: 78.47
[[34m2025-06-05 07:47:27[0m] (step=0015700) Train Loss: 0.1447, Train Steps/Sec: 1.64, Samples/Sec: 78.55
[[34m2025-06-05 07:48:28[0m] (step=0015800) Train Loss: 0.1374, Train Steps/Sec: 1.64, Samples/Sec: 78.56
[[34m2025-06-05 07:49:29[0m] (step=0015900) Train Loss: 0.1363, Train Steps/Sec: 1.63, Samples/Sec: 78.37
[[34m2025-06-05 07:50:30[0m] (step=0016000) Train Loss: 0.1373, Train Steps/Sec: 1.63, Samples/Sec: 78.36
[[34m2025-06-05 07:50:45[0m] Saved checkpoint to logs/nwm_cdit_recon/checkpoints/latest.pth.tar
[[34m2025-06-05 07:51:46[0m] (step=0016100) Train Loss: 0.1386, Train Steps/Sec: 1.31, Samples/Sec: 63.02
[[34m2025-06-05 07:52:47[0m] (step=0016200) Train Loss: 0.1337, Train Steps/Sec: 1.64, Samples/Sec: 78.51
[[34m2025-06-05 07:53:49[0m] (step=0016300) Train Loss: 0.1385, Train Steps/Sec: 1.64, Samples/Sec: 78.53
[[34m2025-06-05 07:54:50[0m] (step=0016400) Train Loss: 0.1338, Train Steps/Sec: 1.64, Samples/Sec: 78.56
[[34m2025-06-05 07:55:51[0m] (step=0016500) Train Loss: 0.1369, Train Steps/Sec: 1.64, Samples/Sec: 78.55
[[34m2025-06-05 07:56:52[0m] (step=0016600) Train Loss: 0.1416, Train Steps/Sec: 1.63, Samples/Sec: 78.28
[[34m2025-06-05 07:57:53[0m] (step=0016700) Train Loss: 0.1378, Train Steps/Sec: 1.63, Samples/Sec: 78.35
[[34m2025-06-05 07:58:55[0m] (step=0016800) Train Loss: 0.1326, Train Steps/Sec: 1.63, Samples/Sec: 78.44
[[34m2025-06-05 07:59:56[0m] (step=0016900) Train Loss: 0.1324, Train Steps/Sec: 1.64, Samples/Sec: 78.55
[[34m2025-06-05 08:00:57[0m] (step=0017000) Train Loss: 0.1373, Train Steps/Sec: 1.64, Samples/Sec: 78.53
[[34m2025-06-05 08:01:58[0m] (step=0017100) Train Loss: 0.1350, Train Steps/Sec: 1.64, Samples/Sec: 78.53
[[34m2025-06-05 08:02:59[0m] (step=0017200) Train Loss: 0.1351, Train Steps/Sec: 1.63, Samples/Sec: 78.46
[[34m2025-06-05 08:04:00[0m] (step=0017300) Train Loss: 0.1349, Train Steps/Sec: 1.63, Samples/Sec: 78.43
[[34m2025-06-05 08:05:01[0m] (step=0017400) Train Loss: 0.1390, Train Steps/Sec: 1.64, Samples/Sec: 78.56
[[34m2025-06-05 08:06:03[0m] (step=0017500) Train Loss: 0.1302, Train Steps/Sec: 1.64, Samples/Sec: 78.56
[[34m2025-06-05 08:07:04[0m] (step=0017600) Train Loss: 0.1289, Train Steps/Sec: 1.64, Samples/Sec: 78.57
[[34m2025-06-05 08:08:05[0m] (step=0017700) Train Loss: 0.1283, Train Steps/Sec: 1.64, Samples/Sec: 78.56
[[34m2025-06-05 08:09:06[0m] (step=0017800) Train Loss: 0.1356, Train Steps/Sec: 1.64, Samples/Sec: 78.50
[[34m2025-06-05 08:10:07[0m] (step=0017900) Train Loss: 0.1275, Train Steps/Sec: 1.63, Samples/Sec: 78.39
[[34m2025-06-05 08:11:08[0m] (step=0018000) Train Loss: 0.1300, Train Steps/Sec: 1.64, Samples/Sec: 78.63
[[34m2025-06-05 08:11:22[0m] Saved checkpoint to logs/nwm_cdit_recon/checkpoints/latest.pth.tar
[[34m2025-06-05 08:12:23[0m] (step=0018100) Train Loss: 0.1291, Train Steps/Sec: 1.33, Samples/Sec: 63.77
[[34m2025-06-05 08:13:24[0m] (step=0018200) Train Loss: 0.1344, Train Steps/Sec: 1.64, Samples/Sec: 78.67
[[34m2025-06-05 08:14:26[0m] (step=0018300) Train Loss: 0.1355, Train Steps/Sec: 1.64, Samples/Sec: 78.60
[[34m2025-06-05 08:15:27[0m] (step=0018400) Train Loss: 0.1291, Train Steps/Sec: 1.64, Samples/Sec: 78.57
[[34m2025-06-05 08:16:28[0m] (step=0018500) Train Loss: 0.1334, Train Steps/Sec: 1.64, Samples/Sec: 78.55
[[34m2025-06-05 08:17:29[0m] (step=0018600) Train Loss: 0.1381, Train Steps/Sec: 1.63, Samples/Sec: 78.36
[[34m2025-06-05 08:18:30[0m] (step=0018700) Train Loss: 0.1296, Train Steps/Sec: 1.63, Samples/Sec: 78.38
[[34m2025-06-05 08:19:31[0m] (step=0018800) Train Loss: 0.1347, Train Steps/Sec: 1.64, Samples/Sec: 78.57
[[34m2025-06-05 08:20:32[0m] (step=0018900) Train Loss: 0.1337, Train Steps/Sec: 1.64, Samples/Sec: 78.61
[[34m2025-06-05 08:21:33[0m] (step=0019000) Train Loss: 0.1390, Train Steps/Sec: 1.64, Samples/Sec: 78.65
[[34m2025-06-05 08:22:34[0m] (step=0019100) Train Loss: 0.1283, Train Steps/Sec: 1.64, Samples/Sec: 78.57
[[34m2025-06-05 08:23:36[0m] (step=0019200) Train Loss: 0.1356, Train Steps/Sec: 1.64, Samples/Sec: 78.59
[[34m2025-06-05 08:24:37[0m] (step=0019300) Train Loss: 0.1367, Train Steps/Sec: 1.63, Samples/Sec: 78.35
[[34m2025-06-05 08:25:38[0m] (step=0019400) Train Loss: 0.1361, Train Steps/Sec: 1.64, Samples/Sec: 78.54
[[34m2025-06-05 08:26:39[0m] (step=0019500) Train Loss: 0.1414, Train Steps/Sec: 1.64, Samples/Sec: 78.65
[[34m2025-06-05 08:27:40[0m] (step=0019600) Train Loss: 0.1368, Train Steps/Sec: 1.64, Samples/Sec: 78.56
[[34m2025-06-05 08:28:41[0m] (step=0019700) Train Loss: 0.1282, Train Steps/Sec: 1.64, Samples/Sec: 78.64
[[34m2025-06-05 08:29:42[0m] (step=0019800) Train Loss: 0.1348, Train Steps/Sec: 1.64, Samples/Sec: 78.64
[[34m2025-06-05 08:30:43[0m] (step=0019900) Train Loss: 0.1392, Train Steps/Sec: 1.64, Samples/Sec: 78.49
[[34m2025-06-05 08:31:44[0m] (step=0020000) Train Loss: 0.1337, Train Steps/Sec: 1.63, Samples/Sec: 78.47
Using cache found in ./models/facebookresearch_dino_main
Using cache found in ./models/facebookresearch_dino_main
[[34m2025-06-05 08:32:15[0m] Saved checkpoint to logs/nwm_cdit_recon/checkpoints/0020000.pth.tar
Using cache found in ./models/facebookresearch_dino_main
[[34m2025-06-05 08:32:18[0m] Already found a `peft_config` attribute in the model. This will lead to having multiple adapters in the model. Make sure to know what you are doing!
[[34m2025-06-05 08:34:37[0m] (step=0020000) Perceptual Loss: 0.6465, Eval Time: 142.29
[[34m2025-06-05 08:35:38[0m] (step=0020100) Train Loss: 0.1371, Train Steps/Sec: 0.43, Samples/Sec: 20.53
[[34m2025-06-05 08:36:39[0m] (step=0020200) Train Loss: 0.1315, Train Steps/Sec: 1.64, Samples/Sec: 78.64
[[34m2025-06-05 08:37:40[0m] (step=0020300) Train Loss: 0.1267, Train Steps/Sec: 1.64, Samples/Sec: 78.61
[[34m2025-06-05 08:38:42[0m] (step=0020400) Train Loss: 0.1346, Train Steps/Sec: 1.63, Samples/Sec: 78.40
[[34m2025-06-05 08:39:43[0m] (step=0020500) Train Loss: 0.1283, Train Steps/Sec: 1.63, Samples/Sec: 78.27
[[34m2025-06-05 08:40:44[0m] (step=0020600) Train Loss: 0.1373, Train Steps/Sec: 1.63, Samples/Sec: 78.48
[[34m2025-06-05 08:41:45[0m] (step=0020700) Train Loss: 0.1308, Train Steps/Sec: 1.64, Samples/Sec: 78.57
[[34m2025-06-05 08:42:46[0m] (step=0020800) Train Loss: 0.1326, Train Steps/Sec: 1.64, Samples/Sec: 78.49
[[34m2025-06-05 08:43:47[0m] (step=0020900) Train Loss: 0.1381, Train Steps/Sec: 1.64, Samples/Sec: 78.60
[[34m2025-06-05 08:44:49[0m] (step=0021000) Train Loss: 0.1352, Train Steps/Sec: 1.64, Samples/Sec: 78.61
[[34m2025-06-05 08:45:50[0m] (step=0021100) Train Loss: 0.1292, Train Steps/Sec: 1.64, Samples/Sec: 78.58
[[34m2025-06-05 08:46:51[0m] (step=0021200) Train Loss: 0.1362, Train Steps/Sec: 1.63, Samples/Sec: 78.42
[[34m2025-06-05 08:47:52[0m] (step=0021300) Train Loss: 0.1354, Train Steps/Sec: 1.63, Samples/Sec: 78.39
[[34m2025-06-05 08:48:53[0m] (step=0021400) Train Loss: 0.1311, Train Steps/Sec: 1.64, Samples/Sec: 78.60
[[34m2025-06-05 08:49:54[0m] (step=0021500) Train Loss: 0.1339, Train Steps/Sec: 1.64, Samples/Sec: 78.55
[[34m2025-06-05 08:50:55[0m] (step=0021600) Train Loss: 0.1341, Train Steps/Sec: 1.64, Samples/Sec: 78.63
[[34m2025-06-05 08:51:56[0m] (step=0021700) Train Loss: 0.1332, Train Steps/Sec: 1.64, Samples/Sec: 78.48
[[34m2025-06-05 08:52:58[0m] (step=0021800) Train Loss: 0.1273, Train Steps/Sec: 1.63, Samples/Sec: 78.23
[[34m2025-06-05 08:53:59[0m] (step=0021900) Train Loss: 0.1314, Train Steps/Sec: 1.63, Samples/Sec: 78.35
[[34m2025-06-05 08:55:00[0m] (step=0022000) Train Loss: 0.1330, Train Steps/Sec: 1.63, Samples/Sec: 78.43
[[34m2025-06-05 08:55:15[0m] Saved checkpoint to logs/nwm_cdit_recon/checkpoints/latest.pth.tar
[[34m2025-06-05 08:56:16[0m] (step=0022100) Train Loss: 0.1339, Train Steps/Sec: 1.33, Samples/Sec: 63.71
[[34m2025-06-05 08:56:49[0m] Beginning epoch 2...
[[34m2025-06-05 08:57:17[0m] (step=0022200) Train Loss: 0.1278, Train Steps/Sec: 1.63, Samples/Sec: 78.18
[[34m2025-06-05 08:58:18[0m] (step=0022300) Train Loss: 0.1329, Train Steps/Sec: 1.64, Samples/Sec: 78.62
[[34m2025-06-05 08:59:19[0m] (step=0022400) Train Loss: 0.1329, Train Steps/Sec: 1.64, Samples/Sec: 78.52
[[34m2025-06-05 09:00:20[0m] (step=0022500) Train Loss: 0.1338, Train Steps/Sec: 1.63, Samples/Sec: 78.37
[[34m2025-06-05 09:01:22[0m] (step=0022600) Train Loss: 0.1321, Train Steps/Sec: 1.63, Samples/Sec: 78.39
[[34m2025-06-05 09:02:23[0m] (step=0022700) Train Loss: 0.1306, Train Steps/Sec: 1.64, Samples/Sec: 78.56
[[34m2025-06-05 09:03:24[0m] (step=0022800) Train Loss: 0.1267, Train Steps/Sec: 1.64, Samples/Sec: 78.66
[[34m2025-06-05 09:04:25[0m] (step=0022900) Train Loss: 0.1273, Train Steps/Sec: 1.64, Samples/Sec: 78.59
[[34m2025-06-05 09:05:27[0m] (step=0023000) Train Loss: 0.1309, Train Steps/Sec: 1.60, Samples/Sec: 76.72
[[34m2025-06-05 09:06:28[0m] (step=0023100) Train Loss: 0.1286, Train Steps/Sec: 1.64, Samples/Sec: 78.87
[[34m2025-06-05 09:07:30[0m] (step=0023200) Train Loss: 0.1362, Train Steps/Sec: 1.63, Samples/Sec: 78.06
[[34m2025-06-05 09:08:31[0m] (step=0023300) Train Loss: 0.1316, Train Steps/Sec: 1.64, Samples/Sec: 78.52
[[34m2025-06-05 09:09:32[0m] (step=0023400) Train Loss: 0.1352, Train Steps/Sec: 1.64, Samples/Sec: 78.55
[[34m2025-06-05 09:10:33[0m] (step=0023500) Train Loss: 0.1254, Train Steps/Sec: 1.64, Samples/Sec: 78.63
[[34m2025-06-05 09:11:34[0m] (step=0023600) Train Loss: 0.1317, Train Steps/Sec: 1.64, Samples/Sec: 78.63
[[34m2025-06-05 09:12:35[0m] (step=0023700) Train Loss: 0.1321, Train Steps/Sec: 1.64, Samples/Sec: 78.56
[[34m2025-06-05 09:13:36[0m] (step=0023800) Train Loss: 0.1396, Train Steps/Sec: 1.64, Samples/Sec: 78.50
[[34m2025-06-05 09:14:38[0m] (step=0023900) Train Loss: 0.1278, Train Steps/Sec: 1.63, Samples/Sec: 78.13
[[34m2025-06-05 09:15:39[0m] (step=0024000) Train Loss: 0.1334, Train Steps/Sec: 1.64, Samples/Sec: 78.54
[[34m2025-06-05 09:15:53[0m] Saved checkpoint to logs/nwm_cdit_recon/checkpoints/latest.pth.tar
[[34m2025-06-05 09:16:54[0m] (step=0024100) Train Loss: 0.1331, Train Steps/Sec: 1.33, Samples/Sec: 63.87
[[34m2025-06-05 09:17:55[0m] (step=0024200) Train Loss: 0.1306, Train Steps/Sec: 1.64, Samples/Sec: 78.55
[[34m2025-06-05 09:18:56[0m] (step=0024300) Train Loss: 0.1279, Train Steps/Sec: 1.64, Samples/Sec: 78.62
[[34m2025-06-05 09:19:57[0m] (step=0024400) Train Loss: 0.1300, Train Steps/Sec: 1.64, Samples/Sec: 78.56
[[34m2025-06-05 09:20:59[0m] (step=0024500) Train Loss: 0.1298, Train Steps/Sec: 1.63, Samples/Sec: 78.28
[[34m2025-06-05 09:22:00[0m] (step=0024600) Train Loss: 0.1344, Train Steps/Sec: 1.63, Samples/Sec: 78.43
[[34m2025-06-05 09:23:01[0m] (step=0024700) Train Loss: 0.1282, Train Steps/Sec: 1.64, Samples/Sec: 78.64
[[34m2025-06-05 09:24:02[0m] (step=0024800) Train Loss: 0.1339, Train Steps/Sec: 1.64, Samples/Sec: 78.62
[[34m2025-06-05 09:25:03[0m] (step=0024900) Train Loss: 0.1290, Train Steps/Sec: 1.64, Samples/Sec: 78.52
[[34m2025-06-05 09:26:04[0m] (step=0025000) Train Loss: 0.1310, Train Steps/Sec: 1.64, Samples/Sec: 78.53
[[34m2025-06-05 09:27:05[0m] (step=0025100) Train Loss: 0.1278, Train Steps/Sec: 1.64, Samples/Sec: 78.63
[[34m2025-06-05 09:28:10[0m] (step=0025200) Train Loss: 0.1274, Train Steps/Sec: 1.56, Samples/Sec: 74.71
[[34m2025-06-05 09:29:11[0m] (step=0025300) Train Loss: 0.1309, Train Steps/Sec: 1.64, Samples/Sec: 78.60
[[34m2025-06-05 09:30:12[0m] (step=0025400) Train Loss: 0.1286, Train Steps/Sec: 1.64, Samples/Sec: 78.62
[[34m2025-06-05 09:31:13[0m] (step=0025500) Train Loss: 0.1311, Train Steps/Sec: 1.64, Samples/Sec: 78.66
[[34m2025-06-05 09:32:14[0m] (step=0025600) Train Loss: 0.1325, Train Steps/Sec: 1.64, Samples/Sec: 78.70
[[34m2025-06-05 09:33:15[0m] (step=0025700) Train Loss: 0.1292, Train Steps/Sec: 1.64, Samples/Sec: 78.72
[[34m2025-06-05 09:34:16[0m] (step=0025800) Train Loss: 0.1263, Train Steps/Sec: 1.64, Samples/Sec: 78.56
[[34m2025-06-05 09:35:17[0m] (step=0025900) Train Loss: 0.1271, Train Steps/Sec: 1.63, Samples/Sec: 78.38
[[34m2025-06-05 09:36:18[0m] (step=0026000) Train Loss: 0.1288, Train Steps/Sec: 1.64, Samples/Sec: 78.72
[[34m2025-06-05 09:36:33[0m] Saved checkpoint to logs/nwm_cdit_recon/checkpoints/latest.pth.tar
[[34m2025-06-05 09:37:34[0m] (step=0026100) Train Loss: 0.1305, Train Steps/Sec: 1.31, Samples/Sec: 62.76
[[34m2025-06-05 09:38:35[0m] (step=0026200) Train Loss: 0.1290, Train Steps/Sec: 1.64, Samples/Sec: 78.69
[[34m2025-06-05 09:39:36[0m] (step=0026300) Train Loss: 0.1299, Train Steps/Sec: 1.64, Samples/Sec: 78.70
[[34m2025-06-05 09:40:37[0m] (step=0026400) Train Loss: 0.1322, Train Steps/Sec: 1.64, Samples/Sec: 78.74
[[34m2025-06-05 09:41:39[0m] (step=0026500) Train Loss: 0.1381, Train Steps/Sec: 1.64, Samples/Sec: 78.60
[[34m2025-06-05 09:42:40[0m] (step=0026600) Train Loss: 0.1291, Train Steps/Sec: 1.64, Samples/Sec: 78.62
[[34m2025-06-05 09:43:41[0m] (step=0026700) Train Loss: 0.1254, Train Steps/Sec: 1.64, Samples/Sec: 78.72
[[34m2025-06-05 09:44:42[0m] (step=0026800) Train Loss: 0.1287, Train Steps/Sec: 1.64, Samples/Sec: 78.70
[[34m2025-06-05 09:45:43[0m] (step=0026900) Train Loss: 0.1273, Train Steps/Sec: 1.64, Samples/Sec: 78.68
[[34m2025-06-05 09:46:44[0m] (step=0027000) Train Loss: 0.1278, Train Steps/Sec: 1.64, Samples/Sec: 78.70
[[34m2025-06-05 09:47:45[0m] (step=0027100) Train Loss: 0.1297, Train Steps/Sec: 1.64, Samples/Sec: 78.71
[[34m2025-06-05 09:48:46[0m] (step=0027200) Train Loss: 0.1314, Train Steps/Sec: 1.63, Samples/Sec: 78.39
[[34m2025-06-05 09:49:47[0m] (step=0027300) Train Loss: 0.1322, Train Steps/Sec: 1.64, Samples/Sec: 78.78
[[34m2025-06-05 09:50:48[0m] (step=0027400) Train Loss: 0.1280, Train Steps/Sec: 1.64, Samples/Sec: 78.76
[[34m2025-06-05 09:51:49[0m] (step=0027500) Train Loss: 0.1276, Train Steps/Sec: 1.64, Samples/Sec: 78.73
[[34m2025-06-05 09:52:50[0m] (step=0027600) Train Loss: 0.1294, Train Steps/Sec: 1.64, Samples/Sec: 78.72
[[34m2025-06-05 09:53:53[0m] (step=0027700) Train Loss: 0.1270, Train Steps/Sec: 1.59, Samples/Sec: 76.22
[[34m2025-06-05 09:54:54[0m] (step=0027800) Train Loss: 0.1270, Train Steps/Sec: 1.64, Samples/Sec: 78.54
[[34m2025-06-05 09:55:55[0m] (step=0027900) Train Loss: 0.1273, Train Steps/Sec: 1.63, Samples/Sec: 78.45
[[34m2025-06-05 09:56:56[0m] (step=0028000) Train Loss: 0.1257, Train Steps/Sec: 1.64, Samples/Sec: 78.73
[[34m2025-06-05 09:57:10[0m] Saved checkpoint to logs/nwm_cdit_recon/checkpoints/latest.pth.tar
[[34m2025-06-05 09:58:11[0m] (step=0028100) Train Loss: 0.1271, Train Steps/Sec: 1.34, Samples/Sec: 64.16
[[34m2025-06-05 09:59:12[0m] (step=0028200) Train Loss: 0.1297, Train Steps/Sec: 1.64, Samples/Sec: 78.69
[[34m2025-06-05 10:00:13[0m] (step=0028300) Train Loss: 0.1301, Train Steps/Sec: 1.64, Samples/Sec: 78.69
[[34m2025-06-05 10:01:14[0m] (step=0028400) Train Loss: 0.1255, Train Steps/Sec: 1.64, Samples/Sec: 78.60
[[34m2025-06-05 10:02:15[0m] (step=0028500) Train Loss: 0.1271, Train Steps/Sec: 1.64, Samples/Sec: 78.68
[[34m2025-06-05 10:03:16[0m] (step=0028600) Train Loss: 0.1271, Train Steps/Sec: 1.63, Samples/Sec: 78.48
[[34m2025-06-05 10:04:17[0m] (step=0028700) Train Loss: 0.1348, Train Steps/Sec: 1.64, Samples/Sec: 78.70
[[34m2025-06-05 10:05:18[0m] (step=0028800) Train Loss: 0.1262, Train Steps/Sec: 1.64, Samples/Sec: 78.72
[[34m2025-06-05 10:06:19[0m] (step=0028900) Train Loss: 0.1242, Train Steps/Sec: 1.64, Samples/Sec: 78.74
[[34m2025-06-05 10:07:20[0m] (step=0029000) Train Loss: 0.1257, Train Steps/Sec: 1.64, Samples/Sec: 78.70
[[34m2025-06-05 10:08:21[0m] (step=0029100) Train Loss: 0.1301, Train Steps/Sec: 1.64, Samples/Sec: 78.59
[[34m2025-06-05 10:09:22[0m] (step=0029200) Train Loss: 0.1223, Train Steps/Sec: 1.64, Samples/Sec: 78.60
[[34m2025-06-05 10:10:23[0m] (step=0029300) Train Loss: 0.1297, Train Steps/Sec: 1.64, Samples/Sec: 78.55
[[34m2025-06-05 10:11:24[0m] (step=0029400) Train Loss: 0.1219, Train Steps/Sec: 1.64, Samples/Sec: 78.66
[[34m2025-06-05 10:12:25[0m] (step=0029500) Train Loss: 0.1301, Train Steps/Sec: 1.64, Samples/Sec: 78.69
[[34m2025-06-05 10:13:26[0m] (step=0029600) Train Loss: 0.1283, Train Steps/Sec: 1.64, Samples/Sec: 78.71
[[34m2025-06-05 10:14:27[0m] (step=0029700) Train Loss: 0.1278, Train Steps/Sec: 1.64, Samples/Sec: 78.71
[[34m2025-06-05 10:15:28[0m] (step=0029800) Train Loss: 0.1270, Train Steps/Sec: 1.64, Samples/Sec: 78.65
[[34m2025-06-05 10:16:29[0m] (step=0029900) Train Loss: 0.1266, Train Steps/Sec: 1.63, Samples/Sec: 78.44
[[34m2025-06-05 10:17:30[0m] (step=0030000) Train Loss: 0.1238, Train Steps/Sec: 1.64, Samples/Sec: 78.69
Using cache found in ./models/facebookresearch_dino_main
Using cache found in ./models/facebookresearch_dino_main
[[34m2025-06-05 10:17:44[0m] Saved checkpoint to logs/nwm_cdit_recon/checkpoints/latest.pth.tar
Using cache found in ./models/facebookresearch_dino_main
[[34m2025-06-05 10:17:47[0m] Already found a `peft_config` attribute in the model. This will lead to having multiple adapters in the model. Make sure to know what you are doing!
[[34m2025-06-05 10:20:06[0m] (step=0030000) Perceptual Loss: 0.3424, Eval Time: 142.30
[[34m2025-06-05 10:21:07[0m] (step=0030100) Train Loss: 0.1326, Train Steps/Sec: 0.46, Samples/Sec: 22.14
[[34m2025-06-05 10:22:08[0m] (step=0030200) Train Loss: 0.1337, Train Steps/Sec: 1.64, Samples/Sec: 78.72
[[34m2025-06-05 10:23:09[0m] (step=0030300) Train Loss: 0.1287, Train Steps/Sec: 1.64, Samples/Sec: 78.75
[[34m2025-06-05 10:24:10[0m] (step=0030400) Train Loss: 0.1274, Train Steps/Sec: 1.64, Samples/Sec: 78.52
[[34m2025-06-05 10:25:11[0m] (step=0030500) Train Loss: 0.1275, Train Steps/Sec: 1.64, Samples/Sec: 78.50
[[34m2025-06-05 10:26:12[0m] (step=0030600) Train Loss: 0.1293, Train Steps/Sec: 1.64, Samples/Sec: 78.64
[[34m2025-06-05 10:27:13[0m] (step=0030700) Train Loss: 0.1299, Train Steps/Sec: 1.64, Samples/Sec: 78.67
[[34m2025-06-05 10:28:14[0m] (step=0030800) Train Loss: 0.1240, Train Steps/Sec: 1.64, Samples/Sec: 78.61
[[34m2025-06-05 10:29:15[0m] (step=0030900) Train Loss: 0.1295, Train Steps/Sec: 1.64, Samples/Sec: 78.66
[[34m2025-06-05 10:30:16[0m] (step=0031000) Train Loss: 0.1308, Train Steps/Sec: 1.64, Samples/Sec: 78.69
[[34m2025-06-05 10:31:18[0m] (step=0031100) Train Loss: 0.1303, Train Steps/Sec: 1.64, Samples/Sec: 78.49
[[34m2025-06-05 10:32:21[0m] (step=0031200) Train Loss: 0.1333, Train Steps/Sec: 1.57, Samples/Sec: 75.38
[[34m2025-06-05 10:33:22[0m] (step=0031300) Train Loss: 0.1297, Train Steps/Sec: 1.65, Samples/Sec: 78.99
[[34m2025-06-05 10:34:23[0m] (step=0031400) Train Loss: 0.1232, Train Steps/Sec: 1.64, Samples/Sec: 78.80
[[34m2025-06-05 10:35:24[0m] (step=0031500) Train Loss: 0.1245, Train Steps/Sec: 1.64, Samples/Sec: 78.50
[[34m2025-06-05 10:36:25[0m] (step=0031600) Train Loss: 0.1244, Train Steps/Sec: 1.64, Samples/Sec: 78.60
[[34m2025-06-05 10:37:26[0m] (step=0031700) Train Loss: 0.1238, Train Steps/Sec: 1.63, Samples/Sec: 78.42
[[34m2025-06-05 10:38:28[0m] (step=0031800) Train Loss: 0.1271, Train Steps/Sec: 1.63, Samples/Sec: 78.33
[[34m2025-06-05 10:39:29[0m] (step=0031900) Train Loss: 0.1293, Train Steps/Sec: 1.64, Samples/Sec: 78.68
[[34m2025-06-05 10:40:30[0m] (step=0032000) Train Loss: 0.1295, Train Steps/Sec: 1.64, Samples/Sec: 78.59
[[34m2025-06-05 10:40:44[0m] Saved checkpoint to logs/nwm_cdit_recon/checkpoints/latest.pth.tar
[[34m2025-06-05 10:41:45[0m] (step=0032100) Train Loss: 0.1316, Train Steps/Sec: 1.33, Samples/Sec: 63.85
[[34m2025-06-05 10:42:46[0m] (step=0032200) Train Loss: 0.1297, Train Steps/Sec: 1.64, Samples/Sec: 78.62
[[34m2025-06-05 10:43:47[0m] (step=0032300) Train Loss: 0.1323, Train Steps/Sec: 1.63, Samples/Sec: 78.40
[[34m2025-06-05 10:44:48[0m] (step=0032400) Train Loss: 0.1246, Train Steps/Sec: 1.64, Samples/Sec: 78.53
[[34m2025-06-05 10:45:50[0m] (step=0032500) Train Loss: 0.1217, Train Steps/Sec: 1.63, Samples/Sec: 78.33
[[34m2025-06-05 10:46:51[0m] (step=0032600) Train Loss: 0.1245, Train Steps/Sec: 1.64, Samples/Sec: 78.67
[[34m2025-06-05 10:47:52[0m] (step=0032700) Train Loss: 0.1322, Train Steps/Sec: 1.63, Samples/Sec: 78.37
[[34m2025-06-05 10:48:53[0m] (step=0032800) Train Loss: 0.1253, Train Steps/Sec: 1.64, Samples/Sec: 78.66
[[34m2025-06-05 10:49:54[0m] (step=0032900) Train Loss: 0.1256, Train Steps/Sec: 1.64, Samples/Sec: 78.62
[[34m2025-06-05 10:50:55[0m] (step=0033000) Train Loss: 0.1241, Train Steps/Sec: 1.63, Samples/Sec: 78.42
[[34m2025-06-05 10:51:56[0m] (step=0033100) Train Loss: 0.1310, Train Steps/Sec: 1.64, Samples/Sec: 78.53
[[34m2025-06-05 10:52:58[0m] (step=0033200) Train Loss: 0.1277, Train Steps/Sec: 1.63, Samples/Sec: 78.31
[[34m2025-06-05 10:53:17[0m] Beginning epoch 3...
[[34m2025-06-05 10:53:59[0m] (step=0033300) Train Loss: 0.1301, Train Steps/Sec: 1.63, Samples/Sec: 78.18
[[34m2025-06-05 10:55:00[0m] (step=0033400) Train Loss: 0.1289, Train Steps/Sec: 1.64, Samples/Sec: 78.58
[[34m2025-06-05 10:56:01[0m] (step=0033500) Train Loss: 0.1285, Train Steps/Sec: 1.64, Samples/Sec: 78.58
[[34m2025-06-05 10:57:02[0m] (step=0033600) Train Loss: 0.1318, Train Steps/Sec: 1.64, Samples/Sec: 78.62
[[34m2025-06-05 10:58:03[0m] (step=0033700) Train Loss: 0.1222, Train Steps/Sec: 1.63, Samples/Sec: 78.44
[[34m2025-06-05 10:59:05[0m] (step=0033800) Train Loss: 0.1295, Train Steps/Sec: 1.64, Samples/Sec: 78.56
[[34m2025-06-05 11:00:06[0m] (step=0033900) Train Loss: 0.1206, Train Steps/Sec: 1.63, Samples/Sec: 78.26
[[34m2025-06-05 11:01:07[0m] (step=0034000) Train Loss: 0.1295, Train Steps/Sec: 1.64, Samples/Sec: 78.54
[[34m2025-06-05 11:01:23[0m] Saved checkpoint to logs/nwm_cdit_recon/checkpoints/latest.pth.tar
[[34m2025-06-05 11:02:24[0m] (step=0034100) Train Loss: 0.1168, Train Steps/Sec: 1.30, Samples/Sec: 62.38
[[34m2025-06-05 11:03:25[0m] (step=0034200) Train Loss: 0.1303, Train Steps/Sec: 1.64, Samples/Sec: 78.58
[[34m2025-06-05 11:04:26[0m] (step=0034300) Train Loss: 0.1231, Train Steps/Sec: 1.63, Samples/Sec: 78.42
[[34m2025-06-05 11:05:27[0m] (step=0034400) Train Loss: 0.1247, Train Steps/Sec: 1.64, Samples/Sec: 78.52
[[34m2025-06-05 11:06:29[0m] (step=0034500) Train Loss: 0.1223, Train Steps/Sec: 1.63, Samples/Sec: 78.25
[[34m2025-06-05 11:07:30[0m] (step=0034600) Train Loss: 0.1252, Train Steps/Sec: 1.64, Samples/Sec: 78.56
[[34m2025-06-05 11:08:31[0m] (step=0034700) Train Loss: 0.1266, Train Steps/Sec: 1.64, Samples/Sec: 78.63
[[34m2025-06-05 11:09:32[0m] (step=0034800) Train Loss: 0.1289, Train Steps/Sec: 1.64, Samples/Sec: 78.57
[[34m2025-06-05 11:10:33[0m] (step=0034900) Train Loss: 0.1247, Train Steps/Sec: 1.63, Samples/Sec: 78.33
[[34m2025-06-05 11:11:34[0m] (step=0035000) Train Loss: 0.1243, Train Steps/Sec: 1.64, Samples/Sec: 78.55
[[34m2025-06-05 11:12:36[0m] (step=0035100) Train Loss: 0.1239, Train Steps/Sec: 1.63, Samples/Sec: 78.46
[[34m2025-06-05 11:13:37[0m] (step=0035200) Train Loss: 0.1178, Train Steps/Sec: 1.63, Samples/Sec: 78.38
[[34m2025-06-05 11:14:38[0m] (step=0035300) Train Loss: 0.1256, Train Steps/Sec: 1.64, Samples/Sec: 78.54
[[34m2025-06-05 11:15:39[0m] (step=0035400) Train Loss: 0.1211, Train Steps/Sec: 1.64, Samples/Sec: 78.62
[[34m2025-06-05 11:16:40[0m] (step=0035500) Train Loss: 0.1319, Train Steps/Sec: 1.64, Samples/Sec: 78.54
[[34m2025-06-05 11:17:41[0m] (step=0035600) Train Loss: 0.1276, Train Steps/Sec: 1.63, Samples/Sec: 78.40
[[34m2025-06-05 11:18:42[0m] (step=0035700) Train Loss: 0.1244, Train Steps/Sec: 1.64, Samples/Sec: 78.57
[[34m2025-06-05 11:19:43[0m] (step=0035800) Train Loss: 0.1221, Train Steps/Sec: 1.64, Samples/Sec: 78.64
[[34m2025-06-05 11:20:45[0m] (step=0035900) Train Loss: 0.1183, Train Steps/Sec: 1.63, Samples/Sec: 78.37
[[34m2025-06-05 11:21:46[0m] (step=0036000) Train Loss: 0.1215, Train Steps/Sec: 1.64, Samples/Sec: 78.61
[[34m2025-06-05 11:22:00[0m] Saved checkpoint to logs/nwm_cdit_recon/checkpoints/latest.pth.tar
[[34m2025-06-05 11:23:01[0m] (step=0036100) Train Loss: 0.1319, Train Steps/Sec: 1.33, Samples/Sec: 63.92
[[34m2025-06-05 11:24:02[0m] (step=0036200) Train Loss: 0.1171, Train Steps/Sec: 1.64, Samples/Sec: 78.51
[[34m2025-06-05 11:25:03[0m] (step=0036300) Train Loss: 0.1332, Train Steps/Sec: 1.64, Samples/Sec: 78.56
[[34m2025-06-05 11:26:04[0m] (step=0036400) Train Loss: 0.1208, Train Steps/Sec: 1.64, Samples/Sec: 78.57
[[34m2025-06-05 11:27:05[0m] (step=0036500) Train Loss: 0.1216, Train Steps/Sec: 1.63, Samples/Sec: 78.42
[[34m2025-06-05 11:28:07[0m] (step=0036600) Train Loss: 0.1298, Train Steps/Sec: 1.64, Samples/Sec: 78.51
[[34m2025-06-05 11:29:08[0m] (step=0036700) Train Loss: 0.1261, Train Steps/Sec: 1.64, Samples/Sec: 78.66
[[34m2025-06-05 11:30:09[0m] (step=0036800) Train Loss: 0.1229, Train Steps/Sec: 1.64, Samples/Sec: 78.57
[[34m2025-06-05 11:31:10[0m] (step=0036900) Train Loss: 0.1317, Train Steps/Sec: 1.63, Samples/Sec: 78.46
[[34m2025-06-05 11:32:11[0m] (step=0037000) Train Loss: 0.1261, Train Steps/Sec: 1.64, Samples/Sec: 78.64
[[34m2025-06-05 11:33:12[0m] (step=0037100) Train Loss: 0.1253, Train Steps/Sec: 1.64, Samples/Sec: 78.55
[[34m2025-06-05 11:34:13[0m] (step=0037200) Train Loss: 0.1278, Train Steps/Sec: 1.63, Samples/Sec: 78.40
[[34m2025-06-05 11:35:14[0m] (step=0037300) Train Loss: 0.1279, Train Steps/Sec: 1.64, Samples/Sec: 78.65
[[34m2025-06-05 11:36:15[0m] (step=0037400) Train Loss: 0.1258, Train Steps/Sec: 1.64, Samples/Sec: 78.59
[[34m2025-06-05 11:37:16[0m] (step=0037500) Train Loss: 0.1279, Train Steps/Sec: 1.64, Samples/Sec: 78.64
[[34m2025-06-05 11:38:18[0m] (step=0037600) Train Loss: 0.1269, Train Steps/Sec: 1.63, Samples/Sec: 78.45
[[34m2025-06-05 11:39:19[0m] (step=0037700) Train Loss: 0.1273, Train Steps/Sec: 1.64, Samples/Sec: 78.55
[[34m2025-06-05 11:40:20[0m] (step=0037800) Train Loss: 0.1230, Train Steps/Sec: 1.64, Samples/Sec: 78.50
[[34m2025-06-05 11:41:21[0m] (step=0037900) Train Loss: 0.1298, Train Steps/Sec: 1.63, Samples/Sec: 78.21
[[34m2025-06-05 11:42:22[0m] (step=0038000) Train Loss: 0.1228, Train Steps/Sec: 1.64, Samples/Sec: 78.58
[[34m2025-06-05 11:42:40[0m] Saved checkpoint to logs/nwm_cdit_recon/checkpoints/latest.pth.tar
[[34m2025-06-05 11:43:41[0m] (step=0038100) Train Loss: 0.1241, Train Steps/Sec: 1.26, Samples/Sec: 60.63
[[34m2025-06-05 11:44:43[0m] (step=0038200) Train Loss: 0.1237, Train Steps/Sec: 1.63, Samples/Sec: 78.45
[[34m2025-06-05 11:45:44[0m] (step=0038300) Train Loss: 0.1274, Train Steps/Sec: 1.64, Samples/Sec: 78.60
[[34m2025-06-05 11:46:45[0m] (step=0038400) Train Loss: 0.1214, Train Steps/Sec: 1.63, Samples/Sec: 78.46
[[34m2025-06-05 11:47:46[0m] (step=0038500) Train Loss: 0.1256, Train Steps/Sec: 1.64, Samples/Sec: 78.53
[[34m2025-06-05 11:48:47[0m] (step=0038600) Train Loss: 0.1313, Train Steps/Sec: 1.63, Samples/Sec: 78.13
[[34m2025-06-05 11:49:49[0m] (step=0038700) Train Loss: 0.1279, Train Steps/Sec: 1.64, Samples/Sec: 78.52
[[34m2025-06-05 11:50:50[0m] (step=0038800) Train Loss: 0.1241, Train Steps/Sec: 1.64, Samples/Sec: 78.56
[[34m2025-06-05 11:51:51[0m] (step=0038900) Train Loss: 0.1236, Train Steps/Sec: 1.63, Samples/Sec: 78.45
[[34m2025-06-05 11:52:52[0m] (step=0039000) Train Loss: 0.1263, Train Steps/Sec: 1.64, Samples/Sec: 78.66
[[34m2025-06-05 11:53:53[0m] (step=0039100) Train Loss: 0.1267, Train Steps/Sec: 1.64, Samples/Sec: 78.60
[[34m2025-06-05 11:54:54[0m] (step=0039200) Train Loss: 0.1230, Train Steps/Sec: 1.63, Samples/Sec: 78.35
[[34m2025-06-05 11:55:55[0m] (step=0039300) Train Loss: 0.1267, Train Steps/Sec: 1.64, Samples/Sec: 78.62
[[34m2025-06-05 11:56:56[0m] (step=0039400) Train Loss: 0.1226, Train Steps/Sec: 1.64, Samples/Sec: 78.54
[[34m2025-06-05 11:57:58[0m] (step=0039500) Train Loss: 0.1241, Train Steps/Sec: 1.64, Samples/Sec: 78.51
[[34m2025-06-05 11:58:59[0m] (step=0039600) Train Loss: 0.1243, Train Steps/Sec: 1.64, Samples/Sec: 78.55
[[34m2025-06-05 12:00:00[0m] (step=0039700) Train Loss: 0.1235, Train Steps/Sec: 1.64, Samples/Sec: 78.76
[[34m2025-06-05 12:01:00[0m] (step=0039800) Train Loss: 0.1207, Train Steps/Sec: 1.64, Samples/Sec: 78.93
[[34m2025-06-05 12:02:01[0m] (step=0039900) Train Loss: 0.1271, Train Steps/Sec: 1.64, Samples/Sec: 78.60
[[34m2025-06-05 12:03:03[0m] (step=0040000) Train Loss: 0.1302, Train Steps/Sec: 1.64, Samples/Sec: 78.53
Using cache found in ./models/facebookresearch_dino_main
Using cache found in ./models/facebookresearch_dino_main
[[34m2025-06-05 12:03:29[0m] Saved checkpoint to logs/nwm_cdit_recon/checkpoints/0040000.pth.tar
Using cache found in ./models/facebookresearch_dino_main
[[34m2025-06-05 12:03:32[0m] Already found a `peft_config` attribute in the model. This will lead to having multiple adapters in the model. Make sure to know what you are doing!
[[34m2025-06-05 12:05:51[0m] (step=0040000) Perceptual Loss: 0.2461, Eval Time: 142.22
[[34m2025-06-05 12:06:52[0m] (step=0040100) Train Loss: 0.1241, Train Steps/Sec: 0.44, Samples/Sec: 20.90
[[34m2025-06-05 12:07:53[0m] (step=0040200) Train Loss: 0.1245, Train Steps/Sec: 1.64, Samples/Sec: 78.67
[[34m2025-06-05 12:08:54[0m] (step=0040300) Train Loss: 0.1267, Train Steps/Sec: 1.64, Samples/Sec: 78.58
[[34m2025-06-05 12:09:55[0m] (step=0040400) Train Loss: 0.1292, Train Steps/Sec: 1.64, Samples/Sec: 78.59
[[34m2025-06-05 12:10:57[0m] (step=0040500) Train Loss: 0.1272, Train Steps/Sec: 1.63, Samples/Sec: 78.36
[[34m2025-06-05 12:11:58[0m] (step=0040600) Train Loss: 0.1320, Train Steps/Sec: 1.64, Samples/Sec: 78.63
[[34m2025-06-05 12:12:59[0m] (step=0040700) Train Loss: 0.1257, Train Steps/Sec: 1.64, Samples/Sec: 78.51
[[34m2025-06-05 12:14:00[0m] (step=0040800) Train Loss: 0.1218, Train Steps/Sec: 1.64, Samples/Sec: 78.65
[[34m2025-06-05 12:15:01[0m] (step=0040900) Train Loss: 0.1249, Train Steps/Sec: 1.63, Samples/Sec: 78.46
[[34m2025-06-05 12:16:02[0m] (step=0041000) Train Loss: 0.1296, Train Steps/Sec: 1.64, Samples/Sec: 78.58
[[34m2025-06-05 12:17:03[0m] (step=0041100) Train Loss: 0.1255, Train Steps/Sec: 1.63, Samples/Sec: 78.44
[[34m2025-06-05 12:18:04[0m] (step=0041200) Train Loss: 0.1233, Train Steps/Sec: 1.64, Samples/Sec: 78.67
[[34m2025-06-05 12:19:05[0m] (step=0041300) Train Loss: 0.1167, Train Steps/Sec: 1.64, Samples/Sec: 78.66
[[34m2025-06-05 12:20:07[0m] (step=0041400) Train Loss: 0.1290, Train Steps/Sec: 1.64, Samples/Sec: 78.50
[[34m2025-06-05 12:21:08[0m] (step=0041500) Train Loss: 0.1249, Train Steps/Sec: 1.64, Samples/Sec: 78.58
[[34m2025-06-05 12:22:09[0m] (step=0041600) Train Loss: 0.1261, Train Steps/Sec: 1.64, Samples/Sec: 78.60
[[34m2025-06-05 12:23:10[0m] (step=0041700) Train Loss: 0.1244, Train Steps/Sec: 1.64, Samples/Sec: 78.51
[[34m2025-06-05 12:24:11[0m] (step=0041800) Train Loss: 0.1249, Train Steps/Sec: 1.63, Samples/Sec: 78.33
[[34m2025-06-05 12:25:12[0m] (step=0041900) Train Loss: 0.1290, Train Steps/Sec: 1.64, Samples/Sec: 78.62
[[34m2025-06-05 12:26:13[0m] (step=0042000) Train Loss: 0.1276, Train Steps/Sec: 1.64, Samples/Sec: 78.56
[[34m2025-06-05 12:26:28[0m] Saved checkpoint to logs/nwm_cdit_recon/checkpoints/latest.pth.tar
[[34m2025-06-05 12:27:29[0m] (step=0042100) Train Loss: 0.1253, Train Steps/Sec: 1.32, Samples/Sec: 63.33
[[34m2025-06-05 12:28:30[0m] (step=0042200) Train Loss: 0.1262, Train Steps/Sec: 1.64, Samples/Sec: 78.50
[[34m2025-06-05 12:29:31[0m] (step=0042300) Train Loss: 0.1254, Train Steps/Sec: 1.63, Samples/Sec: 78.47
[[34m2025-06-05 12:30:32[0m] (step=0042400) Train Loss: 0.1229, Train Steps/Sec: 1.64, Samples/Sec: 78.65
[[34m2025-06-05 12:31:34[0m] (step=0042500) Train Loss: 0.1234, Train Steps/Sec: 1.63, Samples/Sec: 78.29
[[34m2025-06-05 12:32:35[0m] (step=0042600) Train Loss: 0.1259, Train Steps/Sec: 1.63, Samples/Sec: 78.47
[[34m2025-06-05 12:33:36[0m] (step=0042700) Train Loss: 0.1284, Train Steps/Sec: 1.63, Samples/Sec: 78.42
[[34m2025-06-05 12:34:37[0m] (step=0042800) Train Loss: 0.1238, Train Steps/Sec: 1.64, Samples/Sec: 78.65
[[34m2025-06-05 12:35:38[0m] (step=0042900) Train Loss: 0.1230, Train Steps/Sec: 1.64, Samples/Sec: 78.64
[[34m2025-06-05 12:36:39[0m] (step=0043000) Train Loss: 0.1245, Train Steps/Sec: 1.64, Samples/Sec: 78.61
[[34m2025-06-05 12:37:40[0m] (step=0043100) Train Loss: 0.1247, Train Steps/Sec: 1.64, Samples/Sec: 78.60
[[34m2025-06-05 12:38:42[0m] (step=0043200) Train Loss: 0.1239, Train Steps/Sec: 1.63, Samples/Sec: 78.33
[[34m2025-06-05 12:39:43[0m] (step=0043300) Train Loss: 0.1245, Train Steps/Sec: 1.64, Samples/Sec: 78.51
[[34m2025-06-05 12:40:44[0m] (step=0043400) Train Loss: 0.1200, Train Steps/Sec: 1.63, Samples/Sec: 78.42
[[34m2025-06-05 12:41:45[0m] (step=0043500) Train Loss: 0.1264, Train Steps/Sec: 1.64, Samples/Sec: 78.58
[[34m2025-06-05 12:42:46[0m] (step=0043600) Train Loss: 0.1209, Train Steps/Sec: 1.64, Samples/Sec: 78.63
[[34m2025-06-05 12:43:47[0m] (step=0043700) Train Loss: 0.1245, Train Steps/Sec: 1.64, Samples/Sec: 78.56
[[34m2025-06-05 12:44:48[0m] (step=0043800) Train Loss: 0.1219, Train Steps/Sec: 1.63, Samples/Sec: 78.44
[[34m2025-06-05 12:45:50[0m] (step=0043900) Train Loss: 0.1269, Train Steps/Sec: 1.63, Samples/Sec: 78.44
[[34m2025-06-05 12:46:51[0m] (step=0044000) Train Loss: 0.1212, Train Steps/Sec: 1.64, Samples/Sec: 78.51
[[34m2025-06-05 12:47:04[0m] Saved checkpoint to logs/nwm_cdit_recon/checkpoints/latest.pth.tar
[[34m2025-06-05 12:48:06[0m] (step=0044100) Train Loss: 0.1221, Train Steps/Sec: 1.34, Samples/Sec: 64.17
[[34m2025-06-05 12:49:07[0m] (step=0044200) Train Loss: 0.1235, Train Steps/Sec: 1.64, Samples/Sec: 78.57
[[34m2025-06-05 12:50:08[0m] (step=0044300) Train Loss: 0.1202, Train Steps/Sec: 1.64, Samples/Sec: 78.63
[[34m2025-06-05 12:50:13[0m] Beginning epoch 4...
[[34m2025-06-05 12:51:09[0m] (step=0044400) Train Loss: 0.1221, Train Steps/Sec: 1.63, Samples/Sec: 78.17
[[34m2025-06-05 12:52:10[0m] (step=0044500) Train Loss: 0.1261, Train Steps/Sec: 1.63, Samples/Sec: 78.26
[[34m2025-06-05 12:53:12[0m] (step=0044600) Train Loss: 0.1238, Train Steps/Sec: 1.64, Samples/Sec: 78.48
[[34m2025-06-05 12:54:13[0m] (step=0044700) Train Loss: 0.1263, Train Steps/Sec: 1.64, Samples/Sec: 78.52
[[34m2025-06-05 12:55:14[0m] (step=0044800) Train Loss: 0.1268, Train Steps/Sec: 1.64, Samples/Sec: 78.51
[[34m2025-06-05 12:56:15[0m] (step=0044900) Train Loss: 0.1203, Train Steps/Sec: 1.64, Samples/Sec: 78.59
[[34m2025-06-05 12:57:16[0m] (step=0045000) Train Loss: 0.1228, Train Steps/Sec: 1.64, Samples/Sec: 78.62
[[34m2025-06-05 12:58:17[0m] (step=0045100) Train Loss: 0.1217, Train Steps/Sec: 1.64, Samples/Sec: 78.58
[[34m2025-06-05 12:59:18[0m] (step=0045200) Train Loss: 0.1208, Train Steps/Sec: 1.63, Samples/Sec: 78.27
[[34m2025-06-05 13:00:20[0m] (step=0045300) Train Loss: 0.1207, Train Steps/Sec: 1.63, Samples/Sec: 78.44
[[34m2025-06-05 13:01:21[0m] (step=0045400) Train Loss: 0.1216, Train Steps/Sec: 1.63, Samples/Sec: 78.32
[[34m2025-06-05 13:02:22[0m] (step=0045500) Train Loss: 0.1175, Train Steps/Sec: 1.64, Samples/Sec: 78.60
[[34m2025-06-05 13:03:23[0m] (step=0045600) Train Loss: 0.1184, Train Steps/Sec: 1.64, Samples/Sec: 78.61
[[34m2025-06-05 13:04:24[0m] (step=0045700) Train Loss: 0.1195, Train Steps/Sec: 1.64, Samples/Sec: 78.60
[[34m2025-06-05 13:05:25[0m] (step=0045800) Train Loss: 0.1271, Train Steps/Sec: 1.63, Samples/Sec: 78.30
[[34m2025-06-05 13:06:27[0m] (step=0045900) Train Loss: 0.1227, Train Steps/Sec: 1.63, Samples/Sec: 78.47
[[34m2025-06-05 13:07:28[0m] (step=0046000) Train Loss: 0.1253, Train Steps/Sec: 1.64, Samples/Sec: 78.51
[[34m2025-06-05 13:07:42[0m] Saved checkpoint to logs/nwm_cdit_recon/checkpoints/latest.pth.tar
[[34m2025-06-05 13:08:43[0m] (step=0046100) Train Loss: 0.1241, Train Steps/Sec: 1.32, Samples/Sec: 63.50
[[34m2025-06-05 13:09:44[0m] (step=0046200) Train Loss: 0.1197, Train Steps/Sec: 1.64, Samples/Sec: 78.51
[[34m2025-06-05 13:10:46[0m] (step=0046300) Train Loss: 0.1223, Train Steps/Sec: 1.64, Samples/Sec: 78.54
[[34m2025-06-05 13:11:47[0m] (step=0046400) Train Loss: 0.1242, Train Steps/Sec: 1.64, Samples/Sec: 78.55
[[34m2025-06-05 13:12:48[0m] (step=0046500) Train Loss: 0.1254, Train Steps/Sec: 1.63, Samples/Sec: 78.32
[[34m2025-06-05 13:13:49[0m] (step=0046600) Train Loss: 0.1174, Train Steps/Sec: 1.63, Samples/Sec: 78.43
[[34m2025-06-05 13:14:50[0m] (step=0046700) Train Loss: 0.1157, Train Steps/Sec: 1.64, Samples/Sec: 78.65
[[34m2025-06-05 13:15:51[0m] (step=0046800) Train Loss: 0.1248, Train Steps/Sec: 1.64, Samples/Sec: 78.61
[[34m2025-06-05 13:16:52[0m] (step=0046900) Train Loss: 0.1259, Train Steps/Sec: 1.64, Samples/Sec: 78.60
[[34m2025-06-05 13:17:53[0m] (step=0047000) Train Loss: 0.1253, Train Steps/Sec: 1.64, Samples/Sec: 78.66
[[34m2025-06-05 13:18:54[0m] (step=0047100) Train Loss: 0.1213, Train Steps/Sec: 1.64, Samples/Sec: 78.59
[[34m2025-06-05 13:19:56[0m] (step=0047200) Train Loss: 0.1233, Train Steps/Sec: 1.63, Samples/Sec: 78.29
[[34m2025-06-05 13:20:57[0m] (step=0047300) Train Loss: 0.1238, Train Steps/Sec: 1.64, Samples/Sec: 78.58
[[34m2025-06-05 13:21:58[0m] (step=0047400) Train Loss: 0.1195, Train Steps/Sec: 1.64, Samples/Sec: 78.56
[[34m2025-06-05 13:22:59[0m] (step=0047500) Train Loss: 0.1263, Train Steps/Sec: 1.64, Samples/Sec: 78.60
[[34m2025-06-05 13:24:00[0m] (step=0047600) Train Loss: 0.1220, Train Steps/Sec: 1.64, Samples/Sec: 78.57
[[34m2025-06-05 13:25:01[0m] (step=0047700) Train Loss: 0.1210, Train Steps/Sec: 1.64, Samples/Sec: 78.65
[[34m2025-06-05 13:26:02[0m] (step=0047800) Train Loss: 0.1212, Train Steps/Sec: 1.64, Samples/Sec: 78.65
[[34m2025-06-05 13:27:04[0m] (step=0047900) Train Loss: 0.1202, Train Steps/Sec: 1.63, Samples/Sec: 78.15
[[34m2025-06-05 13:28:04[0m] (step=0048000) Train Loss: 0.1250, Train Steps/Sec: 1.64, Samples/Sec: 78.91
[[34m2025-06-05 13:28:17[0m] Saved checkpoint to logs/nwm_cdit_recon/checkpoints/latest.pth.tar
[[34m2025-06-05 13:29:18[0m] (step=0048100) Train Loss: 0.1247, Train Steps/Sec: 1.36, Samples/Sec: 65.17
[[34m2025-06-05 13:30:19[0m] (step=0048200) Train Loss: 0.1188, Train Steps/Sec: 1.64, Samples/Sec: 78.51
[[34m2025-06-05 13:31:20[0m] (step=0048300) Train Loss: 0.1175, Train Steps/Sec: 1.63, Samples/Sec: 78.42
[[34m2025-06-05 13:32:22[0m] (step=0048400) Train Loss: 0.1200, Train Steps/Sec: 1.64, Samples/Sec: 78.52
[[34m2025-06-05 13:33:23[0m] (step=0048500) Train Loss: 0.1254, Train Steps/Sec: 1.63, Samples/Sec: 78.27
[[34m2025-06-05 13:34:24[0m] (step=0048600) Train Loss: 0.1251, Train Steps/Sec: 1.63, Samples/Sec: 78.47
[[34m2025-06-05 13:35:25[0m] (step=0048700) Train Loss: 0.1196, Train Steps/Sec: 1.64, Samples/Sec: 78.63
[[34m2025-06-05 13:36:26[0m] (step=0048800) Train Loss: 0.1266, Train Steps/Sec: 1.64, Samples/Sec: 78.60
[[34m2025-06-05 13:37:27[0m] (step=0048900) Train Loss: 0.1206, Train Steps/Sec: 1.64, Samples/Sec: 78.54
[[34m2025-06-05 13:38:28[0m] (step=0049000) Train Loss: 0.1222, Train Steps/Sec: 1.64, Samples/Sec: 78.64
[[34m2025-06-05 13:39:29[0m] (step=0049100) Train Loss: 0.1152, Train Steps/Sec: 1.64, Samples/Sec: 78.58
[[34m2025-06-05 13:40:31[0m] (step=0049200) Train Loss: 0.1283, Train Steps/Sec: 1.63, Samples/Sec: 78.30
[[34m2025-06-05 13:41:32[0m] (step=0049300) Train Loss: 0.1219, Train Steps/Sec: 1.64, Samples/Sec: 78.55
[[34m2025-06-05 13:42:33[0m] (step=0049400) Train Loss: 0.1200, Train Steps/Sec: 1.64, Samples/Sec: 78.62
[[34m2025-06-05 13:43:34[0m] (step=0049500) Train Loss: 0.1283, Train Steps/Sec: 1.64, Samples/Sec: 78.61
[[34m2025-06-05 13:44:35[0m] (step=0049600) Train Loss: 0.1199, Train Steps/Sec: 1.64, Samples/Sec: 78.56
[[34m2025-06-05 13:45:36[0m] (step=0049700) Train Loss: 0.1212, Train Steps/Sec: 1.64, Samples/Sec: 78.63
[[34m2025-06-05 13:46:37[0m] (step=0049800) Train Loss: 0.1190, Train Steps/Sec: 1.64, Samples/Sec: 78.63
[[34m2025-06-05 13:47:38[0m] (step=0049900) Train Loss: 0.1223, Train Steps/Sec: 1.63, Samples/Sec: 78.25
[[34m2025-06-05 13:48:40[0m] (step=0050000) Train Loss: 0.1177, Train Steps/Sec: 1.64, Samples/Sec: 78.62
Using cache found in ./models/facebookresearch_dino_main
Using cache found in ./models/facebookresearch_dino_main
[[34m2025-06-05 13:48:54[0m] Saved checkpoint to logs/nwm_cdit_recon/checkpoints/latest.pth.tar
Using cache found in ./models/facebookresearch_dino_main
[[34m2025-06-05 13:48:57[0m] Already found a `peft_config` attribute in the model. This will lead to having multiple adapters in the model. Make sure to know what you are doing!
[[34m2025-06-05 13:51:17[0m] (step=0050000) Perceptual Loss: 0.2002, Eval Time: 142.84
[[34m2025-06-05 13:52:18[0m] (step=0050100) Train Loss: 0.1233, Train Steps/Sec: 0.46, Samples/Sec: 22.01
[[34m2025-06-05 13:53:19[0m] (step=0050200) Train Loss: 0.1263, Train Steps/Sec: 1.64, Samples/Sec: 78.60
[[34m2025-06-05 13:54:20[0m] (step=0050300) Train Loss: 0.1238, Train Steps/Sec: 1.64, Samples/Sec: 78.65
[[34m2025-06-05 13:55:21[0m] (step=0050400) Train Loss: 0.1225, Train Steps/Sec: 1.63, Samples/Sec: 78.35
[[34m2025-06-05 13:56:22[0m] (step=0050500) Train Loss: 0.1191, Train Steps/Sec: 1.63, Samples/Sec: 78.46
[[34m2025-06-05 13:57:23[0m] (step=0050600) Train Loss: 0.1198, Train Steps/Sec: 1.64, Samples/Sec: 78.57
[[34m2025-06-05 13:58:24[0m] (step=0050700) Train Loss: 0.1199, Train Steps/Sec: 1.64, Samples/Sec: 78.67
[[34m2025-06-05 13:59:25[0m] (step=0050800) Train Loss: 0.1178, Train Steps/Sec: 1.64, Samples/Sec: 78.61
[[34m2025-06-05 14:00:26[0m] (step=0050900) Train Loss: 0.1156, Train Steps/Sec: 1.64, Samples/Sec: 78.56
[[34m2025-06-05 14:01:28[0m] (step=0051000) Train Loss: 0.1212, Train Steps/Sec: 1.64, Samples/Sec: 78.57
[[34m2025-06-05 14:02:29[0m] (step=0051100) Train Loss: 0.1152, Train Steps/Sec: 1.63, Samples/Sec: 78.28
[[34m2025-06-05 14:03:30[0m] (step=0051200) Train Loss: 0.1257, Train Steps/Sec: 1.64, Samples/Sec: 78.58
[[34m2025-06-05 14:04:31[0m] (step=0051300) Train Loss: 0.1218, Train Steps/Sec: 1.64, Samples/Sec: 78.64
[[34m2025-06-05 14:05:32[0m] (step=0051400) Train Loss: 0.1227, Train Steps/Sec: 1.64, Samples/Sec: 78.63
[[34m2025-06-05 14:06:33[0m] (step=0051500) Train Loss: 0.1202, Train Steps/Sec: 1.64, Samples/Sec: 78.56
[[34m2025-06-05 14:07:34[0m] (step=0051600) Train Loss: 0.1168, Train Steps/Sec: 1.64, Samples/Sec: 78.63
[[34m2025-06-05 14:08:35[0m] (step=0051700) Train Loss: 0.1209, Train Steps/Sec: 1.64, Samples/Sec: 78.53
[[34m2025-06-05 14:09:37[0m] (step=0051800) Train Loss: 0.1123, Train Steps/Sec: 1.63, Samples/Sec: 78.24
[[34m2025-06-05 14:10:38[0m] (step=0051900) Train Loss: 0.1242, Train Steps/Sec: 1.64, Samples/Sec: 78.61
[[34m2025-06-05 14:11:39[0m] (step=0052000) Train Loss: 0.1190, Train Steps/Sec: 1.64, Samples/Sec: 78.66
[[34m2025-06-05 14:11:53[0m] Saved checkpoint to logs/nwm_cdit_recon/checkpoints/latest.pth.tar
[[34m2025-06-05 14:12:54[0m] (step=0052100) Train Loss: 0.1181, Train Steps/Sec: 1.32, Samples/Sec: 63.46
[[34m2025-06-05 14:13:55[0m] (step=0052200) Train Loss: 0.1224, Train Steps/Sec: 1.64, Samples/Sec: 78.63
[[34m2025-06-05 14:14:57[0m] (step=0052300) Train Loss: 0.1252, Train Steps/Sec: 1.64, Samples/Sec: 78.58
[[34m2025-06-05 14:15:58[0m] (step=0052400) Train Loss: 0.1191, Train Steps/Sec: 1.64, Samples/Sec: 78.54
[[34m2025-06-05 14:16:59[0m] (step=0052500) Train Loss: 0.1183, Train Steps/Sec: 1.63, Samples/Sec: 78.39
[[34m2025-06-05 14:18:00[0m] (step=0052600) Train Loss: 0.1281, Train Steps/Sec: 1.64, Samples/Sec: 78.56
[[34m2025-06-05 14:19:01[0m] (step=0052700) Train Loss: 0.1215, Train Steps/Sec: 1.64, Samples/Sec: 78.59
[[34m2025-06-05 14:20:02[0m] (step=0052800) Train Loss: 0.1172, Train Steps/Sec: 1.64, Samples/Sec: 78.65
[[34m2025-06-05 14:21:03[0m] (step=0052900) Train Loss: 0.1244, Train Steps/Sec: 1.64, Samples/Sec: 78.65
[[34m2025-06-05 14:22:04[0m] (step=0053000) Train Loss: 0.1249, Train Steps/Sec: 1.64, Samples/Sec: 78.49
[[34m2025-06-05 14:23:06[0m] (step=0053100) Train Loss: 0.1215, Train Steps/Sec: 1.63, Samples/Sec: 78.31
[[34m2025-06-05 14:24:07[0m] (step=0053200) Train Loss: 0.1189, Train Steps/Sec: 1.63, Samples/Sec: 78.46
[[34m2025-06-05 14:25:08[0m] (step=0053300) Train Loss: 0.1221, Train Steps/Sec: 1.64, Samples/Sec: 78.49
[[34m2025-06-05 14:26:09[0m] (step=0053400) Train Loss: 0.1205, Train Steps/Sec: 1.64, Samples/Sec: 78.60
[[34m2025-06-05 14:27:10[0m] (step=0053500) Train Loss: 0.1250, Train Steps/Sec: 1.64, Samples/Sec: 78.64
[[34m2025-06-05 14:28:11[0m] (step=0053600) Train Loss: 0.1185, Train Steps/Sec: 1.63, Samples/Sec: 78.47
[[34m2025-06-05 14:29:12[0m] (step=0053700) Train Loss: 0.1174, Train Steps/Sec: 1.63, Samples/Sec: 78.46
[[34m2025-06-05 14:30:14[0m] (step=0053800) Train Loss: 0.1219, Train Steps/Sec: 1.63, Samples/Sec: 78.37
[[34m2025-06-05 14:31:15[0m] (step=0053900) Train Loss: 0.1217, Train Steps/Sec: 1.64, Samples/Sec: 78.52
[[34m2025-06-05 14:32:16[0m] (step=0054000) Train Loss: 0.1210, Train Steps/Sec: 1.64, Samples/Sec: 78.65
[[34m2025-06-05 14:32:30[0m] Saved checkpoint to logs/nwm_cdit_recon/checkpoints/latest.pth.tar
[[34m2025-06-05 14:33:31[0m] (step=0054100) Train Loss: 0.1124, Train Steps/Sec: 1.34, Samples/Sec: 64.18
[[34m2025-06-05 14:34:32[0m] (step=0054200) Train Loss: 0.1247, Train Steps/Sec: 1.64, Samples/Sec: 78.56
[[34m2025-06-05 14:35:33[0m] (step=0054300) Train Loss: 0.1201, Train Steps/Sec: 1.63, Samples/Sec: 78.47
[[34m2025-06-05 14:36:34[0m] (step=0054400) Train Loss: 0.1187, Train Steps/Sec: 1.64, Samples/Sec: 78.66
[[34m2025-06-05 14:37:35[0m] (step=0054500) Train Loss: 0.1216, Train Steps/Sec: 1.63, Samples/Sec: 78.40
[[34m2025-06-05 14:38:36[0m] (step=0054600) Train Loss: 0.1206, Train Steps/Sec: 1.64, Samples/Sec: 78.52
[[34m2025-06-05 14:39:37[0m] (step=0054700) Train Loss: 0.1239, Train Steps/Sec: 1.63, Samples/Sec: 78.42
[[34m2025-06-05 14:40:39[0m] (step=0054800) Train Loss: 0.1191, Train Steps/Sec: 1.64, Samples/Sec: 78.64
[[34m2025-06-05 14:41:40[0m] (step=0054900) Train Loss: 0.1152, Train Steps/Sec: 1.64, Samples/Sec: 78.54
[[34m2025-06-05 14:42:41[0m] (step=0055000) Train Loss: 0.1207, Train Steps/Sec: 1.63, Samples/Sec: 78.47
[[34m2025-06-05 14:43:42[0m] (step=0055100) Train Loss: 0.1213, Train Steps/Sec: 1.64, Samples/Sec: 78.56
[[34m2025-06-05 14:44:43[0m] (step=0055200) Train Loss: 0.1163, Train Steps/Sec: 1.63, Samples/Sec: 78.37
[[34m2025-06-05 14:45:44[0m] (step=0055300) Train Loss: 0.1234, Train Steps/Sec: 1.64, Samples/Sec: 78.66
[[34m2025-06-05 14:46:36[0m] Beginning epoch 5...
[[34m2025-06-05 14:46:46[0m] (step=0055400) Train Loss: 0.1209, Train Steps/Sec: 1.63, Samples/Sec: 78.22
[[34m2025-06-05 14:47:47[0m] (step=0055500) Train Loss: 0.1246, Train Steps/Sec: 1.64, Samples/Sec: 78.56
[[34m2025-06-05 14:48:48[0m] (step=0055600) Train Loss: 0.1216, Train Steps/Sec: 1.64, Samples/Sec: 78.54
[[34m2025-06-05 14:49:49[0m] (step=0055700) Train Loss: 0.1194, Train Steps/Sec: 1.64, Samples/Sec: 78.49
[[34m2025-06-05 14:50:50[0m] (step=0055800) Train Loss: 0.1217, Train Steps/Sec: 1.64, Samples/Sec: 78.55
[[34m2025-06-05 14:51:51[0m] (step=0055900) Train Loss: 0.1156, Train Steps/Sec: 1.63, Samples/Sec: 78.33
[[34m2025-06-05 14:52:52[0m] (step=0056000) Train Loss: 0.1196, Train Steps/Sec: 1.64, Samples/Sec: 78.63
[[34m2025-06-05 14:53:06[0m] Saved checkpoint to logs/nwm_cdit_recon/checkpoints/latest.pth.tar
[[34m2025-06-05 14:54:07[0m] (step=0056100) Train Loss: 0.1150, Train Steps/Sec: 1.34, Samples/Sec: 64.13
[[34m2025-06-05 14:55:08[0m] (step=0056200) Train Loss: 0.1197, Train Steps/Sec: 1.64, Samples/Sec: 78.75
[[34m2025-06-05 14:56:09[0m] (step=0056300) Train Loss: 0.1257, Train Steps/Sec: 1.64, Samples/Sec: 78.88
[[34m2025-06-05 14:57:10[0m] (step=0056400) Train Loss: 0.1219, Train Steps/Sec: 1.64, Samples/Sec: 78.82
[[34m2025-06-05 14:58:11[0m] (step=0056500) Train Loss: 0.1227, Train Steps/Sec: 1.63, Samples/Sec: 78.28
[[34m2025-06-05 14:59:12[0m] (step=0056600) Train Loss: 0.1153, Train Steps/Sec: 1.64, Samples/Sec: 78.53
[[34m2025-06-05 15:00:13[0m] (step=0056700) Train Loss: 0.1253, Train Steps/Sec: 1.64, Samples/Sec: 78.51
[[34m2025-06-05 15:01:15[0m] (step=0056800) Train Loss: 0.1200, Train Steps/Sec: 1.64, Samples/Sec: 78.59
[[34m2025-06-05 15:02:16[0m] (step=0056900) Train Loss: 0.1197, Train Steps/Sec: 1.64, Samples/Sec: 78.60
[[34m2025-06-05 15:03:17[0m] (step=0057000) Train Loss: 0.1198, Train Steps/Sec: 1.63, Samples/Sec: 78.34
[[34m2025-06-05 15:04:18[0m] (step=0057100) Train Loss: 0.1176, Train Steps/Sec: 1.64, Samples/Sec: 78.60
[[34m2025-06-05 15:05:19[0m] (step=0057200) Train Loss: 0.1192, Train Steps/Sec: 1.63, Samples/Sec: 78.29
[[34m2025-06-05 15:06:20[0m] (step=0057300) Train Loss: 0.1156, Train Steps/Sec: 1.64, Samples/Sec: 78.62
[[34m2025-06-05 15:07:22[0m] (step=0057400) Train Loss: 0.1218, Train Steps/Sec: 1.64, Samples/Sec: 78.50
[[34m2025-06-05 15:08:23[0m] (step=0057500) Train Loss: 0.1179, Train Steps/Sec: 1.64, Samples/Sec: 78.65
[[34m2025-06-05 15:09:24[0m] (step=0057600) Train Loss: 0.1194, Train Steps/Sec: 1.64, Samples/Sec: 78.51
[[34m2025-06-05 15:10:25[0m] (step=0057700) Train Loss: 0.1201, Train Steps/Sec: 1.63, Samples/Sec: 78.48
[[34m2025-06-05 15:11:26[0m] (step=0057800) Train Loss: 0.1199, Train Steps/Sec: 1.64, Samples/Sec: 78.56
[[34m2025-06-05 15:12:27[0m] (step=0057900) Train Loss: 0.1160, Train Steps/Sec: 1.63, Samples/Sec: 78.39
[[34m2025-06-05 15:13:28[0m] (step=0058000) Train Loss: 0.1212, Train Steps/Sec: 1.64, Samples/Sec: 78.64
[[34m2025-06-05 15:13:43[0m] Saved checkpoint to logs/nwm_cdit_recon/checkpoints/latest.pth.tar
[[34m2025-06-05 15:14:44[0m] (step=0058100) Train Loss: 0.1178, Train Steps/Sec: 1.32, Samples/Sec: 63.26
[[34m2025-06-05 15:15:45[0m] (step=0058200) Train Loss: 0.1212, Train Steps/Sec: 1.63, Samples/Sec: 78.42
[[34m2025-06-05 15:16:46[0m] (step=0058300) Train Loss: 0.1242, Train Steps/Sec: 1.64, Samples/Sec: 78.61
[[34m2025-06-05 15:17:47[0m] (step=0058400) Train Loss: 0.1181, Train Steps/Sec: 1.64, Samples/Sec: 78.54
[[34m2025-06-05 15:18:49[0m] (step=0058500) Train Loss: 0.1198, Train Steps/Sec: 1.63, Samples/Sec: 78.29
[[34m2025-06-05 15:19:50[0m] (step=0058600) Train Loss: 0.1164, Train Steps/Sec: 1.63, Samples/Sec: 78.46
[[34m2025-06-05 15:20:51[0m] (step=0058700) Train Loss: 0.1220, Train Steps/Sec: 1.64, Samples/Sec: 78.62
[[34m2025-06-05 15:21:52[0m] (step=0058800) Train Loss: 0.1171, Train Steps/Sec: 1.64, Samples/Sec: 78.61
[[34m2025-06-05 15:22:53[0m] (step=0058900) Train Loss: 0.1202, Train Steps/Sec: 1.63, Samples/Sec: 78.46
[[34m2025-06-05 15:23:54[0m] (step=0059000) Train Loss: 0.1212, Train Steps/Sec: 1.64, Samples/Sec: 78.53
[[34m2025-06-05 15:24:55[0m] (step=0059100) Train Loss: 0.1204, Train Steps/Sec: 1.64, Samples/Sec: 78.61
[[34m2025-06-05 15:25:57[0m] (step=0059200) Train Loss: 0.1166, Train Steps/Sec: 1.63, Samples/Sec: 78.44
[[34m2025-06-05 15:26:58[0m] (step=0059300) Train Loss: 0.1197, Train Steps/Sec: 1.64, Samples/Sec: 78.58
[[34m2025-06-05 15:27:59[0m] (step=0059400) Train Loss: 0.1214, Train Steps/Sec: 1.64, Samples/Sec: 78.66
[[34m2025-06-05 15:29:00[0m] (step=0059500) Train Loss: 0.1257, Train Steps/Sec: 1.64, Samples/Sec: 78.62
[[34m2025-06-05 15:30:01[0m] (step=0059600) Train Loss: 0.1236, Train Steps/Sec: 1.64, Samples/Sec: 78.59
[[34m2025-06-05 15:31:02[0m] (step=0059700) Train Loss: 0.1219, Train Steps/Sec: 1.64, Samples/Sec: 78.56
[[34m2025-06-05 15:32:03[0m] (step=0059800) Train Loss: 0.1147, Train Steps/Sec: 1.64, Samples/Sec: 78.69
[[34m2025-06-05 15:33:04[0m] (step=0059900) Train Loss: 0.1188, Train Steps/Sec: 1.63, Samples/Sec: 78.26
[[34m2025-06-05 15:34:05[0m] (step=0060000) Train Loss: 0.1183, Train Steps/Sec: 1.64, Samples/Sec: 78.56
Using cache found in ./models/facebookresearch_dino_main
Using cache found in ./models/facebookresearch_dino_main
[[34m2025-06-05 15:34:32[0m] Saved checkpoint to logs/nwm_cdit_recon/checkpoints/0060000.pth.tar
Using cache found in ./models/facebookresearch_dino_main
[[34m2025-06-05 15:34:35[0m] Already found a `peft_config` attribute in the model. This will lead to having multiple adapters in the model. Make sure to know what you are doing!
[[34m2025-06-05 15:36:55[0m] (step=0060000) Perceptual Loss: 0.1831, Eval Time: 142.94
[[34m2025-06-05 15:37:56[0m] (step=0060100) Train Loss: 0.1190, Train Steps/Sec: 0.43, Samples/Sec: 20.83
[[34m2025-06-05 15:38:57[0m] (step=0060200) Train Loss: 0.1193, Train Steps/Sec: 1.63, Samples/Sec: 78.36
[[34m2025-06-05 15:39:58[0m] (step=0060300) Train Loss: 0.1194, Train Steps/Sec: 1.64, Samples/Sec: 78.62
[[34m2025-06-05 15:40:59[0m] (step=0060400) Train Loss: 0.1158, Train Steps/Sec: 1.63, Samples/Sec: 78.38
[[34m2025-06-05 15:42:01[0m] (step=0060500) Train Loss: 0.1160, Train Steps/Sec: 1.63, Samples/Sec: 78.43
[[34m2025-06-05 15:43:02[0m] (step=0060600) Train Loss: 0.1220, Train Steps/Sec: 1.64, Samples/Sec: 78.59
[[34m2025-06-05 15:44:03[0m] (step=0060700) Train Loss: 0.1254, Train Steps/Sec: 1.64, Samples/Sec: 78.66
[[34m2025-06-05 15:45:04[0m] (step=0060800) Train Loss: 0.1185, Train Steps/Sec: 1.64, Samples/Sec: 78.57
[[34m2025-06-05 15:46:05[0m] (step=0060900) Train Loss: 0.1200, Train Steps/Sec: 1.64, Samples/Sec: 78.62
[[34m2025-06-05 15:47:06[0m] (step=0061000) Train Loss: 0.1212, Train Steps/Sec: 1.64, Samples/Sec: 78.70
[[34m2025-06-05 15:48:07[0m] (step=0061100) Train Loss: 0.1175, Train Steps/Sec: 1.63, Samples/Sec: 78.45
[[34m2025-06-05 15:49:08[0m] (step=0061200) Train Loss: 0.1234, Train Steps/Sec: 1.64, Samples/Sec: 78.48
[[34m2025-06-05 15:50:09[0m] (step=0061300) Train Loss: 0.1135, Train Steps/Sec: 1.64, Samples/Sec: 78.52
[[34m2025-06-05 15:51:10[0m] (step=0061400) Train Loss: 0.1154, Train Steps/Sec: 1.64, Samples/Sec: 78.58
[[34m2025-06-05 15:52:11[0m] (step=0061500) Train Loss: 0.1143, Train Steps/Sec: 1.64, Samples/Sec: 78.72
[[34m2025-06-05 15:53:12[0m] (step=0061600) Train Loss: 0.1194, Train Steps/Sec: 1.64, Samples/Sec: 78.57
[[34m2025-06-05 15:54:14[0m] (step=0061700) Train Loss: 0.1189, Train Steps/Sec: 1.64, Samples/Sec: 78.66
[[34m2025-06-05 15:55:15[0m] (step=0061800) Train Loss: 0.1210, Train Steps/Sec: 1.63, Samples/Sec: 78.35
[[34m2025-06-05 15:56:16[0m] (step=0061900) Train Loss: 0.1194, Train Steps/Sec: 1.64, Samples/Sec: 78.63
[[34m2025-06-05 15:57:17[0m] (step=0062000) Train Loss: 0.1243, Train Steps/Sec: 1.64, Samples/Sec: 78.51
[[34m2025-06-05 15:57:31[0m] Saved checkpoint to logs/nwm_cdit_recon/checkpoints/latest.pth.tar
[[34m2025-06-05 15:58:32[0m] (step=0062100) Train Loss: 0.1176, Train Steps/Sec: 1.34, Samples/Sec: 64.12
[[34m2025-06-05 15:59:33[0m] (step=0062200) Train Loss: 0.1152, Train Steps/Sec: 1.64, Samples/Sec: 78.64
[[34m2025-06-05 16:00:34[0m] (step=0062300) Train Loss: 0.1220, Train Steps/Sec: 1.64, Samples/Sec: 78.70
[[34m2025-06-05 16:01:35[0m] (step=0062400) Train Loss: 0.1244, Train Steps/Sec: 1.64, Samples/Sec: 78.68
[[34m2025-06-05 16:02:36[0m] (step=0062500) Train Loss: 0.1156, Train Steps/Sec: 1.63, Samples/Sec: 78.27
[[34m2025-06-05 16:03:37[0m] (step=0062600) Train Loss: 0.1210, Train Steps/Sec: 1.64, Samples/Sec: 78.66
[[34m2025-06-05 16:04:38[0m] (step=0062700) Train Loss: 0.1159, Train Steps/Sec: 1.64, Samples/Sec: 78.59
[[34m2025-06-05 16:05:39[0m] (step=0062800) Train Loss: 0.1187, Train Steps/Sec: 1.64, Samples/Sec: 78.68
[[34m2025-06-05 16:06:40[0m] (step=0062900) Train Loss: 0.1211, Train Steps/Sec: 1.64, Samples/Sec: 78.55
[[34m2025-06-05 16:07:42[0m] (step=0063000) Train Loss: 0.1181, Train Steps/Sec: 1.64, Samples/Sec: 78.51
[[34m2025-06-05 16:08:43[0m] (step=0063100) Train Loss: 0.1191, Train Steps/Sec: 1.63, Samples/Sec: 78.45
[[34m2025-06-05 16:09:44[0m] (step=0063200) Train Loss: 0.1240, Train Steps/Sec: 1.64, Samples/Sec: 78.60
[[34m2025-06-05 16:10:45[0m] (step=0063300) Train Loss: 0.1172, Train Steps/Sec: 1.64, Samples/Sec: 78.65
[[34m2025-06-05 16:11:46[0m] (step=0063400) Train Loss: 0.1251, Train Steps/Sec: 1.64, Samples/Sec: 78.53
[[34m2025-06-05 16:12:47[0m] (step=0063500) Train Loss: 0.1227, Train Steps/Sec: 1.64, Samples/Sec: 78.59
[[34m2025-06-05 16:13:48[0m] (step=0063600) Train Loss: 0.1174, Train Steps/Sec: 1.64, Samples/Sec: 78.65
[[34m2025-06-05 16:14:49[0m] (step=0063700) Train Loss: 0.1210, Train Steps/Sec: 1.64, Samples/Sec: 78.71
[[34m2025-06-05 16:15:50[0m] (step=0063800) Train Loss: 0.1204, Train Steps/Sec: 1.63, Samples/Sec: 78.41
[[34m2025-06-05 16:16:51[0m] (step=0063900) Train Loss: 0.1199, Train Steps/Sec: 1.64, Samples/Sec: 78.64
[[34m2025-06-05 16:17:52[0m] (step=0064000) Train Loss: 0.1197, Train Steps/Sec: 1.64, Samples/Sec: 78.61
[[34m2025-06-05 16:18:07[0m] Saved checkpoint to logs/nwm_cdit_recon/checkpoints/latest.pth.tar
[[34m2025-06-05 16:19:08[0m] (step=0064100) Train Loss: 0.1240, Train Steps/Sec: 1.32, Samples/Sec: 63.38
[[34m2025-06-05 16:20:09[0m] (step=0064200) Train Loss: 0.1223, Train Steps/Sec: 1.64, Samples/Sec: 78.66
[[34m2025-06-05 16:21:10[0m] (step=0064300) Train Loss: 0.1159, Train Steps/Sec: 1.63, Samples/Sec: 78.43
[[34m2025-06-05 16:22:11[0m] (step=0064400) Train Loss: 0.1213, Train Steps/Sec: 1.64, Samples/Sec: 78.66
[[34m2025-06-05 16:23:12[0m] (step=0064500) Train Loss: 0.1205, Train Steps/Sec: 1.64, Samples/Sec: 78.58
[[34m2025-06-05 16:24:13[0m] (step=0064600) Train Loss: 0.1131, Train Steps/Sec: 1.65, Samples/Sec: 79.02
[[34m2025-06-05 16:25:14[0m] (step=0064700) Train Loss: 0.1247, Train Steps/Sec: 1.64, Samples/Sec: 78.55
[[34m2025-06-05 16:26:15[0m] (step=0064800) Train Loss: 0.1157, Train Steps/Sec: 1.64, Samples/Sec: 78.64
[[34m2025-06-05 16:27:16[0m] (step=0064900) Train Loss: 0.1140, Train Steps/Sec: 1.64, Samples/Sec: 78.57
[[34m2025-06-05 16:28:18[0m] (step=0065000) Train Loss: 0.1167, Train Steps/Sec: 1.64, Samples/Sec: 78.57
[[34m2025-06-05 16:29:19[0m] (step=0065100) Train Loss: 0.1191, Train Steps/Sec: 1.64, Samples/Sec: 78.51
[[34m2025-06-05 16:30:20[0m] (step=0065200) Train Loss: 0.1234, Train Steps/Sec: 1.64, Samples/Sec: 78.51
[[34m2025-06-05 16:31:21[0m] (step=0065300) Train Loss: 0.1230, Train Steps/Sec: 1.64, Samples/Sec: 78.61
[[34m2025-06-05 16:32:22[0m] (step=0065400) Train Loss: 0.1137, Train Steps/Sec: 1.64, Samples/Sec: 78.58
[[34m2025-06-05 16:33:23[0m] (step=0065500) Train Loss: 0.1163, Train Steps/Sec: 1.64, Samples/Sec: 78.56
[[34m2025-06-05 16:34:24[0m] (step=0065600) Train Loss: 0.1165, Train Steps/Sec: 1.64, Samples/Sec: 78.58
[[34m2025-06-05 16:35:25[0m] (step=0065700) Train Loss: 0.1184, Train Steps/Sec: 1.64, Samples/Sec: 78.63
[[34m2025-06-05 16:36:26[0m] (step=0065800) Train Loss: 0.1113, Train Steps/Sec: 1.63, Samples/Sec: 78.39
[[34m2025-06-05 16:37:27[0m] (step=0065900) Train Loss: 0.1191, Train Steps/Sec: 1.64, Samples/Sec: 78.68
[[34m2025-06-05 16:38:29[0m] (step=0066000) Train Loss: 0.1159, Train Steps/Sec: 1.64, Samples/Sec: 78.58
[[34m2025-06-05 16:38:43[0m] Saved checkpoint to logs/nwm_cdit_recon/checkpoints/latest.pth.tar
[[34m2025-06-05 16:39:44[0m] (step=0066100) Train Loss: 0.1212, Train Steps/Sec: 1.33, Samples/Sec: 63.68
[[34m2025-06-05 16:40:45[0m] (step=0066200) Train Loss: 0.1196, Train Steps/Sec: 1.64, Samples/Sec: 78.62
[[34m2025-06-05 16:41:46[0m] (step=0066300) Train Loss: 0.1221, Train Steps/Sec: 1.64, Samples/Sec: 78.57
[[34m2025-06-05 16:42:47[0m] (step=0066400) Train Loss: 0.1083, Train Steps/Sec: 1.64, Samples/Sec: 78.60
[[34m2025-06-05 16:43:25[0m] Beginning epoch 6...
[[34m2025-06-05 16:43:49[0m] (step=0066500) Train Loss: 0.1158, Train Steps/Sec: 1.62, Samples/Sec: 77.76
[[34m2025-06-05 16:44:50[0m] (step=0066600) Train Loss: 0.1193, Train Steps/Sec: 1.64, Samples/Sec: 78.56
[[34m2025-06-05 16:45:51[0m] (step=0066700) Train Loss: 0.1212, Train Steps/Sec: 1.64, Samples/Sec: 78.64
[[34m2025-06-05 16:46:52[0m] (step=0066800) Train Loss: 0.1161, Train Steps/Sec: 1.64, Samples/Sec: 78.54
[[34m2025-06-05 16:47:53[0m] (step=0066900) Train Loss: 0.1168, Train Steps/Sec: 1.64, Samples/Sec: 78.60
[[34m2025-06-05 16:48:54[0m] (step=0067000) Train Loss: 0.1137, Train Steps/Sec: 1.64, Samples/Sec: 78.61
[[34m2025-06-05 16:49:55[0m] (step=0067100) Train Loss: 0.1144, Train Steps/Sec: 1.64, Samples/Sec: 78.59
[[34m2025-06-05 16:50:57[0m] (step=0067200) Train Loss: 0.1161, Train Steps/Sec: 1.63, Samples/Sec: 78.33
[[34m2025-06-05 16:51:58[0m] (step=0067300) Train Loss: 0.1156, Train Steps/Sec: 1.64, Samples/Sec: 78.68
[[34m2025-06-05 16:52:59[0m] (step=0067400) Train Loss: 0.1163, Train Steps/Sec: 1.64, Samples/Sec: 78.56
[[34m2025-06-05 16:54:00[0m] (step=0067500) Train Loss: 0.1138, Train Steps/Sec: 1.64, Samples/Sec: 78.58
[[34m2025-06-05 16:55:01[0m] (step=0067600) Train Loss: 0.1255, Train Steps/Sec: 1.64, Samples/Sec: 78.66
[[34m2025-06-05 16:56:02[0m] (step=0067700) Train Loss: 0.1181, Train Steps/Sec: 1.64, Samples/Sec: 78.66
[[34m2025-06-05 16:57:03[0m] (step=0067800) Train Loss: 0.1195, Train Steps/Sec: 1.63, Samples/Sec: 78.27
[[34m2025-06-05 16:58:04[0m] (step=0067900) Train Loss: 0.1214, Train Steps/Sec: 1.64, Samples/Sec: 78.65
[[34m2025-06-05 16:59:05[0m] (step=0068000) Train Loss: 0.1162, Train Steps/Sec: 1.64, Samples/Sec: 78.61
[[34m2025-06-05 16:59:20[0m] Saved checkpoint to logs/nwm_cdit_recon/checkpoints/latest.pth.tar
[[34m2025-06-05 17:00:21[0m] (step=0068100) Train Loss: 0.1160, Train Steps/Sec: 1.32, Samples/Sec: 63.18
[[34m2025-06-05 17:01:22[0m] (step=0068200) Train Loss: 0.1192, Train Steps/Sec: 1.64, Samples/Sec: 78.62
[[34m2025-06-05 17:02:23[0m] (step=0068300) Train Loss: 0.1206, Train Steps/Sec: 1.64, Samples/Sec: 78.55
[[34m2025-06-05 17:03:25[0m] (step=0068400) Train Loss: 0.1199, Train Steps/Sec: 1.64, Samples/Sec: 78.54
[[34m2025-06-05 17:04:26[0m] (step=0068500) Train Loss: 0.1218, Train Steps/Sec: 1.63, Samples/Sec: 78.32
[[34m2025-06-05 17:05:27[0m] (step=0068600) Train Loss: 0.1225, Train Steps/Sec: 1.64, Samples/Sec: 78.65
[[34m2025-06-05 17:06:28[0m] (step=0068700) Train Loss: 0.1213, Train Steps/Sec: 1.64, Samples/Sec: 78.56
[[34m2025-06-05 17:07:29[0m] (step=0068800) Train Loss: 0.1180, Train Steps/Sec: 1.64, Samples/Sec: 78.65
[[34m2025-06-05 17:08:30[0m] (step=0068900) Train Loss: 0.1259, Train Steps/Sec: 1.64, Samples/Sec: 78.66
[[34m2025-06-05 17:09:31[0m] (step=0069000) Train Loss: 0.1156, Train Steps/Sec: 1.64, Samples/Sec: 78.61
[[34m2025-06-05 17:10:32[0m] (step=0069100) Train Loss: 0.1163, Train Steps/Sec: 1.64, Samples/Sec: 78.52
[[34m2025-06-05 17:11:34[0m] (step=0069200) Train Loss: 0.1243, Train Steps/Sec: 1.63, Samples/Sec: 78.32
[[34m2025-06-05 17:12:35[0m] (step=0069300) Train Loss: 0.1152, Train Steps/Sec: 1.64, Samples/Sec: 78.51
[[34m2025-06-05 17:13:36[0m] (step=0069400) Train Loss: 0.1236, Train Steps/Sec: 1.64, Samples/Sec: 78.51
[[34m2025-06-05 17:14:37[0m] (step=0069500) Train Loss: 0.1164, Train Steps/Sec: 1.64, Samples/Sec: 78.66
[[34m2025-06-05 17:15:38[0m] (step=0069600) Train Loss: 0.1173, Train Steps/Sec: 1.64, Samples/Sec: 78.66
[[34m2025-06-05 17:16:39[0m] (step=0069700) Train Loss: 0.1206, Train Steps/Sec: 1.64, Samples/Sec: 78.60
[[34m2025-06-05 17:17:40[0m] (step=0069800) Train Loss: 0.1224, Train Steps/Sec: 1.64, Samples/Sec: 78.54
[[34m2025-06-05 17:18:41[0m] (step=0069900) Train Loss: 0.1147, Train Steps/Sec: 1.63, Samples/Sec: 78.39
[[34m2025-06-05 17:19:42[0m] (step=0070000) Train Loss: 0.1189, Train Steps/Sec: 1.64, Samples/Sec: 78.64
Using cache found in ./models/facebookresearch_dino_main
Using cache found in ./models/facebookresearch_dino_main
[[34m2025-06-05 17:19:57[0m] Saved checkpoint to logs/nwm_cdit_recon/checkpoints/latest.pth.tar
Using cache found in ./models/facebookresearch_dino_main
[[34m2025-06-05 17:20:00[0m] Already found a `peft_config` attribute in the model. This will lead to having multiple adapters in the model. Make sure to know what you are doing!
[[34m2025-06-05 17:22:20[0m] (step=0070000) Perceptual Loss: 0.1678, Eval Time: 142.68
[[34m2025-06-05 17:23:21[0m] (step=0070100) Train Loss: 0.1142, Train Steps/Sec: 0.46, Samples/Sec: 21.96
[[34m2025-06-05 17:24:22[0m] (step=0070200) Train Loss: 0.1171, Train Steps/Sec: 1.64, Samples/Sec: 78.69
[[34m2025-06-05 17:25:23[0m] (step=0070300) Train Loss: 0.1132, Train Steps/Sec: 1.64, Samples/Sec: 78.65
[[34m2025-06-05 17:26:24[0m] (step=0070400) Train Loss: 0.1163, Train Steps/Sec: 1.63, Samples/Sec: 78.25
[[34m2025-06-05 17:27:25[0m] (step=0070500) Train Loss: 0.1204, Train Steps/Sec: 1.64, Samples/Sec: 78.58
[[34m2025-06-05 17:28:26[0m] (step=0070600) Train Loss: 0.1182, Train Steps/Sec: 1.64, Samples/Sec: 78.64
[[34m2025-06-05 17:29:27[0m] (step=0070700) Train Loss: 0.1162, Train Steps/Sec: 1.64, Samples/Sec: 78.52
[[34m2025-06-05 17:30:29[0m] (step=0070800) Train Loss: 0.1171, Train Steps/Sec: 1.63, Samples/Sec: 78.46
[[34m2025-06-05 17:31:30[0m] (step=0070900) Train Loss: 0.1186, Train Steps/Sec: 1.64, Samples/Sec: 78.56
[[34m2025-06-05 17:32:31[0m] (step=0071000) Train Loss: 0.1217, Train Steps/Sec: 1.64, Samples/Sec: 78.66
[[34m2025-06-05 17:33:32[0m] (step=0071100) Train Loss: 0.1194, Train Steps/Sec: 1.63, Samples/Sec: 78.32
[[34m2025-06-05 17:34:33[0m] (step=0071200) Train Loss: 0.1182, Train Steps/Sec: 1.64, Samples/Sec: 78.62
[[34m2025-06-05 17:35:34[0m] (step=0071300) Train Loss: 0.1235, Train Steps/Sec: 1.64, Samples/Sec: 78.56
[[34m2025-06-05 17:36:35[0m] (step=0071400) Train Loss: 0.1183, Train Steps/Sec: 1.63, Samples/Sec: 78.42
[[34m2025-06-05 17:37:37[0m] (step=0071500) Train Loss: 0.1202, Train Steps/Sec: 1.64, Samples/Sec: 78.59
[[34m2025-06-05 17:38:38[0m] (step=0071600) Train Loss: 0.1173, Train Steps/Sec: 1.64, Samples/Sec: 78.59
[[34m2025-06-05 17:39:39[0m] (step=0071700) Train Loss: 0.1217, Train Steps/Sec: 1.64, Samples/Sec: 78.58
[[34m2025-06-05 17:40:40[0m] (step=0071800) Train Loss: 0.1146, Train Steps/Sec: 1.63, Samples/Sec: 78.36
[[34m2025-06-05 17:41:41[0m] (step=0071900) Train Loss: 0.1223, Train Steps/Sec: 1.64, Samples/Sec: 78.59
[[34m2025-06-05 17:42:42[0m] (step=0072000) Train Loss: 0.1220, Train Steps/Sec: 1.64, Samples/Sec: 78.65
[[34m2025-06-05 17:42:56[0m] Saved checkpoint to logs/nwm_cdit_recon/checkpoints/latest.pth.tar
[[34m2025-06-05 17:43:57[0m] (step=0072100) Train Loss: 0.1178, Train Steps/Sec: 1.33, Samples/Sec: 63.87
[[34m2025-06-05 17:44:58[0m] (step=0072200) Train Loss: 0.1187, Train Steps/Sec: 1.64, Samples/Sec: 78.58
[[34m2025-06-05 17:45:59[0m] (step=0072300) Train Loss: 0.1168, Train Steps/Sec: 1.64, Samples/Sec: 78.58
[[34m2025-06-05 17:47:01[0m] (step=0072400) Train Loss: 0.1185, Train Steps/Sec: 1.63, Samples/Sec: 78.45
[[34m2025-06-05 17:48:02[0m] (step=0072500) Train Loss: 0.1167, Train Steps/Sec: 1.64, Samples/Sec: 78.61
[[34m2025-06-05 17:49:03[0m] (step=0072600) Train Loss: 0.1131, Train Steps/Sec: 1.64, Samples/Sec: 78.58
[[34m2025-06-05 17:50:04[0m] (step=0072700) Train Loss: 0.1173, Train Steps/Sec: 1.64, Samples/Sec: 78.59
[[34m2025-06-05 17:51:05[0m] (step=0072800) Train Loss: 0.1108, Train Steps/Sec: 1.64, Samples/Sec: 78.94
[[34m2025-06-05 17:52:05[0m] (step=0072900) Train Loss: 0.1131, Train Steps/Sec: 1.64, Samples/Sec: 78.92
[[34m2025-06-05 17:53:07[0m] (step=0073000) Train Loss: 0.1224, Train Steps/Sec: 1.64, Samples/Sec: 78.59
[[34m2025-06-05 17:54:08[0m] (step=0073100) Train Loss: 0.1152, Train Steps/Sec: 1.63, Samples/Sec: 78.23
[[34m2025-06-05 17:55:09[0m] (step=0073200) Train Loss: 0.1135, Train Steps/Sec: 1.64, Samples/Sec: 78.60
[[34m2025-06-05 17:56:10[0m] (step=0073300) Train Loss: 0.1108, Train Steps/Sec: 1.64, Samples/Sec: 78.48
[[34m2025-06-05 17:57:11[0m] (step=0073400) Train Loss: 0.1143, Train Steps/Sec: 1.63, Samples/Sec: 78.45
[[34m2025-06-05 17:58:12[0m] (step=0073500) Train Loss: 0.1166, Train Steps/Sec: 1.64, Samples/Sec: 78.56
[[34m2025-06-05 17:59:13[0m] (step=0073600) Train Loss: 0.1129, Train Steps/Sec: 1.64, Samples/Sec: 78.61
[[34m2025-06-05 18:00:15[0m] (step=0073700) Train Loss: 0.1228, Train Steps/Sec: 1.64, Samples/Sec: 78.53
[[34m2025-06-05 18:01:16[0m] (step=0073800) Train Loss: 0.1177, Train Steps/Sec: 1.63, Samples/Sec: 78.37
[[34m2025-06-05 18:02:17[0m] (step=0073900) Train Loss: 0.1124, Train Steps/Sec: 1.64, Samples/Sec: 78.68
[[34m2025-06-05 18:03:18[0m] (step=0074000) Train Loss: 0.1148, Train Steps/Sec: 1.64, Samples/Sec: 78.63
[[34m2025-06-05 18:03:33[0m] Saved checkpoint to logs/nwm_cdit_recon/checkpoints/latest.pth.tar
[[34m2025-06-05 18:04:34[0m] (step=0074100) Train Loss: 0.1186, Train Steps/Sec: 1.32, Samples/Sec: 63.29
[[34m2025-06-05 18:05:35[0m] (step=0074200) Train Loss: 0.1200, Train Steps/Sec: 1.64, Samples/Sec: 78.56
[[34m2025-06-05 18:06:36[0m] (step=0074300) Train Loss: 0.1173, Train Steps/Sec: 1.64, Samples/Sec: 78.63
[[34m2025-06-05 18:07:37[0m] (step=0074400) Train Loss: 0.1193, Train Steps/Sec: 1.63, Samples/Sec: 78.41
[[34m2025-06-05 18:08:38[0m] (step=0074500) Train Loss: 0.1104, Train Steps/Sec: 1.64, Samples/Sec: 78.61
[[34m2025-06-05 18:09:39[0m] (step=0074600) Train Loss: 0.1129, Train Steps/Sec: 1.64, Samples/Sec: 78.59
[[34m2025-06-05 18:10:40[0m] (step=0074700) Train Loss: 0.1195, Train Steps/Sec: 1.63, Samples/Sec: 78.43
[[34m2025-06-05 18:11:41[0m] (step=0074800) Train Loss: 0.1139, Train Steps/Sec: 1.64, Samples/Sec: 78.61
[[34m2025-06-05 18:12:43[0m] (step=0074900) Train Loss: 0.1167, Train Steps/Sec: 1.64, Samples/Sec: 78.65
[[34m2025-06-05 18:13:44[0m] (step=0075000) Train Loss: 0.1159, Train Steps/Sec: 1.64, Samples/Sec: 78.60
[[34m2025-06-05 18:14:45[0m] (step=0075100) Train Loss: 0.1186, Train Steps/Sec: 1.63, Samples/Sec: 78.38
[[34m2025-06-05 18:15:46[0m] (step=0075200) Train Loss: 0.1180, Train Steps/Sec: 1.64, Samples/Sec: 78.66
[[34m2025-06-05 18:16:47[0m] (step=0075300) Train Loss: 0.1186, Train Steps/Sec: 1.64, Samples/Sec: 78.64
[[34m2025-06-05 18:17:48[0m] (step=0075400) Train Loss: 0.1159, Train Steps/Sec: 1.64, Samples/Sec: 78.51
[[34m2025-06-05 18:18:49[0m] (step=0075500) Train Loss: 0.1201, Train Steps/Sec: 1.64, Samples/Sec: 78.58
[[34m2025-06-05 18:19:50[0m] (step=0075600) Train Loss: 0.1203, Train Steps/Sec: 1.64, Samples/Sec: 78.59
[[34m2025-06-05 18:20:51[0m] (step=0075700) Train Loss: 0.1113, Train Steps/Sec: 1.64, Samples/Sec: 78.68
[[34m2025-06-05 18:21:52[0m] (step=0075800) Train Loss: 0.1206, Train Steps/Sec: 1.63, Samples/Sec: 78.35
[[34m2025-06-05 18:22:54[0m] (step=0075900) Train Loss: 0.1183, Train Steps/Sec: 1.64, Samples/Sec: 78.59
[[34m2025-06-05 18:23:55[0m] (step=0076000) Train Loss: 0.1253, Train Steps/Sec: 1.64, Samples/Sec: 78.67
[[34m2025-06-05 18:24:08[0m] Saved checkpoint to logs/nwm_cdit_recon/checkpoints/latest.pth.tar
[[34m2025-06-05 18:25:10[0m] (step=0076100) Train Loss: 0.1157, Train Steps/Sec: 1.33, Samples/Sec: 64.02
[[34m2025-06-05 18:26:11[0m] (step=0076200) Train Loss: 0.1142, Train Steps/Sec: 1.63, Samples/Sec: 78.47
[[34m2025-06-05 18:27:12[0m] (step=0076300) Train Loss: 0.1157, Train Steps/Sec: 1.64, Samples/Sec: 78.68
[[34m2025-06-05 18:28:13[0m] (step=0076400) Train Loss: 0.1206, Train Steps/Sec: 1.64, Samples/Sec: 78.58
[[34m2025-06-05 18:29:14[0m] (step=0076500) Train Loss: 0.1186, Train Steps/Sec: 1.64, Samples/Sec: 78.53
[[34m2025-06-05 18:30:15[0m] (step=0076600) Train Loss: 0.1217, Train Steps/Sec: 1.64, Samples/Sec: 78.55
[[34m2025-06-05 18:31:16[0m] (step=0076700) Train Loss: 0.1151, Train Steps/Sec: 1.64, Samples/Sec: 78.51
[[34m2025-06-05 18:32:17[0m] (step=0076800) Train Loss: 0.1159, Train Steps/Sec: 1.64, Samples/Sec: 78.67
[[34m2025-06-05 18:33:18[0m] (step=0076900) Train Loss: 0.1198, Train Steps/Sec: 1.64, Samples/Sec: 78.55
[[34m2025-06-05 18:34:19[0m] (step=0077000) Train Loss: 0.1142, Train Steps/Sec: 1.64, Samples/Sec: 78.64
[[34m2025-06-05 18:35:21[0m] (step=0077100) Train Loss: 0.1102, Train Steps/Sec: 1.63, Samples/Sec: 78.48
[[34m2025-06-05 18:36:22[0m] (step=0077200) Train Loss: 0.1181, Train Steps/Sec: 1.64, Samples/Sec: 78.58
[[34m2025-06-05 18:37:23[0m] (step=0077300) Train Loss: 0.1089, Train Steps/Sec: 1.64, Samples/Sec: 78.62
[[34m2025-06-05 18:38:24[0m] (step=0077400) Train Loss: 0.1155, Train Steps/Sec: 1.64, Samples/Sec: 78.56
[[34m2025-06-05 18:39:25[0m] (step=0077500) Train Loss: 0.1165, Train Steps/Sec: 1.64, Samples/Sec: 78.70
[[34m2025-06-05 18:39:49[0m] Beginning epoch 7...
[[34m2025-06-05 18:40:26[0m] (step=0077600) Train Loss: 0.1177, Train Steps/Sec: 1.63, Samples/Sec: 78.21
[[34m2025-06-05 18:41:27[0m] (step=0077700) Train Loss: 0.1189, Train Steps/Sec: 1.64, Samples/Sec: 78.59
[[34m2025-06-05 18:42:28[0m] (step=0077800) Train Loss: 0.1162, Train Steps/Sec: 1.63, Samples/Sec: 78.43
[[34m2025-06-05 18:43:29[0m] (step=0077900) Train Loss: 0.1207, Train Steps/Sec: 1.64, Samples/Sec: 78.65
[[34m2025-06-05 18:44:30[0m] (step=0078000) Train Loss: 0.1144, Train Steps/Sec: 1.64, Samples/Sec: 78.61
[[34m2025-06-05 18:44:45[0m] Saved checkpoint to logs/nwm_cdit_recon/checkpoints/latest.pth.tar
[[34m2025-06-05 18:45:46[0m] (step=0078100) Train Loss: 0.1228, Train Steps/Sec: 1.32, Samples/Sec: 63.20
[[34m2025-06-05 18:46:48[0m] (step=0078200) Train Loss: 0.1159, Train Steps/Sec: 1.64, Samples/Sec: 78.56
[[34m2025-06-05 18:47:49[0m] (step=0078300) Train Loss: 0.1216, Train Steps/Sec: 1.63, Samples/Sec: 78.43
[[34m2025-06-05 18:48:50[0m] (step=0078400) Train Loss: 0.1110, Train Steps/Sec: 1.64, Samples/Sec: 78.56
[[34m2025-06-05 18:49:51[0m] (step=0078500) Train Loss: 0.1124, Train Steps/Sec: 1.63, Samples/Sec: 78.33
[[34m2025-06-05 18:50:52[0m] (step=0078600) Train Loss: 0.1179, Train Steps/Sec: 1.64, Samples/Sec: 78.48
[[34m2025-06-05 18:51:53[0m] (step=0078700) Train Loss: 0.1178, Train Steps/Sec: 1.64, Samples/Sec: 78.67
[[34m2025-06-05 18:52:54[0m] (step=0078800) Train Loss: 0.1186, Train Steps/Sec: 1.64, Samples/Sec: 78.64
[[34m2025-06-05 18:53:55[0m] (step=0078900) Train Loss: 0.1179, Train Steps/Sec: 1.64, Samples/Sec: 78.60
[[34m2025-06-05 18:54:56[0m] (step=0079000) Train Loss: 0.1124, Train Steps/Sec: 1.64, Samples/Sec: 78.68
[[34m2025-06-05 18:55:57[0m] (step=0079100) Train Loss: 0.1153, Train Steps/Sec: 1.64, Samples/Sec: 78.70
[[34m2025-06-05 18:56:59[0m] (step=0079200) Train Loss: 0.1147, Train Steps/Sec: 1.63, Samples/Sec: 78.33
[[34m2025-06-05 18:58:00[0m] (step=0079300) Train Loss: 0.1184, Train Steps/Sec: 1.64, Samples/Sec: 78.51
[[34m2025-06-05 18:59:01[0m] (step=0079400) Train Loss: 0.1165, Train Steps/Sec: 1.64, Samples/Sec: 78.65
[[34m2025-06-05 19:00:02[0m] (step=0079500) Train Loss: 0.1153, Train Steps/Sec: 1.64, Samples/Sec: 78.60
[[34m2025-06-05 19:01:03[0m] (step=0079600) Train Loss: 0.1199, Train Steps/Sec: 1.64, Samples/Sec: 78.56
[[34m2025-06-05 19:02:04[0m] (step=0079700) Train Loss: 0.1152, Train Steps/Sec: 1.64, Samples/Sec: 78.59
[[34m2025-06-05 19:03:05[0m] (step=0079800) Train Loss: 0.1150, Train Steps/Sec: 1.63, Samples/Sec: 78.46
[[34m2025-06-05 19:04:06[0m] (step=0079900) Train Loss: 0.1158, Train Steps/Sec: 1.64, Samples/Sec: 78.62
[[34m2025-06-05 19:05:08[0m] (step=0080000) Train Loss: 0.1137, Train Steps/Sec: 1.64, Samples/Sec: 78.51
Using cache found in ./models/facebookresearch_dino_main
Using cache found in ./models/facebookresearch_dino_main
[[34m2025-06-05 19:05:34[0m] Saved checkpoint to logs/nwm_cdit_recon/checkpoints/0080000.pth.tar
Using cache found in ./models/facebookresearch_dino_main
[[34m2025-06-05 19:05:36[0m] Already found a `peft_config` attribute in the model. This will lead to having multiple adapters in the model. Make sure to know what you are doing!
[[34m2025-06-05 19:07:56[0m] (step=0080000) Perceptual Loss: 0.1639, Eval Time: 142.61
[[34m2025-06-05 19:08:57[0m] (step=0080100) Train Loss: 0.1144, Train Steps/Sec: 0.44, Samples/Sec: 20.91
[[34m2025-06-05 19:09:58[0m] (step=0080200) Train Loss: 0.1138, Train Steps/Sec: 1.64, Samples/Sec: 78.77
[[34m2025-06-05 19:10:59[0m] (step=0080300) Train Loss: 0.1193, Train Steps/Sec: 1.64, Samples/Sec: 78.65
[[34m2025-06-05 19:12:00[0m] (step=0080400) Train Loss: 0.1183, Train Steps/Sec: 1.63, Samples/Sec: 78.41
[[34m2025-06-05 19:13:01[0m] (step=0080500) Train Loss: 0.1190, Train Steps/Sec: 1.64, Samples/Sec: 78.69
[[34m2025-06-05 19:14:02[0m] (step=0080600) Train Loss: 0.1170, Train Steps/Sec: 1.64, Samples/Sec: 78.50
[[34m2025-06-05 19:15:04[0m] (step=0080700) Train Loss: 0.1222, Train Steps/Sec: 1.64, Samples/Sec: 78.58
[[34m2025-06-05 19:16:05[0m] (step=0080800) Train Loss: 0.1130, Train Steps/Sec: 1.64, Samples/Sec: 78.67
[[34m2025-06-05 19:17:06[0m] (step=0080900) Train Loss: 0.1123, Train Steps/Sec: 1.64, Samples/Sec: 78.65
[[34m2025-06-05 19:18:07[0m] (step=0081000) Train Loss: 0.1140, Train Steps/Sec: 1.64, Samples/Sec: 78.79
[[34m2025-06-05 19:19:07[0m] (step=0081100) Train Loss: 0.1221, Train Steps/Sec: 1.64, Samples/Sec: 78.82
[[34m2025-06-05 19:20:08[0m] (step=0081200) Train Loss: 0.1180, Train Steps/Sec: 1.64, Samples/Sec: 78.65
[[34m2025-06-05 19:21:09[0m] (step=0081300) Train Loss: 0.1192, Train Steps/Sec: 1.64, Samples/Sec: 78.62
[[34m2025-06-05 19:22:11[0m] (step=0081400) Train Loss: 0.1169, Train Steps/Sec: 1.64, Samples/Sec: 78.63
[[34m2025-06-05 19:23:12[0m] (step=0081500) Train Loss: 0.1216, Train Steps/Sec: 1.64, Samples/Sec: 78.66
[[34m2025-06-05 19:24:13[0m] (step=0081600) Train Loss: 0.1146, Train Steps/Sec: 1.64, Samples/Sec: 78.63
[[34m2025-06-05 19:25:14[0m] (step=0081700) Train Loss: 0.1142, Train Steps/Sec: 1.63, Samples/Sec: 78.38
[[34m2025-06-05 19:26:15[0m] (step=0081800) Train Loss: 0.1172, Train Steps/Sec: 1.64, Samples/Sec: 78.70
[[34m2025-06-05 19:27:16[0m] (step=0081900) Train Loss: 0.1147, Train Steps/Sec: 1.64, Samples/Sec: 78.56
[[34m2025-06-05 19:28:17[0m] (step=0082000) Train Loss: 0.1158, Train Steps/Sec: 1.64, Samples/Sec: 78.68
[[34m2025-06-05 19:28:31[0m] Saved checkpoint to logs/nwm_cdit_recon/checkpoints/latest.pth.tar
[[34m2025-06-05 19:29:32[0m] (step=0082100) Train Loss: 0.1200, Train Steps/Sec: 1.34, Samples/Sec: 64.19
[[34m2025-06-05 19:30:33[0m] (step=0082200) Train Loss: 0.1166, Train Steps/Sec: 1.64, Samples/Sec: 78.55
[[34m2025-06-05 19:31:34[0m] (step=0082300) Train Loss: 0.1163, Train Steps/Sec: 1.64, Samples/Sec: 78.59
[[34m2025-06-05 19:32:35[0m] (step=0082400) Train Loss: 0.1122, Train Steps/Sec: 1.63, Samples/Sec: 78.38
[[34m2025-06-05 19:33:36[0m] (step=0082500) Train Loss: 0.1147, Train Steps/Sec: 1.64, Samples/Sec: 78.59
[[34m2025-06-05 19:34:37[0m] (step=0082600) Train Loss: 0.1191, Train Steps/Sec: 1.64, Samples/Sec: 78.60
[[34m2025-06-05 19:35:38[0m] (step=0082700) Train Loss: 0.1185, Train Steps/Sec: 1.64, Samples/Sec: 78.59
[[34m2025-06-05 19:36:39[0m] (step=0082800) Train Loss: 0.1163, Train Steps/Sec: 1.64, Samples/Sec: 78.68
[[34m2025-06-05 19:37:40[0m] (step=0082900) Train Loss: 0.1101, Train Steps/Sec: 1.64, Samples/Sec: 78.65
[[34m2025-06-05 19:38:41[0m] (step=0083000) Train Loss: 0.1184, Train Steps/Sec: 1.64, Samples/Sec: 78.59
[[34m2025-06-05 19:39:43[0m] (step=0083100) Train Loss: 0.1167, Train Steps/Sec: 1.63, Samples/Sec: 78.44
[[34m2025-06-05 19:40:44[0m] (step=0083200) Train Loss: 0.1133, Train Steps/Sec: 1.64, Samples/Sec: 78.50
[[34m2025-06-05 19:41:45[0m] (step=0083300) Train Loss: 0.1195, Train Steps/Sec: 1.64, Samples/Sec: 78.64
[[34m2025-06-05 19:42:46[0m] (step=0083400) Train Loss: 0.1159, Train Steps/Sec: 1.64, Samples/Sec: 78.62
[[34m2025-06-05 19:43:47[0m] (step=0083500) Train Loss: 0.1133, Train Steps/Sec: 1.64, Samples/Sec: 78.59
[[34m2025-06-05 19:44:48[0m] (step=0083600) Train Loss: 0.1191, Train Steps/Sec: 1.64, Samples/Sec: 78.70
[[34m2025-06-05 19:45:49[0m] (step=0083700) Train Loss: 0.1150, Train Steps/Sec: 1.64, Samples/Sec: 78.50
[[34m2025-06-05 19:46:50[0m] (step=0083800) Train Loss: 0.1153, Train Steps/Sec: 1.63, Samples/Sec: 78.38
[[34m2025-06-05 19:47:51[0m] (step=0083900) Train Loss: 0.1150, Train Steps/Sec: 1.64, Samples/Sec: 78.63
[[34m2025-06-05 19:48:53[0m] (step=0084000) Train Loss: 0.1159, Train Steps/Sec: 1.64, Samples/Sec: 78.59
[[34m2025-06-05 19:49:06[0m] Saved checkpoint to logs/nwm_cdit_recon/checkpoints/latest.pth.tar
[[34m2025-06-05 19:50:07[0m] (step=0084100) Train Loss: 0.1119, Train Steps/Sec: 1.34, Samples/Sec: 64.32
[[34m2025-06-05 19:51:08[0m] (step=0084200) Train Loss: 0.1205, Train Steps/Sec: 1.64, Samples/Sec: 78.57
[[34m2025-06-05 19:52:09[0m] (step=0084300) Train Loss: 0.1180, Train Steps/Sec: 1.64, Samples/Sec: 78.62
[[34m2025-06-05 19:53:11[0m] (step=0084400) Train Loss: 0.1185, Train Steps/Sec: 1.63, Samples/Sec: 78.31
[[34m2025-06-05 19:54:12[0m] (step=0084500) Train Loss: 0.1186, Train Steps/Sec: 1.64, Samples/Sec: 78.62
[[34m2025-06-05 19:55:13[0m] (step=0084600) Train Loss: 0.1158, Train Steps/Sec: 1.64, Samples/Sec: 78.60
[[34m2025-06-05 19:56:14[0m] (step=0084700) Train Loss: 0.1180, Train Steps/Sec: 1.64, Samples/Sec: 78.56
[[34m2025-06-05 19:57:15[0m] (step=0084800) Train Loss: 0.1184, Train Steps/Sec: 1.64, Samples/Sec: 78.66
[[34m2025-06-05 19:58:16[0m] (step=0084900) Train Loss: 0.1232, Train Steps/Sec: 1.64, Samples/Sec: 78.72
[[34m2025-06-05 19:59:17[0m] (step=0085000) Train Loss: 0.1207, Train Steps/Sec: 1.64, Samples/Sec: 78.66
[[34m2025-06-05 20:00:18[0m] (step=0085100) Train Loss: 0.1158, Train Steps/Sec: 1.63, Samples/Sec: 78.32
[[34m2025-06-05 20:01:19[0m] (step=0085200) Train Loss: 0.1153, Train Steps/Sec: 1.64, Samples/Sec: 78.69
[[34m2025-06-05 20:02:20[0m] (step=0085300) Train Loss: 0.1198, Train Steps/Sec: 1.64, Samples/Sec: 78.72
[[34m2025-06-05 20:03:21[0m] (step=0085400) Train Loss: 0.1151, Train Steps/Sec: 1.64, Samples/Sec: 78.74
[[34m2025-06-05 20:04:22[0m] (step=0085500) Train Loss: 0.1134, Train Steps/Sec: 1.64, Samples/Sec: 78.70
[[34m2025-06-05 20:05:23[0m] (step=0085600) Train Loss: 0.1171, Train Steps/Sec: 1.64, Samples/Sec: 78.64
[[34m2025-06-05 20:06:24[0m] (step=0085700) Train Loss: 0.1123, Train Steps/Sec: 1.64, Samples/Sec: 78.70
[[34m2025-06-05 20:07:25[0m] (step=0085800) Train Loss: 0.1153, Train Steps/Sec: 1.63, Samples/Sec: 78.27
[[34m2025-06-05 20:08:26[0m] (step=0085900) Train Loss: 0.1231, Train Steps/Sec: 1.64, Samples/Sec: 78.71
[[34m2025-06-05 20:09:27[0m] (step=0086000) Train Loss: 0.1114, Train Steps/Sec: 1.64, Samples/Sec: 78.70
[[34m2025-06-05 20:09:42[0m] Saved checkpoint to logs/nwm_cdit_recon/checkpoints/latest.pth.tar
[[34m2025-06-05 20:10:43[0m] (step=0086100) Train Loss: 0.1204, Train Steps/Sec: 1.33, Samples/Sec: 63.81
[[34m2025-06-05 20:11:44[0m] (step=0086200) Train Loss: 0.1191, Train Steps/Sec: 1.64, Samples/Sec: 78.60
[[34m2025-06-05 20:12:45[0m] (step=0086300) Train Loss: 0.1077, Train Steps/Sec: 1.64, Samples/Sec: 78.50
[[34m2025-06-05 20:13:46[0m] (step=0086400) Train Loss: 0.1176, Train Steps/Sec: 1.64, Samples/Sec: 78.49
[[34m2025-06-05 20:14:47[0m] (step=0086500) Train Loss: 0.1142, Train Steps/Sec: 1.64, Samples/Sec: 78.48
[[34m2025-06-05 20:15:48[0m] (step=0086600) Train Loss: 0.1168, Train Steps/Sec: 1.64, Samples/Sec: 78.60
[[34m2025-06-05 20:16:49[0m] (step=0086700) Train Loss: 0.1133, Train Steps/Sec: 1.64, Samples/Sec: 78.57
[[34m2025-06-05 20:17:50[0m] (step=0086800) Train Loss: 0.1121, Train Steps/Sec: 1.64, Samples/Sec: 78.64
[[34m2025-06-05 20:18:51[0m] (step=0086900) Train Loss: 0.1151, Train Steps/Sec: 1.64, Samples/Sec: 78.68
[[34m2025-06-05 20:19:53[0m] (step=0087000) Train Loss: 0.1129, Train Steps/Sec: 1.63, Samples/Sec: 78.47
[[34m2025-06-05 20:20:54[0m] (step=0087100) Train Loss: 0.1159, Train Steps/Sec: 1.63, Samples/Sec: 78.38
[[34m2025-06-05 20:21:55[0m] (step=0087200) Train Loss: 0.1149, Train Steps/Sec: 1.64, Samples/Sec: 78.65
[[34m2025-06-05 20:22:56[0m] (step=0087300) Train Loss: 0.1219, Train Steps/Sec: 1.64, Samples/Sec: 78.58
[[34m2025-06-05 20:23:57[0m] (step=0087400) Train Loss: 0.1127, Train Steps/Sec: 1.64, Samples/Sec: 78.68
[[34m2025-06-05 20:24:58[0m] (step=0087500) Train Loss: 0.1180, Train Steps/Sec: 1.64, Samples/Sec: 78.67
[[34m2025-06-05 20:25:59[0m] (step=0087600) Train Loss: 0.1117, Train Steps/Sec: 1.64, Samples/Sec: 78.60
[[34m2025-06-05 20:27:00[0m] (step=0087700) Train Loss: 0.1173, Train Steps/Sec: 1.64, Samples/Sec: 78.53
[[34m2025-06-05 20:28:01[0m] (step=0087800) Train Loss: 0.1158, Train Steps/Sec: 1.63, Samples/Sec: 78.43
[[34m2025-06-05 20:29:02[0m] (step=0087900) Train Loss: 0.1102, Train Steps/Sec: 1.64, Samples/Sec: 78.68
[[34m2025-06-05 20:30:03[0m] (step=0088000) Train Loss: 0.1161, Train Steps/Sec: 1.64, Samples/Sec: 78.71
[[34m2025-06-05 20:30:17[0m] Saved checkpoint to logs/nwm_cdit_recon/checkpoints/latest.pth.tar
[[34m2025-06-05 20:31:18[0m] (step=0088100) Train Loss: 0.1176, Train Steps/Sec: 1.34, Samples/Sec: 64.16
[[34m2025-06-05 20:32:19[0m] (step=0088200) Train Loss: 0.1201, Train Steps/Sec: 1.63, Samples/Sec: 78.48
[[34m2025-06-05 20:33:21[0m] (step=0088300) Train Loss: 0.1191, Train Steps/Sec: 1.63, Samples/Sec: 78.28
[[34m2025-06-05 20:34:22[0m] (step=0088400) Train Loss: 0.1198, Train Steps/Sec: 1.64, Samples/Sec: 78.54
[[34m2025-06-05 20:35:23[0m] (step=0088500) Train Loss: 0.1124, Train Steps/Sec: 1.63, Samples/Sec: 78.14
[[34m2025-06-05 20:36:24[0m] (step=0088600) Train Loss: 0.1129, Train Steps/Sec: 1.63, Samples/Sec: 78.34
[[34m2025-06-05 20:36:34[0m] Beginning epoch 8...
[[34m2025-06-05 20:37:26[0m] (step=0088700) Train Loss: 0.1111, Train Steps/Sec: 1.62, Samples/Sec: 77.85
[[34m2025-06-05 20:38:27[0m] (step=0088800) Train Loss: 0.1123, Train Steps/Sec: 1.63, Samples/Sec: 78.35
[[34m2025-06-05 20:39:29[0m] (step=0088900) Train Loss: 0.1175, Train Steps/Sec: 1.63, Samples/Sec: 78.35
[[34m2025-06-05 20:40:30[0m] (step=0089000) Train Loss: 0.1134, Train Steps/Sec: 1.63, Samples/Sec: 78.36
[[34m2025-06-05 20:41:31[0m] (step=0089100) Train Loss: 0.1087, Train Steps/Sec: 1.63, Samples/Sec: 78.27
[[34m2025-06-05 20:42:33[0m] (step=0089200) Train Loss: 0.1118, Train Steps/Sec: 1.63, Samples/Sec: 78.22
[[34m2025-06-05 20:43:34[0m] (step=0089300) Train Loss: 0.1128, Train Steps/Sec: 1.63, Samples/Sec: 78.44
[[34m2025-06-05 20:44:35[0m] (step=0089400) Train Loss: 0.1180, Train Steps/Sec: 1.63, Samples/Sec: 78.46
[[34m2025-06-05 20:45:41[0m] (step=0089500) Train Loss: 0.1098, Train Steps/Sec: 1.51, Samples/Sec: 72.67
[[34m2025-06-05 20:46:43[0m] (step=0089600) Train Loss: 0.1198, Train Steps/Sec: 1.63, Samples/Sec: 78.04
[[34m2025-06-05 20:47:44[0m] (step=0089700) Train Loss: 0.1181, Train Steps/Sec: 1.64, Samples/Sec: 78.66
[[34m2025-06-05 20:48:45[0m] (step=0089800) Train Loss: 0.1181, Train Steps/Sec: 1.63, Samples/Sec: 78.25
[[34m2025-06-05 20:49:46[0m] (step=0089900) Train Loss: 0.1189, Train Steps/Sec: 1.64, Samples/Sec: 78.59
[[34m2025-06-05 20:50:47[0m] (step=0090000) Train Loss: 0.1220, Train Steps/Sec: 1.64, Samples/Sec: 78.57
Using cache found in ./models/facebookresearch_dino_main
Using cache found in ./models/facebookresearch_dino_main
[[34m2025-06-05 20:51:03[0m] Saved checkpoint to logs/nwm_cdit_recon/checkpoints/latest.pth.tar
Using cache found in ./models/facebookresearch_dino_main
[[34m2025-06-05 20:51:05[0m] Already found a `peft_config` attribute in the model. This will lead to having multiple adapters in the model. Make sure to know what you are doing!
[[34m2025-06-05 20:53:25[0m] (step=0090000) Perceptual Loss: 0.1481, Eval Time: 142.82
[[34m2025-06-05 20:54:26[0m] (step=0090100) Train Loss: 0.1090, Train Steps/Sec: 0.46, Samples/Sec: 21.89
[[34m2025-06-05 20:55:27[0m] (step=0090200) Train Loss: 0.1154, Train Steps/Sec: 1.64, Samples/Sec: 78.71
[[34m2025-06-05 20:56:29[0m] (step=0090300) Train Loss: 0.1148, Train Steps/Sec: 1.63, Samples/Sec: 78.27
[[34m2025-06-05 20:57:30[0m] (step=0090400) Train Loss: 0.1204, Train Steps/Sec: 1.63, Samples/Sec: 78.44
[[34m2025-06-05 20:58:31[0m] (step=0090500) Train Loss: 0.1114, Train Steps/Sec: 1.64, Samples/Sec: 78.54
[[34m2025-06-05 20:59:32[0m] (step=0090600) Train Loss: 0.1097, Train Steps/Sec: 1.64, Samples/Sec: 78.60
[[34m2025-06-05 21:00:33[0m] (step=0090700) Train Loss: 0.1179, Train Steps/Sec: 1.64, Samples/Sec: 78.70
[[34m2025-06-05 21:01:34[0m] (step=0090800) Train Loss: 0.1098, Train Steps/Sec: 1.64, Samples/Sec: 78.65
[[34m2025-06-05 21:02:35[0m] (step=0090900) Train Loss: 0.1155, Train Steps/Sec: 1.64, Samples/Sec: 78.56
[[34m2025-06-05 21:03:36[0m] (step=0091000) Train Loss: 0.1165, Train Steps/Sec: 1.63, Samples/Sec: 78.39
[[34m2025-06-05 21:04:38[0m] (step=0091100) Train Loss: 0.1105, Train Steps/Sec: 1.64, Samples/Sec: 78.54
[[34m2025-06-05 21:05:39[0m] (step=0091200) Train Loss: 0.1126, Train Steps/Sec: 1.64, Samples/Sec: 78.66
[[34m2025-06-05 21:06:40[0m] (step=0091300) Train Loss: 0.1115, Train Steps/Sec: 1.64, Samples/Sec: 78.59
[[34m2025-06-05 21:07:41[0m] (step=0091400) Train Loss: 0.1154, Train Steps/Sec: 1.64, Samples/Sec: 78.64
[[34m2025-06-05 21:08:42[0m] (step=0091500) Train Loss: 0.1185, Train Steps/Sec: 1.64, Samples/Sec: 78.53
[[34m2025-06-05 21:09:43[0m] (step=0091600) Train Loss: 0.1197, Train Steps/Sec: 1.64, Samples/Sec: 78.53
[[34m2025-06-05 21:10:44[0m] (step=0091700) Train Loss: 0.1152, Train Steps/Sec: 1.63, Samples/Sec: 78.40
[[34m2025-06-05 21:11:45[0m] (step=0091800) Train Loss: 0.1139, Train Steps/Sec: 1.64, Samples/Sec: 78.63
[[34m2025-06-05 21:12:46[0m] (step=0091900) Train Loss: 0.1153, Train Steps/Sec: 1.64, Samples/Sec: 78.69
[[34m2025-06-05 21:13:47[0m] (step=0092000) Train Loss: 0.1189, Train Steps/Sec: 1.64, Samples/Sec: 78.65
[[34m2025-06-05 21:14:03[0m] Saved checkpoint to logs/nwm_cdit_recon/checkpoints/latest.pth.tar
[[34m2025-06-05 21:15:04[0m] (step=0092100) Train Loss: 0.1123, Train Steps/Sec: 1.30, Samples/Sec: 62.20
[[34m2025-06-05 21:16:06[0m] (step=0092200) Train Loss: 0.1096, Train Steps/Sec: 1.63, Samples/Sec: 78.48
[[34m2025-06-05 21:17:07[0m] (step=0092300) Train Loss: 0.1165, Train Steps/Sec: 1.64, Samples/Sec: 78.56
[[34m2025-06-05 21:18:08[0m] (step=0092400) Train Loss: 0.1183, Train Steps/Sec: 1.64, Samples/Sec: 78.49
[[34m2025-06-05 21:19:09[0m] (step=0092500) Train Loss: 0.1135, Train Steps/Sec: 1.64, Samples/Sec: 78.71
[[34m2025-06-05 21:20:10[0m] (step=0092600) Train Loss: 0.1121, Train Steps/Sec: 1.64, Samples/Sec: 78.59
[[34m2025-06-05 21:21:11[0m] (step=0092700) Train Loss: 0.1198, Train Steps/Sec: 1.64, Samples/Sec: 78.62
[[34m2025-06-05 21:22:12[0m] (step=0092800) Train Loss: 0.1113, Train Steps/Sec: 1.64, Samples/Sec: 78.70
[[34m2025-06-05 21:23:13[0m] (step=0092900) Train Loss: 0.1130, Train Steps/Sec: 1.64, Samples/Sec: 78.50
[[34m2025-06-05 21:24:14[0m] (step=0093000) Train Loss: 0.1123, Train Steps/Sec: 1.63, Samples/Sec: 78.29
[[34m2025-06-05 21:25:16[0m] (step=0093100) Train Loss: 0.1131, Train Steps/Sec: 1.64, Samples/Sec: 78.50
[[34m2025-06-05 21:26:17[0m] (step=0093200) Train Loss: 0.1208, Train Steps/Sec: 1.64, Samples/Sec: 78.62
[[34m2025-06-05 21:27:18[0m] (step=0093300) Train Loss: 0.1134, Train Steps/Sec: 1.64, Samples/Sec: 78.67
[[34m2025-06-05 21:28:19[0m] (step=0093400) Train Loss: 0.1189, Train Steps/Sec: 1.64, Samples/Sec: 78.58
[[34m2025-06-05 21:29:20[0m] (step=0093500) Train Loss: 0.1142, Train Steps/Sec: 1.64, Samples/Sec: 78.65
[[34m2025-06-05 21:30:21[0m] (step=0093600) Train Loss: 0.1213, Train Steps/Sec: 1.64, Samples/Sec: 78.49
[[34m2025-06-05 21:31:22[0m] (step=0093700) Train Loss: 0.1191, Train Steps/Sec: 1.63, Samples/Sec: 78.43
[[34m2025-06-05 21:32:23[0m] (step=0093800) Train Loss: 0.1131, Train Steps/Sec: 1.64, Samples/Sec: 78.51
[[34m2025-06-05 21:33:24[0m] (step=0093900) Train Loss: 0.1179, Train Steps/Sec: 1.64, Samples/Sec: 78.59
[[34m2025-06-05 21:34:25[0m] (step=0094000) Train Loss: 0.1139, Train Steps/Sec: 1.64, Samples/Sec: 78.65
[[34m2025-06-05 21:34:40[0m] Saved checkpoint to logs/nwm_cdit_recon/checkpoints/latest.pth.tar
[[34m2025-06-05 21:35:41[0m] (step=0094100) Train Loss: 0.1129, Train Steps/Sec: 1.33, Samples/Sec: 63.62
[[34m2025-06-05 21:36:42[0m] (step=0094200) Train Loss: 0.1191, Train Steps/Sec: 1.63, Samples/Sec: 78.41
[[34m2025-06-05 21:37:43[0m] (step=0094300) Train Loss: 0.1188, Train Steps/Sec: 1.64, Samples/Sec: 78.64
[[34m2025-06-05 21:38:44[0m] (step=0094400) Train Loss: 0.1120, Train Steps/Sec: 1.63, Samples/Sec: 78.35
[[34m2025-06-05 21:39:45[0m] (step=0094500) Train Loss: 0.1148, Train Steps/Sec: 1.64, Samples/Sec: 78.61
[[34m2025-06-05 21:40:46[0m] (step=0094600) Train Loss: 0.1182, Train Steps/Sec: 1.64, Samples/Sec: 78.57
[[34m2025-06-05 21:41:48[0m] (step=0094700) Train Loss: 0.1146, Train Steps/Sec: 1.63, Samples/Sec: 78.47
[[34m2025-06-05 21:42:49[0m] (step=0094800) Train Loss: 0.1120, Train Steps/Sec: 1.64, Samples/Sec: 78.57
[[34m2025-06-05 21:43:50[0m] (step=0094900) Train Loss: 0.1180, Train Steps/Sec: 1.64, Samples/Sec: 78.57
[[34m2025-06-05 21:44:51[0m] (step=0095000) Train Loss: 0.1182, Train Steps/Sec: 1.64, Samples/Sec: 78.61
[[34m2025-06-05 21:45:52[0m] (step=0095100) Train Loss: 0.1162, Train Steps/Sec: 1.63, Samples/Sec: 78.33
[[34m2025-06-05 21:46:53[0m] (step=0095200) Train Loss: 0.1114, Train Steps/Sec: 1.64, Samples/Sec: 78.61
[[34m2025-06-05 21:47:54[0m] (step=0095300) Train Loss: 0.1135, Train Steps/Sec: 1.64, Samples/Sec: 78.63
[[34m2025-06-05 21:48:55[0m] (step=0095400) Train Loss: 0.1180, Train Steps/Sec: 1.64, Samples/Sec: 78.69
[[34m2025-06-05 21:49:56[0m] (step=0095500) Train Loss: 0.1177, Train Steps/Sec: 1.64, Samples/Sec: 78.66
[[34m2025-06-05 21:50:57[0m] (step=0095600) Train Loss: 0.1144, Train Steps/Sec: 1.63, Samples/Sec: 78.47
[[34m2025-06-05 21:51:59[0m] (step=0095700) Train Loss: 0.1122, Train Steps/Sec: 1.63, Samples/Sec: 78.48
[[34m2025-06-05 21:53:00[0m] (step=0095800) Train Loss: 0.1136, Train Steps/Sec: 1.64, Samples/Sec: 78.52
[[34m2025-06-05 21:54:01[0m] (step=0095900) Train Loss: 0.1139, Train Steps/Sec: 1.64, Samples/Sec: 78.69
[[34m2025-06-05 21:55:02[0m] (step=0096000) Train Loss: 0.1198, Train Steps/Sec: 1.64, Samples/Sec: 78.63
[[34m2025-06-05 21:55:17[0m] Saved checkpoint to logs/nwm_cdit_recon/checkpoints/latest.pth.tar
[[34m2025-06-05 21:56:18[0m] (step=0096100) Train Loss: 0.1088, Train Steps/Sec: 1.30, Samples/Sec: 62.64
[[34m2025-06-05 21:57:20[0m] (step=0096200) Train Loss: 0.1129, Train Steps/Sec: 1.64, Samples/Sec: 78.59
[[34m2025-06-05 21:58:21[0m] (step=0096300) Train Loss: 0.1157, Train Steps/Sec: 1.64, Samples/Sec: 78.62
[[34m2025-06-05 21:59:22[0m] (step=0096400) Train Loss: 0.1145, Train Steps/Sec: 1.63, Samples/Sec: 78.11
[[34m2025-06-05 22:00:23[0m] (step=0096500) Train Loss: 0.1118, Train Steps/Sec: 1.64, Samples/Sec: 78.55
[[34m2025-06-05 22:01:24[0m] (step=0096600) Train Loss: 0.1117, Train Steps/Sec: 1.64, Samples/Sec: 78.69
[[34m2025-06-05 22:02:25[0m] (step=0096700) Train Loss: 0.1146, Train Steps/Sec: 1.64, Samples/Sec: 78.58
[[34m2025-06-05 22:03:26[0m] (step=0096800) Train Loss: 0.1135, Train Steps/Sec: 1.64, Samples/Sec: 78.56
[[34m2025-06-05 22:04:27[0m] (step=0096900) Train Loss: 0.1140, Train Steps/Sec: 1.64, Samples/Sec: 78.60
[[34m2025-06-05 22:05:28[0m] (step=0097000) Train Loss: 0.1185, Train Steps/Sec: 1.64, Samples/Sec: 78.66
[[34m2025-06-05 22:06:30[0m] (step=0097100) Train Loss: 0.1122, Train Steps/Sec: 1.64, Samples/Sec: 78.53
[[34m2025-06-05 22:07:31[0m] (step=0097200) Train Loss: 0.1195, Train Steps/Sec: 1.64, Samples/Sec: 78.67
[[34m2025-06-05 22:08:32[0m] (step=0097300) Train Loss: 0.1151, Train Steps/Sec: 1.64, Samples/Sec: 78.59
[[34m2025-06-05 22:09:33[0m] (step=0097400) Train Loss: 0.1196, Train Steps/Sec: 1.64, Samples/Sec: 78.64
[[34m2025-06-05 22:10:34[0m] (step=0097500) Train Loss: 0.1150, Train Steps/Sec: 1.64, Samples/Sec: 78.55
[[34m2025-06-05 22:11:35[0m] (step=0097600) Train Loss: 0.1172, Train Steps/Sec: 1.64, Samples/Sec: 78.61
[[34m2025-06-05 22:12:36[0m] (step=0097700) Train Loss: 0.1137, Train Steps/Sec: 1.64, Samples/Sec: 78.49
[[34m2025-06-05 22:13:37[0m] (step=0097800) Train Loss: 0.1176, Train Steps/Sec: 1.64, Samples/Sec: 78.51
[[34m2025-06-05 22:14:38[0m] (step=0097900) Train Loss: 0.1167, Train Steps/Sec: 1.65, Samples/Sec: 79.02
[[34m2025-06-05 22:15:39[0m] (step=0098000) Train Loss: 0.1195, Train Steps/Sec: 1.64, Samples/Sec: 78.79
[[34m2025-06-05 22:15:54[0m] Saved checkpoint to logs/nwm_cdit_recon/checkpoints/latest.pth.tar
[[34m2025-06-05 22:16:55[0m] (step=0098100) Train Loss: 0.1159, Train Steps/Sec: 1.32, Samples/Sec: 63.22
[[34m2025-06-05 22:17:56[0m] (step=0098200) Train Loss: 0.1100, Train Steps/Sec: 1.64, Samples/Sec: 78.49
[[34m2025-06-05 22:18:57[0m] (step=0098300) Train Loss: 0.1138, Train Steps/Sec: 1.64, Samples/Sec: 78.52
[[34m2025-06-05 22:19:58[0m] (step=0098400) Train Loss: 0.1148, Train Steps/Sec: 1.64, Samples/Sec: 78.50
[[34m2025-06-05 22:20:59[0m] (step=0098500) Train Loss: 0.1117, Train Steps/Sec: 1.63, Samples/Sec: 78.44
[[34m2025-06-05 22:22:00[0m] (step=0098600) Train Loss: 0.1159, Train Steps/Sec: 1.64, Samples/Sec: 78.59
[[34m2025-06-05 22:23:02[0m] (step=0098700) Train Loss: 0.1075, Train Steps/Sec: 1.64, Samples/Sec: 78.63
[[34m2025-06-05 22:24:03[0m] (step=0098800) Train Loss: 0.1080, Train Steps/Sec: 1.64, Samples/Sec: 78.60
[[34m2025-06-05 22:25:04[0m] (step=0098900) Train Loss: 0.1153, Train Steps/Sec: 1.64, Samples/Sec: 78.68
[[34m2025-06-05 22:26:05[0m] (step=0099000) Train Loss: 0.1156, Train Steps/Sec: 1.64, Samples/Sec: 78.62
[[34m2025-06-05 22:27:06[0m] (step=0099100) Train Loss: 0.1156, Train Steps/Sec: 1.63, Samples/Sec: 78.32
[[34m2025-06-05 22:28:07[0m] (step=0099200) Train Loss: 0.1169, Train Steps/Sec: 1.64, Samples/Sec: 78.63
[[34m2025-06-05 22:29:08[0m] (step=0099300) Train Loss: 0.1135, Train Steps/Sec: 1.64, Samples/Sec: 78.70
[[34m2025-06-05 22:30:09[0m] (step=0099400) Train Loss: 0.1124, Train Steps/Sec: 1.64, Samples/Sec: 78.72
[[34m2025-06-05 22:31:10[0m] (step=0099500) Train Loss: 0.1114, Train Steps/Sec: 1.63, Samples/Sec: 78.47
[[34m2025-06-05 22:32:11[0m] (step=0099600) Train Loss: 0.1176, Train Steps/Sec: 1.64, Samples/Sec: 78.62
[[34m2025-06-05 22:33:08[0m] Beginning epoch 9...
[[34m2025-06-05 22:33:13[0m] (step=0099700) Train Loss: 0.1157, Train Steps/Sec: 1.63, Samples/Sec: 78.18
[[34m2025-06-05 22:34:14[0m] (step=0099800) Train Loss: 0.1156, Train Steps/Sec: 1.63, Samples/Sec: 78.36
[[34m2025-06-05 22:35:15[0m] (step=0099900) Train Loss: 0.1120, Train Steps/Sec: 1.64, Samples/Sec: 78.54
[[34m2025-06-05 22:36:16[0m] (step=0100000) Train Loss: 0.1163, Train Steps/Sec: 1.64, Samples/Sec: 78.64
Using cache found in ./models/facebookresearch_dino_main
Using cache found in ./models/facebookresearch_dino_main
[[34m2025-06-05 22:36:43[0m] Saved checkpoint to logs/nwm_cdit_recon/checkpoints/0100000.pth.tar
Using cache found in ./models/facebookresearch_dino_main
[[34m2025-06-05 22:36:46[0m] Already found a `peft_config` attribute in the model. This will lead to having multiple adapters in the model. Make sure to know what you are doing!
[[34m2025-06-05 22:39:06[0m] (step=0100000) Perceptual Loss: 0.1472, Eval Time: 142.61
[[34m2025-06-05 22:40:07[0m] (step=0100100) Train Loss: 0.1115, Train Steps/Sec: 0.43, Samples/Sec: 20.79
[[34m2025-06-05 22:41:08[0m] (step=0100200) Train Loss: 0.1187, Train Steps/Sec: 1.64, Samples/Sec: 78.77
[[34m2025-06-05 22:42:09[0m] (step=0100300) Train Loss: 0.1104, Train Steps/Sec: 1.64, Samples/Sec: 78.57
[[34m2025-06-05 22:43:10[0m] (step=0100400) Train Loss: 0.1163, Train Steps/Sec: 1.63, Samples/Sec: 78.43
[[34m2025-06-05 22:44:11[0m] (step=0100500) Train Loss: 0.1131, Train Steps/Sec: 1.64, Samples/Sec: 78.59
[[34m2025-06-05 22:45:12[0m] (step=0100600) Train Loss: 0.1182, Train Steps/Sec: 1.64, Samples/Sec: 78.66
[[34m2025-06-05 22:46:13[0m] (step=0100700) Train Loss: 0.1143, Train Steps/Sec: 1.63, Samples/Sec: 78.47
[[34m2025-06-05 22:47:14[0m] (step=0100800) Train Loss: 0.1177, Train Steps/Sec: 1.64, Samples/Sec: 78.65
[[34m2025-06-05 22:48:15[0m] (step=0100900) Train Loss: 0.1132, Train Steps/Sec: 1.64, Samples/Sec: 78.60
[[34m2025-06-05 22:49:17[0m] (step=0101000) Train Loss: 0.1126, Train Steps/Sec: 1.63, Samples/Sec: 78.37
[[34m2025-06-05 22:50:18[0m] (step=0101100) Train Loss: 0.1150, Train Steps/Sec: 1.64, Samples/Sec: 78.58
[[34m2025-06-05 22:51:19[0m] (step=0101200) Train Loss: 0.1117, Train Steps/Sec: 1.64, Samples/Sec: 78.59
[[34m2025-06-05 22:52:20[0m] (step=0101300) Train Loss: 0.1166, Train Steps/Sec: 1.64, Samples/Sec: 78.59
[[34m2025-06-05 22:53:21[0m] (step=0101400) Train Loss: 0.1076, Train Steps/Sec: 1.64, Samples/Sec: 78.54
[[34m2025-06-05 22:54:22[0m] (step=0101500) Train Loss: 0.1168, Train Steps/Sec: 1.64, Samples/Sec: 78.62
[[34m2025-06-05 22:55:23[0m] (step=0101600) Train Loss: 0.1118, Train Steps/Sec: 1.64, Samples/Sec: 78.60
[[34m2025-06-05 22:56:24[0m] (step=0101700) Train Loss: 0.1123, Train Steps/Sec: 1.63, Samples/Sec: 78.43
[[34m2025-06-05 22:57:25[0m] (step=0101800) Train Loss: 0.1118, Train Steps/Sec: 1.64, Samples/Sec: 78.66
[[34m2025-06-05 22:58:26[0m] (step=0101900) Train Loss: 0.1128, Train Steps/Sec: 1.64, Samples/Sec: 78.64
[[34m2025-06-05 22:59:28[0m] (step=0102000) Train Loss: 0.1103, Train Steps/Sec: 1.64, Samples/Sec: 78.51
[[34m2025-06-05 22:59:42[0m] Saved checkpoint to logs/nwm_cdit_recon/checkpoints/latest.pth.tar
[[34m2025-06-05 23:00:43[0m] (step=0102100) Train Loss: 0.1148, Train Steps/Sec: 1.34, Samples/Sec: 64.10
[[34m2025-06-05 23:01:44[0m] (step=0102200) Train Loss: 0.1104, Train Steps/Sec: 1.64, Samples/Sec: 78.70
[[34m2025-06-05 23:02:45[0m] (step=0102300) Train Loss: 0.1153, Train Steps/Sec: 1.64, Samples/Sec: 78.58
[[34m2025-06-05 23:03:46[0m] (step=0102400) Train Loss: 0.1100, Train Steps/Sec: 1.64, Samples/Sec: 78.61
[[34m2025-06-05 23:04:47[0m] (step=0102500) Train Loss: 0.1109, Train Steps/Sec: 1.64, Samples/Sec: 78.70
[[34m2025-06-05 23:05:48[0m] (step=0102600) Train Loss: 0.1138, Train Steps/Sec: 1.64, Samples/Sec: 78.57
[[34m2025-06-05 23:06:49[0m] (step=0102700) Train Loss: 0.1134, Train Steps/Sec: 1.64, Samples/Sec: 78.65
[[34m2025-06-05 23:07:50[0m] (step=0102800) Train Loss: 0.1091, Train Steps/Sec: 1.64, Samples/Sec: 78.69
[[34m2025-06-05 23:08:51[0m] (step=0102900) Train Loss: 0.1194, Train Steps/Sec: 1.64, Samples/Sec: 78.66
[[34m2025-06-05 23:09:52[0m] (step=0103000) Train Loss: 0.1150, Train Steps/Sec: 1.63, Samples/Sec: 78.42
[[34m2025-06-05 23:10:53[0m] (step=0103100) Train Loss: 0.1164, Train Steps/Sec: 1.64, Samples/Sec: 78.67
[[34m2025-06-05 23:11:54[0m] (step=0103200) Train Loss: 0.1144, Train Steps/Sec: 1.64, Samples/Sec: 78.72
[[34m2025-06-05 23:12:55[0m] (step=0103300) Train Loss: 0.1127, Train Steps/Sec: 1.64, Samples/Sec: 78.60
[[34m2025-06-05 23:13:56[0m] (step=0103400) Train Loss: 0.1113, Train Steps/Sec: 1.64, Samples/Sec: 78.74
[[34m2025-06-05 23:14:57[0m] (step=0103500) Train Loss: 0.1130, Train Steps/Sec: 1.64, Samples/Sec: 78.74
[[34m2025-06-05 23:15:58[0m] (step=0103600) Train Loss: 0.1109, Train Steps/Sec: 1.64, Samples/Sec: 78.73
[[34m2025-06-05 23:16:59[0m] (step=0103700) Train Loss: 0.1119, Train Steps/Sec: 1.64, Samples/Sec: 78.52
[[34m2025-06-05 23:18:00[0m] (step=0103800) Train Loss: 0.1138, Train Steps/Sec: 1.64, Samples/Sec: 78.75
[[34m2025-06-05 23:19:01[0m] (step=0103900) Train Loss: 0.1185, Train Steps/Sec: 1.64, Samples/Sec: 78.73
[[34m2025-06-05 23:20:02[0m] (step=0104000) Train Loss: 0.1146, Train Steps/Sec: 1.64, Samples/Sec: 78.56
[[34m2025-06-05 23:20:17[0m] Saved checkpoint to logs/nwm_cdit_recon/checkpoints/latest.pth.tar
[[34m2025-06-05 23:21:18[0m] (step=0104100) Train Loss: 0.1159, Train Steps/Sec: 1.32, Samples/Sec: 63.43
[[34m2025-06-05 23:22:19[0m] (step=0104200) Train Loss: 0.1121, Train Steps/Sec: 1.64, Samples/Sec: 78.69
[[34m2025-06-05 23:23:20[0m] (step=0104300) Train Loss: 0.1183, Train Steps/Sec: 1.64, Samples/Sec: 78.71
[[34m2025-06-05 23:24:21[0m] (step=0104400) Train Loss: 0.1108, Train Steps/Sec: 1.64, Samples/Sec: 78.49
[[34m2025-06-05 23:25:22[0m] (step=0104500) Train Loss: 0.1130, Train Steps/Sec: 1.64, Samples/Sec: 78.71
[[34m2025-06-05 23:26:23[0m] (step=0104600) Train Loss: 0.1138, Train Steps/Sec: 1.64, Samples/Sec: 78.59
[[34m2025-06-05 23:27:24[0m] (step=0104700) Train Loss: 0.1116, Train Steps/Sec: 1.64, Samples/Sec: 78.70
[[34m2025-06-05 23:28:25[0m] (step=0104800) Train Loss: 0.1129, Train Steps/Sec: 1.64, Samples/Sec: 78.71
[[34m2025-06-05 23:29:26[0m] (step=0104900) Train Loss: 0.1087, Train Steps/Sec: 1.64, Samples/Sec: 78.72
[[34m2025-06-05 23:30:27[0m] (step=0105000) Train Loss: 0.1145, Train Steps/Sec: 1.64, Samples/Sec: 78.61
[[34m2025-06-05 23:31:28[0m] (step=0105100) Train Loss: 0.1095, Train Steps/Sec: 1.64, Samples/Sec: 78.57
[[34m2025-06-05 23:32:29[0m] (step=0105200) Train Loss: 0.1186, Train Steps/Sec: 1.64, Samples/Sec: 78.74
[[34m2025-06-05 23:33:30[0m] (step=0105300) Train Loss: 0.1133, Train Steps/Sec: 1.64, Samples/Sec: 78.64
[[34m2025-06-05 23:34:31[0m] (step=0105400) Train Loss: 0.1208, Train Steps/Sec: 1.64, Samples/Sec: 78.72
[[34m2025-06-05 23:35:32[0m] (step=0105500) Train Loss: 0.1124, Train Steps/Sec: 1.64, Samples/Sec: 78.66
[[34m2025-06-05 23:36:33[0m] (step=0105600) Train Loss: 0.1213, Train Steps/Sec: 1.64, Samples/Sec: 78.71
[[34m2025-06-05 23:37:34[0m] (step=0105700) Train Loss: 0.1122, Train Steps/Sec: 1.64, Samples/Sec: 78.50
[[34m2025-06-05 23:38:35[0m] (step=0105800) Train Loss: 0.1173, Train Steps/Sec: 1.64, Samples/Sec: 78.73
[[34m2025-06-05 23:39:36[0m] (step=0105900) Train Loss: 0.1142, Train Steps/Sec: 1.64, Samples/Sec: 78.62
[[34m2025-06-05 23:40:37[0m] (step=0106000) Train Loss: 0.1127, Train Steps/Sec: 1.64, Samples/Sec: 78.64
[[34m2025-06-05 23:40:56[0m] Saved checkpoint to logs/nwm_cdit_recon/checkpoints/latest.pth.tar
[[34m2025-06-05 23:41:57[0m] (step=0106100) Train Loss: 0.1127, Train Steps/Sec: 1.26, Samples/Sec: 60.60
[[34m2025-06-05 23:42:57[0m] (step=0106200) Train Loss: 0.1081, Train Steps/Sec: 1.64, Samples/Sec: 78.88
[[34m2025-06-05 23:43:58[0m] (step=0106300) Train Loss: 0.1186, Train Steps/Sec: 1.64, Samples/Sec: 78.63
[[34m2025-06-05 23:45:00[0m] (step=0106400) Train Loss: 0.1143, Train Steps/Sec: 1.63, Samples/Sec: 78.41
[[34m2025-06-05 23:46:01[0m] (step=0106500) Train Loss: 0.1102, Train Steps/Sec: 1.64, Samples/Sec: 78.52
[[34m2025-06-05 23:47:02[0m] (step=0106600) Train Loss: 0.1095, Train Steps/Sec: 1.64, Samples/Sec: 78.67
[[34m2025-06-05 23:48:03[0m] (step=0106700) Train Loss: 0.1169, Train Steps/Sec: 1.64, Samples/Sec: 78.69
[[34m2025-06-05 23:49:04[0m] (step=0106800) Train Loss: 0.1133, Train Steps/Sec: 1.64, Samples/Sec: 78.69
[[34m2025-06-05 23:50:05[0m] (step=0106900) Train Loss: 0.1122, Train Steps/Sec: 1.64, Samples/Sec: 78.72
[[34m2025-06-05 23:51:06[0m] (step=0107000) Train Loss: 0.1148, Train Steps/Sec: 1.64, Samples/Sec: 78.73
[[34m2025-06-05 23:52:07[0m] (step=0107100) Train Loss: 0.1153, Train Steps/Sec: 1.63, Samples/Sec: 78.48
[[34m2025-06-05 23:53:08[0m] (step=0107200) Train Loss: 0.1163, Train Steps/Sec: 1.63, Samples/Sec: 78.37
[[34m2025-06-05 23:54:09[0m] (step=0107300) Train Loss: 0.1124, Train Steps/Sec: 1.64, Samples/Sec: 78.66
[[34m2025-06-05 23:55:10[0m] (step=0107400) Train Loss: 0.1110, Train Steps/Sec: 1.64, Samples/Sec: 78.57
[[34m2025-06-05 23:56:11[0m] (step=0107500) Train Loss: 0.1127, Train Steps/Sec: 1.64, Samples/Sec: 78.73
[[34m2025-06-05 23:57:12[0m] (step=0107600) Train Loss: 0.1165, Train Steps/Sec: 1.64, Samples/Sec: 78.73
[[34m2025-06-05 23:58:13[0m] (step=0107700) Train Loss: 0.1080, Train Steps/Sec: 1.64, Samples/Sec: 78.60
[[34m2025-06-05 23:59:14[0m] (step=0107800) Train Loss: 0.1140, Train Steps/Sec: 1.64, Samples/Sec: 78.63
[[34m2025-06-06 00:00:15[0m] (step=0107900) Train Loss: 0.1160, Train Steps/Sec: 1.64, Samples/Sec: 78.66
[[34m2025-06-06 00:01:16[0m] (step=0108000) Train Loss: 0.1115, Train Steps/Sec: 1.64, Samples/Sec: 78.69
[[34m2025-06-06 00:01:30[0m] Saved checkpoint to logs/nwm_cdit_recon/checkpoints/latest.pth.tar
[[34m2025-06-06 00:02:31[0m] (step=0108100) Train Loss: 0.1145, Train Steps/Sec: 1.34, Samples/Sec: 64.10
[[34m2025-06-06 00:03:32[0m] (step=0108200) Train Loss: 0.1158, Train Steps/Sec: 1.64, Samples/Sec: 78.69
[[34m2025-06-06 00:04:33[0m] (step=0108300) Train Loss: 0.1135, Train Steps/Sec: 1.64, Samples/Sec: 78.67
[[34m2025-06-06 00:05:35[0m] (step=0108400) Train Loss: 0.1076, Train Steps/Sec: 1.63, Samples/Sec: 78.25
[[34m2025-06-06 00:06:36[0m] (step=0108500) Train Loss: 0.1165, Train Steps/Sec: 1.63, Samples/Sec: 78.41
[[34m2025-06-06 00:07:37[0m] (step=0108600) Train Loss: 0.1114, Train Steps/Sec: 1.64, Samples/Sec: 78.63
[[34m2025-06-06 00:08:38[0m] (step=0108700) Train Loss: 0.1120, Train Steps/Sec: 1.64, Samples/Sec: 78.74
[[34m2025-06-06 00:09:39[0m] (step=0108800) Train Loss: 0.1134, Train Steps/Sec: 1.64, Samples/Sec: 78.75
[[34m2025-06-06 00:10:40[0m] (step=0108900) Train Loss: 0.1102, Train Steps/Sec: 1.64, Samples/Sec: 78.74
[[34m2025-06-06 00:11:41[0m] (step=0109000) Train Loss: 0.1128, Train Steps/Sec: 1.64, Samples/Sec: 78.68
[[34m2025-06-06 00:12:42[0m] (step=0109100) Train Loss: 0.1064, Train Steps/Sec: 1.64, Samples/Sec: 78.49
[[34m2025-06-06 00:13:43[0m] (step=0109200) Train Loss: 0.1132, Train Steps/Sec: 1.64, Samples/Sec: 78.59
[[34m2025-06-06 00:14:44[0m] (step=0109300) Train Loss: 0.1160, Train Steps/Sec: 1.64, Samples/Sec: 78.72
[[34m2025-06-06 00:15:45[0m] (step=0109400) Train Loss: 0.1150, Train Steps/Sec: 1.64, Samples/Sec: 78.72
[[34m2025-06-06 00:16:46[0m] (step=0109500) Train Loss: 0.1101, Train Steps/Sec: 1.64, Samples/Sec: 78.72
[[34m2025-06-06 00:17:47[0m] (step=0109600) Train Loss: 0.1158, Train Steps/Sec: 1.64, Samples/Sec: 78.70
[[34m2025-06-06 00:18:48[0m] (step=0109700) Train Loss: 0.1139, Train Steps/Sec: 1.64, Samples/Sec: 78.70
[[34m2025-06-06 00:19:49[0m] (step=0109800) Train Loss: 0.1110, Train Steps/Sec: 1.63, Samples/Sec: 78.31
[[34m2025-06-06 00:20:50[0m] (step=0109900) Train Loss: 0.1143, Train Steps/Sec: 1.64, Samples/Sec: 78.55
[[34m2025-06-06 00:21:51[0m] (step=0110000) Train Loss: 0.1161, Train Steps/Sec: 1.64, Samples/Sec: 78.71
Using cache found in ./models/facebookresearch_dino_main
Using cache found in ./models/facebookresearch_dino_main
[[34m2025-06-06 00:22:05[0m] Saved checkpoint to logs/nwm_cdit_recon/checkpoints/latest.pth.tar
Using cache found in ./models/facebookresearch_dino_main
[[34m2025-06-06 00:22:08[0m] Already found a `peft_config` attribute in the model. This will lead to having multiple adapters in the model. Make sure to know what you are doing!
[[34m2025-06-06 00:24:28[0m] (step=0110000) Perceptual Loss: 0.1373, Eval Time: 142.38
[[34m2025-06-06 00:25:29[0m] (step=0110100) Train Loss: 0.1104, Train Steps/Sec: 0.46, Samples/Sec: 22.10
[[34m2025-06-06 00:26:29[0m] (step=0110200) Train Loss: 0.1152, Train Steps/Sec: 1.64, Samples/Sec: 78.78
[[34m2025-06-06 00:27:31[0m] (step=0110300) Train Loss: 0.1126, Train Steps/Sec: 1.63, Samples/Sec: 78.47
[[34m2025-06-06 00:28:32[0m] (step=0110400) Train Loss: 0.1154, Train Steps/Sec: 1.64, Samples/Sec: 78.74
[[34m2025-06-06 00:29:33[0m] (step=0110500) Train Loss: 0.1142, Train Steps/Sec: 1.64, Samples/Sec: 78.57
[[34m2025-06-06 00:30:34[0m] (step=0110600) Train Loss: 0.1151, Train Steps/Sec: 1.64, Samples/Sec: 78.71
[[34m2025-06-06 00:31:35[0m] (step=0110700) Train Loss: 0.1130, Train Steps/Sec: 1.64, Samples/Sec: 78.72
[[34m2025-06-06 00:32:17[0m] Beginning epoch 10...
[[34m2025-06-06 00:32:36[0m] (step=0110800) Train Loss: 0.1108, Train Steps/Sec: 1.63, Samples/Sec: 78.24
[[34m2025-06-06 00:33:37[0m] (step=0110900) Train Loss: 0.1086, Train Steps/Sec: 1.64, Samples/Sec: 78.72
[[34m2025-06-06 00:34:38[0m] (step=0111000) Train Loss: 0.1161, Train Steps/Sec: 1.64, Samples/Sec: 78.48
[[34m2025-06-06 00:35:39[0m] (step=0111100) Train Loss: 0.1085, Train Steps/Sec: 1.64, Samples/Sec: 78.59
[[34m2025-06-06 00:36:40[0m] (step=0111200) Train Loss: 0.1079, Train Steps/Sec: 1.64, Samples/Sec: 78.73
[[34m2025-06-06 00:37:41[0m] (step=0111300) Train Loss: 0.1129, Train Steps/Sec: 1.64, Samples/Sec: 78.73
[[34m2025-06-06 00:38:42[0m] (step=0111400) Train Loss: 0.1111, Train Steps/Sec: 1.64, Samples/Sec: 78.73
[[34m2025-06-06 00:39:43[0m] (step=0111500) Train Loss: 0.1107, Train Steps/Sec: 1.64, Samples/Sec: 78.73
[[34m2025-06-06 00:40:44[0m] (step=0111600) Train Loss: 0.1115, Train Steps/Sec: 1.64, Samples/Sec: 78.74
[[34m2025-06-06 00:41:46[0m] (step=0111700) Train Loss: 0.1192, Train Steps/Sec: 1.63, Samples/Sec: 78.05
[[34m2025-06-06 00:42:47[0m] (step=0111800) Train Loss: 0.1067, Train Steps/Sec: 1.64, Samples/Sec: 78.58
[[34m2025-06-06 00:43:48[0m] (step=0111900) Train Loss: 0.1115, Train Steps/Sec: 1.64, Samples/Sec: 78.73
[[34m2025-06-06 00:44:49[0m] (step=0112000) Train Loss: 0.1098, Train Steps/Sec: 1.64, Samples/Sec: 78.73
[[34m2025-06-06 00:45:02[0m] Saved checkpoint to logs/nwm_cdit_recon/checkpoints/latest.pth.tar
[[34m2025-06-06 00:46:03[0m] (step=0112100) Train Loss: 0.1112, Train Steps/Sec: 1.34, Samples/Sec: 64.15
[[34m2025-06-06 00:47:04[0m] (step=0112200) Train Loss: 0.1125, Train Steps/Sec: 1.64, Samples/Sec: 78.71
[[34m2025-06-06 00:48:05[0m] (step=0112300) Train Loss: 0.1170, Train Steps/Sec: 1.64, Samples/Sec: 78.60
[[34m2025-06-06 00:49:07[0m] (step=0112400) Train Loss: 0.1093, Train Steps/Sec: 1.64, Samples/Sec: 78.49
[[34m2025-06-06 00:50:08[0m] (step=0112500) Train Loss: 0.1188, Train Steps/Sec: 1.64, Samples/Sec: 78.73
[[34m2025-06-06 00:51:09[0m] (step=0112600) Train Loss: 0.1110, Train Steps/Sec: 1.64, Samples/Sec: 78.73
[[34m2025-06-06 00:52:10[0m] (step=0112700) Train Loss: 0.1112, Train Steps/Sec: 1.64, Samples/Sec: 78.73
[[34m2025-06-06 00:53:10[0m] (step=0112800) Train Loss: 0.1174, Train Steps/Sec: 1.64, Samples/Sec: 78.72
[[34m2025-06-06 00:54:11[0m] (step=0112900) Train Loss: 0.1087, Train Steps/Sec: 1.64, Samples/Sec: 78.73
[[34m2025-06-06 00:55:13[0m] (step=0113000) Train Loss: 0.1157, Train Steps/Sec: 1.63, Samples/Sec: 78.45
[[34m2025-06-06 00:56:14[0m] (step=0113100) Train Loss: 0.1135, Train Steps/Sec: 1.64, Samples/Sec: 78.57
[[34m2025-06-06 00:57:15[0m] (step=0113200) Train Loss: 0.1078, Train Steps/Sec: 1.64, Samples/Sec: 78.74
[[34m2025-06-06 00:58:16[0m] (step=0113300) Train Loss: 0.1118, Train Steps/Sec: 1.64, Samples/Sec: 78.75
[[34m2025-06-06 00:59:17[0m] (step=0113400) Train Loss: 0.1114, Train Steps/Sec: 1.64, Samples/Sec: 78.76
[[34m2025-06-06 01:00:18[0m] (step=0113500) Train Loss: 0.1101, Train Steps/Sec: 1.64, Samples/Sec: 78.74
[[34m2025-06-06 01:01:19[0m] (step=0113600) Train Loss: 0.1098, Train Steps/Sec: 1.64, Samples/Sec: 78.49
[[34m2025-06-06 01:02:20[0m] (step=0113700) Train Loss: 0.1120, Train Steps/Sec: 1.64, Samples/Sec: 78.51
[[34m2025-06-06 01:03:21[0m] (step=0113800) Train Loss: 0.1117, Train Steps/Sec: 1.64, Samples/Sec: 78.63
[[34m2025-06-06 01:04:22[0m] (step=0113900) Train Loss: 0.1099, Train Steps/Sec: 1.64, Samples/Sec: 78.73
[[34m2025-06-06 01:05:23[0m] (step=0114000) Train Loss: 0.1051, Train Steps/Sec: 1.63, Samples/Sec: 78.28
[[34m2025-06-06 01:05:37[0m] Saved checkpoint to logs/nwm_cdit_recon/checkpoints/latest.pth.tar
[[34m2025-06-06 01:06:38[0m] (step=0114100) Train Loss: 0.1106, Train Steps/Sec: 1.34, Samples/Sec: 64.46
[[34m2025-06-06 01:07:39[0m] (step=0114200) Train Loss: 0.1107, Train Steps/Sec: 1.64, Samples/Sec: 78.73
[[34m2025-06-06 01:08:40[0m] (step=0114300) Train Loss: 0.1085, Train Steps/Sec: 1.64, Samples/Sec: 78.64
[[34m2025-06-06 01:09:41[0m] (step=0114400) Train Loss: 0.1079, Train Steps/Sec: 1.64, Samples/Sec: 78.78
[[34m2025-06-06 01:10:44[0m] (step=0114500) Train Loss: 0.1200, Train Steps/Sec: 1.57, Samples/Sec: 75.16
[[34m2025-06-06 01:11:46[0m] (step=0114600) Train Loss: 0.1113, Train Steps/Sec: 1.64, Samples/Sec: 78.58
[[34m2025-06-06 01:12:53[0m] (step=0114700) Train Loss: 0.1137, Train Steps/Sec: 1.49, Samples/Sec: 71.66
[[34m2025-06-06 01:13:54[0m] (step=0114800) Train Loss: 0.1128, Train Steps/Sec: 1.63, Samples/Sec: 78.27
[[34m2025-06-06 01:14:55[0m] (step=0114900) Train Loss: 0.1160, Train Steps/Sec: 1.64, Samples/Sec: 78.60
[[34m2025-06-06 01:15:56[0m] (step=0115000) Train Loss: 0.1144, Train Steps/Sec: 1.64, Samples/Sec: 78.53
[[34m2025-06-06 01:17:02[0m] (step=0115100) Train Loss: 0.1090, Train Steps/Sec: 1.51, Samples/Sec: 72.34
[[34m2025-06-06 01:18:04[0m] (step=0115200) Train Loss: 0.1147, Train Steps/Sec: 1.63, Samples/Sec: 78.33
[[34m2025-06-06 01:19:05[0m] (step=0115300) Train Loss: 0.1101, Train Steps/Sec: 1.64, Samples/Sec: 78.65
[[34m2025-06-06 01:20:06[0m] (step=0115400) Train Loss: 0.1108, Train Steps/Sec: 1.64, Samples/Sec: 78.72
[[34m2025-06-06 01:21:13[0m] (step=0115500) Train Loss: 0.1107, Train Steps/Sec: 1.48, Samples/Sec: 70.88
[[34m2025-06-06 01:22:15[0m] (step=0115600) Train Loss: 0.1136, Train Steps/Sec: 1.63, Samples/Sec: 78.26
[[34m2025-06-06 01:23:16[0m] (step=0115700) Train Loss: 0.1208, Train Steps/Sec: 1.63, Samples/Sec: 78.43
[[34m2025-06-06 01:24:17[0m] (step=0115800) Train Loss: 0.1163, Train Steps/Sec: 1.64, Samples/Sec: 78.58
[[34m2025-06-06 01:25:18[0m] (step=0115900) Train Loss: 0.1096, Train Steps/Sec: 1.64, Samples/Sec: 78.69
[[34m2025-06-06 01:26:19[0m] (step=0116000) Train Loss: 0.1080, Train Steps/Sec: 1.64, Samples/Sec: 78.73
[[34m2025-06-06 01:26:32[0m] Saved checkpoint to logs/nwm_cdit_recon/checkpoints/latest.pth.tar
[[34m2025-06-06 01:27:33[0m] (step=0116100) Train Loss: 0.1109, Train Steps/Sec: 1.36, Samples/Sec: 65.11
[[34m2025-06-06 01:28:36[0m] (step=0116200) Train Loss: 0.1134, Train Steps/Sec: 1.59, Samples/Sec: 76.28
[[34m2025-06-06 01:29:37[0m] (step=0116300) Train Loss: 0.1085, Train Steps/Sec: 1.63, Samples/Sec: 78.25
[[34m2025-06-06 01:30:38[0m] (step=0116400) Train Loss: 0.1145, Train Steps/Sec: 1.63, Samples/Sec: 78.44
[[34m2025-06-06 01:31:39[0m] (step=0116500) Train Loss: 0.1150, Train Steps/Sec: 1.64, Samples/Sec: 78.72
[[34m2025-06-06 01:32:42[0m] (step=0116600) Train Loss: 0.1118, Train Steps/Sec: 1.58, Samples/Sec: 75.83
[[34m2025-06-06 01:33:44[0m] (step=0116700) Train Loss: 0.1073, Train Steps/Sec: 1.63, Samples/Sec: 78.47
[[34m2025-06-06 01:34:45[0m] (step=0116800) Train Loss: 0.1085, Train Steps/Sec: 1.64, Samples/Sec: 78.74
[[34m2025-06-06 01:35:47[0m] (step=0116900) Train Loss: 0.1142, Train Steps/Sec: 1.59, Samples/Sec: 76.56
[[34m2025-06-06 01:36:48[0m] (step=0117000) Train Loss: 0.1127, Train Steps/Sec: 1.64, Samples/Sec: 78.51
[[34m2025-06-06 01:37:52[0m] (step=0117100) Train Loss: 0.1140, Train Steps/Sec: 1.57, Samples/Sec: 75.42
[[34m2025-06-06 01:38:53[0m] (step=0117200) Train Loss: 0.1126, Train Steps/Sec: 1.64, Samples/Sec: 78.69
[[34m2025-06-06 01:39:57[0m] (step=0117300) Train Loss: 0.1065, Train Steps/Sec: 1.56, Samples/Sec: 75.11
[[34m2025-06-06 01:40:58[0m] (step=0117400) Train Loss: 0.1118, Train Steps/Sec: 1.64, Samples/Sec: 78.54
[[34m2025-06-06 01:41:59[0m] (step=0117500) Train Loss: 0.1163, Train Steps/Sec: 1.64, Samples/Sec: 78.70
[[34m2025-06-06 01:43:00[0m] (step=0117600) Train Loss: 0.1139, Train Steps/Sec: 1.64, Samples/Sec: 78.71
[[34m2025-06-06 01:44:01[0m] (step=0117700) Train Loss: 0.1148, Train Steps/Sec: 1.63, Samples/Sec: 78.47
[[34m2025-06-06 01:45:02[0m] (step=0117800) Train Loss: 0.1078, Train Steps/Sec: 1.64, Samples/Sec: 78.60
[[34m2025-06-06 01:46:03[0m] (step=0117900) Train Loss: 0.1146, Train Steps/Sec: 1.64, Samples/Sec: 78.72
[[34m2025-06-06 01:47:04[0m] (step=0118000) Train Loss: 0.1149, Train Steps/Sec: 1.64, Samples/Sec: 78.71
[[34m2025-06-06 01:47:17[0m] Saved checkpoint to logs/nwm_cdit_recon/checkpoints/latest.pth.tar
[[34m2025-06-06 01:48:19[0m] (step=0118100) Train Loss: 0.1179, Train Steps/Sec: 1.34, Samples/Sec: 64.33
[[34m2025-06-06 01:49:20[0m] (step=0118200) Train Loss: 0.1137, Train Steps/Sec: 1.64, Samples/Sec: 78.73
[[34m2025-06-06 01:50:21[0m] (step=0118300) Train Loss: 0.1081, Train Steps/Sec: 1.64, Samples/Sec: 78.62
[[34m2025-06-06 01:51:22[0m] (step=0118400) Train Loss: 0.1146, Train Steps/Sec: 1.63, Samples/Sec: 78.45
[[34m2025-06-06 01:52:23[0m] (step=0118500) Train Loss: 0.1101, Train Steps/Sec: 1.64, Samples/Sec: 78.71
[[34m2025-06-06 01:53:24[0m] (step=0118600) Train Loss: 0.1140, Train Steps/Sec: 1.64, Samples/Sec: 78.73
[[34m2025-06-06 01:54:25[0m] (step=0118700) Train Loss: 0.1141, Train Steps/Sec: 1.64, Samples/Sec: 78.70
[[34m2025-06-06 01:55:26[0m] (step=0118800) Train Loss: 0.1170, Train Steps/Sec: 1.64, Samples/Sec: 78.72
[[34m2025-06-06 01:56:27[0m] (step=0118900) Train Loss: 0.1168, Train Steps/Sec: 1.64, Samples/Sec: 78.72
[[34m2025-06-06 01:57:28[0m] (step=0119000) Train Loss: 0.1119, Train Steps/Sec: 1.64, Samples/Sec: 78.62
[[34m2025-06-06 01:58:29[0m] (step=0119100) Train Loss: 0.1171, Train Steps/Sec: 1.63, Samples/Sec: 78.48
[[34m2025-06-06 01:59:30[0m] (step=0119200) Train Loss: 0.1190, Train Steps/Sec: 1.64, Samples/Sec: 78.72
[[34m2025-06-06 02:00:31[0m] (step=0119300) Train Loss: 0.1112, Train Steps/Sec: 1.64, Samples/Sec: 78.71
[[34m2025-06-06 02:01:32[0m] (step=0119400) Train Loss: 0.1155, Train Steps/Sec: 1.64, Samples/Sec: 78.73
[[34m2025-06-06 02:02:33[0m] (step=0119500) Train Loss: 0.1142, Train Steps/Sec: 1.64, Samples/Sec: 78.65
[[34m2025-06-06 02:03:34[0m] (step=0119600) Train Loss: 0.1153, Train Steps/Sec: 1.64, Samples/Sec: 78.56
[[34m2025-06-06 02:04:35[0m] (step=0119700) Train Loss: 0.1208, Train Steps/Sec: 1.64, Samples/Sec: 78.60
[[34m2025-06-06 02:05:36[0m] (step=0119800) Train Loss: 0.1130, Train Steps/Sec: 1.64, Samples/Sec: 78.59
[[34m2025-06-06 02:06:37[0m] (step=0119900) Train Loss: 0.1106, Train Steps/Sec: 1.64, Samples/Sec: 78.74
[[34m2025-06-06 02:07:38[0m] (step=0120000) Train Loss: 0.1110, Train Steps/Sec: 1.64, Samples/Sec: 78.76
Using cache found in ./models/facebookresearch_dino_main
Using cache found in ./models/facebookresearch_dino_main
[[34m2025-06-06 02:08:04[0m] Saved checkpoint to logs/nwm_cdit_recon/checkpoints/0120000.pth.tar
Using cache found in ./models/facebookresearch_dino_main
[[34m2025-06-06 02:08:06[0m] Already found a `peft_config` attribute in the model. This will lead to having multiple adapters in the model. Make sure to know what you are doing!
[[34m2025-06-06 02:10:26[0m] (step=0120000) Perceptual Loss: 0.1524, Eval Time: 142.53
[[34m2025-06-06 02:11:27[0m] (step=0120100) Train Loss: 0.1123, Train Steps/Sec: 0.44, Samples/Sec: 20.97
[[34m2025-06-06 02:12:28[0m] (step=0120200) Train Loss: 0.1145, Train Steps/Sec: 1.64, Samples/Sec: 78.83
[[34m2025-06-06 02:13:29[0m] (step=0120300) Train Loss: 0.1076, Train Steps/Sec: 1.64, Samples/Sec: 78.65
[[34m2025-06-06 02:14:30[0m] (step=0120400) Train Loss: 0.1125, Train Steps/Sec: 1.64, Samples/Sec: 78.60
[[34m2025-06-06 02:15:35[0m] (step=0120500) Train Loss: 0.1105, Train Steps/Sec: 1.55, Samples/Sec: 74.25
[[34m2025-06-06 02:16:36[0m] (step=0120600) Train Loss: 0.1085, Train Steps/Sec: 1.64, Samples/Sec: 78.64
[[34m2025-06-06 02:17:37[0m] (step=0120700) Train Loss: 0.1091, Train Steps/Sec: 1.64, Samples/Sec: 78.74
[[34m2025-06-06 02:18:40[0m] (step=0120800) Train Loss: 0.1164, Train Steps/Sec: 1.59, Samples/Sec: 76.28
[[34m2025-06-06 02:19:41[0m] (step=0120900) Train Loss: 0.1129, Train Steps/Sec: 1.64, Samples/Sec: 78.51
[[34m2025-06-06 02:20:42[0m] (step=0121000) Train Loss: 0.1125, Train Steps/Sec: 1.64, Samples/Sec: 78.50
[[34m2025-06-06 02:21:46[0m] (step=0121100) Train Loss: 0.1112, Train Steps/Sec: 1.57, Samples/Sec: 75.30
[[34m2025-06-06 02:22:47[0m] (step=0121200) Train Loss: 0.1112, Train Steps/Sec: 1.64, Samples/Sec: 78.66
[[34m2025-06-06 02:23:50[0m] (step=0121300) Train Loss: 0.1114, Train Steps/Sec: 1.57, Samples/Sec: 75.50
[[34m2025-06-06 02:24:53[0m] (step=0121400) Train Loss: 0.1143, Train Steps/Sec: 1.59, Samples/Sec: 76.51
[[34m2025-06-06 02:25:56[0m] (step=0121500) Train Loss: 0.1108, Train Steps/Sec: 1.61, Samples/Sec: 77.16
[[34m2025-06-06 02:26:57[0m] (step=0121600) Train Loss: 0.1113, Train Steps/Sec: 1.64, Samples/Sec: 78.60
[[34m2025-06-06 02:28:00[0m] (step=0121700) Train Loss: 0.1096, Train Steps/Sec: 1.57, Samples/Sec: 75.50
[[34m2025-06-06 02:29:01[0m] (step=0121800) Train Loss: 0.1130, Train Steps/Sec: 1.63, Samples/Sec: 78.37
[[34m2025-06-06 02:29:30[0m] Beginning epoch 11...
[[34m2025-06-06 02:30:03[0m] (step=0121900) Train Loss: 0.1123, Train Steps/Sec: 1.63, Samples/Sec: 78.30
[[34m2025-06-06 02:31:04[0m] (step=0122000) Train Loss: 0.1133, Train Steps/Sec: 1.64, Samples/Sec: 78.74
[[34m2025-06-06 02:31:16[0m] Saved checkpoint to logs/nwm_cdit_recon/checkpoints/latest.pth.tar
[[34m2025-06-06 02:32:17[0m] (step=0122100) Train Loss: 0.1081, Train Steps/Sec: 1.36, Samples/Sec: 65.09
[[34m2025-06-06 02:33:18[0m] (step=0122200) Train Loss: 0.1092, Train Steps/Sec: 1.64, Samples/Sec: 78.70
[[34m2025-06-06 02:34:20[0m] (step=0122300) Train Loss: 0.1095, Train Steps/Sec: 1.64, Samples/Sec: 78.51
[[34m2025-06-06 02:35:21[0m] (step=0122400) Train Loss: 0.1096, Train Steps/Sec: 1.64, Samples/Sec: 78.62
[[34m2025-06-06 02:36:22[0m] (step=0122500) Train Loss: 0.1122, Train Steps/Sec: 1.64, Samples/Sec: 78.72
[[34m2025-06-06 02:37:23[0m] (step=0122600) Train Loss: 0.1136, Train Steps/Sec: 1.64, Samples/Sec: 78.60
[[34m2025-06-06 02:38:24[0m] (step=0122700) Train Loss: 0.1149, Train Steps/Sec: 1.64, Samples/Sec: 78.87
[[34m2025-06-06 02:39:25[0m] (step=0122800) Train Loss: 0.1087, Train Steps/Sec: 1.64, Samples/Sec: 78.75
[[34m2025-06-06 02:40:30[0m] (step=0122900) Train Loss: 0.1141, Train Steps/Sec: 1.53, Samples/Sec: 73.24
[[34m2025-06-06 02:41:31[0m] (step=0123000) Train Loss: 0.1091, Train Steps/Sec: 1.63, Samples/Sec: 78.35
[[34m2025-06-06 02:42:32[0m] (step=0123100) Train Loss: 0.1112, Train Steps/Sec: 1.64, Samples/Sec: 78.65
[[34m2025-06-06 02:43:33[0m] (step=0123200) Train Loss: 0.1116, Train Steps/Sec: 1.64, Samples/Sec: 78.59
[[34m2025-06-06 02:44:35[0m] (step=0123300) Train Loss: 0.1107, Train Steps/Sec: 1.64, Samples/Sec: 78.57
[[34m2025-06-06 02:45:36[0m] (step=0123400) Train Loss: 0.1058, Train Steps/Sec: 1.63, Samples/Sec: 78.42
[[34m2025-06-06 02:46:38[0m] (step=0123500) Train Loss: 0.1158, Train Steps/Sec: 1.61, Samples/Sec: 77.48
[[34m2025-06-06 02:47:39[0m] (step=0123600) Train Loss: 0.1094, Train Steps/Sec: 1.64, Samples/Sec: 78.58
[[34m2025-06-06 02:48:40[0m] (step=0123700) Train Loss: 0.1189, Train Steps/Sec: 1.64, Samples/Sec: 78.51
[[34m2025-06-06 02:49:41[0m] (step=0123800) Train Loss: 0.1096, Train Steps/Sec: 1.64, Samples/Sec: 78.69
[[34m2025-06-06 02:50:42[0m] (step=0123900) Train Loss: 0.1150, Train Steps/Sec: 1.64, Samples/Sec: 78.69
[[34m2025-06-06 02:51:43[0m] (step=0124000) Train Loss: 0.1117, Train Steps/Sec: 1.64, Samples/Sec: 78.68
[[34m2025-06-06 02:51:56[0m] Saved checkpoint to logs/nwm_cdit_recon/checkpoints/latest.pth.tar
[[34m2025-06-06 02:52:59[0m] (step=0124100) Train Loss: 0.1110, Train Steps/Sec: 1.32, Samples/Sec: 63.14
[[34m2025-06-06 02:54:00[0m] (step=0124200) Train Loss: 0.1087, Train Steps/Sec: 1.64, Samples/Sec: 78.61
[[34m2025-06-06 02:55:01[0m] (step=0124300) Train Loss: 0.1102, Train Steps/Sec: 1.64, Samples/Sec: 78.53
[[34m2025-06-06 02:56:02[0m] (step=0124400) Train Loss: 0.1093, Train Steps/Sec: 1.64, Samples/Sec: 78.55
[[34m2025-06-06 02:57:03[0m] (step=0124500) Train Loss: 0.1120, Train Steps/Sec: 1.64, Samples/Sec: 78.69
[[34m2025-06-06 02:58:04[0m] (step=0124600) Train Loss: 0.1123, Train Steps/Sec: 1.64, Samples/Sec: 78.68
[[34m2025-06-06 02:59:05[0m] (step=0124700) Train Loss: 0.1107, Train Steps/Sec: 1.64, Samples/Sec: 78.54
[[34m2025-06-06 03:00:06[0m] (step=0124800) Train Loss: 0.1113, Train Steps/Sec: 1.64, Samples/Sec: 78.69
[[34m2025-06-06 03:01:07[0m] (step=0124900) Train Loss: 0.1117, Train Steps/Sec: 1.64, Samples/Sec: 78.68
[[34m2025-06-06 03:02:08[0m] (step=0125000) Train Loss: 0.1096, Train Steps/Sec: 1.64, Samples/Sec: 78.58
[[34m2025-06-06 03:03:10[0m] (step=0125100) Train Loss: 0.1132, Train Steps/Sec: 1.64, Samples/Sec: 78.61
[[34m2025-06-06 03:04:11[0m] (step=0125200) Train Loss: 0.1098, Train Steps/Sec: 1.64, Samples/Sec: 78.71
[[34m2025-06-06 03:05:12[0m] (step=0125300) Train Loss: 0.1113, Train Steps/Sec: 1.64, Samples/Sec: 78.63
[[34m2025-06-06 03:06:13[0m] (step=0125400) Train Loss: 0.1121, Train Steps/Sec: 1.62, Samples/Sec: 77.85
[[34m2025-06-06 03:07:14[0m] (step=0125500) Train Loss: 0.1107, Train Steps/Sec: 1.64, Samples/Sec: 78.62
[[34m2025-06-06 03:08:15[0m] (step=0125600) Train Loss: 0.1132, Train Steps/Sec: 1.64, Samples/Sec: 78.62
[[34m2025-06-06 03:09:17[0m] (step=0125700) Train Loss: 0.1168, Train Steps/Sec: 1.63, Samples/Sec: 78.44
[[34m2025-06-06 03:10:17[0m] (step=0125800) Train Loss: 0.1118, Train Steps/Sec: 1.64, Samples/Sec: 78.77
[[34m2025-06-06 03:11:18[0m] (step=0125900) Train Loss: 0.1062, Train Steps/Sec: 1.64, Samples/Sec: 78.75
[[34m2025-06-06 03:12:19[0m] (step=0126000) Train Loss: 0.1140, Train Steps/Sec: 1.64, Samples/Sec: 78.77
[[34m2025-06-06 03:12:32[0m] Saved checkpoint to logs/nwm_cdit_recon/checkpoints/latest.pth.tar
[[34m2025-06-06 03:13:33[0m] (step=0126100) Train Loss: 0.1132, Train Steps/Sec: 1.35, Samples/Sec: 64.86
[[34m2025-06-06 03:14:34[0m] (step=0126200) Train Loss: 0.1112, Train Steps/Sec: 1.64, Samples/Sec: 78.71
[[34m2025-06-06 03:15:35[0m] (step=0126300) Train Loss: 0.1161, Train Steps/Sec: 1.64, Samples/Sec: 78.64
[[34m2025-06-06 03:16:36[0m] (step=0126400) Train Loss: 0.1150, Train Steps/Sec: 1.64, Samples/Sec: 78.62
[[34m2025-06-06 03:17:37[0m] (step=0126500) Train Loss: 0.1140, Train Steps/Sec: 1.64, Samples/Sec: 78.76
[[34m2025-06-06 03:18:38[0m] (step=0126600) Train Loss: 0.1059, Train Steps/Sec: 1.64, Samples/Sec: 78.77
[[34m2025-06-06 03:19:39[0m] (step=0126700) Train Loss: 0.1063, Train Steps/Sec: 1.64, Samples/Sec: 78.64
[[34m2025-06-06 03:20:40[0m] (step=0126800) Train Loss: 0.1060, Train Steps/Sec: 1.64, Samples/Sec: 78.77
[[34m2025-06-06 03:21:41[0m] (step=0126900) Train Loss: 0.1120, Train Steps/Sec: 1.64, Samples/Sec: 78.78
[[34m2025-06-06 03:22:42[0m] (step=0127000) Train Loss: 0.1120, Train Steps/Sec: 1.64, Samples/Sec: 78.65
[[34m2025-06-06 03:23:43[0m] (step=0127100) Train Loss: 0.1109, Train Steps/Sec: 1.64, Samples/Sec: 78.64
[[34m2025-06-06 03:24:44[0m] (step=0127200) Train Loss: 0.1146, Train Steps/Sec: 1.64, Samples/Sec: 78.72
[[34m2025-06-06 03:25:45[0m] (step=0127300) Train Loss: 0.1157, Train Steps/Sec: 1.64, Samples/Sec: 78.70
[[34m2025-06-06 03:26:46[0m] (step=0127400) Train Loss: 0.1098, Train Steps/Sec: 1.64, Samples/Sec: 78.65
[[34m2025-06-06 03:27:47[0m] (step=0127500) Train Loss: 0.1109, Train Steps/Sec: 1.64, Samples/Sec: 78.75
[[34m2025-06-06 03:28:48[0m] (step=0127600) Train Loss: 0.1064, Train Steps/Sec: 1.64, Samples/Sec: 78.74
[[34m2025-06-06 03:29:49[0m] (step=0127700) Train Loss: 0.1088, Train Steps/Sec: 1.64, Samples/Sec: 78.61
[[34m2025-06-06 03:30:51[0m] (step=0127800) Train Loss: 0.1128, Train Steps/Sec: 1.63, Samples/Sec: 78.34
[[34m2025-06-06 03:31:52[0m] (step=0127900) Train Loss: 0.1113, Train Steps/Sec: 1.64, Samples/Sec: 78.60
[[34m2025-06-06 03:32:53[0m] (step=0128000) Train Loss: 0.1094, Train Steps/Sec: 1.64, Samples/Sec: 78.69
[[34m2025-06-06 03:33:06[0m] Saved checkpoint to logs/nwm_cdit_recon/checkpoints/latest.pth.tar
[[34m2025-06-06 03:34:07[0m] (step=0128100) Train Loss: 0.1072, Train Steps/Sec: 1.34, Samples/Sec: 64.38
[[34m2025-06-06 03:35:08[0m] (step=0128200) Train Loss: 0.1145, Train Steps/Sec: 1.64, Samples/Sec: 78.72
[[34m2025-06-06 03:36:09[0m] (step=0128300) Train Loss: 0.1118, Train Steps/Sec: 1.64, Samples/Sec: 78.76
[[34m2025-06-06 03:37:10[0m] (step=0128400) Train Loss: 0.1090, Train Steps/Sec: 1.63, Samples/Sec: 78.39
[[34m2025-06-06 03:38:11[0m] (step=0128500) Train Loss: 0.1110, Train Steps/Sec: 1.64, Samples/Sec: 78.76
[[34m2025-06-06 03:39:12[0m] (step=0128600) Train Loss: 0.1108, Train Steps/Sec: 1.64, Samples/Sec: 78.75
[[34m2025-06-06 03:40:13[0m] (step=0128700) Train Loss: 0.1145, Train Steps/Sec: 1.64, Samples/Sec: 78.62
[[34m2025-06-06 03:41:14[0m] (step=0128800) Train Loss: 0.1169, Train Steps/Sec: 1.64, Samples/Sec: 78.69
[[34m2025-06-06 03:42:15[0m] (step=0128900) Train Loss: 0.1129, Train Steps/Sec: 1.64, Samples/Sec: 78.67
[[34m2025-06-06 03:43:16[0m] (step=0129000) Train Loss: 0.1144, Train Steps/Sec: 1.64, Samples/Sec: 78.61
[[34m2025-06-06 03:44:17[0m] (step=0129100) Train Loss: 0.1112, Train Steps/Sec: 1.64, Samples/Sec: 78.62
[[34m2025-06-06 03:45:18[0m] (step=0129200) Train Loss: 0.1110, Train Steps/Sec: 1.64, Samples/Sec: 78.74
[[34m2025-06-06 03:46:19[0m] (step=0129300) Train Loss: 0.1089, Train Steps/Sec: 1.64, Samples/Sec: 78.70
[[34m2025-06-06 03:47:20[0m] (step=0129400) Train Loss: 0.1088, Train Steps/Sec: 1.64, Samples/Sec: 78.60
[[34m2025-06-06 03:48:21[0m] (step=0129500) Train Loss: 0.1130, Train Steps/Sec: 1.64, Samples/Sec: 78.76
[[34m2025-06-06 03:49:22[0m] (step=0129600) Train Loss: 0.1094, Train Steps/Sec: 1.64, Samples/Sec: 78.71
[[34m2025-06-06 03:50:24[0m] (step=0129700) Train Loss: 0.1119, Train Steps/Sec: 1.64, Samples/Sec: 78.54
[[34m2025-06-06 03:51:25[0m] (step=0129800) Train Loss: 0.1132, Train Steps/Sec: 1.64, Samples/Sec: 78.56
[[34m2025-06-06 03:52:26[0m] (step=0129900) Train Loss: 0.1105, Train Steps/Sec: 1.64, Samples/Sec: 78.72
[[34m2025-06-06 03:53:27[0m] (step=0130000) Train Loss: 0.1146, Train Steps/Sec: 1.64, Samples/Sec: 78.74
Using cache found in ./models/facebookresearch_dino_main
Using cache found in ./models/facebookresearch_dino_main
[[34m2025-06-06 03:53:40[0m] Saved checkpoint to logs/nwm_cdit_recon/checkpoints/latest.pth.tar
Using cache found in ./models/facebookresearch_dino_main
[[34m2025-06-06 03:53:43[0m] Already found a `peft_config` attribute in the model. This will lead to having multiple adapters in the model. Make sure to know what you are doing!
[[34m2025-06-06 03:56:03[0m] (step=0130000) Perceptual Loss: 0.1534, Eval Time: 142.37
[[34m2025-06-06 03:57:04[0m] (step=0130100) Train Loss: 0.1053, Train Steps/Sec: 0.46, Samples/Sec: 22.12
[[34m2025-06-06 03:58:05[0m] (step=0130200) Train Loss: 0.1087, Train Steps/Sec: 1.64, Samples/Sec: 78.77
[[34m2025-06-06 03:59:06[0m] (step=0130300) Train Loss: 0.1140, Train Steps/Sec: 1.64, Samples/Sec: 78.50
[[34m2025-06-06 04:00:07[0m] (step=0130400) Train Loss: 0.1112, Train Steps/Sec: 1.64, Samples/Sec: 78.72
[[34m2025-06-06 04:01:08[0m] (step=0130500) Train Loss: 0.1078, Train Steps/Sec: 1.64, Samples/Sec: 78.73
[[34m2025-06-06 04:02:09[0m] (step=0130600) Train Loss: 0.1089, Train Steps/Sec: 1.64, Samples/Sec: 78.72
[[34m2025-06-06 04:03:10[0m] (step=0130700) Train Loss: 0.1141, Train Steps/Sec: 1.64, Samples/Sec: 78.58
[[34m2025-06-06 04:04:11[0m] (step=0130800) Train Loss: 0.1121, Train Steps/Sec: 1.64, Samples/Sec: 78.73
[[34m2025-06-06 04:05:12[0m] (step=0130900) Train Loss: 0.1150, Train Steps/Sec: 1.64, Samples/Sec: 78.70
[[34m2025-06-06 04:06:12[0m] (step=0131000) Train Loss: 0.1157, Train Steps/Sec: 1.64, Samples/Sec: 78.89
[[34m2025-06-06 04:07:13[0m] (step=0131100) Train Loss: 0.1113, Train Steps/Sec: 1.64, Samples/Sec: 78.86
[[34m2025-06-06 04:08:14[0m] (step=0131200) Train Loss: 0.1140, Train Steps/Sec: 1.64, Samples/Sec: 78.63
[[34m2025-06-06 04:09:15[0m] (step=0131300) Train Loss: 0.1105, Train Steps/Sec: 1.64, Samples/Sec: 78.67
[[34m2025-06-06 04:10:17[0m] (step=0131400) Train Loss: 0.1089, Train Steps/Sec: 1.64, Samples/Sec: 78.58
[[34m2025-06-06 04:11:17[0m] (step=0131500) Train Loss: 0.1084, Train Steps/Sec: 1.64, Samples/Sec: 78.72
[[34m2025-06-06 04:12:19[0m] (step=0131600) Train Loss: 0.1140, Train Steps/Sec: 1.64, Samples/Sec: 78.63
[[34m2025-06-06 04:13:20[0m] (step=0131700) Train Loss: 0.1146, Train Steps/Sec: 1.64, Samples/Sec: 78.60
[[34m2025-06-06 04:14:21[0m] (step=0131800) Train Loss: 0.1187, Train Steps/Sec: 1.64, Samples/Sec: 78.74
[[34m2025-06-06 04:15:22[0m] (step=0131900) Train Loss: 0.1061, Train Steps/Sec: 1.64, Samples/Sec: 78.74
[[34m2025-06-06 04:16:22[0m] (step=0132000) Train Loss: 0.1067, Train Steps/Sec: 1.64, Samples/Sec: 78.77
[[34m2025-06-06 04:16:36[0m] Saved checkpoint to logs/nwm_cdit_recon/checkpoints/latest.pth.tar
[[34m2025-06-06 04:17:37[0m] (step=0132100) Train Loss: 0.1079, Train Steps/Sec: 1.34, Samples/Sec: 64.33
[[34m2025-06-06 04:18:38[0m] (step=0132200) Train Loss: 0.1159, Train Steps/Sec: 1.64, Samples/Sec: 78.73
[[34m2025-06-06 04:19:39[0m] (step=0132300) Train Loss: 0.1098, Train Steps/Sec: 1.64, Samples/Sec: 78.59
[[34m2025-06-06 04:20:40[0m] (step=0132400) Train Loss: 0.1112, Train Steps/Sec: 1.64, Samples/Sec: 78.61
[[34m2025-06-06 04:21:41[0m] (step=0132500) Train Loss: 0.1060, Train Steps/Sec: 1.64, Samples/Sec: 78.73
[[34m2025-06-06 04:22:42[0m] (step=0132600) Train Loss: 0.1099, Train Steps/Sec: 1.64, Samples/Sec: 78.76
[[34m2025-06-06 04:23:43[0m] (step=0132700) Train Loss: 0.1157, Train Steps/Sec: 1.64, Samples/Sec: 78.64
[[34m2025-06-06 04:24:44[0m] (step=0132800) Train Loss: 0.1172, Train Steps/Sec: 1.64, Samples/Sec: 78.72
[[34m2025-06-06 04:25:45[0m] (step=0132900) Train Loss: 0.1122, Train Steps/Sec: 1.64, Samples/Sec: 78.60
[[34m2025-06-06 04:26:00[0m] Beginning epoch 12...
[[34m2025-06-06 04:26:47[0m] (step=0133000) Train Loss: 0.1106, Train Steps/Sec: 1.63, Samples/Sec: 78.09
[[34m2025-06-06 04:27:48[0m] (step=0133100) Train Loss: 0.1121, Train Steps/Sec: 1.64, Samples/Sec: 78.69
[[34m2025-06-06 04:28:49[0m] (step=0133200) Train Loss: 0.1095, Train Steps/Sec: 1.64, Samples/Sec: 78.66
[[34m2025-06-06 04:29:50[0m] (step=0133300) Train Loss: 0.1102, Train Steps/Sec: 1.64, Samples/Sec: 78.75
[[34m2025-06-06 04:30:51[0m] (step=0133400) Train Loss: 0.1083, Train Steps/Sec: 1.64, Samples/Sec: 78.60
[[34m2025-06-06 04:31:52[0m] (step=0133500) Train Loss: 0.1080, Train Steps/Sec: 1.64, Samples/Sec: 78.74
[[34m2025-06-06 04:32:53[0m] (step=0133600) Train Loss: 0.1201, Train Steps/Sec: 1.64, Samples/Sec: 78.67
[[34m2025-06-06 04:33:54[0m] (step=0133700) Train Loss: 0.1111, Train Steps/Sec: 1.64, Samples/Sec: 78.65
[[34m2025-06-06 04:34:55[0m] (step=0133800) Train Loss: 0.1156, Train Steps/Sec: 1.64, Samples/Sec: 78.78
[[34m2025-06-06 04:35:56[0m] (step=0133900) Train Loss: 0.1072, Train Steps/Sec: 1.64, Samples/Sec: 78.78
[[34m2025-06-06 04:36:57[0m] (step=0134000) Train Loss: 0.1106, Train Steps/Sec: 1.64, Samples/Sec: 78.77
[[34m2025-06-06 04:37:10[0m] Saved checkpoint to logs/nwm_cdit_recon/checkpoints/latest.pth.tar
[[34m2025-06-06 04:38:11[0m] (step=0134100) Train Loss: 0.1145, Train Steps/Sec: 1.34, Samples/Sec: 64.48
[[34m2025-06-06 04:39:12[0m] (step=0134200) Train Loss: 0.1068, Train Steps/Sec: 1.64, Samples/Sec: 78.74
[[34m2025-06-06 04:40:13[0m] (step=0134300) Train Loss: 0.1096, Train Steps/Sec: 1.64, Samples/Sec: 78.63
[[34m2025-06-06 04:41:14[0m] (step=0134400) Train Loss: 0.1089, Train Steps/Sec: 1.64, Samples/Sec: 78.64
[[34m2025-06-06 04:42:15[0m] (step=0134500) Train Loss: 0.1090, Train Steps/Sec: 1.64, Samples/Sec: 78.72
[[34m2025-06-06 04:43:16[0m] (step=0134600) Train Loss: 0.1061, Train Steps/Sec: 1.64, Samples/Sec: 78.72
[[34m2025-06-06 04:44:17[0m] (step=0134700) Train Loss: 0.1084, Train Steps/Sec: 1.64, Samples/Sec: 78.60
[[34m2025-06-06 04:45:18[0m] (step=0134800) Train Loss: 0.1146, Train Steps/Sec: 1.64, Samples/Sec: 78.73
[[34m2025-06-06 04:46:19[0m] (step=0134900) Train Loss: 0.1167, Train Steps/Sec: 1.64, Samples/Sec: 78.72
[[34m2025-06-06 04:47:20[0m] (step=0135000) Train Loss: 0.1117, Train Steps/Sec: 1.64, Samples/Sec: 78.63
[[34m2025-06-06 04:48:21[0m] (step=0135100) Train Loss: 0.1115, Train Steps/Sec: 1.64, Samples/Sec: 78.62
[[34m2025-06-06 04:49:22[0m] (step=0135200) Train Loss: 0.1115, Train Steps/Sec: 1.64, Samples/Sec: 78.74
[[34m2025-06-06 04:50:23[0m] (step=0135300) Train Loss: 0.1053, Train Steps/Sec: 1.64, Samples/Sec: 78.54
[[34m2025-06-06 04:51:24[0m] (step=0135400) Train Loss: 0.1078, Train Steps/Sec: 1.64, Samples/Sec: 78.70
[[34m2025-06-06 04:52:25[0m] (step=0135500) Train Loss: 0.1103, Train Steps/Sec: 1.64, Samples/Sec: 78.74
[[34m2025-06-06 04:53:26[0m] (step=0135600) Train Loss: 0.1120, Train Steps/Sec: 1.64, Samples/Sec: 78.62
[[34m2025-06-06 04:54:27[0m] (step=0135700) Train Loss: 0.1108, Train Steps/Sec: 1.64, Samples/Sec: 78.63
[[34m2025-06-06 04:55:28[0m] (step=0135800) Train Loss: 0.1121, Train Steps/Sec: 1.64, Samples/Sec: 78.76
[[34m2025-06-06 04:56:29[0m] (step=0135900) Train Loss: 0.1098, Train Steps/Sec: 1.64, Samples/Sec: 78.73
[[34m2025-06-06 04:57:30[0m] (step=0136000) Train Loss: 0.1129, Train Steps/Sec: 1.64, Samples/Sec: 78.65
[[34m2025-06-06 04:57:44[0m] Saved checkpoint to logs/nwm_cdit_recon/checkpoints/latest.pth.tar
[[34m2025-06-06 04:58:44[0m] (step=0136100) Train Loss: 0.1048, Train Steps/Sec: 1.35, Samples/Sec: 64.60
[[34m2025-06-06 04:59:45[0m] (step=0136200) Train Loss: 0.1143, Train Steps/Sec: 1.64, Samples/Sec: 78.68
[[34m2025-06-06 05:00:47[0m] (step=0136300) Train Loss: 0.1138, Train Steps/Sec: 1.64, Samples/Sec: 78.60
[[34m2025-06-06 05:01:48[0m] (step=0136400) Train Loss: 0.1111, Train Steps/Sec: 1.64, Samples/Sec: 78.60
[[34m2025-06-06 05:02:49[0m] (step=0136500) Train Loss: 0.1133, Train Steps/Sec: 1.64, Samples/Sec: 78.72
[[34m2025-06-06 05:03:50[0m] (step=0136600) Train Loss: 0.1122, Train Steps/Sec: 1.64, Samples/Sec: 78.61
[[34m2025-06-06 05:04:51[0m] (step=0136700) Train Loss: 0.1100, Train Steps/Sec: 1.64, Samples/Sec: 78.74
[[34m2025-06-06 05:05:52[0m] (step=0136800) Train Loss: 0.1098, Train Steps/Sec: 1.64, Samples/Sec: 78.70
[[34m2025-06-06 05:06:53[0m] (step=0136900) Train Loss: 0.1158, Train Steps/Sec: 1.64, Samples/Sec: 78.74
[[34m2025-06-06 05:07:54[0m] (step=0137000) Train Loss: 0.1089, Train Steps/Sec: 1.64, Samples/Sec: 78.62
[[34m2025-06-06 05:08:55[0m] (step=0137100) Train Loss: 0.1171, Train Steps/Sec: 1.64, Samples/Sec: 78.63
[[34m2025-06-06 05:09:56[0m] (step=0137200) Train Loss: 0.1112, Train Steps/Sec: 1.64, Samples/Sec: 78.65
[[34m2025-06-06 05:10:57[0m] (step=0137300) Train Loss: 0.1079, Train Steps/Sec: 1.64, Samples/Sec: 78.62
[[34m2025-06-06 05:11:58[0m] (step=0137400) Train Loss: 0.1083, Train Steps/Sec: 1.64, Samples/Sec: 78.75
[[34m2025-06-06 05:12:59[0m] (step=0137500) Train Loss: 0.1078, Train Steps/Sec: 1.64, Samples/Sec: 78.76
[[34m2025-06-06 05:14:00[0m] (step=0137600) Train Loss: 0.1135, Train Steps/Sec: 1.64, Samples/Sec: 78.75
[[34m2025-06-06 05:15:01[0m] (step=0137700) Train Loss: 0.1129, Train Steps/Sec: 1.64, Samples/Sec: 78.56
[[34m2025-06-06 05:16:02[0m] (step=0137800) Train Loss: 0.1090, Train Steps/Sec: 1.64, Samples/Sec: 78.74
[[34m2025-06-06 05:17:03[0m] (step=0137900) Train Loss: 0.1053, Train Steps/Sec: 1.64, Samples/Sec: 78.70
[[34m2025-06-06 05:18:04[0m] (step=0138000) Train Loss: 0.1116, Train Steps/Sec: 1.64, Samples/Sec: 78.62
[[34m2025-06-06 05:18:17[0m] Saved checkpoint to logs/nwm_cdit_recon/checkpoints/latest.pth.tar
[[34m2025-06-06 05:19:18[0m] (step=0138100) Train Loss: 0.1134, Train Steps/Sec: 1.34, Samples/Sec: 64.41
[[34m2025-06-06 05:20:19[0m] (step=0138200) Train Loss: 0.1132, Train Steps/Sec: 1.64, Samples/Sec: 78.71
[[34m2025-06-06 05:21:20[0m] (step=0138300) Train Loss: 0.1108, Train Steps/Sec: 1.64, Samples/Sec: 78.56
[[34m2025-06-06 05:22:21[0m] (step=0138400) Train Loss: 0.1062, Train Steps/Sec: 1.64, Samples/Sec: 78.60
[[34m2025-06-06 05:23:22[0m] (step=0138500) Train Loss: 0.1043, Train Steps/Sec: 1.64, Samples/Sec: 78.71
[[34m2025-06-06 05:24:23[0m] (step=0138600) Train Loss: 0.1122, Train Steps/Sec: 1.64, Samples/Sec: 78.63
[[34m2025-06-06 05:25:24[0m] (step=0138700) Train Loss: 0.1127, Train Steps/Sec: 1.64, Samples/Sec: 78.74
[[34m2025-06-06 05:26:25[0m] (step=0138800) Train Loss: 0.1113, Train Steps/Sec: 1.64, Samples/Sec: 78.75
[[34m2025-06-06 05:27:26[0m] (step=0138900) Train Loss: 0.1089, Train Steps/Sec: 1.64, Samples/Sec: 78.74
[[34m2025-06-06 05:28:27[0m] (step=0139000) Train Loss: 0.1100, Train Steps/Sec: 1.64, Samples/Sec: 78.65
[[34m2025-06-06 05:29:28[0m] (step=0139100) Train Loss: 0.1103, Train Steps/Sec: 1.64, Samples/Sec: 78.62
[[34m2025-06-06 05:30:29[0m] (step=0139200) Train Loss: 0.1098, Train Steps/Sec: 1.64, Samples/Sec: 78.70
[[34m2025-06-06 05:31:30[0m] (step=0139300) Train Loss: 0.1095, Train Steps/Sec: 1.64, Samples/Sec: 78.61
[[34m2025-06-06 05:32:31[0m] (step=0139400) Train Loss: 0.1052, Train Steps/Sec: 1.64, Samples/Sec: 78.76
[[34m2025-06-06 05:33:32[0m] (step=0139500) Train Loss: 0.1096, Train Steps/Sec: 1.64, Samples/Sec: 78.95
[[34m2025-06-06 05:34:33[0m] (step=0139600) Train Loss: 0.1111, Train Steps/Sec: 1.64, Samples/Sec: 78.90
[[34m2025-06-06 05:35:34[0m] (step=0139700) Train Loss: 0.1065, Train Steps/Sec: 1.64, Samples/Sec: 78.54
[[34m2025-06-06 05:36:35[0m] (step=0139800) Train Loss: 0.1119, Train Steps/Sec: 1.64, Samples/Sec: 78.53
[[34m2025-06-06 05:37:36[0m] (step=0139900) Train Loss: 0.1154, Train Steps/Sec: 1.64, Samples/Sec: 78.55
[[34m2025-06-06 05:38:37[0m] (step=0140000) Train Loss: 0.1107, Train Steps/Sec: 1.64, Samples/Sec: 78.68
Using cache found in ./models/facebookresearch_dino_main
Using cache found in ./models/facebookresearch_dino_main
[[34m2025-06-06 05:39:03[0m] Saved checkpoint to logs/nwm_cdit_recon/checkpoints/0140000.pth.tar
Using cache found in ./models/facebookresearch_dino_main
[[34m2025-06-06 05:39:06[0m] Already found a `peft_config` attribute in the model. This will lead to having multiple adapters in the model. Make sure to know what you are doing!
[[34m2025-06-06 05:41:26[0m] (step=0140000) Perceptual Loss: 0.1311, Eval Time: 142.33
[[34m2025-06-06 05:42:26[0m] (step=0140100) Train Loss: 0.1152, Train Steps/Sec: 0.44, Samples/Sec: 20.96
[[34m2025-06-06 05:43:27[0m] (step=0140200) Train Loss: 0.1084, Train Steps/Sec: 1.64, Samples/Sec: 78.68
[[34m2025-06-06 05:44:28[0m] (step=0140300) Train Loss: 0.1060, Train Steps/Sec: 1.64, Samples/Sec: 78.65
[[34m2025-06-06 05:45:30[0m] (step=0140400) Train Loss: 0.1104, Train Steps/Sec: 1.64, Samples/Sec: 78.64
[[34m2025-06-06 05:46:30[0m] (step=0140500) Train Loss: 0.1105, Train Steps/Sec: 1.64, Samples/Sec: 78.80
[[34m2025-06-06 05:47:31[0m] (step=0140600) Train Loss: 0.1111, Train Steps/Sec: 1.64, Samples/Sec: 78.79
[[34m2025-06-06 05:48:32[0m] (step=0140700) Train Loss: 0.1073, Train Steps/Sec: 1.64, Samples/Sec: 78.80
[[34m2025-06-06 05:49:33[0m] (step=0140800) Train Loss: 0.1102, Train Steps/Sec: 1.64, Samples/Sec: 78.83
[[34m2025-06-06 05:50:34[0m] (step=0140900) Train Loss: 0.1112, Train Steps/Sec: 1.64, Samples/Sec: 78.66
[[34m2025-06-06 05:51:35[0m] (step=0141000) Train Loss: 0.1108, Train Steps/Sec: 1.64, Samples/Sec: 78.71
[[34m2025-06-06 05:52:36[0m] (step=0141100) Train Loss: 0.1109, Train Steps/Sec: 1.64, Samples/Sec: 78.67
[[34m2025-06-06 05:53:37[0m] (step=0141200) Train Loss: 0.1081, Train Steps/Sec: 1.64, Samples/Sec: 78.76
[[34m2025-06-06 05:54:38[0m] (step=0141300) Train Loss: 0.1017, Train Steps/Sec: 1.64, Samples/Sec: 78.73
[[34m2025-06-06 05:55:39[0m] (step=0141400) Train Loss: 0.1065, Train Steps/Sec: 1.64, Samples/Sec: 78.74
[[34m2025-06-06 05:56:40[0m] (step=0141500) Train Loss: 0.1122, Train Steps/Sec: 1.64, Samples/Sec: 78.75
[[34m2025-06-06 05:57:41[0m] (step=0141600) Train Loss: 0.1128, Train Steps/Sec: 1.64, Samples/Sec: 78.63
[[34m2025-06-06 05:58:42[0m] (step=0141700) Train Loss: 0.1073, Train Steps/Sec: 1.64, Samples/Sec: 78.63
[[34m2025-06-06 05:59:43[0m] (step=0141800) Train Loss: 0.1111, Train Steps/Sec: 1.64, Samples/Sec: 78.62
[[34m2025-06-06 06:00:44[0m] (step=0141900) Train Loss: 0.1078, Train Steps/Sec: 1.64, Samples/Sec: 78.75
[[34m2025-06-06 06:01:45[0m] (step=0142000) Train Loss: 0.1127, Train Steps/Sec: 1.64, Samples/Sec: 78.75
[[34m2025-06-06 06:01:59[0m] Saved checkpoint to logs/nwm_cdit_recon/checkpoints/latest.pth.tar
[[34m2025-06-06 06:03:00[0m] (step=0142100) Train Loss: 0.1107, Train Steps/Sec: 1.34, Samples/Sec: 64.46
[[34m2025-06-06 06:04:01[0m] (step=0142200) Train Loss: 0.1120, Train Steps/Sec: 1.64, Samples/Sec: 78.61
[[34m2025-06-06 06:05:02[0m] (step=0142300) Train Loss: 0.1137, Train Steps/Sec: 1.64, Samples/Sec: 78.73
[[34m2025-06-06 06:06:03[0m] (step=0142400) Train Loss: 0.1166, Train Steps/Sec: 1.64, Samples/Sec: 78.52
[[34m2025-06-06 06:07:04[0m] (step=0142500) Train Loss: 0.1057, Train Steps/Sec: 1.64, Samples/Sec: 78.76
[[34m2025-06-06 06:08:05[0m] (step=0142600) Train Loss: 0.1118, Train Steps/Sec: 1.64, Samples/Sec: 78.76
[[34m2025-06-06 06:09:06[0m] (step=0142700) Train Loss: 0.1142, Train Steps/Sec: 1.64, Samples/Sec: 78.80
[[34m2025-06-06 06:10:06[0m] (step=0142800) Train Loss: 0.1057, Train Steps/Sec: 1.64, Samples/Sec: 78.77
[[34m2025-06-06 06:11:07[0m] (step=0142900) Train Loss: 0.1099, Train Steps/Sec: 1.64, Samples/Sec: 78.67
[[34m2025-06-06 06:12:09[0m] (step=0143000) Train Loss: 0.1060, Train Steps/Sec: 1.64, Samples/Sec: 78.67
[[34m2025-06-06 06:13:10[0m] (step=0143100) Train Loss: 0.1121, Train Steps/Sec: 1.64, Samples/Sec: 78.69
[[34m2025-06-06 06:14:10[0m] (step=0143200) Train Loss: 0.1109, Train Steps/Sec: 1.64, Samples/Sec: 78.79
[[34m2025-06-06 06:15:11[0m] (step=0143300) Train Loss: 0.1107, Train Steps/Sec: 1.64, Samples/Sec: 78.78
[[34m2025-06-06 06:16:12[0m] (step=0143400) Train Loss: 0.1094, Train Steps/Sec: 1.64, Samples/Sec: 78.79
[[34m2025-06-06 06:17:13[0m] (step=0143500) Train Loss: 0.1085, Train Steps/Sec: 1.64, Samples/Sec: 78.77
[[34m2025-06-06 06:18:14[0m] (step=0143600) Train Loss: 0.1060, Train Steps/Sec: 1.64, Samples/Sec: 78.68
[[34m2025-06-06 06:19:15[0m] (step=0143700) Train Loss: 0.1093, Train Steps/Sec: 1.64, Samples/Sec: 78.55
[[34m2025-06-06 06:20:16[0m] (step=0143800) Train Loss: 0.1097, Train Steps/Sec: 1.64, Samples/Sec: 78.78
[[34m2025-06-06 06:21:17[0m] (step=0143900) Train Loss: 0.1069, Train Steps/Sec: 1.64, Samples/Sec: 78.76
[[34m2025-06-06 06:22:18[0m] (step=0144000) Train Loss: 0.1125, Train Steps/Sec: 1.64, Samples/Sec: 78.75
[[34m2025-06-06 06:22:32[0m] Saved checkpoint to logs/nwm_cdit_recon/checkpoints/latest.pth.tar
[[34m2025-06-06 06:22:32[0m] Beginning epoch 13...
[[34m2025-06-06 06:23:33[0m] (step=0144100) Train Loss: 0.1118, Train Steps/Sec: 1.34, Samples/Sec: 64.22
[[34m2025-06-06 06:24:34[0m] (step=0144200) Train Loss: 0.1129, Train Steps/Sec: 1.64, Samples/Sec: 78.72
[[34m2025-06-06 06:25:35[0m] (step=0144300) Train Loss: 0.1189, Train Steps/Sec: 1.64, Samples/Sec: 78.52
[[34m2025-06-06 06:26:36[0m] (step=0144400) Train Loss: 0.1140, Train Steps/Sec: 1.64, Samples/Sec: 78.62
[[34m2025-06-06 06:27:37[0m] (step=0144500) Train Loss: 0.1129, Train Steps/Sec: 1.64, Samples/Sec: 78.73
[[34m2025-06-06 06:28:38[0m] (step=0144600) Train Loss: 0.1161, Train Steps/Sec: 1.64, Samples/Sec: 78.74
[[34m2025-06-06 06:29:39[0m] (step=0144700) Train Loss: 0.1086, Train Steps/Sec: 1.64, Samples/Sec: 78.74
[[34m2025-06-06 06:30:40[0m] (step=0144800) Train Loss: 0.1094, Train Steps/Sec: 1.64, Samples/Sec: 78.74
[[34m2025-06-06 06:31:41[0m] (step=0144900) Train Loss: 0.1091, Train Steps/Sec: 1.64, Samples/Sec: 78.62
[[34m2025-06-06 06:32:42[0m] (step=0145000) Train Loss: 0.1099, Train Steps/Sec: 1.64, Samples/Sec: 78.54
[[34m2025-06-06 06:33:43[0m] (step=0145100) Train Loss: 0.1087, Train Steps/Sec: 1.64, Samples/Sec: 78.79
[[34m2025-06-06 06:34:44[0m] (step=0145200) Train Loss: 0.1054, Train Steps/Sec: 1.64, Samples/Sec: 78.78
[[34m2025-06-06 06:35:45[0m] (step=0145300) Train Loss: 0.1150, Train Steps/Sec: 1.64, Samples/Sec: 78.77
[[34m2025-06-06 06:36:46[0m] (step=0145400) Train Loss: 0.1078, Train Steps/Sec: 1.64, Samples/Sec: 78.78
[[34m2025-06-06 06:37:47[0m] (step=0145500) Train Loss: 0.1070, Train Steps/Sec: 1.64, Samples/Sec: 78.78
[[34m2025-06-06 06:38:48[0m] (step=0145600) Train Loss: 0.1174, Train Steps/Sec: 1.64, Samples/Sec: 78.66
[[34m2025-06-06 06:39:49[0m] (step=0145700) Train Loss: 0.1059, Train Steps/Sec: 1.64, Samples/Sec: 78.56
[[34m2025-06-06 06:40:50[0m] (step=0145800) Train Loss: 0.1154, Train Steps/Sec: 1.64, Samples/Sec: 78.78
[[34m2025-06-06 06:41:51[0m] (step=0145900) Train Loss: 0.1116, Train Steps/Sec: 1.64, Samples/Sec: 78.78
[[34m2025-06-06 06:42:52[0m] (step=0146000) Train Loss: 0.1067, Train Steps/Sec: 1.64, Samples/Sec: 78.78
[[34m2025-06-06 06:43:10[0m] Saved checkpoint to logs/nwm_cdit_recon/checkpoints/latest.pth.tar
[[34m2025-06-06 06:44:11[0m] (step=0146100) Train Loss: 0.1044, Train Steps/Sec: 1.26, Samples/Sec: 60.31
[[34m2025-06-06 06:45:12[0m] (step=0146200) Train Loss: 0.1078, Train Steps/Sec: 1.64, Samples/Sec: 78.72
[[34m2025-06-06 06:46:13[0m] (step=0146300) Train Loss: 0.1062, Train Steps/Sec: 1.64, Samples/Sec: 78.49
[[34m2025-06-06 06:47:14[0m] (step=0146400) Train Loss: 0.1069, Train Steps/Sec: 1.64, Samples/Sec: 78.63
[[34m2025-06-06 06:48:15[0m] (step=0146500) Train Loss: 0.1094, Train Steps/Sec: 1.64, Samples/Sec: 78.73
[[34m2025-06-06 06:49:16[0m] (step=0146600) Train Loss: 0.1059, Train Steps/Sec: 1.64, Samples/Sec: 78.75
[[34m2025-06-06 06:50:17[0m] (step=0146700) Train Loss: 0.1167, Train Steps/Sec: 1.64, Samples/Sec: 78.77
[[34m2025-06-06 06:51:18[0m] (step=0146800) Train Loss: 0.1086, Train Steps/Sec: 1.64, Samples/Sec: 78.77
[[34m2025-06-06 06:52:19[0m] (step=0146900) Train Loss: 0.1133, Train Steps/Sec: 1.64, Samples/Sec: 78.75
[[34m2025-06-06 06:53:20[0m] (step=0147000) Train Loss: 0.1118, Train Steps/Sec: 1.64, Samples/Sec: 78.53
[[34m2025-06-06 06:54:21[0m] (step=0147100) Train Loss: 0.1064, Train Steps/Sec: 1.64, Samples/Sec: 78.64
[[34m2025-06-06 06:55:22[0m] (step=0147200) Train Loss: 0.1128, Train Steps/Sec: 1.64, Samples/Sec: 78.76
[[34m2025-06-06 06:56:23[0m] (step=0147300) Train Loss: 0.1149, Train Steps/Sec: 1.64, Samples/Sec: 78.75
[[34m2025-06-06 06:57:24[0m] (step=0147400) Train Loss: 0.1075, Train Steps/Sec: 1.64, Samples/Sec: 78.77
[[34m2025-06-06 06:58:25[0m] (step=0147500) Train Loss: 0.1125, Train Steps/Sec: 1.64, Samples/Sec: 78.75
[[34m2025-06-06 06:59:26[0m] (step=0147600) Train Loss: 0.1147, Train Steps/Sec: 1.64, Samples/Sec: 78.63
[[34m2025-06-06 07:00:27[0m] (step=0147700) Train Loss: 0.1089, Train Steps/Sec: 1.64, Samples/Sec: 78.78
[[34m2025-06-06 07:01:28[0m] (step=0147800) Train Loss: 0.1091, Train Steps/Sec: 1.64, Samples/Sec: 78.85
[[34m2025-06-06 07:02:29[0m] (step=0147900) Train Loss: 0.1097, Train Steps/Sec: 1.64, Samples/Sec: 78.73
[[34m2025-06-06 07:03:30[0m] (step=0148000) Train Loss: 0.1120, Train Steps/Sec: 1.64, Samples/Sec: 78.68
[[34m2025-06-06 07:03:44[0m] Saved checkpoint to logs/nwm_cdit_recon/checkpoints/latest.pth.tar
[[34m2025-06-06 07:04:45[0m] (step=0148100) Train Loss: 0.1113, Train Steps/Sec: 1.34, Samples/Sec: 64.35
[[34m2025-06-06 07:05:46[0m] (step=0148200) Train Loss: 0.1047, Train Steps/Sec: 1.64, Samples/Sec: 78.69
[[34m2025-06-06 07:06:47[0m] (step=0148300) Train Loss: 0.1116, Train Steps/Sec: 1.63, Samples/Sec: 78.46
[[34m2025-06-06 07:07:48[0m] (step=0148400) Train Loss: 0.1138, Train Steps/Sec: 1.64, Samples/Sec: 78.60
[[34m2025-06-06 07:08:49[0m] (step=0148500) Train Loss: 0.1065, Train Steps/Sec: 1.64, Samples/Sec: 78.73
[[34m2025-06-06 07:09:50[0m] (step=0148600) Train Loss: 0.1138, Train Steps/Sec: 1.64, Samples/Sec: 78.74
[[34m2025-06-06 07:10:51[0m] (step=0148700) Train Loss: 0.1054, Train Steps/Sec: 1.64, Samples/Sec: 78.73
[[34m2025-06-06 07:11:52[0m] (step=0148800) Train Loss: 0.1153, Train Steps/Sec: 1.64, Samples/Sec: 78.73
[[34m2025-06-06 07:12:53[0m] (step=0148900) Train Loss: 0.1120, Train Steps/Sec: 1.64, Samples/Sec: 78.74
[[34m2025-06-06 07:13:54[0m] (step=0149000) Train Loss: 0.1108, Train Steps/Sec: 1.64, Samples/Sec: 78.49
[[34m2025-06-06 07:14:55[0m] (step=0149100) Train Loss: 0.1106, Train Steps/Sec: 1.64, Samples/Sec: 78.62
[[34m2025-06-06 07:15:56[0m] (step=0149200) Train Loss: 0.1126, Train Steps/Sec: 1.64, Samples/Sec: 78.73
[[34m2025-06-06 07:16:57[0m] (step=0149300) Train Loss: 0.1138, Train Steps/Sec: 1.64, Samples/Sec: 78.73
[[34m2025-06-06 07:17:58[0m] (step=0149400) Train Loss: 0.1114, Train Steps/Sec: 1.64, Samples/Sec: 78.75
[[34m2025-06-06 07:18:59[0m] (step=0149500) Train Loss: 0.1094, Train Steps/Sec: 1.64, Samples/Sec: 78.73
[[34m2025-06-06 07:20:00[0m] (step=0149600) Train Loss: 0.1058, Train Steps/Sec: 1.64, Samples/Sec: 78.62
[[34m2025-06-06 07:21:01[0m] (step=0149700) Train Loss: 0.1092, Train Steps/Sec: 1.64, Samples/Sec: 78.58
[[34m2025-06-06 07:22:02[0m] (step=0149800) Train Loss: 0.1105, Train Steps/Sec: 1.64, Samples/Sec: 78.60
[[34m2025-06-06 07:23:03[0m] (step=0149900) Train Loss: 0.1120, Train Steps/Sec: 1.64, Samples/Sec: 78.73
[[34m2025-06-06 07:24:04[0m] (step=0150000) Train Loss: 0.1125, Train Steps/Sec: 1.64, Samples/Sec: 78.72
Using cache found in ./models/facebookresearch_dino_main
Using cache found in ./models/facebookresearch_dino_main
[[34m2025-06-06 07:24:18[0m] Saved checkpoint to logs/nwm_cdit_recon/checkpoints/latest.pth.tar
Using cache found in ./models/facebookresearch_dino_main
[[34m2025-06-06 07:24:20[0m] Already found a `peft_config` attribute in the model. This will lead to having multiple adapters in the model. Make sure to know what you are doing!
[[34m2025-06-06 07:26:40[0m] (step=0150000) Perceptual Loss: 0.1386, Eval Time: 142.33
[[34m2025-06-06 07:27:41[0m] (step=0150100) Train Loss: 0.1117, Train Steps/Sec: 0.46, Samples/Sec: 22.13
[[34m2025-06-06 07:28:42[0m] (step=0150200) Train Loss: 0.1121, Train Steps/Sec: 1.64, Samples/Sec: 78.62
[[34m2025-06-06 07:29:43[0m] (step=0150300) Train Loss: 0.1144, Train Steps/Sec: 1.63, Samples/Sec: 78.45
[[34m2025-06-06 07:30:44[0m] (step=0150400) Train Loss: 0.1087, Train Steps/Sec: 1.64, Samples/Sec: 78.75
[[34m2025-06-06 07:31:45[0m] (step=0150500) Train Loss: 0.1062, Train Steps/Sec: 1.64, Samples/Sec: 78.75
[[34m2025-06-06 07:32:46[0m] (step=0150600) Train Loss: 0.1150, Train Steps/Sec: 1.64, Samples/Sec: 78.74
[[34m2025-06-06 07:33:47[0m] (step=0150700) Train Loss: 0.1078, Train Steps/Sec: 1.64, Samples/Sec: 78.74
[[34m2025-06-06 07:34:48[0m] (step=0150800) Train Loss: 0.1118, Train Steps/Sec: 1.64, Samples/Sec: 78.76
[[34m2025-06-06 07:35:49[0m] (step=0150900) Train Loss: 0.1082, Train Steps/Sec: 1.64, Samples/Sec: 78.56
[[34m2025-06-06 07:36:50[0m] (step=0151000) Train Loss: 0.1102, Train Steps/Sec: 1.64, Samples/Sec: 78.63
[[34m2025-06-06 07:37:51[0m] (step=0151100) Train Loss: 0.1069, Train Steps/Sec: 1.64, Samples/Sec: 78.73
[[34m2025-06-06 07:38:52[0m] (step=0151200) Train Loss: 0.1106, Train Steps/Sec: 1.64, Samples/Sec: 78.74
[[34m2025-06-06 07:39:53[0m] (step=0151300) Train Loss: 0.1123, Train Steps/Sec: 1.64, Samples/Sec: 78.74
[[34m2025-06-06 07:40:54[0m] (step=0151400) Train Loss: 0.1088, Train Steps/Sec: 1.64, Samples/Sec: 78.72
[[34m2025-06-06 07:41:55[0m] (step=0151500) Train Loss: 0.1058, Train Steps/Sec: 1.64, Samples/Sec: 78.76
[[34m2025-06-06 07:42:56[0m] (step=0151600) Train Loss: 0.1066, Train Steps/Sec: 1.64, Samples/Sec: 78.52
[[34m2025-06-06 07:43:57[0m] (step=0151700) Train Loss: 0.1042, Train Steps/Sec: 1.64, Samples/Sec: 78.60
[[34m2025-06-06 07:44:58[0m] (step=0151800) Train Loss: 0.1126, Train Steps/Sec: 1.64, Samples/Sec: 78.75
[[34m2025-06-06 07:45:59[0m] (step=0151900) Train Loss: 0.1049, Train Steps/Sec: 1.64, Samples/Sec: 78.77
[[34m2025-06-06 07:47:00[0m] (step=0152000) Train Loss: 0.1105, Train Steps/Sec: 1.64, Samples/Sec: 78.76
[[34m2025-06-06 07:47:13[0m] Saved checkpoint to logs/nwm_cdit_recon/checkpoints/latest.pth.tar
[[34m2025-06-06 07:48:14[0m] (step=0152100) Train Loss: 0.1028, Train Steps/Sec: 1.34, Samples/Sec: 64.51
[[34m2025-06-06 07:49:15[0m] (step=0152200) Train Loss: 0.1096, Train Steps/Sec: 1.64, Samples/Sec: 78.53
[[34m2025-06-06 07:50:16[0m] (step=0152300) Train Loss: 0.1136, Train Steps/Sec: 1.64, Samples/Sec: 78.63
[[34m2025-06-06 07:51:17[0m] (step=0152400) Train Loss: 0.1165, Train Steps/Sec: 1.64, Samples/Sec: 78.75
[[34m2025-06-06 07:52:18[0m] (step=0152500) Train Loss: 0.1115, Train Steps/Sec: 1.64, Samples/Sec: 78.75
[[34m2025-06-06 07:53:19[0m] (step=0152600) Train Loss: 0.1051, Train Steps/Sec: 1.64, Samples/Sec: 78.77
[[34m2025-06-06 07:54:20[0m] (step=0152700) Train Loss: 0.1083, Train Steps/Sec: 1.64, Samples/Sec: 78.71
[[34m2025-06-06 07:55:21[0m] (step=0152800) Train Loss: 0.1168, Train Steps/Sec: 1.64, Samples/Sec: 78.73
[[34m2025-06-06 07:56:22[0m] (step=0152900) Train Loss: 0.1162, Train Steps/Sec: 1.64, Samples/Sec: 78.53
[[34m2025-06-06 07:57:23[0m] (step=0153000) Train Loss: 0.1061, Train Steps/Sec: 1.64, Samples/Sec: 78.64
[[34m2025-06-06 07:58:24[0m] (step=0153100) Train Loss: 0.1046, Train Steps/Sec: 1.64, Samples/Sec: 78.77
[[34m2025-06-06 07:59:25[0m] (step=0153200) Train Loss: 0.1083, Train Steps/Sec: 1.64, Samples/Sec: 78.70
[[34m2025-06-06 08:00:26[0m] (step=0153300) Train Loss: 0.1058, Train Steps/Sec: 1.64, Samples/Sec: 78.71
[[34m2025-06-06 08:01:27[0m] (step=0153400) Train Loss: 0.1104, Train Steps/Sec: 1.64, Samples/Sec: 78.72
[[34m2025-06-06 08:02:28[0m] (step=0153500) Train Loss: 0.1115, Train Steps/Sec: 1.64, Samples/Sec: 78.71
[[34m2025-06-06 08:03:29[0m] (step=0153600) Train Loss: 0.1130, Train Steps/Sec: 1.64, Samples/Sec: 78.48
[[34m2025-06-06 08:04:30[0m] (step=0153700) Train Loss: 0.1054, Train Steps/Sec: 1.64, Samples/Sec: 78.62
[[34m2025-06-06 08:05:31[0m] (step=0153800) Train Loss: 0.1114, Train Steps/Sec: 1.64, Samples/Sec: 78.73
[[34m2025-06-06 08:06:32[0m] (step=0153900) Train Loss: 0.1138, Train Steps/Sec: 1.64, Samples/Sec: 78.73
[[34m2025-06-06 08:07:33[0m] (step=0154000) Train Loss: 0.1102, Train Steps/Sec: 1.64, Samples/Sec: 78.72
[[34m2025-06-06 08:07:47[0m] Saved checkpoint to logs/nwm_cdit_recon/checkpoints/latest.pth.tar
[[34m2025-06-06 08:08:48[0m] (step=0154100) Train Loss: 0.1120, Train Steps/Sec: 1.34, Samples/Sec: 64.21
[[34m2025-06-06 08:09:49[0m] (step=0154200) Train Loss: 0.1075, Train Steps/Sec: 1.64, Samples/Sec: 78.59
[[34m2025-06-06 08:10:50[0m] (step=0154300) Train Loss: 0.1113, Train Steps/Sec: 1.63, Samples/Sec: 78.47
[[34m2025-06-06 08:11:51[0m] (step=0154400) Train Loss: 0.1109, Train Steps/Sec: 1.64, Samples/Sec: 78.71
[[34m2025-06-06 08:12:52[0m] (step=0154500) Train Loss: 0.1096, Train Steps/Sec: 1.64, Samples/Sec: 78.73
[[34m2025-06-06 08:13:53[0m] (step=0154600) Train Loss: 0.1118, Train Steps/Sec: 1.64, Samples/Sec: 78.74
[[34m2025-06-06 08:14:54[0m] (step=0154700) Train Loss: 0.1103, Train Steps/Sec: 1.64, Samples/Sec: 78.75
[[34m2025-06-06 08:15:55[0m] (step=0154800) Train Loss: 0.1081, Train Steps/Sec: 1.64, Samples/Sec: 78.73
[[34m2025-06-06 08:16:56[0m] (step=0154900) Train Loss: 0.1073, Train Steps/Sec: 1.64, Samples/Sec: 78.50
[[34m2025-06-06 08:17:57[0m] (step=0155000) Train Loss: 0.1074, Train Steps/Sec: 1.64, Samples/Sec: 78.60
[[34m2025-06-06 08:18:45[0m] Beginning epoch 14...
[[34m2025-06-06 08:18:59[0m] (step=0155100) Train Loss: 0.1069, Train Steps/Sec: 1.63, Samples/Sec: 78.34
[[34m2025-06-06 08:20:00[0m] (step=0155200) Train Loss: 0.1061, Train Steps/Sec: 1.64, Samples/Sec: 78.74
[[34m2025-06-06 08:21:01[0m] (step=0155300) Train Loss: 0.1083, Train Steps/Sec: 1.64, Samples/Sec: 78.75
[[34m2025-06-06 08:22:02[0m] (step=0155400) Train Loss: 0.1061, Train Steps/Sec: 1.64, Samples/Sec: 78.75
[[34m2025-06-06 08:23:03[0m] (step=0155500) Train Loss: 0.1139, Train Steps/Sec: 1.64, Samples/Sec: 78.74
[[34m2025-06-06 08:24:04[0m] (step=0155600) Train Loss: 0.1106, Train Steps/Sec: 1.64, Samples/Sec: 78.51
[[34m2025-06-06 08:25:05[0m] (step=0155700) Train Loss: 0.1096, Train Steps/Sec: 1.64, Samples/Sec: 78.62
[[34m2025-06-06 08:26:06[0m] (step=0155800) Train Loss: 0.1124, Train Steps/Sec: 1.64, Samples/Sec: 78.73
[[34m2025-06-06 08:27:07[0m] (step=0155900) Train Loss: 0.1111, Train Steps/Sec: 1.64, Samples/Sec: 78.74
[[34m2025-06-06 08:28:07[0m] (step=0156000) Train Loss: 0.1080, Train Steps/Sec: 1.65, Samples/Sec: 78.97
[[34m2025-06-06 08:28:20[0m] Saved checkpoint to logs/nwm_cdit_recon/checkpoints/latest.pth.tar
[[34m2025-06-06 08:29:21[0m] (step=0156100) Train Loss: 0.1073, Train Steps/Sec: 1.36, Samples/Sec: 65.37
[[34m2025-06-06 08:30:22[0m] (step=0156200) Train Loss: 0.1146, Train Steps/Sec: 1.64, Samples/Sec: 78.68
[[34m2025-06-06 08:31:23[0m] (step=0156300) Train Loss: 0.1068, Train Steps/Sec: 1.64, Samples/Sec: 78.59
[[34m2025-06-06 08:32:24[0m] (step=0156400) Train Loss: 0.1112, Train Steps/Sec: 1.64, Samples/Sec: 78.57
[[34m2025-06-06 08:33:25[0m] (step=0156500) Train Loss: 0.1116, Train Steps/Sec: 1.64, Samples/Sec: 78.72
[[34m2025-06-06 08:34:26[0m] (step=0156600) Train Loss: 0.1113, Train Steps/Sec: 1.64, Samples/Sec: 78.73
[[34m2025-06-06 08:35:27[0m] (step=0156700) Train Loss: 0.1059, Train Steps/Sec: 1.64, Samples/Sec: 78.73
[[34m2025-06-06 08:36:28[0m] (step=0156800) Train Loss: 0.1147, Train Steps/Sec: 1.64, Samples/Sec: 78.66
[[34m2025-06-06 08:37:29[0m] (step=0156900) Train Loss: 0.1118, Train Steps/Sec: 1.64, Samples/Sec: 78.77
[[34m2025-06-06 08:38:30[0m] (step=0157000) Train Loss: 0.1100, Train Steps/Sec: 1.64, Samples/Sec: 78.55
[[34m2025-06-06 08:39:31[0m] (step=0157100) Train Loss: 0.1090, Train Steps/Sec: 1.64, Samples/Sec: 78.79
[[34m2025-06-06 08:40:32[0m] (step=0157200) Train Loss: 0.1097, Train Steps/Sec: 1.64, Samples/Sec: 78.78
[[34m2025-06-06 08:41:33[0m] (step=0157300) Train Loss: 0.1080, Train Steps/Sec: 1.64, Samples/Sec: 78.80
[[34m2025-06-06 08:42:34[0m] (step=0157400) Train Loss: 0.1128, Train Steps/Sec: 1.64, Samples/Sec: 78.81
[[34m2025-06-06 08:43:35[0m] (step=0157500) Train Loss: 0.1019, Train Steps/Sec: 1.64, Samples/Sec: 78.66
[[34m2025-06-06 08:44:36[0m] (step=0157600) Train Loss: 0.1086, Train Steps/Sec: 1.64, Samples/Sec: 78.67
[[34m2025-06-06 08:45:37[0m] (step=0157700) Train Loss: 0.1078, Train Steps/Sec: 1.64, Samples/Sec: 78.66
[[34m2025-06-06 08:46:38[0m] (step=0157800) Train Loss: 0.1117, Train Steps/Sec: 1.64, Samples/Sec: 78.80
[[34m2025-06-06 08:47:39[0m] (step=0157900) Train Loss: 0.1067, Train Steps/Sec: 1.64, Samples/Sec: 78.79
[[34m2025-06-06 08:48:40[0m] (step=0158000) Train Loss: 0.1124, Train Steps/Sec: 1.64, Samples/Sec: 78.78
[[34m2025-06-06 08:48:53[0m] Saved checkpoint to logs/nwm_cdit_recon/checkpoints/latest.pth.tar
[[34m2025-06-06 08:49:54[0m] (step=0158100) Train Loss: 0.1057, Train Steps/Sec: 1.34, Samples/Sec: 64.41
[[34m2025-06-06 08:50:55[0m] (step=0158200) Train Loss: 0.1118, Train Steps/Sec: 1.64, Samples/Sec: 78.72
[[34m2025-06-06 08:51:56[0m] (step=0158300) Train Loss: 0.1112, Train Steps/Sec: 1.64, Samples/Sec: 78.59
[[34m2025-06-06 08:52:57[0m] (step=0158400) Train Loss: 0.1068, Train Steps/Sec: 1.64, Samples/Sec: 78.65
[[34m2025-06-06 08:53:58[0m] (step=0158500) Train Loss: 0.1082, Train Steps/Sec: 1.64, Samples/Sec: 78.78
[[34m2025-06-06 08:54:59[0m] (step=0158600) Train Loss: 0.1046, Train Steps/Sec: 1.64, Samples/Sec: 78.78
[[34m2025-06-06 08:56:00[0m] (step=0158700) Train Loss: 0.1046, Train Steps/Sec: 1.64, Samples/Sec: 78.79
[[34m2025-06-06 08:57:01[0m] (step=0158800) Train Loss: 0.1057, Train Steps/Sec: 1.64, Samples/Sec: 78.67
[[34m2025-06-06 08:58:02[0m] (step=0158900) Train Loss: 0.1065, Train Steps/Sec: 1.64, Samples/Sec: 78.78
[[34m2025-06-06 08:59:03[0m] (step=0159000) Train Loss: 0.1136, Train Steps/Sec: 1.64, Samples/Sec: 78.67
[[34m2025-06-06 09:00:04[0m] (step=0159100) Train Loss: 0.1119, Train Steps/Sec: 1.64, Samples/Sec: 78.65
[[34m2025-06-06 09:01:05[0m] (step=0159200) Train Loss: 0.1022, Train Steps/Sec: 1.64, Samples/Sec: 78.78
[[34m2025-06-06 09:02:06[0m] (step=0159300) Train Loss: 0.1053, Train Steps/Sec: 1.64, Samples/Sec: 78.77
[[34m2025-06-06 09:03:07[0m] (step=0159400) Train Loss: 0.1101, Train Steps/Sec: 1.64, Samples/Sec: 78.67
[[34m2025-06-06 09:04:08[0m] (step=0159500) Train Loss: 0.1101, Train Steps/Sec: 1.64, Samples/Sec: 78.77
[[34m2025-06-06 09:05:09[0m] (step=0159600) Train Loss: 0.1071, Train Steps/Sec: 1.64, Samples/Sec: 78.71
[[34m2025-06-06 09:06:10[0m] (step=0159700) Train Loss: 0.1156, Train Steps/Sec: 1.64, Samples/Sec: 78.59
[[34m2025-06-06 09:07:11[0m] (step=0159800) Train Loss: 0.1037, Train Steps/Sec: 1.64, Samples/Sec: 78.72
[[34m2025-06-06 09:08:12[0m] (step=0159900) Train Loss: 0.1033, Train Steps/Sec: 1.64, Samples/Sec: 78.73
[[34m2025-06-06 09:09:13[0m] (step=0160000) Train Loss: 0.1097, Train Steps/Sec: 1.64, Samples/Sec: 78.74
Using cache found in ./models/facebookresearch_dino_main
Using cache found in ./models/facebookresearch_dino_main
[[34m2025-06-06 09:09:39[0m] Saved checkpoint to logs/nwm_cdit_recon/checkpoints/0160000.pth.tar
Using cache found in ./models/facebookresearch_dino_main
[[34m2025-06-06 09:09:41[0m] Already found a `peft_config` attribute in the model. This will lead to having multiple adapters in the model. Make sure to know what you are doing!
[[34m2025-06-06 09:12:01[0m] (step=0160000) Perceptual Loss: 0.1206, Eval Time: 142.37
[[34m2025-06-06 09:13:02[0m] (step=0160100) Train Loss: 0.1150, Train Steps/Sec: 0.44, Samples/Sec: 20.95
[[34m2025-06-06 09:14:03[0m] (step=0160200) Train Loss: 0.1037, Train Steps/Sec: 1.64, Samples/Sec: 78.68
[[34m2025-06-06 09:15:04[0m] (step=0160300) Train Loss: 0.1100, Train Steps/Sec: 1.64, Samples/Sec: 78.62
[[34m2025-06-06 09:16:05[0m] (step=0160400) Train Loss: 0.1137, Train Steps/Sec: 1.64, Samples/Sec: 78.73
[[34m2025-06-06 09:17:06[0m] (step=0160500) Train Loss: 0.1119, Train Steps/Sec: 1.64, Samples/Sec: 78.72
[[34m2025-06-06 09:18:07[0m] (step=0160600) Train Loss: 0.1130, Train Steps/Sec: 1.64, Samples/Sec: 78.73
[[34m2025-06-06 09:19:08[0m] (step=0160700) Train Loss: 0.1123, Train Steps/Sec: 1.64, Samples/Sec: 78.63
[[34m2025-06-06 09:20:09[0m] (step=0160800) Train Loss: 0.1079, Train Steps/Sec: 1.64, Samples/Sec: 78.73
[[34m2025-06-06 09:21:10[0m] (step=0160900) Train Loss: 0.1075, Train Steps/Sec: 1.64, Samples/Sec: 78.63
[[34m2025-06-06 09:22:11[0m] (step=0161000) Train Loss: 0.1099, Train Steps/Sec: 1.64, Samples/Sec: 78.56
[[34m2025-06-06 09:23:12[0m] (step=0161100) Train Loss: 0.1119, Train Steps/Sec: 1.64, Samples/Sec: 78.70
[[34m2025-06-06 09:24:13[0m] (step=0161200) Train Loss: 0.1077, Train Steps/Sec: 1.64, Samples/Sec: 78.72
[[34m2025-06-06 09:25:14[0m] (step=0161300) Train Loss: 0.1035, Train Steps/Sec: 1.64, Samples/Sec: 78.74
[[34m2025-06-06 09:26:15[0m] (step=0161400) Train Loss: 0.1085, Train Steps/Sec: 1.64, Samples/Sec: 78.63
[[34m2025-06-06 09:27:16[0m] (step=0161500) Train Loss: 0.1116, Train Steps/Sec: 1.64, Samples/Sec: 78.70
[[34m2025-06-06 09:28:17[0m] (step=0161600) Train Loss: 0.1096, Train Steps/Sec: 1.63, Samples/Sec: 78.45
[[34m2025-06-06 09:29:18[0m] (step=0161700) Train Loss: 0.1084, Train Steps/Sec: 1.64, Samples/Sec: 78.70
[[34m2025-06-06 09:30:19[0m] (step=0161800) Train Loss: 0.1043, Train Steps/Sec: 1.64, Samples/Sec: 78.71
[[34m2025-06-06 09:31:20[0m] (step=0161900) Train Loss: 0.1116, Train Steps/Sec: 1.64, Samples/Sec: 78.74
[[34m2025-06-06 09:32:21[0m] (step=0162000) Train Loss: 0.1035, Train Steps/Sec: 1.64, Samples/Sec: 78.74
[[34m2025-06-06 09:32:35[0m] Saved checkpoint to logs/nwm_cdit_recon/checkpoints/latest.pth.tar
[[34m2025-06-06 09:33:36[0m] (step=0162100) Train Loss: 0.1127, Train Steps/Sec: 1.34, Samples/Sec: 64.24
[[34m2025-06-06 09:34:37[0m] (step=0162200) Train Loss: 0.1128, Train Steps/Sec: 1.64, Samples/Sec: 78.60
[[34m2025-06-06 09:35:38[0m] (step=0162300) Train Loss: 0.1057, Train Steps/Sec: 1.64, Samples/Sec: 78.59
[[34m2025-06-06 09:36:39[0m] (step=0162400) Train Loss: 0.1087, Train Steps/Sec: 1.64, Samples/Sec: 78.70
[[34m2025-06-06 09:37:40[0m] (step=0162500) Train Loss: 0.1067, Train Steps/Sec: 1.64, Samples/Sec: 78.72
[[34m2025-06-06 09:38:41[0m] (step=0162600) Train Loss: 0.1128, Train Steps/Sec: 1.64, Samples/Sec: 78.70
[[34m2025-06-06 09:39:42[0m] (step=0162700) Train Loss: 0.1173, Train Steps/Sec: 1.64, Samples/Sec: 78.60
[[34m2025-06-06 09:40:43[0m] (step=0162800) Train Loss: 0.1089, Train Steps/Sec: 1.64, Samples/Sec: 78.70
[[34m2025-06-06 09:41:44[0m] (step=0162900) Train Loss: 0.1131, Train Steps/Sec: 1.64, Samples/Sec: 78.58
[[34m2025-06-06 09:42:45[0m] (step=0163000) Train Loss: 0.1085, Train Steps/Sec: 1.64, Samples/Sec: 78.59
[[34m2025-06-06 09:43:46[0m] (step=0163100) Train Loss: 0.1120, Train Steps/Sec: 1.64, Samples/Sec: 78.69
[[34m2025-06-06 09:44:47[0m] (step=0163200) Train Loss: 0.1031, Train Steps/Sec: 1.64, Samples/Sec: 78.70
[[34m2025-06-06 09:45:48[0m] (step=0163300) Train Loss: 0.1067, Train Steps/Sec: 1.64, Samples/Sec: 78.72
[[34m2025-06-06 09:46:49[0m] (step=0163400) Train Loss: 0.1075, Train Steps/Sec: 1.64, Samples/Sec: 78.63
[[34m2025-06-06 09:47:50[0m] (step=0163500) Train Loss: 0.1111, Train Steps/Sec: 1.64, Samples/Sec: 78.72
[[34m2025-06-06 09:48:51[0m] (step=0163600) Train Loss: 0.1045, Train Steps/Sec: 1.64, Samples/Sec: 78.49
[[34m2025-06-06 09:49:52[0m] (step=0163700) Train Loss: 0.1085, Train Steps/Sec: 1.64, Samples/Sec: 78.74
[[34m2025-06-06 09:50:53[0m] (step=0163800) Train Loss: 0.1065, Train Steps/Sec: 1.64, Samples/Sec: 78.73
[[34m2025-06-06 09:51:54[0m] (step=0163900) Train Loss: 0.1130, Train Steps/Sec: 1.64, Samples/Sec: 78.71
[[34m2025-06-06 09:52:55[0m] (step=0164000) Train Loss: 0.1084, Train Steps/Sec: 1.64, Samples/Sec: 78.71
[[34m2025-06-06 09:53:09[0m] Saved checkpoint to logs/nwm_cdit_recon/checkpoints/latest.pth.tar
[[34m2025-06-06 09:54:10[0m] (step=0164100) Train Loss: 0.1031, Train Steps/Sec: 1.34, Samples/Sec: 64.43
[[34m2025-06-06 09:55:11[0m] (step=0164200) Train Loss: 0.1038, Train Steps/Sec: 1.64, Samples/Sec: 78.88
[[34m2025-06-06 09:56:12[0m] (step=0164300) Train Loss: 0.1060, Train Steps/Sec: 1.64, Samples/Sec: 78.78
[[34m2025-06-06 09:57:13[0m] (step=0164400) Train Loss: 0.1156, Train Steps/Sec: 1.64, Samples/Sec: 78.70
[[34m2025-06-06 09:58:14[0m] (step=0164500) Train Loss: 0.1093, Train Steps/Sec: 1.64, Samples/Sec: 78.66
[[34m2025-06-06 09:59:15[0m] (step=0164600) Train Loss: 0.1063, Train Steps/Sec: 1.64, Samples/Sec: 78.68
[[34m2025-06-06 10:00:16[0m] (step=0164700) Train Loss: 0.1079, Train Steps/Sec: 1.64, Samples/Sec: 78.56
[[34m2025-06-06 10:01:17[0m] (step=0164800) Train Loss: 0.1095, Train Steps/Sec: 1.64, Samples/Sec: 78.70
[[34m2025-06-06 10:02:18[0m] (step=0164900) Train Loss: 0.1075, Train Steps/Sec: 1.64, Samples/Sec: 78.58
[[34m2025-06-06 10:03:19[0m] (step=0165000) Train Loss: 0.1084, Train Steps/Sec: 1.64, Samples/Sec: 78.60
[[34m2025-06-06 10:04:20[0m] (step=0165100) Train Loss: 0.1107, Train Steps/Sec: 1.64, Samples/Sec: 78.71
[[34m2025-06-06 10:05:21[0m] (step=0165200) Train Loss: 0.1080, Train Steps/Sec: 1.64, Samples/Sec: 78.71
[[34m2025-06-06 10:06:22[0m] (step=0165300) Train Loss: 0.1087, Train Steps/Sec: 1.64, Samples/Sec: 78.60
[[34m2025-06-06 10:07:23[0m] (step=0165400) Train Loss: 0.1064, Train Steps/Sec: 1.64, Samples/Sec: 78.71
[[34m2025-06-06 10:08:24[0m] (step=0165500) Train Loss: 0.1093, Train Steps/Sec: 1.64, Samples/Sec: 78.72
[[34m2025-06-06 10:09:25[0m] (step=0165600) Train Loss: 0.1124, Train Steps/Sec: 1.64, Samples/Sec: 78.61
[[34m2025-06-06 10:10:26[0m] (step=0165700) Train Loss: 0.1104, Train Steps/Sec: 1.64, Samples/Sec: 78.59
[[34m2025-06-06 10:11:27[0m] (step=0165800) Train Loss: 0.1063, Train Steps/Sec: 1.64, Samples/Sec: 78.72
[[34m2025-06-06 10:12:28[0m] (step=0165900) Train Loss: 0.1103, Train Steps/Sec: 1.64, Samples/Sec: 78.74
[[34m2025-06-06 10:13:29[0m] (step=0166000) Train Loss: 0.1112, Train Steps/Sec: 1.64, Samples/Sec: 78.62
[[34m2025-06-06 10:13:42[0m] Saved checkpoint to logs/nwm_cdit_recon/checkpoints/latest.pth.tar
[[34m2025-06-06 10:14:43[0m] (step=0166100) Train Loss: 0.1151, Train Steps/Sec: 1.34, Samples/Sec: 64.50
[[34m2025-06-06 10:15:17[0m] Beginning epoch 15...
[[34m2025-06-06 10:15:45[0m] (step=0166200) Train Loss: 0.1076, Train Steps/Sec: 1.63, Samples/Sec: 78.24
[[34m2025-06-06 10:16:46[0m] (step=0166300) Train Loss: 0.1087, Train Steps/Sec: 1.63, Samples/Sec: 78.44
[[34m2025-06-06 10:17:47[0m] (step=0166400) Train Loss: 0.1144, Train Steps/Sec: 1.64, Samples/Sec: 78.69
[[34m2025-06-06 10:18:48[0m] (step=0166500) Train Loss: 0.1084, Train Steps/Sec: 1.64, Samples/Sec: 78.69
[[34m2025-06-06 10:19:49[0m] (step=0166600) Train Loss: 0.1096, Train Steps/Sec: 1.64, Samples/Sec: 78.60
[[34m2025-06-06 10:20:50[0m] (step=0166700) Train Loss: 0.1087, Train Steps/Sec: 1.64, Samples/Sec: 78.69
[[34m2025-06-06 10:21:51[0m] (step=0166800) Train Loss: 0.1097, Train Steps/Sec: 1.64, Samples/Sec: 78.70
[[34m2025-06-06 10:22:52[0m] (step=0166900) Train Loss: 0.1104, Train Steps/Sec: 1.64, Samples/Sec: 78.72
[[34m2025-06-06 10:23:53[0m] (step=0167000) Train Loss: 0.1057, Train Steps/Sec: 1.64, Samples/Sec: 78.49
[[34m2025-06-06 10:24:54[0m] (step=0167100) Train Loss: 0.1035, Train Steps/Sec: 1.64, Samples/Sec: 78.70
[[34m2025-06-06 10:25:55[0m] (step=0167200) Train Loss: 0.1098, Train Steps/Sec: 1.64, Samples/Sec: 78.70
[[34m2025-06-06 10:26:56[0m] (step=0167300) Train Loss: 0.1014, Train Steps/Sec: 1.64, Samples/Sec: 78.59
[[34m2025-06-06 10:27:57[0m] (step=0167400) Train Loss: 0.1014, Train Steps/Sec: 1.64, Samples/Sec: 78.68
[[34m2025-06-06 10:28:58[0m] (step=0167500) Train Loss: 0.1115, Train Steps/Sec: 1.64, Samples/Sec: 78.69
[[34m2025-06-06 10:29:59[0m] (step=0167600) Train Loss: 0.1126, Train Steps/Sec: 1.64, Samples/Sec: 78.59
[[34m2025-06-06 10:31:00[0m] (step=0167700) Train Loss: 0.1078, Train Steps/Sec: 1.64, Samples/Sec: 78.58
[[34m2025-06-06 10:32:01[0m] (step=0167800) Train Loss: 0.1093, Train Steps/Sec: 1.64, Samples/Sec: 78.70
[[34m2025-06-06 10:33:02[0m] (step=0167900) Train Loss: 0.1077, Train Steps/Sec: 1.64, Samples/Sec: 78.71
[[34m2025-06-06 10:34:03[0m] (step=0168000) Train Loss: 0.1064, Train Steps/Sec: 1.64, Samples/Sec: 78.59
[[34m2025-06-06 10:34:17[0m] Saved checkpoint to logs/nwm_cdit_recon/checkpoints/latest.pth.tar
[[34m2025-06-06 10:35:18[0m] (step=0168100) Train Loss: 0.1093, Train Steps/Sec: 1.34, Samples/Sec: 64.45
[[34m2025-06-06 10:36:19[0m] (step=0168200) Train Loss: 0.1131, Train Steps/Sec: 1.64, Samples/Sec: 78.66
[[34m2025-06-06 10:37:20[0m] (step=0168300) Train Loss: 0.1082, Train Steps/Sec: 1.64, Samples/Sec: 78.56
[[34m2025-06-06 10:38:21[0m] (step=0168400) Train Loss: 0.1054, Train Steps/Sec: 1.64, Samples/Sec: 78.55
[[34m2025-06-06 10:39:22[0m] (step=0168500) Train Loss: 0.1125, Train Steps/Sec: 1.64, Samples/Sec: 78.69
[[34m2025-06-06 10:40:23[0m] (step=0168600) Train Loss: 0.1032, Train Steps/Sec: 1.64, Samples/Sec: 78.59
[[34m2025-06-06 10:41:24[0m] (step=0168700) Train Loss: 0.1082, Train Steps/Sec: 1.64, Samples/Sec: 78.70
[[34m2025-06-06 10:42:25[0m] (step=0168800) Train Loss: 0.1110, Train Steps/Sec: 1.64, Samples/Sec: 78.69
[[34m2025-06-06 10:43:26[0m] (step=0168900) Train Loss: 0.1093, Train Steps/Sec: 1.64, Samples/Sec: 78.64
[[34m2025-06-06 10:44:27[0m] (step=0169000) Train Loss: 0.1098, Train Steps/Sec: 1.63, Samples/Sec: 78.43
[[34m2025-06-06 10:45:28[0m] (step=0169100) Train Loss: 0.1094, Train Steps/Sec: 1.64, Samples/Sec: 78.64
[[34m2025-06-06 10:46:30[0m] (step=0169200) Train Loss: 0.1047, Train Steps/Sec: 1.64, Samples/Sec: 78.54
[[34m2025-06-06 10:47:31[0m] (step=0169300) Train Loss: 0.1130, Train Steps/Sec: 1.64, Samples/Sec: 78.66
[[34m2025-06-06 10:48:32[0m] (step=0169400) Train Loss: 0.1078, Train Steps/Sec: 1.64, Samples/Sec: 78.67
[[34m2025-06-06 10:49:33[0m] (step=0169500) Train Loss: 0.1040, Train Steps/Sec: 1.64, Samples/Sec: 78.68
[[34m2025-06-06 10:50:34[0m] (step=0169600) Train Loss: 0.1045, Train Steps/Sec: 1.64, Samples/Sec: 78.58
[[34m2025-06-06 10:51:35[0m] (step=0169700) Train Loss: 0.1097, Train Steps/Sec: 1.64, Samples/Sec: 78.59
[[34m2025-06-06 10:52:36[0m] (step=0169800) Train Loss: 0.1063, Train Steps/Sec: 1.64, Samples/Sec: 78.68
[[34m2025-06-06 10:53:37[0m] (step=0169900) Train Loss: 0.1022, Train Steps/Sec: 1.64, Samples/Sec: 78.55
[[34m2025-06-06 10:54:38[0m] (step=0170000) Train Loss: 0.1116, Train Steps/Sec: 1.64, Samples/Sec: 78.68
Using cache found in ./models/facebookresearch_dino_main
Using cache found in ./models/facebookresearch_dino_main
[[34m2025-06-06 10:54:52[0m] Saved checkpoint to logs/nwm_cdit_recon/checkpoints/latest.pth.tar
Using cache found in ./models/facebookresearch_dino_main
[[34m2025-06-06 10:54:55[0m] Already found a `peft_config` attribute in the model. This will lead to having multiple adapters in the model. Make sure to know what you are doing!
[[34m2025-06-06 10:57:14[0m] (step=0170000) Perceptual Loss: 0.1218, Eval Time: 142.35
[[34m2025-06-06 10:58:15[0m] (step=0170100) Train Loss: 0.1092, Train Steps/Sec: 0.46, Samples/Sec: 22.10
[[34m2025-06-06 10:59:16[0m] (step=0170200) Train Loss: 0.1088, Train Steps/Sec: 1.63, Samples/Sec: 78.43
[[34m2025-06-06 11:00:17[0m] (step=0170300) Train Loss: 0.1058, Train Steps/Sec: 1.64, Samples/Sec: 78.62
[[34m2025-06-06 11:01:18[0m] (step=0170400) Train Loss: 0.1103, Train Steps/Sec: 1.64, Samples/Sec: 78.69
[[34m2025-06-06 11:02:19[0m] (step=0170500) Train Loss: 0.1043, Train Steps/Sec: 1.64, Samples/Sec: 78.50
[[34m2025-06-06 11:03:20[0m] (step=0170600) Train Loss: 0.1051, Train Steps/Sec: 1.64, Samples/Sec: 78.69
[[34m2025-06-06 11:04:21[0m] (step=0170700) Train Loss: 0.1097, Train Steps/Sec: 1.64, Samples/Sec: 78.69
[[34m2025-06-06 11:05:22[0m] (step=0170800) Train Loss: 0.1123, Train Steps/Sec: 1.64, Samples/Sec: 78.68
[[34m2025-06-06 11:06:24[0m] (step=0170900) Train Loss: 0.1067, Train Steps/Sec: 1.63, Samples/Sec: 78.44
[[34m2025-06-06 11:07:25[0m] (step=0171000) Train Loss: 0.1087, Train Steps/Sec: 1.64, Samples/Sec: 78.67
[[34m2025-06-06 11:08:26[0m] (step=0171100) Train Loss: 0.1134, Train Steps/Sec: 1.64, Samples/Sec: 78.67
[[34m2025-06-06 11:09:27[0m] (step=0171200) Train Loss: 0.1120, Train Steps/Sec: 1.64, Samples/Sec: 78.55
[[34m2025-06-06 11:10:28[0m] (step=0171300) Train Loss: 0.1078, Train Steps/Sec: 1.64, Samples/Sec: 78.67
[[34m2025-06-06 11:11:29[0m] (step=0171400) Train Loss: 0.1067, Train Steps/Sec: 1.64, Samples/Sec: 78.67
[[34m2025-06-06 11:12:30[0m] (step=0171500) Train Loss: 0.1094, Train Steps/Sec: 1.64, Samples/Sec: 78.60
[[34m2025-06-06 11:13:31[0m] (step=0171600) Train Loss: 0.1116, Train Steps/Sec: 1.64, Samples/Sec: 78.90
[[34m2025-06-06 11:14:32[0m] (step=0171700) Train Loss: 0.1064, Train Steps/Sec: 1.65, Samples/Sec: 78.98
[[34m2025-06-06 11:15:33[0m] (step=0171800) Train Loss: 0.1057, Train Steps/Sec: 1.64, Samples/Sec: 78.64
[[34m2025-06-06 11:16:34[0m] (step=0171900) Train Loss: 0.1064, Train Steps/Sec: 1.64, Samples/Sec: 78.52
[[34m2025-06-06 11:17:35[0m] (step=0172000) Train Loss: 0.1100, Train Steps/Sec: 1.64, Samples/Sec: 78.65
[[34m2025-06-06 11:17:48[0m] Saved checkpoint to logs/nwm_cdit_recon/checkpoints/latest.pth.tar
[[34m2025-06-06 11:18:49[0m] (step=0172100) Train Loss: 0.1149, Train Steps/Sec: 1.34, Samples/Sec: 64.37
[[34m2025-06-06 11:19:50[0m] (step=0172200) Train Loss: 0.1063, Train Steps/Sec: 1.64, Samples/Sec: 78.57
[[34m2025-06-06 11:20:52[0m] (step=0172300) Train Loss: 0.1092, Train Steps/Sec: 1.64, Samples/Sec: 78.55
[[34m2025-06-06 11:21:53[0m] (step=0172400) Train Loss: 0.1223, Train Steps/Sec: 1.64, Samples/Sec: 78.67
[[34m2025-06-06 11:22:54[0m] (step=0172500) Train Loss: 0.1035, Train Steps/Sec: 1.64, Samples/Sec: 78.54
[[34m2025-06-06 11:23:55[0m] (step=0172600) Train Loss: 0.1073, Train Steps/Sec: 1.64, Samples/Sec: 78.69
[[34m2025-06-06 11:24:56[0m] (step=0172700) Train Loss: 0.1078, Train Steps/Sec: 1.64, Samples/Sec: 78.69
[[34m2025-06-06 11:25:57[0m] (step=0172800) Train Loss: 0.1068, Train Steps/Sec: 1.64, Samples/Sec: 78.70
[[34m2025-06-06 11:26:58[0m] (step=0172900) Train Loss: 0.1064, Train Steps/Sec: 1.64, Samples/Sec: 78.49
[[34m2025-06-06 11:27:59[0m] (step=0173000) Train Loss: 0.1136, Train Steps/Sec: 1.64, Samples/Sec: 78.70
[[34m2025-06-06 11:29:00[0m] (step=0173100) Train Loss: 0.1109, Train Steps/Sec: 1.64, Samples/Sec: 78.69
[[34m2025-06-06 11:30:01[0m] (step=0173200) Train Loss: 0.1089, Train Steps/Sec: 1.64, Samples/Sec: 78.59
[[34m2025-06-06 11:31:02[0m] (step=0173300) Train Loss: 0.1066, Train Steps/Sec: 1.64, Samples/Sec: 78.65
[[34m2025-06-06 11:32:03[0m] (step=0173400) Train Loss: 0.1128, Train Steps/Sec: 1.64, Samples/Sec: 78.66
[[34m2025-06-06 11:33:04[0m] (step=0173500) Train Loss: 0.1133, Train Steps/Sec: 1.64, Samples/Sec: 78.67
[[34m2025-06-06 11:34:05[0m] (step=0173600) Train Loss: 0.1084, Train Steps/Sec: 1.63, Samples/Sec: 78.43
[[34m2025-06-06 11:35:06[0m] (step=0173700) Train Loss: 0.1075, Train Steps/Sec: 1.64, Samples/Sec: 78.71
[[34m2025-06-06 11:36:07[0m] (step=0173800) Train Loss: 0.1117, Train Steps/Sec: 1.64, Samples/Sec: 78.70
[[34m2025-06-06 11:37:08[0m] (step=0173900) Train Loss: 0.1085, Train Steps/Sec: 1.64, Samples/Sec: 78.59
[[34m2025-06-06 11:38:09[0m] (step=0174000) Train Loss: 0.1099, Train Steps/Sec: 1.64, Samples/Sec: 78.69
[[34m2025-06-06 11:38:23[0m] Saved checkpoint to logs/nwm_cdit_recon/checkpoints/latest.pth.tar
[[34m2025-06-06 11:39:24[0m] (step=0174100) Train Loss: 0.1173, Train Steps/Sec: 1.34, Samples/Sec: 64.25
[[34m2025-06-06 11:40:25[0m] (step=0174200) Train Loss: 0.1112, Train Steps/Sec: 1.64, Samples/Sec: 78.58
[[34m2025-06-06 11:41:26[0m] (step=0174300) Train Loss: 0.1102, Train Steps/Sec: 1.64, Samples/Sec: 78.58
[[34m2025-06-06 11:42:27[0m] (step=0174400) Train Loss: 0.1023, Train Steps/Sec: 1.64, Samples/Sec: 78.60
[[34m2025-06-06 11:43:28[0m] (step=0174500) Train Loss: 0.1133, Train Steps/Sec: 1.64, Samples/Sec: 78.69
[[34m2025-06-06 11:44:29[0m] (step=0174600) Train Loss: 0.1113, Train Steps/Sec: 1.64, Samples/Sec: 78.68
[[34m2025-06-06 11:45:30[0m] (step=0174700) Train Loss: 0.1018, Train Steps/Sec: 1.64, Samples/Sec: 78.70
[[34m2025-06-06 11:46:31[0m] (step=0174800) Train Loss: 0.1119, Train Steps/Sec: 1.64, Samples/Sec: 78.67
[[34m2025-06-06 11:47:32[0m] (step=0174900) Train Loss: 0.1094, Train Steps/Sec: 1.64, Samples/Sec: 78.54
[[34m2025-06-06 11:48:33[0m] (step=0175000) Train Loss: 0.1109, Train Steps/Sec: 1.64, Samples/Sec: 78.57
[[34m2025-06-06 11:49:34[0m] (step=0175100) Train Loss: 0.1008, Train Steps/Sec: 1.64, Samples/Sec: 78.56
[[34m2025-06-06 11:50:35[0m] (step=0175200) Train Loss: 0.1099, Train Steps/Sec: 1.64, Samples/Sec: 78.68
[[34m2025-06-06 11:51:37[0m] (step=0175300) Train Loss: 0.1081, Train Steps/Sec: 1.64, Samples/Sec: 78.69
[[34m2025-06-06 11:52:38[0m] (step=0175400) Train Loss: 0.1119, Train Steps/Sec: 1.64, Samples/Sec: 78.68
[[34m2025-06-06 11:53:38[0m] (step=0175500) Train Loss: 0.1029, Train Steps/Sec: 1.64, Samples/Sec: 78.70
[[34m2025-06-06 11:54:40[0m] (step=0175600) Train Loss: 0.1071, Train Steps/Sec: 1.63, Samples/Sec: 78.46
[[34m2025-06-06 11:55:41[0m] (step=0175700) Train Loss: 0.1051, Train Steps/Sec: 1.64, Samples/Sec: 78.69
[[34m2025-06-06 11:56:42[0m] (step=0175800) Train Loss: 0.1067, Train Steps/Sec: 1.64, Samples/Sec: 78.59
[[34m2025-06-06 11:57:43[0m] (step=0175900) Train Loss: 0.1095, Train Steps/Sec: 1.64, Samples/Sec: 78.68
[[34m2025-06-06 11:58:44[0m] (step=0176000) Train Loss: 0.1082, Train Steps/Sec: 1.64, Samples/Sec: 78.68
[[34m2025-06-06 11:58:57[0m] Saved checkpoint to logs/nwm_cdit_recon/checkpoints/latest.pth.tar
[[34m2025-06-06 11:59:58[0m] (step=0176100) Train Loss: 0.1076, Train Steps/Sec: 1.34, Samples/Sec: 64.39
[[34m2025-06-06 12:00:59[0m] (step=0176200) Train Loss: 0.1075, Train Steps/Sec: 1.64, Samples/Sec: 78.68
[[34m2025-06-06 12:02:01[0m] (step=0176300) Train Loss: 0.1075, Train Steps/Sec: 1.63, Samples/Sec: 78.44
[[34m2025-06-06 12:03:02[0m] (step=0176400) Train Loss: 0.1049, Train Steps/Sec: 1.64, Samples/Sec: 78.59
[[34m2025-06-06 12:04:03[0m] (step=0176500) Train Loss: 0.1115, Train Steps/Sec: 1.64, Samples/Sec: 78.68
[[34m2025-06-06 12:05:04[0m] (step=0176600) Train Loss: 0.1078, Train Steps/Sec: 1.64, Samples/Sec: 78.68
[[34m2025-06-06 12:06:05[0m] (step=0176700) Train Loss: 0.1015, Train Steps/Sec: 1.64, Samples/Sec: 78.69
[[34m2025-06-06 12:07:06[0m] (step=0176800) Train Loss: 0.1080, Train Steps/Sec: 1.64, Samples/Sec: 78.69
[[34m2025-06-06 12:08:07[0m] (step=0176900) Train Loss: 0.1079, Train Steps/Sec: 1.64, Samples/Sec: 78.60
[[34m2025-06-06 12:09:08[0m] (step=0177000) Train Loss: 0.1076, Train Steps/Sec: 1.64, Samples/Sec: 78.62
[[34m2025-06-06 12:10:09[0m] (step=0177100) Train Loss: 0.1087, Train Steps/Sec: 1.64, Samples/Sec: 78.59
[[34m2025-06-06 12:11:10[0m] (step=0177200) Train Loss: 0.1091, Train Steps/Sec: 1.64, Samples/Sec: 78.69
[[34m2025-06-06 12:11:29[0m] Beginning epoch 16...
[[34m2025-06-06 12:12:11[0m] (step=0177300) Train Loss: 0.1018, Train Steps/Sec: 1.63, Samples/Sec: 78.19
[[34m2025-06-06 12:13:12[0m] (step=0177400) Train Loss: 0.1152, Train Steps/Sec: 1.64, Samples/Sec: 78.66
[[34m2025-06-06 12:14:13[0m] (step=0177500) Train Loss: 0.1012, Train Steps/Sec: 1.64, Samples/Sec: 78.68
[[34m2025-06-06 12:15:14[0m] (step=0177600) Train Loss: 0.1080, Train Steps/Sec: 1.64, Samples/Sec: 78.58
[[34m2025-06-06 12:16:16[0m] (step=0177700) Train Loss: 0.1033, Train Steps/Sec: 1.63, Samples/Sec: 78.43
[[34m2025-06-06 12:17:17[0m] (step=0177800) Train Loss: 0.1062, Train Steps/Sec: 1.64, Samples/Sec: 78.66
[[34m2025-06-06 12:18:18[0m] (step=0177900) Train Loss: 0.1096, Train Steps/Sec: 1.64, Samples/Sec: 78.68
[[34m2025-06-06 12:19:19[0m] (step=0178000) Train Loss: 0.1077, Train Steps/Sec: 1.64, Samples/Sec: 78.69
[[34m2025-06-06 12:19:32[0m] Saved checkpoint to logs/nwm_cdit_recon/checkpoints/latest.pth.tar
[[34m2025-06-06 12:20:33[0m] (step=0178100) Train Loss: 0.1074, Train Steps/Sec: 1.34, Samples/Sec: 64.26
[[34m2025-06-06 12:21:34[0m] (step=0178200) Train Loss: 0.1071, Train Steps/Sec: 1.64, Samples/Sec: 78.69
[[34m2025-06-06 12:22:36[0m] (step=0178300) Train Loss: 0.1082, Train Steps/Sec: 1.63, Samples/Sec: 78.34
[[34m2025-06-06 12:23:37[0m] (step=0178400) Train Loss: 0.1081, Train Steps/Sec: 1.64, Samples/Sec: 78.69
[[34m2025-06-06 12:24:38[0m] (step=0178500) Train Loss: 0.1132, Train Steps/Sec: 1.64, Samples/Sec: 78.69
[[34m2025-06-06 12:25:39[0m] (step=0178600) Train Loss: 0.1139, Train Steps/Sec: 1.64, Samples/Sec: 78.70
[[34m2025-06-06 12:26:40[0m] (step=0178700) Train Loss: 0.1057, Train Steps/Sec: 1.64, Samples/Sec: 78.70
[[34m2025-06-06 12:27:41[0m] (step=0178800) Train Loss: 0.1086, Train Steps/Sec: 1.64, Samples/Sec: 78.68
[[34m2025-06-06 12:28:42[0m] (step=0178900) Train Loss: 0.1095, Train Steps/Sec: 1.64, Samples/Sec: 78.69
[[34m2025-06-06 12:29:43[0m] (step=0179000) Train Loss: 0.1107, Train Steps/Sec: 1.63, Samples/Sec: 78.34
[[34m2025-06-06 12:30:44[0m] (step=0179100) Train Loss: 0.1111, Train Steps/Sec: 1.64, Samples/Sec: 78.83
[[34m2025-06-06 12:31:44[0m] (step=0179200) Train Loss: 0.1089, Train Steps/Sec: 1.65, Samples/Sec: 78.97
[[34m2025-06-06 12:32:45[0m] (step=0179300) Train Loss: 0.1062, Train Steps/Sec: 1.64, Samples/Sec: 78.79
[[34m2025-06-06 12:33:46[0m] (step=0179400) Train Loss: 0.1098, Train Steps/Sec: 1.64, Samples/Sec: 78.66
[[34m2025-06-06 12:34:47[0m] (step=0179500) Train Loss: 0.1057, Train Steps/Sec: 1.64, Samples/Sec: 78.69
[[34m2025-06-06 12:35:49[0m] (step=0179600) Train Loss: 0.1073, Train Steps/Sec: 1.64, Samples/Sec: 78.56
[[34m2025-06-06 12:36:50[0m] (step=0179700) Train Loss: 0.1091, Train Steps/Sec: 1.63, Samples/Sec: 78.46
[[34m2025-06-06 12:37:51[0m] (step=0179800) Train Loss: 0.1113, Train Steps/Sec: 1.64, Samples/Sec: 78.70
[[34m2025-06-06 12:38:52[0m] (step=0179900) Train Loss: 0.1038, Train Steps/Sec: 1.64, Samples/Sec: 78.67
[[34m2025-06-06 12:39:53[0m] (step=0180000) Train Loss: 0.1088, Train Steps/Sec: 1.64, Samples/Sec: 78.68
Using cache found in ./models/facebookresearch_dino_main
Using cache found in ./models/facebookresearch_dino_main
[[34m2025-06-06 12:40:19[0m] Saved checkpoint to logs/nwm_cdit_recon/checkpoints/0180000.pth.tar
Using cache found in ./models/facebookresearch_dino_main
[[34m2025-06-06 12:40:21[0m] Already found a `peft_config` attribute in the model. This will lead to having multiple adapters in the model. Make sure to know what you are doing!
[[34m2025-06-06 12:42:41[0m] (step=0180000) Perceptual Loss: 0.1395, Eval Time: 142.40
[[34m2025-06-06 12:43:42[0m] (step=0180100) Train Loss: 0.1081, Train Steps/Sec: 0.44, Samples/Sec: 20.95
[[34m2025-06-06 12:44:43[0m] (step=0180200) Train Loss: 0.1112, Train Steps/Sec: 1.63, Samples/Sec: 78.45
[[34m2025-06-06 12:45:44[0m] (step=0180300) Train Loss: 0.1056, Train Steps/Sec: 1.64, Samples/Sec: 78.54
[[34m2025-06-06 12:46:45[0m] (step=0180400) Train Loss: 0.1046, Train Steps/Sec: 1.64, Samples/Sec: 78.72
[[34m2025-06-06 12:47:46[0m] (step=0180500) Train Loss: 0.1024, Train Steps/Sec: 1.64, Samples/Sec: 78.73
[[34m2025-06-06 12:48:47[0m] (step=0180600) Train Loss: 0.1088, Train Steps/Sec: 1.64, Samples/Sec: 78.70
[[34m2025-06-06 12:49:48[0m] (step=0180700) Train Loss: 0.1085, Train Steps/Sec: 1.64, Samples/Sec: 78.70
[[34m2025-06-06 12:50:49[0m] (step=0180800) Train Loss: 0.1108, Train Steps/Sec: 1.64, Samples/Sec: 78.70
[[34m2025-06-06 12:51:50[0m] (step=0180900) Train Loss: 0.1106, Train Steps/Sec: 1.63, Samples/Sec: 78.35
[[34m2025-06-06 12:52:51[0m] (step=0181000) Train Loss: 0.1091, Train Steps/Sec: 1.64, Samples/Sec: 78.70
[[34m2025-06-06 12:53:52[0m] (step=0181100) Train Loss: 0.1056, Train Steps/Sec: 1.64, Samples/Sec: 78.70
[[34m2025-06-06 12:54:53[0m] (step=0181200) Train Loss: 0.1042, Train Steps/Sec: 1.64, Samples/Sec: 78.69
[[34m2025-06-06 12:55:54[0m] (step=0181300) Train Loss: 0.1055, Train Steps/Sec: 1.64, Samples/Sec: 78.69
[[34m2025-06-06 12:56:55[0m] (step=0181400) Train Loss: 0.1080, Train Steps/Sec: 1.64, Samples/Sec: 78.72
[[34m2025-06-06 12:57:56[0m] (step=0181500) Train Loss: 0.1130, Train Steps/Sec: 1.64, Samples/Sec: 78.60
[[34m2025-06-06 12:58:57[0m] (step=0181600) Train Loss: 0.1072, Train Steps/Sec: 1.64, Samples/Sec: 78.48
[[34m2025-06-06 12:59:58[0m] (step=0181700) Train Loss: 0.1062, Train Steps/Sec: 1.64, Samples/Sec: 78.71
[[34m2025-06-06 13:00:59[0m] (step=0181800) Train Loss: 0.1109, Train Steps/Sec: 1.64, Samples/Sec: 78.71
[[34m2025-06-06 13:02:00[0m] (step=0181900) Train Loss: 0.1101, Train Steps/Sec: 1.64, Samples/Sec: 78.71
[[34m2025-06-06 13:03:01[0m] (step=0182000) Train Loss: 0.1092, Train Steps/Sec: 1.64, Samples/Sec: 78.70
[[34m2025-06-06 13:03:15[0m] Saved checkpoint to logs/nwm_cdit_recon/checkpoints/latest.pth.tar
[[34m2025-06-06 13:04:16[0m] (step=0182100) Train Loss: 0.1093, Train Steps/Sec: 1.34, Samples/Sec: 64.42
[[34m2025-06-06 13:05:17[0m] (step=0182200) Train Loss: 0.1070, Train Steps/Sec: 1.63, Samples/Sec: 78.46
[[34m2025-06-06 13:06:18[0m] (step=0182300) Train Loss: 0.1134, Train Steps/Sec: 1.64, Samples/Sec: 78.58
[[34m2025-06-06 13:07:19[0m] (step=0182400) Train Loss: 0.1025, Train Steps/Sec: 1.64, Samples/Sec: 78.71
[[34m2025-06-06 13:08:20[0m] (step=0182500) Train Loss: 0.1039, Train Steps/Sec: 1.64, Samples/Sec: 78.71
[[34m2025-06-06 13:09:21[0m] (step=0182600) Train Loss: 0.1067, Train Steps/Sec: 1.64, Samples/Sec: 78.71
[[34m2025-06-06 13:10:22[0m] (step=0182700) Train Loss: 0.1113, Train Steps/Sec: 1.64, Samples/Sec: 78.70
[[34m2025-06-06 13:11:23[0m] (step=0182800) Train Loss: 0.1117, Train Steps/Sec: 1.64, Samples/Sec: 78.69
[[34m2025-06-06 13:12:24[0m] (step=0182900) Train Loss: 0.1084, Train Steps/Sec: 1.63, Samples/Sec: 78.34
[[34m2025-06-06 13:13:25[0m] (step=0183000) Train Loss: 0.1090, Train Steps/Sec: 1.64, Samples/Sec: 78.68
[[34m2025-06-06 13:14:26[0m] (step=0183100) Train Loss: 0.1120, Train Steps/Sec: 1.64, Samples/Sec: 78.70
[[34m2025-06-06 13:15:27[0m] (step=0183200) Train Loss: 0.1080, Train Steps/Sec: 1.64, Samples/Sec: 78.69
[[34m2025-06-06 13:16:28[0m] (step=0183300) Train Loss: 0.1118, Train Steps/Sec: 1.64, Samples/Sec: 78.70
[[34m2025-06-06 13:17:29[0m] (step=0183400) Train Loss: 0.1077, Train Steps/Sec: 1.64, Samples/Sec: 78.74
[[34m2025-06-06 13:18:30[0m] (step=0183500) Train Loss: 0.1041, Train Steps/Sec: 1.64, Samples/Sec: 78.71
[[34m2025-06-06 13:19:32[0m] (step=0183600) Train Loss: 0.1044, Train Steps/Sec: 1.63, Samples/Sec: 78.36
[[34m2025-06-06 13:20:33[0m] (step=0183700) Train Loss: 0.1117, Train Steps/Sec: 1.64, Samples/Sec: 78.69
[[34m2025-06-06 13:21:34[0m] (step=0183800) Train Loss: 0.1073, Train Steps/Sec: 1.64, Samples/Sec: 78.69
[[34m2025-06-06 13:22:35[0m] (step=0183900) Train Loss: 0.1114, Train Steps/Sec: 1.64, Samples/Sec: 78.69
[[34m2025-06-06 13:23:36[0m] (step=0184000) Train Loss: 0.1094, Train Steps/Sec: 1.64, Samples/Sec: 78.68
[[34m2025-06-06 13:23:50[0m] Saved checkpoint to logs/nwm_cdit_recon/checkpoints/latest.pth.tar
[[34m2025-06-06 13:24:51[0m] (step=0184100) Train Loss: 0.1055, Train Steps/Sec: 1.33, Samples/Sec: 64.01
[[34m2025-06-06 13:25:52[0m] (step=0184200) Train Loss: 0.1052, Train Steps/Sec: 1.63, Samples/Sec: 78.45
[[34m2025-06-06 13:26:53[0m] (step=0184300) Train Loss: 0.1107, Train Steps/Sec: 1.64, Samples/Sec: 78.59
[[34m2025-06-06 13:27:54[0m] (step=0184400) Train Loss: 0.1012, Train Steps/Sec: 1.64, Samples/Sec: 78.70
[[34m2025-06-06 13:28:55[0m] (step=0184500) Train Loss: 0.1067, Train Steps/Sec: 1.64, Samples/Sec: 78.70
[[34m2025-06-06 13:29:56[0m] (step=0184600) Train Loss: 0.1078, Train Steps/Sec: 1.64, Samples/Sec: 78.68
[[34m2025-06-06 13:30:57[0m] (step=0184700) Train Loss: 0.1094, Train Steps/Sec: 1.64, Samples/Sec: 78.70
[[34m2025-06-06 13:31:58[0m] (step=0184800) Train Loss: 0.1082, Train Steps/Sec: 1.64, Samples/Sec: 78.72
[[34m2025-06-06 13:32:59[0m] (step=0184900) Train Loss: 0.1031, Train Steps/Sec: 1.63, Samples/Sec: 78.40
[[34m2025-06-06 13:34:00[0m] (step=0185000) Train Loss: 0.1063, Train Steps/Sec: 1.64, Samples/Sec: 78.68
[[34m2025-06-06 13:35:01[0m] (step=0185100) Train Loss: 0.1065, Train Steps/Sec: 1.64, Samples/Sec: 78.68
[[34m2025-06-06 13:36:02[0m] (step=0185200) Train Loss: 0.1062, Train Steps/Sec: 1.64, Samples/Sec: 78.69
[[34m2025-06-06 13:37:03[0m] (step=0185300) Train Loss: 0.1012, Train Steps/Sec: 1.64, Samples/Sec: 78.71
[[34m2025-06-06 13:38:04[0m] (step=0185400) Train Loss: 0.1070, Train Steps/Sec: 1.64, Samples/Sec: 78.71
[[34m2025-06-06 13:39:05[0m] (step=0185500) Train Loss: 0.1096, Train Steps/Sec: 1.64, Samples/Sec: 78.71
[[34m2025-06-06 13:40:06[0m] (step=0185600) Train Loss: 0.1059, Train Steps/Sec: 1.63, Samples/Sec: 78.39
[[34m2025-06-06 13:41:07[0m] (step=0185700) Train Loss: 0.1028, Train Steps/Sec: 1.64, Samples/Sec: 78.71
[[34m2025-06-06 13:42:08[0m] (step=0185800) Train Loss: 0.1046, Train Steps/Sec: 1.64, Samples/Sec: 78.69
[[34m2025-06-06 13:43:09[0m] (step=0185900) Train Loss: 0.1086, Train Steps/Sec: 1.64, Samples/Sec: 78.68
[[34m2025-06-06 13:44:10[0m] (step=0186000) Train Loss: 0.1087, Train Steps/Sec: 1.64, Samples/Sec: 78.68
[[34m2025-06-06 13:44:24[0m] Saved checkpoint to logs/nwm_cdit_recon/checkpoints/latest.pth.tar
[[34m2025-06-06 13:45:25[0m] (step=0186100) Train Loss: 0.1058, Train Steps/Sec: 1.34, Samples/Sec: 64.34
[[34m2025-06-06 13:46:26[0m] (step=0186200) Train Loss: 0.1034, Train Steps/Sec: 1.64, Samples/Sec: 78.56
[[34m2025-06-06 13:47:27[0m] (step=0186300) Train Loss: 0.1068, Train Steps/Sec: 1.64, Samples/Sec: 78.55
[[34m2025-06-06 13:48:28[0m] (step=0186400) Train Loss: 0.1107, Train Steps/Sec: 1.64, Samples/Sec: 78.82
[[34m2025-06-06 13:49:29[0m] (step=0186500) Train Loss: 0.1050, Train Steps/Sec: 1.65, Samples/Sec: 78.97
[[34m2025-06-06 13:50:30[0m] (step=0186600) Train Loss: 0.1035, Train Steps/Sec: 1.64, Samples/Sec: 78.75
[[34m2025-06-06 13:51:31[0m] (step=0186700) Train Loss: 0.1087, Train Steps/Sec: 1.64, Samples/Sec: 78.63
[[34m2025-06-06 13:52:32[0m] (step=0186800) Train Loss: 0.1052, Train Steps/Sec: 1.64, Samples/Sec: 78.55
[[34m2025-06-06 13:53:33[0m] (step=0186900) Train Loss: 0.1113, Train Steps/Sec: 1.64, Samples/Sec: 78.54
[[34m2025-06-06 13:54:34[0m] (step=0187000) Train Loss: 0.1079, Train Steps/Sec: 1.64, Samples/Sec: 78.55
[[34m2025-06-06 13:55:35[0m] (step=0187100) Train Loss: 0.1083, Train Steps/Sec: 1.64, Samples/Sec: 78.69
[[34m2025-06-06 13:56:36[0m] (step=0187200) Train Loss: 0.0983, Train Steps/Sec: 1.64, Samples/Sec: 78.69
[[34m2025-06-06 13:57:37[0m] (step=0187300) Train Loss: 0.1065, Train Steps/Sec: 1.64, Samples/Sec: 78.66
[[34m2025-06-06 13:58:38[0m] (step=0187400) Train Loss: 0.1073, Train Steps/Sec: 1.64, Samples/Sec: 78.68
[[34m2025-06-06 13:59:39[0m] (step=0187500) Train Loss: 0.1061, Train Steps/Sec: 1.64, Samples/Sec: 78.58
[[34m2025-06-06 14:00:40[0m] (step=0187600) Train Loss: 0.1083, Train Steps/Sec: 1.64, Samples/Sec: 78.48
[[34m2025-06-06 14:01:41[0m] (step=0187700) Train Loss: 0.1097, Train Steps/Sec: 1.64, Samples/Sec: 78.72
[[34m2025-06-06 14:02:42[0m] (step=0187800) Train Loss: 0.1073, Train Steps/Sec: 1.64, Samples/Sec: 78.71
[[34m2025-06-06 14:03:43[0m] (step=0187900) Train Loss: 0.1071, Train Steps/Sec: 1.64, Samples/Sec: 78.70
[[34m2025-06-06 14:04:44[0m] (step=0188000) Train Loss: 0.1088, Train Steps/Sec: 1.64, Samples/Sec: 78.69
[[34m2025-06-06 14:04:58[0m] Saved checkpoint to logs/nwm_cdit_recon/checkpoints/latest.pth.tar
[[34m2025-06-06 14:05:59[0m] (step=0188100) Train Loss: 0.1039, Train Steps/Sec: 1.34, Samples/Sec: 64.31
[[34m2025-06-06 14:07:00[0m] (step=0188200) Train Loss: 0.1147, Train Steps/Sec: 1.64, Samples/Sec: 78.55
[[34m2025-06-06 14:08:01[0m] (step=0188300) Train Loss: 0.1019, Train Steps/Sec: 1.64, Samples/Sec: 78.59
[[34m2025-06-06 14:08:07[0m] Beginning epoch 17...
[[34m2025-06-06 14:09:03[0m] (step=0188400) Train Loss: 0.1088, Train Steps/Sec: 1.63, Samples/Sec: 78.13
[[34m2025-06-06 14:10:04[0m] (step=0188500) Train Loss: 0.1026, Train Steps/Sec: 1.64, Samples/Sec: 78.71
[[34m2025-06-06 14:11:05[0m] (step=0188600) Train Loss: 0.1090, Train Steps/Sec: 1.64, Samples/Sec: 78.71
[[34m2025-06-06 14:12:06[0m] (step=0188700) Train Loss: 0.1053, Train Steps/Sec: 1.64, Samples/Sec: 78.71
[[34m2025-06-06 14:13:07[0m] (step=0188800) Train Loss: 0.1104, Train Steps/Sec: 1.64, Samples/Sec: 78.57
[[34m2025-06-06 14:14:08[0m] (step=0188900) Train Loss: 0.1054, Train Steps/Sec: 1.64, Samples/Sec: 78.58
[[34m2025-06-06 14:15:09[0m] (step=0189000) Train Loss: 0.1057, Train Steps/Sec: 1.64, Samples/Sec: 78.59
[[34m2025-06-06 14:16:10[0m] (step=0189100) Train Loss: 0.1124, Train Steps/Sec: 1.64, Samples/Sec: 78.71
[[34m2025-06-06 14:17:11[0m] (step=0189200) Train Loss: 0.1026, Train Steps/Sec: 1.64, Samples/Sec: 78.72
[[34m2025-06-06 14:18:12[0m] (step=0189300) Train Loss: 0.1075, Train Steps/Sec: 1.64, Samples/Sec: 78.72
[[34m2025-06-06 14:19:13[0m] (step=0189400) Train Loss: 0.1112, Train Steps/Sec: 1.64, Samples/Sec: 78.72
[[34m2025-06-06 14:20:14[0m] (step=0189500) Train Loss: 0.1085, Train Steps/Sec: 1.64, Samples/Sec: 78.61
[[34m2025-06-06 14:21:15[0m] (step=0189600) Train Loss: 0.1067, Train Steps/Sec: 1.63, Samples/Sec: 78.46
[[34m2025-06-06 14:22:16[0m] (step=0189700) Train Loss: 0.1076, Train Steps/Sec: 1.64, Samples/Sec: 78.66
[[34m2025-06-06 14:23:17[0m] (step=0189800) Train Loss: 0.1062, Train Steps/Sec: 1.64, Samples/Sec: 78.70
[[34m2025-06-06 14:24:18[0m] (step=0189900) Train Loss: 0.1064, Train Steps/Sec: 1.64, Samples/Sec: 78.71
[[34m2025-06-06 14:25:19[0m] (step=0190000) Train Loss: 0.1104, Train Steps/Sec: 1.64, Samples/Sec: 78.69
Using cache found in ./models/facebookresearch_dino_main
Using cache found in ./models/facebookresearch_dino_main
[[34m2025-06-06 14:25:33[0m] Saved checkpoint to logs/nwm_cdit_recon/checkpoints/latest.pth.tar
Using cache found in ./models/facebookresearch_dino_main
[[34m2025-06-06 14:25:36[0m] Already found a `peft_config` attribute in the model. This will lead to having multiple adapters in the model. Make sure to know what you are doing!
[[34m2025-06-06 14:27:55[0m] (step=0190000) Perceptual Loss: 0.1319, Eval Time: 142.28
[[34m2025-06-06 14:28:56[0m] (step=0190100) Train Loss: 0.1085, Train Steps/Sec: 0.46, Samples/Sec: 22.10
[[34m2025-06-06 14:29:57[0m] (step=0190200) Train Loss: 0.1034, Train Steps/Sec: 1.64, Samples/Sec: 78.61
[[34m2025-06-06 14:30:58[0m] (step=0190300) Train Loss: 0.1101, Train Steps/Sec: 1.64, Samples/Sec: 78.70
[[34m2025-06-06 14:31:59[0m] (step=0190400) Train Loss: 0.1087, Train Steps/Sec: 1.64, Samples/Sec: 78.65
[[34m2025-06-06 14:33:00[0m] (step=0190500) Train Loss: 0.1101, Train Steps/Sec: 1.64, Samples/Sec: 78.67
[[34m2025-06-06 14:34:01[0m] (step=0190600) Train Loss: 0.1124, Train Steps/Sec: 1.64, Samples/Sec: 78.69
[[34m2025-06-06 14:35:02[0m] (step=0190700) Train Loss: 0.1053, Train Steps/Sec: 1.64, Samples/Sec: 78.69
[[34m2025-06-06 14:36:03[0m] (step=0190800) Train Loss: 0.1010, Train Steps/Sec: 1.63, Samples/Sec: 78.45
[[34m2025-06-06 14:37:05[0m] (step=0190900) Train Loss: 0.1103, Train Steps/Sec: 1.64, Samples/Sec: 78.58
[[34m2025-06-06 14:38:06[0m] (step=0191000) Train Loss: 0.1117, Train Steps/Sec: 1.64, Samples/Sec: 78.69
[[34m2025-06-06 14:39:07[0m] (step=0191100) Train Loss: 0.1095, Train Steps/Sec: 1.64, Samples/Sec: 78.69
[[34m2025-06-06 14:40:08[0m] (step=0191200) Train Loss: 0.1038, Train Steps/Sec: 1.64, Samples/Sec: 78.67
[[34m2025-06-06 14:41:09[0m] (step=0191300) Train Loss: 0.1099, Train Steps/Sec: 1.64, Samples/Sec: 78.69
[[34m2025-06-06 14:42:10[0m] (step=0191400) Train Loss: 0.1072, Train Steps/Sec: 1.64, Samples/Sec: 78.55
[[34m2025-06-06 14:43:11[0m] (step=0191500) Train Loss: 0.1111, Train Steps/Sec: 1.63, Samples/Sec: 78.41
[[34m2025-06-06 14:44:12[0m] (step=0191600) Train Loss: 0.1075, Train Steps/Sec: 1.64, Samples/Sec: 78.67
[[34m2025-06-06 14:45:13[0m] (step=0191700) Train Loss: 0.1088, Train Steps/Sec: 1.64, Samples/Sec: 78.69
[[34m2025-06-06 14:46:14[0m] (step=0191800) Train Loss: 0.1083, Train Steps/Sec: 1.64, Samples/Sec: 78.63
[[34m2025-06-06 14:47:15[0m] (step=0191900) Train Loss: 0.1041, Train Steps/Sec: 1.64, Samples/Sec: 78.61
[[34m2025-06-06 14:48:16[0m] (step=0192000) Train Loss: 0.1068, Train Steps/Sec: 1.64, Samples/Sec: 78.66
[[34m2025-06-06 14:48:31[0m] Saved checkpoint to logs/nwm_cdit_recon/checkpoints/latest.pth.tar
[[34m2025-06-06 14:49:32[0m] (step=0192100) Train Loss: 0.1033, Train Steps/Sec: 1.32, Samples/Sec: 63.20
[[34m2025-06-06 14:50:33[0m] (step=0192200) Train Loss: 0.1103, Train Steps/Sec: 1.63, Samples/Sec: 78.42
[[34m2025-06-06 14:51:34[0m] (step=0192300) Train Loss: 0.1132, Train Steps/Sec: 1.64, Samples/Sec: 78.65
[[34m2025-06-06 14:52:35[0m] (step=0192400) Train Loss: 0.1036, Train Steps/Sec: 1.64, Samples/Sec: 78.63
[[34m2025-06-06 14:53:36[0m] (step=0192500) Train Loss: 0.1113, Train Steps/Sec: 1.64, Samples/Sec: 78.65
[[34m2025-06-06 14:54:37[0m] (step=0192600) Train Loss: 0.1035, Train Steps/Sec: 1.64, Samples/Sec: 78.59
[[34m2025-06-06 14:55:38[0m] (step=0192700) Train Loss: 0.1073, Train Steps/Sec: 1.64, Samples/Sec: 78.61
[[34m2025-06-06 14:56:40[0m] (step=0192800) Train Loss: 0.1064, Train Steps/Sec: 1.63, Samples/Sec: 78.38
[[34m2025-06-06 14:57:41[0m] (step=0192900) Train Loss: 0.1104, Train Steps/Sec: 1.64, Samples/Sec: 78.52
[[34m2025-06-06 14:58:42[0m] (step=0193000) Train Loss: 0.1079, Train Steps/Sec: 1.64, Samples/Sec: 78.67
[[34m2025-06-06 14:59:43[0m] (step=0193100) Train Loss: 0.1069, Train Steps/Sec: 1.64, Samples/Sec: 78.66
[[34m2025-06-06 15:00:44[0m] (step=0193200) Train Loss: 0.1064, Train Steps/Sec: 1.64, Samples/Sec: 78.67
[[34m2025-06-06 15:01:45[0m] (step=0193300) Train Loss: 0.1088, Train Steps/Sec: 1.64, Samples/Sec: 78.64
[[34m2025-06-06 15:02:46[0m] (step=0193400) Train Loss: 0.1044, Train Steps/Sec: 1.64, Samples/Sec: 78.61
[[34m2025-06-06 15:03:47[0m] (step=0193500) Train Loss: 0.1081, Train Steps/Sec: 1.63, Samples/Sec: 78.43
[[34m2025-06-06 15:04:48[0m] (step=0193600) Train Loss: 0.1079, Train Steps/Sec: 1.64, Samples/Sec: 78.53
[[34m2025-06-06 15:05:49[0m] (step=0193700) Train Loss: 0.1082, Train Steps/Sec: 1.64, Samples/Sec: 78.63
[[34m2025-06-06 15:06:50[0m] (step=0193800) Train Loss: 0.1013, Train Steps/Sec: 1.64, Samples/Sec: 78.90
[[34m2025-06-06 15:07:51[0m] (step=0193900) Train Loss: 0.1051, Train Steps/Sec: 1.64, Samples/Sec: 78.87
[[34m2025-06-06 15:08:52[0m] (step=0194000) Train Loss: 0.1108, Train Steps/Sec: 1.64, Samples/Sec: 78.61
[[34m2025-06-06 15:09:07[0m] Saved checkpoint to logs/nwm_cdit_recon/checkpoints/latest.pth.tar
[[34m2025-06-06 15:10:08[0m] (step=0194100) Train Loss: 0.1070, Train Steps/Sec: 1.32, Samples/Sec: 63.39
[[34m2025-06-06 15:11:09[0m] (step=0194200) Train Loss: 0.1027, Train Steps/Sec: 1.63, Samples/Sec: 78.45
[[34m2025-06-06 15:12:10[0m] (step=0194300) Train Loss: 0.1045, Train Steps/Sec: 1.64, Samples/Sec: 78.69
[[34m2025-06-06 15:13:11[0m] (step=0194400) Train Loss: 0.1055, Train Steps/Sec: 1.64, Samples/Sec: 78.71
[[34m2025-06-06 15:14:12[0m] (step=0194500) Train Loss: 0.1080, Train Steps/Sec: 1.64, Samples/Sec: 78.71
[[34m2025-06-06 15:15:13[0m] (step=0194600) Train Loss: 0.1087, Train Steps/Sec: 1.64, Samples/Sec: 78.72
[[34m2025-06-06 15:16:14[0m] (step=0194700) Train Loss: 0.1083, Train Steps/Sec: 1.64, Samples/Sec: 78.72
[[34m2025-06-06 15:17:15[0m] (step=0194800) Train Loss: 0.1053, Train Steps/Sec: 1.64, Samples/Sec: 78.51
[[34m2025-06-06 15:18:16[0m] (step=0194900) Train Loss: 0.1061, Train Steps/Sec: 1.64, Samples/Sec: 78.57
[[34m2025-06-06 15:19:17[0m] (step=0195000) Train Loss: 0.1038, Train Steps/Sec: 1.64, Samples/Sec: 78.72
[[34m2025-06-06 15:20:18[0m] (step=0195100) Train Loss: 0.1068, Train Steps/Sec: 1.64, Samples/Sec: 78.70
[[34m2025-06-06 15:21:19[0m] (step=0195200) Train Loss: 0.1105, Train Steps/Sec: 1.64, Samples/Sec: 78.70
[[34m2025-06-06 15:22:20[0m] (step=0195300) Train Loss: 0.1059, Train Steps/Sec: 1.64, Samples/Sec: 78.71
[[34m2025-06-06 15:23:21[0m] (step=0195400) Train Loss: 0.1100, Train Steps/Sec: 1.64, Samples/Sec: 78.61
[[34m2025-06-06 15:24:22[0m] (step=0195500) Train Loss: 0.1118, Train Steps/Sec: 1.64, Samples/Sec: 78.58
[[34m2025-06-06 15:25:23[0m] (step=0195600) Train Loss: 0.1076, Train Steps/Sec: 1.64, Samples/Sec: 78.61
[[34m2025-06-06 15:26:24[0m] (step=0195700) Train Loss: 0.1110, Train Steps/Sec: 1.64, Samples/Sec: 78.71
[[34m2025-06-06 15:27:25[0m] (step=0195800) Train Loss: 0.1050, Train Steps/Sec: 1.64, Samples/Sec: 78.71
[[34m2025-06-06 15:28:26[0m] (step=0195900) Train Loss: 0.1021, Train Steps/Sec: 1.64, Samples/Sec: 78.72
[[34m2025-06-06 15:29:27[0m] (step=0196000) Train Loss: 0.1060, Train Steps/Sec: 1.64, Samples/Sec: 78.72
[[34m2025-06-06 15:29:41[0m] Saved checkpoint to logs/nwm_cdit_recon/checkpoints/latest.pth.tar
[[34m2025-06-06 15:30:42[0m] (step=0196100) Train Loss: 0.0997, Train Steps/Sec: 1.34, Samples/Sec: 64.13
[[34m2025-06-06 15:31:43[0m] (step=0196200) Train Loss: 0.1111, Train Steps/Sec: 1.64, Samples/Sec: 78.58
[[34m2025-06-06 15:32:44[0m] (step=0196300) Train Loss: 0.1078, Train Steps/Sec: 1.64, Samples/Sec: 78.57
[[34m2025-06-06 15:33:45[0m] (step=0196400) Train Loss: 0.1083, Train Steps/Sec: 1.64, Samples/Sec: 78.70
[[34m2025-06-06 15:34:46[0m] (step=0196500) Train Loss: 0.1064, Train Steps/Sec: 1.64, Samples/Sec: 78.69
[[34m2025-06-06 15:35:47[0m] (step=0196600) Train Loss: 0.1043, Train Steps/Sec: 1.64, Samples/Sec: 78.69
[[34m2025-06-06 15:36:48[0m] (step=0196700) Train Loss: 0.1020, Train Steps/Sec: 1.64, Samples/Sec: 78.67
[[34m2025-06-06 15:37:49[0m] (step=0196800) Train Loss: 0.1084, Train Steps/Sec: 1.64, Samples/Sec: 78.60
[[34m2025-06-06 15:38:51[0m] (step=0196900) Train Loss: 0.1063, Train Steps/Sec: 1.63, Samples/Sec: 78.46
[[34m2025-06-06 15:39:52[0m] (step=0197000) Train Loss: 0.1110, Train Steps/Sec: 1.64, Samples/Sec: 78.69
[[34m2025-06-06 15:40:53[0m] (step=0197100) Train Loss: 0.1104, Train Steps/Sec: 1.64, Samples/Sec: 78.68
[[34m2025-06-06 15:41:54[0m] (step=0197200) Train Loss: 0.1063, Train Steps/Sec: 1.64, Samples/Sec: 78.71
[[34m2025-06-06 15:42:55[0m] (step=0197300) Train Loss: 0.1060, Train Steps/Sec: 1.64, Samples/Sec: 78.69
[[34m2025-06-06 15:43:56[0m] (step=0197400) Train Loss: 0.1028, Train Steps/Sec: 1.64, Samples/Sec: 78.57
[[34m2025-06-06 15:44:57[0m] (step=0197500) Train Loss: 0.1043, Train Steps/Sec: 1.64, Samples/Sec: 78.56
[[34m2025-06-06 15:45:58[0m] (step=0197600) Train Loss: 0.1104, Train Steps/Sec: 1.64, Samples/Sec: 78.57
[[34m2025-06-06 15:46:59[0m] (step=0197700) Train Loss: 0.1096, Train Steps/Sec: 1.64, Samples/Sec: 78.69
[[34m2025-06-06 15:48:00[0m] (step=0197800) Train Loss: 0.1045, Train Steps/Sec: 1.64, Samples/Sec: 78.70
[[34m2025-06-06 15:49:01[0m] (step=0197900) Train Loss: 0.1043, Train Steps/Sec: 1.64, Samples/Sec: 78.68
[[34m2025-06-06 15:50:02[0m] (step=0198000) Train Loss: 0.1133, Train Steps/Sec: 1.64, Samples/Sec: 78.71
[[34m2025-06-06 15:50:16[0m] Saved checkpoint to logs/nwm_cdit_recon/checkpoints/latest.pth.tar
[[34m2025-06-06 15:51:17[0m] (step=0198100) Train Loss: 0.1060, Train Steps/Sec: 1.34, Samples/Sec: 64.12
[[34m2025-06-06 15:52:18[0m] (step=0198200) Train Loss: 0.1063, Train Steps/Sec: 1.64, Samples/Sec: 78.58
[[34m2025-06-06 15:53:19[0m] (step=0198300) Train Loss: 0.1084, Train Steps/Sec: 1.64, Samples/Sec: 78.61
[[34m2025-06-06 15:54:20[0m] (step=0198400) Train Loss: 0.1061, Train Steps/Sec: 1.64, Samples/Sec: 78.68
[[34m2025-06-06 15:55:21[0m] (step=0198500) Train Loss: 0.1071, Train Steps/Sec: 1.64, Samples/Sec: 78.70
[[34m2025-06-06 15:56:22[0m] (step=0198600) Train Loss: 0.1042, Train Steps/Sec: 1.64, Samples/Sec: 78.70
[[34m2025-06-06 15:57:23[0m] (step=0198700) Train Loss: 0.1074, Train Steps/Sec: 1.64, Samples/Sec: 78.62
[[34m2025-06-06 15:58:24[0m] (step=0198800) Train Loss: 0.1043, Train Steps/Sec: 1.64, Samples/Sec: 78.72
[[34m2025-06-06 15:59:25[0m] (step=0198900) Train Loss: 0.1077, Train Steps/Sec: 1.64, Samples/Sec: 78.62
[[34m2025-06-06 16:00:26[0m] (step=0199000) Train Loss: 0.1080, Train Steps/Sec: 1.64, Samples/Sec: 78.59
[[34m2025-06-06 16:01:27[0m] (step=0199100) Train Loss: 0.1076, Train Steps/Sec: 1.64, Samples/Sec: 78.72
[[34m2025-06-06 16:02:28[0m] (step=0199200) Train Loss: 0.1064, Train Steps/Sec: 1.64, Samples/Sec: 78.71
[[34m2025-06-06 16:03:29[0m] (step=0199300) Train Loss: 0.1022, Train Steps/Sec: 1.64, Samples/Sec: 78.70
[[34m2025-06-06 16:04:21[0m] Beginning epoch 18...
[[34m2025-06-06 16:04:30[0m] (step=0199400) Train Loss: 0.1162, Train Steps/Sec: 1.63, Samples/Sec: 78.09
[[34m2025-06-06 16:05:31[0m] (step=0199500) Train Loss: 0.1063, Train Steps/Sec: 1.64, Samples/Sec: 78.66
[[34m2025-06-06 16:06:33[0m] (step=0199600) Train Loss: 0.1062, Train Steps/Sec: 1.63, Samples/Sec: 78.45
[[34m2025-06-06 16:07:34[0m] (step=0199700) Train Loss: 0.1019, Train Steps/Sec: 1.64, Samples/Sec: 78.69
[[34m2025-06-06 16:08:35[0m] (step=0199800) Train Loss: 0.1085, Train Steps/Sec: 1.64, Samples/Sec: 78.72
[[34m2025-06-06 16:09:36[0m] (step=0199900) Train Loss: 0.1057, Train Steps/Sec: 1.64, Samples/Sec: 78.68
[[34m2025-06-06 16:10:37[0m] (step=0200000) Train Loss: 0.1008, Train Steps/Sec: 1.64, Samples/Sec: 78.65
Using cache found in ./models/facebookresearch_dino_main
Using cache found in ./models/facebookresearch_dino_main
[[34m2025-06-06 16:11:02[0m] Saved checkpoint to logs/nwm_cdit_recon/checkpoints/0200000.pth.tar
Using cache found in ./models/facebookresearch_dino_main
[[34m2025-06-06 16:11:05[0m] Already found a `peft_config` attribute in the model. This will lead to having multiple adapters in the model. Make sure to know what you are doing!
[[34m2025-06-06 16:13:25[0m] (step=0200000) Perceptual Loss: 0.1379, Eval Time: 142.56
[[34m2025-06-06 16:14:26[0m] (step=0200100) Train Loss: 0.1081, Train Steps/Sec: 0.44, Samples/Sec: 20.92
[[34m2025-06-06 16:15:27[0m] (step=0200200) Train Loss: 0.1082, Train Steps/Sec: 1.64, Samples/Sec: 78.61
[[34m2025-06-06 16:16:28[0m] (step=0200300) Train Loss: 0.1072, Train Steps/Sec: 1.64, Samples/Sec: 78.70
[[34m2025-06-06 16:17:29[0m] (step=0200400) Train Loss: 0.1071, Train Steps/Sec: 1.64, Samples/Sec: 78.70
[[34m2025-06-06 16:18:30[0m] (step=0200500) Train Loss: 0.1072, Train Steps/Sec: 1.64, Samples/Sec: 78.70
[[34m2025-06-06 16:19:31[0m] (step=0200600) Train Loss: 0.1086, Train Steps/Sec: 1.64, Samples/Sec: 78.54
[[34m2025-06-06 16:20:32[0m] (step=0200700) Train Loss: 0.1100, Train Steps/Sec: 1.64, Samples/Sec: 78.65
[[34m2025-06-06 16:21:33[0m] (step=0200800) Train Loss: 0.1091, Train Steps/Sec: 1.63, Samples/Sec: 78.43
[[34m2025-06-06 16:22:35[0m] (step=0200900) Train Loss: 0.1082, Train Steps/Sec: 1.64, Samples/Sec: 78.66
[[34m2025-06-06 16:23:36[0m] (step=0201000) Train Loss: 0.0982, Train Steps/Sec: 1.64, Samples/Sec: 78.70
[[34m2025-06-06 16:24:36[0m] (step=0201100) Train Loss: 0.1056, Train Steps/Sec: 1.65, Samples/Sec: 78.96
[[34m2025-06-06 16:25:37[0m] (step=0201200) Train Loss: 0.1088, Train Steps/Sec: 1.64, Samples/Sec: 78.91
[[34m2025-06-06 16:26:38[0m] (step=0201300) Train Loss: 0.1097, Train Steps/Sec: 1.64, Samples/Sec: 78.51
[[34m2025-06-06 16:27:39[0m] (step=0201400) Train Loss: 0.1065, Train Steps/Sec: 1.64, Samples/Sec: 78.65
[[34m2025-06-06 16:28:40[0m] (step=0201500) Train Loss: 0.1024, Train Steps/Sec: 1.63, Samples/Sec: 78.46
[[34m2025-06-06 16:29:41[0m] (step=0201600) Train Loss: 0.1108, Train Steps/Sec: 1.64, Samples/Sec: 78.67
[[34m2025-06-06 16:30:42[0m] (step=0201700) Train Loss: 0.1067, Train Steps/Sec: 1.64, Samples/Sec: 78.67
[[34m2025-06-06 16:31:44[0m] (step=0201800) Train Loss: 0.1077, Train Steps/Sec: 1.64, Samples/Sec: 78.67
[[34m2025-06-06 16:32:45[0m] (step=0201900) Train Loss: 0.1105, Train Steps/Sec: 1.64, Samples/Sec: 78.68
[[34m2025-06-06 16:33:46[0m] (step=0202000) Train Loss: 0.1093, Train Steps/Sec: 1.64, Samples/Sec: 78.58
[[34m2025-06-06 16:34:01[0m] Saved checkpoint to logs/nwm_cdit_recon/checkpoints/latest.pth.tar
[[34m2025-06-06 16:35:02[0m] (step=0202100) Train Loss: 0.1021, Train Steps/Sec: 1.32, Samples/Sec: 63.13
[[34m2025-06-06 16:36:03[0m] (step=0202200) Train Loss: 0.1047, Train Steps/Sec: 1.64, Samples/Sec: 78.58
[[34m2025-06-06 16:37:04[0m] (step=0202300) Train Loss: 0.1056, Train Steps/Sec: 1.64, Samples/Sec: 78.71
[[34m2025-06-06 16:38:05[0m] (step=0202400) Train Loss: 0.1098, Train Steps/Sec: 1.64, Samples/Sec: 78.70
[[34m2025-06-06 16:39:06[0m] (step=0202500) Train Loss: 0.1069, Train Steps/Sec: 1.64, Samples/Sec: 78.69
[[34m2025-06-06 16:40:07[0m] (step=0202600) Train Loss: 0.1058, Train Steps/Sec: 1.64, Samples/Sec: 78.58
[[34m2025-06-06 16:41:08[0m] (step=0202700) Train Loss: 0.1037, Train Steps/Sec: 1.64, Samples/Sec: 78.70
[[34m2025-06-06 16:42:09[0m] (step=0202800) Train Loss: 0.1064, Train Steps/Sec: 1.64, Samples/Sec: 78.58
[[34m2025-06-06 16:43:10[0m] (step=0202900) Train Loss: 0.1079, Train Steps/Sec: 1.64, Samples/Sec: 78.57
[[34m2025-06-06 16:44:11[0m] (step=0203000) Train Loss: 0.1047, Train Steps/Sec: 1.64, Samples/Sec: 78.70
[[34m2025-06-06 16:45:12[0m] (step=0203100) Train Loss: 0.1046, Train Steps/Sec: 1.64, Samples/Sec: 78.70
[[34m2025-06-06 16:46:13[0m] (step=0203200) Train Loss: 0.0993, Train Steps/Sec: 1.64, Samples/Sec: 78.71
[[34m2025-06-06 16:47:14[0m] (step=0203300) Train Loss: 0.1037, Train Steps/Sec: 1.64, Samples/Sec: 78.60
[[34m2025-06-06 16:48:15[0m] (step=0203400) Train Loss: 0.1028, Train Steps/Sec: 1.64, Samples/Sec: 78.70
[[34m2025-06-06 16:49:16[0m] (step=0203500) Train Loss: 0.1065, Train Steps/Sec: 1.63, Samples/Sec: 78.43
[[34m2025-06-06 16:50:17[0m] (step=0203600) Train Loss: 0.1054, Train Steps/Sec: 1.64, Samples/Sec: 78.70
[[34m2025-06-06 16:51:18[0m] (step=0203700) Train Loss: 0.1083, Train Steps/Sec: 1.64, Samples/Sec: 78.71
[[34m2025-06-06 16:52:19[0m] (step=0203800) Train Loss: 0.1084, Train Steps/Sec: 1.64, Samples/Sec: 78.71
[[34m2025-06-06 16:53:20[0m] (step=0203900) Train Loss: 0.1057, Train Steps/Sec: 1.64, Samples/Sec: 78.60
[[34m2025-06-06 16:54:21[0m] (step=0204000) Train Loss: 0.1064, Train Steps/Sec: 1.64, Samples/Sec: 78.71
[[34m2025-06-06 16:54:35[0m] Saved checkpoint to logs/nwm_cdit_recon/checkpoints/latest.pth.tar
[[34m2025-06-06 16:55:36[0m] (step=0204100) Train Loss: 0.1032, Train Steps/Sec: 1.34, Samples/Sec: 64.20
[[34m2025-06-06 16:56:37[0m] (step=0204200) Train Loss: 0.1027, Train Steps/Sec: 1.64, Samples/Sec: 78.62
[[34m2025-06-06 16:57:38[0m] (step=0204300) Train Loss: 0.1074, Train Steps/Sec: 1.64, Samples/Sec: 78.67
[[34m2025-06-06 16:58:39[0m] (step=0204400) Train Loss: 0.1069, Train Steps/Sec: 1.64, Samples/Sec: 78.69
[[34m2025-06-06 16:59:40[0m] (step=0204500) Train Loss: 0.1004, Train Steps/Sec: 1.64, Samples/Sec: 78.55
[[34m2025-06-06 17:00:41[0m] (step=0204600) Train Loss: 0.1077, Train Steps/Sec: 1.64, Samples/Sec: 78.66
[[34m2025-06-06 17:01:42[0m] (step=0204700) Train Loss: 0.1048, Train Steps/Sec: 1.64, Samples/Sec: 78.79
[[34m2025-06-06 17:02:43[0m] (step=0204800) Train Loss: 0.1095, Train Steps/Sec: 1.64, Samples/Sec: 78.71
[[34m2025-06-06 17:03:44[0m] (step=0204900) Train Loss: 0.1030, Train Steps/Sec: 1.64, Samples/Sec: 78.75
[[34m2025-06-06 17:04:45[0m] (step=0205000) Train Loss: 0.1018, Train Steps/Sec: 1.64, Samples/Sec: 78.85
[[34m2025-06-06 17:05:46[0m] (step=0205100) Train Loss: 0.1083, Train Steps/Sec: 1.64, Samples/Sec: 78.83
[[34m2025-06-06 17:06:47[0m] (step=0205200) Train Loss: 0.1120, Train Steps/Sec: 1.64, Samples/Sec: 78.74
[[34m2025-06-06 17:07:48[0m] (step=0205300) Train Loss: 0.1062, Train Steps/Sec: 1.64, Samples/Sec: 78.86
[[34m2025-06-06 17:08:49[0m] (step=0205400) Train Loss: 0.1104, Train Steps/Sec: 1.64, Samples/Sec: 78.89
[[34m2025-06-06 17:09:49[0m] (step=0205500) Train Loss: 0.1084, Train Steps/Sec: 1.64, Samples/Sec: 78.80
[[34m2025-06-06 17:10:50[0m] (step=0205600) Train Loss: 0.1100, Train Steps/Sec: 1.64, Samples/Sec: 78.81
[[34m2025-06-06 17:11:51[0m] (step=0205700) Train Loss: 0.1056, Train Steps/Sec: 1.64, Samples/Sec: 78.88
[[34m2025-06-06 17:12:52[0m] (step=0205800) Train Loss: 0.1092, Train Steps/Sec: 1.64, Samples/Sec: 78.90
[[34m2025-06-06 17:13:53[0m] (step=0205900) Train Loss: 0.1037, Train Steps/Sec: 1.64, Samples/Sec: 78.79
[[34m2025-06-06 17:14:54[0m] (step=0206000) Train Loss: 0.1052, Train Steps/Sec: 1.64, Samples/Sec: 78.87
[[34m2025-06-06 17:15:07[0m] Saved checkpoint to logs/nwm_cdit_recon/checkpoints/latest.pth.tar
[[34m2025-06-06 17:16:08[0m] (step=0206100) Train Loss: 0.1070, Train Steps/Sec: 1.35, Samples/Sec: 65.03
[[34m2025-06-06 17:17:09[0m] (step=0206200) Train Loss: 0.1078, Train Steps/Sec: 1.64, Samples/Sec: 78.67
[[34m2025-06-06 17:18:09[0m] (step=0206300) Train Loss: 0.1104, Train Steps/Sec: 1.64, Samples/Sec: 78.89
[[34m2025-06-06 17:19:10[0m] (step=0206400) Train Loss: 0.1030, Train Steps/Sec: 1.64, Samples/Sec: 78.89
[[34m2025-06-06 17:20:11[0m] (step=0206500) Train Loss: 0.1091, Train Steps/Sec: 1.64, Samples/Sec: 78.80
[[34m2025-06-06 17:21:12[0m] (step=0206600) Train Loss: 0.1028, Train Steps/Sec: 1.64, Samples/Sec: 78.88
[[34m2025-06-06 17:22:13[0m] (step=0206700) Train Loss: 0.1088, Train Steps/Sec: 1.64, Samples/Sec: 78.90
[[34m2025-06-06 17:23:14[0m] (step=0206800) Train Loss: 0.1053, Train Steps/Sec: 1.64, Samples/Sec: 78.81
[[34m2025-06-06 17:24:15[0m] (step=0206900) Train Loss: 0.1009, Train Steps/Sec: 1.64, Samples/Sec: 78.81
[[34m2025-06-06 17:25:16[0m] (step=0207000) Train Loss: 0.1056, Train Steps/Sec: 1.64, Samples/Sec: 78.91
[[34m2025-06-06 17:26:16[0m] (step=0207100) Train Loss: 0.1114, Train Steps/Sec: 1.64, Samples/Sec: 78.90
[[34m2025-06-06 17:27:17[0m] (step=0207200) Train Loss: 0.1112, Train Steps/Sec: 1.64, Samples/Sec: 78.83
[[34m2025-06-06 17:28:18[0m] (step=0207300) Train Loss: 0.1085, Train Steps/Sec: 1.64, Samples/Sec: 78.90
[[34m2025-06-06 17:29:19[0m] (step=0207400) Train Loss: 0.1043, Train Steps/Sec: 1.64, Samples/Sec: 78.89
[[34m2025-06-06 17:30:20[0m] (step=0207500) Train Loss: 0.1089, Train Steps/Sec: 1.64, Samples/Sec: 78.79
[[34m2025-06-06 17:31:21[0m] (step=0207600) Train Loss: 0.1073, Train Steps/Sec: 1.64, Samples/Sec: 78.79
[[34m2025-06-06 17:32:22[0m] (step=0207700) Train Loss: 0.1073, Train Steps/Sec: 1.64, Samples/Sec: 78.89
[[34m2025-06-06 17:33:23[0m] (step=0207800) Train Loss: 0.1063, Train Steps/Sec: 1.64, Samples/Sec: 78.79
[[34m2025-06-06 17:34:23[0m] (step=0207900) Train Loss: 0.1069, Train Steps/Sec: 1.64, Samples/Sec: 78.89
[[34m2025-06-06 17:35:24[0m] (step=0208000) Train Loss: 0.1088, Train Steps/Sec: 1.64, Samples/Sec: 78.88
[[34m2025-06-06 17:35:37[0m] Saved checkpoint to logs/nwm_cdit_recon/checkpoints/latest.pth.tar
[[34m2025-06-06 17:36:38[0m] (step=0208100) Train Loss: 0.1051, Train Steps/Sec: 1.36, Samples/Sec: 65.15
[[34m2025-06-06 17:37:39[0m] (step=0208200) Train Loss: 0.1087, Train Steps/Sec: 1.64, Samples/Sec: 78.80
[[34m2025-06-06 17:38:40[0m] (step=0208300) Train Loss: 0.1033, Train Steps/Sec: 1.64, Samples/Sec: 78.80
[[34m2025-06-06 17:39:41[0m] (step=0208400) Train Loss: 0.1050, Train Steps/Sec: 1.64, Samples/Sec: 78.79
[[34m2025-06-06 17:40:42[0m] (step=0208500) Train Loss: 0.1099, Train Steps/Sec: 1.64, Samples/Sec: 78.89
[[34m2025-06-06 17:41:42[0m] (step=0208600) Train Loss: 0.1019, Train Steps/Sec: 1.64, Samples/Sec: 78.88
[[34m2025-06-06 17:42:43[0m] (step=0208700) Train Loss: 0.1062, Train Steps/Sec: 1.64, Samples/Sec: 78.88
[[34m2025-06-06 17:43:44[0m] (step=0208800) Train Loss: 0.1057, Train Steps/Sec: 1.64, Samples/Sec: 78.88
[[34m2025-06-06 17:44:45[0m] (step=0208900) Train Loss: 0.1042, Train Steps/Sec: 1.64, Samples/Sec: 78.68
[[34m2025-06-06 17:45:46[0m] (step=0209000) Train Loss: 0.1053, Train Steps/Sec: 1.64, Samples/Sec: 78.89
[[34m2025-06-06 17:46:47[0m] (step=0209100) Train Loss: 0.1074, Train Steps/Sec: 1.64, Samples/Sec: 78.81
[[34m2025-06-06 17:47:48[0m] (step=0209200) Train Loss: 0.1091, Train Steps/Sec: 1.64, Samples/Sec: 78.89
[[34m2025-06-06 17:48:49[0m] (step=0209300) Train Loss: 0.1019, Train Steps/Sec: 1.64, Samples/Sec: 78.90
[[34m2025-06-06 17:49:49[0m] (step=0209400) Train Loss: 0.1054, Train Steps/Sec: 1.64, Samples/Sec: 78.90
[[34m2025-06-06 17:50:50[0m] (step=0209500) Train Loss: 0.1048, Train Steps/Sec: 1.64, Samples/Sec: 78.81
[[34m2025-06-06 17:51:51[0m] (step=0209600) Train Loss: 0.1056, Train Steps/Sec: 1.64, Samples/Sec: 78.80
[[34m2025-06-06 17:52:52[0m] (step=0209700) Train Loss: 0.1063, Train Steps/Sec: 1.64, Samples/Sec: 78.90
[[34m2025-06-06 17:53:53[0m] (step=0209800) Train Loss: 0.1048, Train Steps/Sec: 1.64, Samples/Sec: 78.79
[[34m2025-06-06 17:54:54[0m] (step=0209900) Train Loss: 0.1018, Train Steps/Sec: 1.64, Samples/Sec: 78.88
[[34m2025-06-06 17:55:55[0m] (step=0210000) Train Loss: 0.1094, Train Steps/Sec: 1.64, Samples/Sec: 78.88
Using cache found in ./models/facebookresearch_dino_main
Using cache found in ./models/facebookresearch_dino_main
[[34m2025-06-06 17:56:08[0m] Saved checkpoint to logs/nwm_cdit_recon/checkpoints/latest.pth.tar
Using cache found in ./models/facebookresearch_dino_main
[[34m2025-06-06 17:56:10[0m] Already found a `peft_config` attribute in the model. This will lead to having multiple adapters in the model. Make sure to know what you are doing!
[[34m2025-06-06 17:58:29[0m] (step=0210000) Perceptual Loss: 0.1281, Eval Time: 141.74
[[34m2025-06-06 17:59:30[0m] (step=0210100) Train Loss: 0.1047, Train Steps/Sec: 0.46, Samples/Sec: 22.26
[[34m2025-06-06 18:00:31[0m] (step=0210200) Train Loss: 0.1064, Train Steps/Sec: 1.64, Samples/Sec: 78.75
[[34m2025-06-06 18:01:32[0m] (step=0210300) Train Loss: 0.1079, Train Steps/Sec: 1.64, Samples/Sec: 78.87
[[34m2025-06-06 18:02:33[0m] (step=0210400) Train Loss: 0.1054, Train Steps/Sec: 1.64, Samples/Sec: 78.75
[[34m2025-06-06 18:03:11[0m] Beginning epoch 19...
[[34m2025-06-06 18:03:34[0m] (step=0210500) Train Loss: 0.1108, Train Steps/Sec: 1.64, Samples/Sec: 78.49
[[34m2025-06-06 18:04:35[0m] (step=0210600) Train Loss: 0.1080, Train Steps/Sec: 1.64, Samples/Sec: 78.86
[[34m2025-06-06 18:05:36[0m] (step=0210700) Train Loss: 0.1043, Train Steps/Sec: 1.64, Samples/Sec: 78.91
[[34m2025-06-06 18:06:37[0m] (step=0210800) Train Loss: 0.1054, Train Steps/Sec: 1.64, Samples/Sec: 78.70
[[34m2025-06-06 18:07:38[0m] (step=0210900) Train Loss: 0.1016, Train Steps/Sec: 1.64, Samples/Sec: 78.91
[[34m2025-06-06 18:08:39[0m] (step=0211000) Train Loss: 0.1052, Train Steps/Sec: 1.64, Samples/Sec: 78.90
[[34m2025-06-06 18:09:40[0m] (step=0211100) Train Loss: 0.1092, Train Steps/Sec: 1.64, Samples/Sec: 78.82
[[34m2025-06-06 18:10:40[0m] (step=0211200) Train Loss: 0.1095, Train Steps/Sec: 1.64, Samples/Sec: 78.90
[[34m2025-06-06 18:11:41[0m] (step=0211300) Train Loss: 0.1049, Train Steps/Sec: 1.64, Samples/Sec: 78.91
[[34m2025-06-06 18:12:42[0m] (step=0211400) Train Loss: 0.1074, Train Steps/Sec: 1.64, Samples/Sec: 78.82
[[34m2025-06-06 18:13:43[0m] (step=0211500) Train Loss: 0.1033, Train Steps/Sec: 1.64, Samples/Sec: 78.81
[[34m2025-06-06 18:14:44[0m] (step=0211600) Train Loss: 0.1073, Train Steps/Sec: 1.64, Samples/Sec: 78.89
[[34m2025-06-06 18:15:45[0m] (step=0211700) Train Loss: 0.1125, Train Steps/Sec: 1.64, Samples/Sec: 78.90
[[34m2025-06-06 18:16:46[0m] (step=0211800) Train Loss: 0.1050, Train Steps/Sec: 1.64, Samples/Sec: 78.80
[[34m2025-06-06 18:17:46[0m] (step=0211900) Train Loss: 0.1030, Train Steps/Sec: 1.64, Samples/Sec: 78.91
[[34m2025-06-06 18:18:47[0m] (step=0212000) Train Loss: 0.1056, Train Steps/Sec: 1.64, Samples/Sec: 78.90
[[34m2025-06-06 18:19:00[0m] Saved checkpoint to logs/nwm_cdit_recon/checkpoints/latest.pth.tar
[[34m2025-06-06 18:20:01[0m] (step=0212100) Train Loss: 0.1044, Train Steps/Sec: 1.36, Samples/Sec: 65.25
[[34m2025-06-06 18:21:02[0m] (step=0212200) Train Loss: 0.1057, Train Steps/Sec: 1.64, Samples/Sec: 78.77
[[34m2025-06-06 18:22:03[0m] (step=0212300) Train Loss: 0.1095, Train Steps/Sec: 1.64, Samples/Sec: 78.89
[[34m2025-06-06 18:23:04[0m] (step=0212400) Train Loss: 0.1002, Train Steps/Sec: 1.64, Samples/Sec: 78.80
[[34m2025-06-06 18:24:04[0m] (step=0212500) Train Loss: 0.1092, Train Steps/Sec: 1.64, Samples/Sec: 78.89
[[34m2025-06-06 18:25:05[0m] (step=0212600) Train Loss: 0.1083, Train Steps/Sec: 1.64, Samples/Sec: 78.90
[[34m2025-06-06 18:26:06[0m] (step=0212700) Train Loss: 0.1072, Train Steps/Sec: 1.64, Samples/Sec: 78.90
[[34m2025-06-06 18:27:07[0m] (step=0212800) Train Loss: 0.1147, Train Steps/Sec: 1.64, Samples/Sec: 78.82
[[34m2025-06-06 18:28:08[0m] (step=0212900) Train Loss: 0.1020, Train Steps/Sec: 1.64, Samples/Sec: 78.81
[[34m2025-06-06 18:29:09[0m] (step=0213000) Train Loss: 0.0993, Train Steps/Sec: 1.64, Samples/Sec: 78.90
[[34m2025-06-06 18:30:10[0m] (step=0213100) Train Loss: 0.1042, Train Steps/Sec: 1.64, Samples/Sec: 78.81
[[34m2025-06-06 18:31:10[0m] (step=0213200) Train Loss: 0.1046, Train Steps/Sec: 1.64, Samples/Sec: 78.90
[[34m2025-06-06 18:32:11[0m] (step=0213300) Train Loss: 0.1038, Train Steps/Sec: 1.64, Samples/Sec: 78.89
[[34m2025-06-06 18:33:12[0m] (step=0213400) Train Loss: 0.1097, Train Steps/Sec: 1.64, Samples/Sec: 78.89
[[34m2025-06-06 18:34:13[0m] (step=0213500) Train Loss: 0.1097, Train Steps/Sec: 1.64, Samples/Sec: 78.69
[[34m2025-06-06 18:35:14[0m] (step=0213600) Train Loss: 0.1094, Train Steps/Sec: 1.64, Samples/Sec: 78.90
[[34m2025-06-06 18:36:15[0m] (step=0213700) Train Loss: 0.1040, Train Steps/Sec: 1.64, Samples/Sec: 78.91
[[34m2025-06-06 18:37:16[0m] (step=0213800) Train Loss: 0.1056, Train Steps/Sec: 1.64, Samples/Sec: 78.83
[[34m2025-06-06 18:38:17[0m] (step=0213900) Train Loss: 0.1079, Train Steps/Sec: 1.64, Samples/Sec: 78.90
[[34m2025-06-06 18:39:17[0m] (step=0214000) Train Loss: 0.1017, Train Steps/Sec: 1.64, Samples/Sec: 78.88
[[34m2025-06-06 18:39:30[0m] Saved checkpoint to logs/nwm_cdit_recon/checkpoints/latest.pth.tar
[[34m2025-06-06 18:40:31[0m] (step=0214100) Train Loss: 0.1077, Train Steps/Sec: 1.36, Samples/Sec: 65.29
[[34m2025-06-06 18:41:32[0m] (step=0214200) Train Loss: 0.1128, Train Steps/Sec: 1.64, Samples/Sec: 78.78
[[34m2025-06-06 18:42:33[0m] (step=0214300) Train Loss: 0.1071, Train Steps/Sec: 1.64, Samples/Sec: 78.89
[[34m2025-06-06 18:43:34[0m] (step=0214400) Train Loss: 0.1104, Train Steps/Sec: 1.64, Samples/Sec: 78.79
[[34m2025-06-06 18:44:34[0m] (step=0214500) Train Loss: 0.1038, Train Steps/Sec: 1.64, Samples/Sec: 78.92
[[34m2025-06-06 18:45:35[0m] (step=0214600) Train Loss: 0.1058, Train Steps/Sec: 1.64, Samples/Sec: 78.90
[[34m2025-06-06 18:46:36[0m] (step=0214700) Train Loss: 0.1050, Train Steps/Sec: 1.64, Samples/Sec: 78.89
[[34m2025-06-06 18:47:37[0m] (step=0214800) Train Loss: 0.0995, Train Steps/Sec: 1.64, Samples/Sec: 78.79
[[34m2025-06-06 18:48:38[0m] (step=0214900) Train Loss: 0.1042, Train Steps/Sec: 1.64, Samples/Sec: 78.80
[[34m2025-06-06 18:49:39[0m] (step=0215000) Train Loss: 0.1099, Train Steps/Sec: 1.64, Samples/Sec: 78.90
[[34m2025-06-06 18:50:40[0m] (step=0215100) Train Loss: 0.1089, Train Steps/Sec: 1.64, Samples/Sec: 78.83
[[34m2025-06-06 18:51:41[0m] (step=0215200) Train Loss: 0.1106, Train Steps/Sec: 1.64, Samples/Sec: 78.90
[[34m2025-06-06 18:52:41[0m] (step=0215300) Train Loss: 0.1058, Train Steps/Sec: 1.64, Samples/Sec: 78.91
[[34m2025-06-06 18:53:42[0m] (step=0215400) Train Loss: 0.1060, Train Steps/Sec: 1.64, Samples/Sec: 78.91
[[34m2025-06-06 18:54:43[0m] (step=0215500) Train Loss: 0.1069, Train Steps/Sec: 1.64, Samples/Sec: 78.82
[[34m2025-06-06 18:55:44[0m] (step=0215600) Train Loss: 0.1105, Train Steps/Sec: 1.64, Samples/Sec: 78.81
[[34m2025-06-06 18:56:45[0m] (step=0215700) Train Loss: 0.0952, Train Steps/Sec: 1.64, Samples/Sec: 78.80
[[34m2025-06-06 18:57:46[0m] (step=0215800) Train Loss: 0.1033, Train Steps/Sec: 1.64, Samples/Sec: 78.90
[[34m2025-06-06 18:58:47[0m] (step=0215900) Train Loss: 0.1054, Train Steps/Sec: 1.64, Samples/Sec: 78.91
[[34m2025-06-06 18:59:47[0m] (step=0216000) Train Loss: 0.1058, Train Steps/Sec: 1.64, Samples/Sec: 78.90
[[34m2025-06-06 19:00:00[0m] Saved checkpoint to logs/nwm_cdit_recon/checkpoints/latest.pth.tar
[[34m2025-06-06 19:01:01[0m] (step=0216100) Train Loss: 0.1059, Train Steps/Sec: 1.36, Samples/Sec: 65.31
[[34m2025-06-06 19:02:02[0m] (step=0216200) Train Loss: 0.1082, Train Steps/Sec: 1.64, Samples/Sec: 78.65
[[34m2025-06-06 19:03:03[0m] (step=0216300) Train Loss: 0.1086, Train Steps/Sec: 1.64, Samples/Sec: 78.79
[[34m2025-06-06 19:04:04[0m] (step=0216400) Train Loss: 0.1071, Train Steps/Sec: 1.64, Samples/Sec: 78.88
[[34m2025-06-06 19:05:05[0m] (step=0216500) Train Loss: 0.1041, Train Steps/Sec: 1.64, Samples/Sec: 78.88
[[34m2025-06-06 19:06:05[0m] (step=0216600) Train Loss: 0.0987, Train Steps/Sec: 1.64, Samples/Sec: 78.88
[[34m2025-06-06 19:07:06[0m] (step=0216700) Train Loss: 0.1018, Train Steps/Sec: 1.64, Samples/Sec: 78.88
[[34m2025-06-06 19:08:07[0m] (step=0216800) Train Loss: 0.1005, Train Steps/Sec: 1.64, Samples/Sec: 78.80
[[34m2025-06-06 19:09:08[0m] (step=0216900) Train Loss: 0.1052, Train Steps/Sec: 1.64, Samples/Sec: 78.80
[[34m2025-06-06 19:10:09[0m] (step=0217000) Train Loss: 0.1064, Train Steps/Sec: 1.64, Samples/Sec: 78.80
[[34m2025-06-06 19:11:10[0m] (step=0217100) Train Loss: 0.1080, Train Steps/Sec: 1.64, Samples/Sec: 78.90
[[34m2025-06-06 19:12:11[0m] (step=0217200) Train Loss: 0.1121, Train Steps/Sec: 1.64, Samples/Sec: 78.90
[[34m2025-06-06 19:13:12[0m] (step=0217300) Train Loss: 0.1030, Train Steps/Sec: 1.64, Samples/Sec: 78.89
[[34m2025-06-06 19:14:12[0m] (step=0217400) Train Loss: 0.1054, Train Steps/Sec: 1.64, Samples/Sec: 78.90
[[34m2025-06-06 19:15:13[0m] (step=0217500) Train Loss: 0.1083, Train Steps/Sec: 1.64, Samples/Sec: 78.80
[[34m2025-06-06 19:16:14[0m] (step=0217600) Train Loss: 0.1039, Train Steps/Sec: 1.64, Samples/Sec: 78.80
[[34m2025-06-06 19:17:15[0m] (step=0217700) Train Loss: 0.1074, Train Steps/Sec: 1.64, Samples/Sec: 78.82
[[34m2025-06-06 19:18:16[0m] (step=0217800) Train Loss: 0.1017, Train Steps/Sec: 1.64, Samples/Sec: 78.91
[[34m2025-06-06 19:19:17[0m] (step=0217900) Train Loss: 0.1056, Train Steps/Sec: 1.64, Samples/Sec: 78.90
[[34m2025-06-06 19:20:18[0m] (step=0218000) Train Loss: 0.1040, Train Steps/Sec: 1.64, Samples/Sec: 78.91
[[34m2025-06-06 19:20:30[0m] Saved checkpoint to logs/nwm_cdit_recon/checkpoints/latest.pth.tar
[[34m2025-06-06 19:21:31[0m] (step=0218100) Train Loss: 0.1050, Train Steps/Sec: 1.36, Samples/Sec: 65.38
[[34m2025-06-06 19:22:32[0m] (step=0218200) Train Loss: 0.1024, Train Steps/Sec: 1.64, Samples/Sec: 78.70
[[34m2025-06-06 19:23:33[0m] (step=0218300) Train Loss: 0.1099, Train Steps/Sec: 1.64, Samples/Sec: 78.78
[[34m2025-06-06 19:24:34[0m] (step=0218400) Train Loss: 0.1083, Train Steps/Sec: 1.64, Samples/Sec: 78.90
[[34m2025-06-06 19:25:35[0m] (step=0218500) Train Loss: 0.1083, Train Steps/Sec: 1.64, Samples/Sec: 78.91
[[34m2025-06-06 19:26:33[0m] (step=0218600) Train Loss: 0.1073, Train Steps/Sec: 1.71, Samples/Sec: 82.26
[[34m2025-06-06 19:27:28[0m] (step=0218700) Train Loss: 0.1076, Train Steps/Sec: 1.82, Samples/Sec: 87.16
[[34m2025-06-06 19:28:23[0m] (step=0218800) Train Loss: 0.1031, Train Steps/Sec: 1.81, Samples/Sec: 87.08
[[34m2025-06-06 19:29:18[0m] (step=0218900) Train Loss: 0.1097, Train Steps/Sec: 1.81, Samples/Sec: 86.93
[[34m2025-06-06 19:30:14[0m] (step=0219000) Train Loss: 0.1021, Train Steps/Sec: 1.81, Samples/Sec: 87.09
[[34m2025-06-06 19:31:09[0m] (step=0219100) Train Loss: 0.1059, Train Steps/Sec: 1.81, Samples/Sec: 87.09
[[34m2025-06-06 19:32:04[0m] (step=0219200) Train Loss: 0.1017, Train Steps/Sec: 1.82, Samples/Sec: 87.18
[[34m2025-06-06 19:32:59[0m] (step=0219300) Train Loss: 0.1054, Train Steps/Sec: 1.82, Samples/Sec: 87.21
[[34m2025-06-06 19:33:54[0m] (step=0219400) Train Loss: 0.1102, Train Steps/Sec: 1.82, Samples/Sec: 87.22
[[34m2025-06-06 19:34:49[0m] (step=0219500) Train Loss: 0.1029, Train Steps/Sec: 1.81, Samples/Sec: 87.11
[[34m2025-06-06 19:35:44[0m] (step=0219600) Train Loss: 0.1062, Train Steps/Sec: 1.81, Samples/Sec: 86.97
[[34m2025-06-06 19:36:39[0m] (step=0219700) Train Loss: 0.1092, Train Steps/Sec: 1.82, Samples/Sec: 87.13
[[34m2025-06-06 19:37:34[0m] (step=0219800) Train Loss: 0.1158, Train Steps/Sec: 1.82, Samples/Sec: 87.16
[[34m2025-06-06 19:38:29[0m] (step=0219900) Train Loss: 0.1056, Train Steps/Sec: 1.82, Samples/Sec: 87.18
[[34m2025-06-06 19:39:24[0m] (step=0220000) Train Loss: 0.1087, Train Steps/Sec: 1.82, Samples/Sec: 87.20
Using cache found in ./models/facebookresearch_dino_main
Using cache found in ./models/facebookresearch_dino_main
[[34m2025-06-06 19:39:48[0m] Saved checkpoint to logs/nwm_cdit_recon/checkpoints/0220000.pth.tar
Using cache found in ./models/facebookresearch_dino_main
[[34m2025-06-06 19:39:51[0m] Already found a `peft_config` attribute in the model. This will lead to having multiple adapters in the model. Make sure to know what you are doing!
[[34m2025-06-06 19:42:10[0m] (step=0220000) Perceptual Loss: 0.1277, Eval Time: 141.73
[[34m2025-06-06 19:43:05[0m] (step=0220100) Train Loss: 0.1061, Train Steps/Sec: 0.45, Samples/Sec: 21.73
[[34m2025-06-06 19:44:00[0m] (step=0220200) Train Loss: 0.1011, Train Steps/Sec: 1.81, Samples/Sec: 87.02
[[34m2025-06-06 19:44:55[0m] (step=0220300) Train Loss: 0.1037, Train Steps/Sec: 1.82, Samples/Sec: 87.22
[[34m2025-06-06 19:45:50[0m] (step=0220400) Train Loss: 0.1028, Train Steps/Sec: 1.82, Samples/Sec: 87.23
[[34m2025-06-06 19:46:46[0m] (step=0220500) Train Loss: 0.1038, Train Steps/Sec: 1.82, Samples/Sec: 87.23
[[34m2025-06-06 19:47:41[0m] (step=0220600) Train Loss: 0.1103, Train Steps/Sec: 1.82, Samples/Sec: 87.23
[[34m2025-06-06 19:48:36[0m] (step=0220700) Train Loss: 0.1044, Train Steps/Sec: 1.82, Samples/Sec: 87.23
[[34m2025-06-06 19:49:31[0m] (step=0220800) Train Loss: 0.1068, Train Steps/Sec: 1.81, Samples/Sec: 86.98
[[34m2025-06-06 19:50:26[0m] (step=0220900) Train Loss: 0.1089, Train Steps/Sec: 1.82, Samples/Sec: 87.12
[[34m2025-06-06 19:51:21[0m] (step=0221000) Train Loss: 0.1077, Train Steps/Sec: 1.82, Samples/Sec: 87.23
[[34m2025-06-06 19:52:16[0m] (step=0221100) Train Loss: 0.1048, Train Steps/Sec: 1.82, Samples/Sec: 87.23
[[34m2025-06-06 19:53:11[0m] (step=0221200) Train Loss: 0.1060, Train Steps/Sec: 1.82, Samples/Sec: 87.23
[[34m2025-06-06 19:54:06[0m] (step=0221300) Train Loss: 0.1071, Train Steps/Sec: 1.82, Samples/Sec: 87.23
[[34m2025-06-06 19:55:01[0m] (step=0221400) Train Loss: 0.1050, Train Steps/Sec: 1.82, Samples/Sec: 87.14
[[34m2025-06-06 19:55:56[0m] (step=0221500) Train Loss: 0.1032, Train Steps/Sec: 1.81, Samples/Sec: 86.99
[[34m2025-06-06 19:56:18[0m] Beginning epoch 20...
[[34m2025-06-06 19:56:52[0m] (step=0221600) Train Loss: 0.1046, Train Steps/Sec: 1.81, Samples/Sec: 86.75
[[34m2025-06-06 19:57:47[0m] (step=0221700) Train Loss: 0.1080, Train Steps/Sec: 1.82, Samples/Sec: 87.23
[[34m2025-06-06 19:58:42[0m] (step=0221800) Train Loss: 0.1100, Train Steps/Sec: 1.82, Samples/Sec: 87.22
[[34m2025-06-06 19:59:37[0m] (step=0221900) Train Loss: 0.1054, Train Steps/Sec: 1.82, Samples/Sec: 87.22
[[34m2025-06-06 20:00:32[0m] (step=0222000) Train Loss: 0.1101, Train Steps/Sec: 1.82, Samples/Sec: 87.23
[[34m2025-06-06 20:00:45[0m] Saved checkpoint to logs/nwm_cdit_recon/checkpoints/latest.pth.tar
[[34m2025-06-06 20:01:40[0m] (step=0222100) Train Loss: 0.1029, Train Steps/Sec: 1.47, Samples/Sec: 70.58
[[34m2025-06-06 20:02:35[0m] (step=0222200) Train Loss: 0.0989, Train Steps/Sec: 1.81, Samples/Sec: 86.94
[[34m2025-06-06 20:03:30[0m] (step=0222300) Train Loss: 0.1087, Train Steps/Sec: 1.82, Samples/Sec: 87.22
[[34m2025-06-06 20:04:25[0m] (step=0222400) Train Loss: 0.1069, Train Steps/Sec: 1.82, Samples/Sec: 87.20
[[34m2025-06-06 20:05:20[0m] (step=0222500) Train Loss: 0.1098, Train Steps/Sec: 1.82, Samples/Sec: 87.20
[[34m2025-06-06 20:06:15[0m] (step=0222600) Train Loss: 0.1080, Train Steps/Sec: 1.82, Samples/Sec: 87.18
[[34m2025-06-06 20:07:10[0m] (step=0222700) Train Loss: 0.1007, Train Steps/Sec: 1.82, Samples/Sec: 87.19
[[34m2025-06-06 20:08:05[0m] (step=0222800) Train Loss: 0.1073, Train Steps/Sec: 1.81, Samples/Sec: 86.96
[[34m2025-06-06 20:09:00[0m] (step=0222900) Train Loss: 0.1129, Train Steps/Sec: 1.82, Samples/Sec: 87.20
[[34m2025-06-06 20:09:55[0m] (step=0223000) Train Loss: 0.1128, Train Steps/Sec: 1.82, Samples/Sec: 87.20
[[34m2025-06-06 20:10:50[0m] (step=0223100) Train Loss: 0.1121, Train Steps/Sec: 1.82, Samples/Sec: 87.19
[[34m2025-06-06 20:11:46[0m] (step=0223200) Train Loss: 0.1040, Train Steps/Sec: 1.82, Samples/Sec: 87.20
[[34m2025-06-06 20:12:41[0m] (step=0223300) Train Loss: 0.1038, Train Steps/Sec: 1.82, Samples/Sec: 87.22
[[34m2025-06-06 20:13:36[0m] (step=0223400) Train Loss: 0.1085, Train Steps/Sec: 1.82, Samples/Sec: 87.22
[[34m2025-06-06 20:14:31[0m] (step=0223500) Train Loss: 0.1051, Train Steps/Sec: 1.81, Samples/Sec: 86.82
[[34m2025-06-06 20:15:26[0m] (step=0223600) Train Loss: 0.1014, Train Steps/Sec: 1.82, Samples/Sec: 87.22
[[34m2025-06-06 20:16:21[0m] (step=0223700) Train Loss: 0.1058, Train Steps/Sec: 1.82, Samples/Sec: 87.21
[[34m2025-06-06 20:17:16[0m] (step=0223800) Train Loss: 0.1049, Train Steps/Sec: 1.82, Samples/Sec: 87.22
[[34m2025-06-06 20:18:11[0m] (step=0223900) Train Loss: 0.1070, Train Steps/Sec: 1.82, Samples/Sec: 87.23
[[34m2025-06-06 20:19:06[0m] (step=0224000) Train Loss: 0.1090, Train Steps/Sec: 1.82, Samples/Sec: 87.22
[[34m2025-06-06 20:19:19[0m] Saved checkpoint to logs/nwm_cdit_recon/checkpoints/latest.pth.tar
[[34m2025-06-06 20:20:14[0m] (step=0224100) Train Loss: 0.1046, Train Steps/Sec: 1.47, Samples/Sec: 70.52
[[34m2025-06-06 20:21:09[0m] (step=0224200) Train Loss: 0.1089, Train Steps/Sec: 1.81, Samples/Sec: 87.11
[[34m2025-06-06 20:22:04[0m] (step=0224300) Train Loss: 0.1072, Train Steps/Sec: 1.82, Samples/Sec: 87.21
[[34m2025-06-06 20:22:59[0m] (step=0224400) Train Loss: 0.1047, Train Steps/Sec: 1.82, Samples/Sec: 87.21
[[34m2025-06-06 20:23:54[0m] (step=0224500) Train Loss: 0.1048, Train Steps/Sec: 1.82, Samples/Sec: 87.21
[[34m2025-06-06 20:24:49[0m] (step=0224600) Train Loss: 0.1075, Train Steps/Sec: 1.82, Samples/Sec: 87.22
[[34m2025-06-06 20:25:44[0m] (step=0224700) Train Loss: 0.1067, Train Steps/Sec: 1.82, Samples/Sec: 87.21
[[34m2025-06-06 20:26:40[0m] (step=0224800) Train Loss: 0.1079, Train Steps/Sec: 1.81, Samples/Sec: 87.07
[[34m2025-06-06 20:27:35[0m] (step=0224900) Train Loss: 0.1063, Train Steps/Sec: 1.81, Samples/Sec: 87.08
[[34m2025-06-06 20:28:30[0m] (step=0225000) Train Loss: 0.1069, Train Steps/Sec: 1.82, Samples/Sec: 87.23
[[34m2025-06-06 20:29:25[0m] (step=0225100) Train Loss: 0.1017, Train Steps/Sec: 1.82, Samples/Sec: 87.22
[[34m2025-06-06 20:30:20[0m] (step=0225200) Train Loss: 0.1026, Train Steps/Sec: 1.82, Samples/Sec: 87.20
[[34m2025-06-06 20:31:15[0m] (step=0225300) Train Loss: 0.1082, Train Steps/Sec: 1.82, Samples/Sec: 87.22
[[34m2025-06-06 20:32:10[0m] (step=0225400) Train Loss: 0.1035, Train Steps/Sec: 1.82, Samples/Sec: 87.21
[[34m2025-06-06 20:33:05[0m] (step=0225500) Train Loss: 0.1066, Train Steps/Sec: 1.81, Samples/Sec: 86.96
[[34m2025-06-06 20:34:00[0m] (step=0225600) Train Loss: 0.1100, Train Steps/Sec: 1.82, Samples/Sec: 87.21
[[34m2025-06-06 20:34:55[0m] (step=0225700) Train Loss: 0.1077, Train Steps/Sec: 1.82, Samples/Sec: 87.22
[[34m2025-06-06 20:35:50[0m] (step=0225800) Train Loss: 0.1065, Train Steps/Sec: 1.82, Samples/Sec: 87.21
[[34m2025-06-06 20:36:45[0m] (step=0225900) Train Loss: 0.1056, Train Steps/Sec: 1.82, Samples/Sec: 87.23
[[34m2025-06-06 20:37:40[0m] (step=0226000) Train Loss: 0.1069, Train Steps/Sec: 1.82, Samples/Sec: 87.22
[[34m2025-06-06 20:37:53[0m] Saved checkpoint to logs/nwm_cdit_recon/checkpoints/latest.pth.tar
[[34m2025-06-06 20:38:48[0m] (step=0226100) Train Loss: 0.1046, Train Steps/Sec: 1.48, Samples/Sec: 70.90
[[34m2025-06-06 20:39:43[0m] (step=0226200) Train Loss: 0.1145, Train Steps/Sec: 1.81, Samples/Sec: 86.97
[[34m2025-06-06 20:40:38[0m] (step=0226300) Train Loss: 0.1067, Train Steps/Sec: 1.82, Samples/Sec: 87.20
[[34m2025-06-06 20:41:33[0m] (step=0226400) Train Loss: 0.1073, Train Steps/Sec: 1.82, Samples/Sec: 87.21
[[34m2025-06-06 20:42:28[0m] (step=0226500) Train Loss: 0.1057, Train Steps/Sec: 1.82, Samples/Sec: 87.23
[[34m2025-06-06 20:43:23[0m] (step=0226600) Train Loss: 0.1000, Train Steps/Sec: 1.82, Samples/Sec: 87.22
[[34m2025-06-06 20:44:18[0m] (step=0226700) Train Loss: 0.1067, Train Steps/Sec: 1.82, Samples/Sec: 87.23
[[34m2025-06-06 20:45:13[0m] (step=0226800) Train Loss: 0.1086, Train Steps/Sec: 1.81, Samples/Sec: 87.02
[[34m2025-06-06 20:46:09[0m] (step=0226900) Train Loss: 0.1042, Train Steps/Sec: 1.81, Samples/Sec: 87.11
[[34m2025-06-06 20:47:04[0m] (step=0227000) Train Loss: 0.1055, Train Steps/Sec: 1.82, Samples/Sec: 87.23
[[34m2025-06-06 20:47:59[0m] (step=0227100) Train Loss: 0.1047, Train Steps/Sec: 1.82, Samples/Sec: 87.20
[[34m2025-06-06 20:48:54[0m] (step=0227200) Train Loss: 0.1050, Train Steps/Sec: 1.82, Samples/Sec: 87.21
[[34m2025-06-06 20:49:49[0m] (step=0227300) Train Loss: 0.1083, Train Steps/Sec: 1.82, Samples/Sec: 87.21
[[34m2025-06-06 20:50:44[0m] (step=0227400) Train Loss: 0.1084, Train Steps/Sec: 1.82, Samples/Sec: 87.22
[[34m2025-06-06 20:51:39[0m] (step=0227500) Train Loss: 0.1049, Train Steps/Sec: 1.81, Samples/Sec: 86.95
[[34m2025-06-06 20:52:34[0m] (step=0227600) Train Loss: 0.1046, Train Steps/Sec: 1.81, Samples/Sec: 87.10
[[34m2025-06-06 20:53:29[0m] (step=0227700) Train Loss: 0.1024, Train Steps/Sec: 1.82, Samples/Sec: 87.23
[[34m2025-06-06 20:54:24[0m] (step=0227800) Train Loss: 0.1062, Train Steps/Sec: 1.82, Samples/Sec: 87.23
[[34m2025-06-06 20:55:19[0m] (step=0227900) Train Loss: 0.1050, Train Steps/Sec: 1.82, Samples/Sec: 87.22
[[34m2025-06-06 20:56:14[0m] (step=0228000) Train Loss: 0.1051, Train Steps/Sec: 1.82, Samples/Sec: 87.21
[[34m2025-06-06 20:56:27[0m] Saved checkpoint to logs/nwm_cdit_recon/checkpoints/latest.pth.tar
[[34m2025-06-06 20:57:22[0m] (step=0228100) Train Loss: 0.1025, Train Steps/Sec: 1.48, Samples/Sec: 70.82
[[34m2025-06-06 20:58:17[0m] (step=0228200) Train Loss: 0.1034, Train Steps/Sec: 1.81, Samples/Sec: 86.99
[[34m2025-06-06 20:59:12[0m] (step=0228300) Train Loss: 0.1025, Train Steps/Sec: 1.82, Samples/Sec: 87.21
[[34m2025-06-06 21:00:07[0m] (step=0228400) Train Loss: 0.1109, Train Steps/Sec: 1.82, Samples/Sec: 87.21
[[34m2025-06-06 21:01:02[0m] (step=0228500) Train Loss: 0.1056, Train Steps/Sec: 1.82, Samples/Sec: 87.21
[[34m2025-06-06 21:01:57[0m] (step=0228600) Train Loss: 0.1005, Train Steps/Sec: 1.82, Samples/Sec: 87.22
[[34m2025-06-06 21:02:52[0m] (step=0228700) Train Loss: 0.1099, Train Steps/Sec: 1.82, Samples/Sec: 87.22
[[34m2025-06-06 21:03:47[0m] (step=0228800) Train Loss: 0.1052, Train Steps/Sec: 1.81, Samples/Sec: 87.10
[[34m2025-06-06 21:04:43[0m] (step=0228900) Train Loss: 0.1009, Train Steps/Sec: 1.81, Samples/Sec: 86.98
[[34m2025-06-06 21:05:38[0m] (step=0229000) Train Loss: 0.1047, Train Steps/Sec: 1.82, Samples/Sec: 87.23
[[34m2025-06-06 21:06:33[0m] (step=0229100) Train Loss: 0.1045, Train Steps/Sec: 1.82, Samples/Sec: 87.25
[[34m2025-06-06 21:07:28[0m] (step=0229200) Train Loss: 0.1079, Train Steps/Sec: 1.82, Samples/Sec: 87.23
[[34m2025-06-06 21:08:23[0m] (step=0229300) Train Loss: 0.1024, Train Steps/Sec: 1.82, Samples/Sec: 87.22
[[34m2025-06-06 21:09:18[0m] (step=0229400) Train Loss: 0.1065, Train Steps/Sec: 1.82, Samples/Sec: 87.12
[[34m2025-06-06 21:10:13[0m] (step=0229500) Train Loss: 0.1052, Train Steps/Sec: 1.82, Samples/Sec: 87.13
[[34m2025-06-06 21:11:08[0m] (step=0229600) Train Loss: 0.1049, Train Steps/Sec: 1.81, Samples/Sec: 87.12
[[34m2025-06-06 21:12:03[0m] (step=0229700) Train Loss: 0.1088, Train Steps/Sec: 1.82, Samples/Sec: 87.22
[[34m2025-06-06 21:12:58[0m] (step=0229800) Train Loss: 0.1081, Train Steps/Sec: 1.82, Samples/Sec: 87.22
[[34m2025-06-06 21:13:53[0m] (step=0229900) Train Loss: 0.1067, Train Steps/Sec: 1.82, Samples/Sec: 87.22
[[34m2025-06-06 21:14:48[0m] (step=0230000) Train Loss: 0.1000, Train Steps/Sec: 1.82, Samples/Sec: 87.22
Using cache found in ./models/facebookresearch_dino_main
Using cache found in ./models/facebookresearch_dino_main
[[34m2025-06-06 21:15:01[0m] Saved checkpoint to logs/nwm_cdit_recon/checkpoints/latest.pth.tar
Using cache found in ./models/facebookresearch_dino_main
[[34m2025-06-06 21:15:04[0m] Already found a `peft_config` attribute in the model. This will lead to having multiple adapters in the model. Make sure to know what you are doing!
[[34m2025-06-06 21:17:23[0m] (step=0230000) Perceptual Loss: 0.1342, Eval Time: 141.93
[[34m2025-06-06 21:18:18[0m] (step=0230100) Train Loss: 0.1127, Train Steps/Sec: 0.48, Samples/Sec: 22.86
[[34m2025-06-06 21:19:13[0m] (step=0230200) Train Loss: 0.1109, Train Steps/Sec: 1.82, Samples/Sec: 87.22
[[34m2025-06-06 21:20:08[0m] (step=0230300) Train Loss: 0.1015, Train Steps/Sec: 1.82, Samples/Sec: 87.22
[[34m2025-06-06 21:21:03[0m] (step=0230400) Train Loss: 0.1099, Train Steps/Sec: 1.82, Samples/Sec: 87.23
[[34m2025-06-06 21:21:58[0m] (step=0230500) Train Loss: 0.1053, Train Steps/Sec: 1.82, Samples/Sec: 87.22
[[34m2025-06-06 21:22:53[0m] (step=0230600) Train Loss: 0.1057, Train Steps/Sec: 1.82, Samples/Sec: 87.24
[[34m2025-06-06 21:23:48[0m] (step=0230700) Train Loss: 0.1122, Train Steps/Sec: 1.81, Samples/Sec: 87.09
[[34m2025-06-06 21:24:44[0m] (step=0230800) Train Loss: 0.1063, Train Steps/Sec: 1.81, Samples/Sec: 86.98
[[34m2025-06-06 21:25:39[0m] (step=0230900) Train Loss: 0.1094, Train Steps/Sec: 1.82, Samples/Sec: 87.24
[[34m2025-06-06 21:26:34[0m] (step=0231000) Train Loss: 0.1096, Train Steps/Sec: 1.82, Samples/Sec: 87.24
[[34m2025-06-06 21:27:29[0m] (step=0231100) Train Loss: 0.1025, Train Steps/Sec: 1.82, Samples/Sec: 87.24
[[34m2025-06-06 21:28:24[0m] (step=0231200) Train Loss: 0.1048, Train Steps/Sec: 1.82, Samples/Sec: 87.23
[[34m2025-06-06 21:29:19[0m] (step=0231300) Train Loss: 0.1078, Train Steps/Sec: 1.82, Samples/Sec: 87.22
[[34m2025-06-06 21:30:14[0m] (step=0231400) Train Loss: 0.1037, Train Steps/Sec: 1.81, Samples/Sec: 87.03
[[34m2025-06-06 21:31:09[0m] (step=0231500) Train Loss: 0.1036, Train Steps/Sec: 1.82, Samples/Sec: 87.12
[[34m2025-06-06 21:32:04[0m] (step=0231600) Train Loss: 0.1018, Train Steps/Sec: 1.82, Samples/Sec: 87.23
[[34m2025-06-06 21:32:59[0m] (step=0231700) Train Loss: 0.1068, Train Steps/Sec: 1.82, Samples/Sec: 87.22
[[34m2025-06-06 21:33:54[0m] (step=0231800) Train Loss: 0.1083, Train Steps/Sec: 1.82, Samples/Sec: 87.21
[[34m2025-06-06 21:34:49[0m] (step=0231900) Train Loss: 0.1070, Train Steps/Sec: 1.82, Samples/Sec: 87.23
[[34m2025-06-06 21:35:44[0m] (step=0232000) Train Loss: 0.1082, Train Steps/Sec: 1.82, Samples/Sec: 87.23
[[34m2025-06-06 21:35:57[0m] Saved checkpoint to logs/nwm_cdit_recon/checkpoints/latest.pth.tar
[[34m2025-06-06 21:36:52[0m] (step=0232100) Train Loss: 0.1075, Train Steps/Sec: 1.47, Samples/Sec: 70.77
[[34m2025-06-06 21:37:47[0m] (step=0232200) Train Loss: 0.1040, Train Steps/Sec: 1.81, Samples/Sec: 87.07
[[34m2025-06-06 21:38:42[0m] (step=0232300) Train Loss: 0.1082, Train Steps/Sec: 1.82, Samples/Sec: 87.20
[[34m2025-06-06 21:39:37[0m] (step=0232400) Train Loss: 0.1087, Train Steps/Sec: 1.82, Samples/Sec: 87.23
[[34m2025-06-06 21:40:32[0m] (step=0232500) Train Loss: 0.1028, Train Steps/Sec: 1.82, Samples/Sec: 87.20
[[34m2025-06-06 21:41:27[0m] (step=0232600) Train Loss: 0.1073, Train Steps/Sec: 1.82, Samples/Sec: 87.23
[[34m2025-06-06 21:41:37[0m] Beginning epoch 21...
[[34m2025-06-06 21:42:23[0m] (step=0232700) Train Loss: 0.1084, Train Steps/Sec: 1.81, Samples/Sec: 86.80
[[34m2025-06-06 21:43:18[0m] (step=0232800) Train Loss: 0.1001, Train Steps/Sec: 1.81, Samples/Sec: 86.88
[[34m2025-06-06 21:44:13[0m] (step=0232900) Train Loss: 0.1027, Train Steps/Sec: 1.82, Samples/Sec: 87.22
[[34m2025-06-06 21:45:08[0m] (step=0233000) Train Loss: 0.1100, Train Steps/Sec: 1.82, Samples/Sec: 87.23
[[34m2025-06-06 21:46:03[0m] (step=0233100) Train Loss: 0.1090, Train Steps/Sec: 1.82, Samples/Sec: 87.22
[[34m2025-06-06 21:46:58[0m] (step=0233200) Train Loss: 0.1045, Train Steps/Sec: 1.82, Samples/Sec: 87.21
[[34m2025-06-06 21:47:53[0m] (step=0233300) Train Loss: 0.1055, Train Steps/Sec: 1.82, Samples/Sec: 87.22
[[34m2025-06-06 21:48:48[0m] (step=0233400) Train Loss: 0.1088, Train Steps/Sec: 1.82, Samples/Sec: 87.12
[[34m2025-06-06 21:49:43[0m] (step=0233500) Train Loss: 0.1058, Train Steps/Sec: 1.81, Samples/Sec: 86.95
[[34m2025-06-06 21:50:38[0m] (step=0233600) Train Loss: 0.0998, Train Steps/Sec: 1.82, Samples/Sec: 87.22
[[34m2025-06-06 21:51:33[0m] (step=0233700) Train Loss: 0.1125, Train Steps/Sec: 1.82, Samples/Sec: 87.21
[[34m2025-06-06 21:52:28[0m] (step=0233800) Train Loss: 0.1096, Train Steps/Sec: 1.82, Samples/Sec: 87.23
[[34m2025-06-06 21:53:23[0m] (step=0233900) Train Loss: 0.1063, Train Steps/Sec: 1.82, Samples/Sec: 87.22
[[34m2025-06-06 21:54:18[0m] (step=0234000) Train Loss: 0.1072, Train Steps/Sec: 1.82, Samples/Sec: 87.24
[[34m2025-06-06 21:54:31[0m] Saved checkpoint to logs/nwm_cdit_recon/checkpoints/latest.pth.tar
[[34m2025-06-06 21:55:26[0m] (step=0234100) Train Loss: 0.1042, Train Steps/Sec: 1.47, Samples/Sec: 70.77
[[34m2025-06-06 21:56:21[0m] (step=0234200) Train Loss: 0.1062, Train Steps/Sec: 1.81, Samples/Sec: 87.10
[[34m2025-06-06 21:57:16[0m] (step=0234300) Train Loss: 0.1082, Train Steps/Sec: 1.82, Samples/Sec: 87.22
[[34m2025-06-06 21:58:12[0m] (step=0234400) Train Loss: 0.1093, Train Steps/Sec: 1.82, Samples/Sec: 87.23
[[34m2025-06-06 21:59:07[0m] (step=0234500) Train Loss: 0.1053, Train Steps/Sec: 1.82, Samples/Sec: 87.23
[[34m2025-06-06 22:00:02[0m] (step=0234600) Train Loss: 0.1109, Train Steps/Sec: 1.82, Samples/Sec: 87.23
[[34m2025-06-06 22:00:57[0m] (step=0234700) Train Loss: 0.1032, Train Steps/Sec: 1.82, Samples/Sec: 87.15
[[34m2025-06-06 22:01:52[0m] (step=0234800) Train Loss: 0.1091, Train Steps/Sec: 1.81, Samples/Sec: 87.11
[[34m2025-06-06 22:02:47[0m] (step=0234900) Train Loss: 0.1029, Train Steps/Sec: 1.81, Samples/Sec: 87.11
[[34m2025-06-06 22:03:42[0m] (step=0235000) Train Loss: 0.1046, Train Steps/Sec: 1.82, Samples/Sec: 87.22
[[34m2025-06-06 22:04:37[0m] (step=0235100) Train Loss: 0.1035, Train Steps/Sec: 1.82, Samples/Sec: 87.23
[[34m2025-06-06 22:05:32[0m] (step=0235200) Train Loss: 0.1077, Train Steps/Sec: 1.82, Samples/Sec: 87.22
[[34m2025-06-06 22:06:27[0m] (step=0235300) Train Loss: 0.1073, Train Steps/Sec: 1.82, Samples/Sec: 87.23
[[34m2025-06-06 22:07:22[0m] (step=0235400) Train Loss: 0.1062, Train Steps/Sec: 1.81, Samples/Sec: 87.10
[[34m2025-06-06 22:08:17[0m] (step=0235500) Train Loss: 0.1047, Train Steps/Sec: 1.81, Samples/Sec: 87.01
[[34m2025-06-06 22:09:12[0m] (step=0235600) Train Loss: 0.1023, Train Steps/Sec: 1.82, Samples/Sec: 87.24
[[34m2025-06-06 22:10:07[0m] (step=0235700) Train Loss: 0.1077, Train Steps/Sec: 1.82, Samples/Sec: 87.24
[[34m2025-06-06 22:11:02[0m] (step=0235800) Train Loss: 0.1042, Train Steps/Sec: 1.82, Samples/Sec: 87.23
[[34m2025-06-06 22:11:57[0m] (step=0235900) Train Loss: 0.1029, Train Steps/Sec: 1.82, Samples/Sec: 87.22
[[34m2025-06-06 22:12:52[0m] (step=0236000) Train Loss: 0.1091, Train Steps/Sec: 1.82, Samples/Sec: 87.21
[[34m2025-06-06 22:13:06[0m] Saved checkpoint to logs/nwm_cdit_recon/checkpoints/latest.pth.tar
[[34m2025-06-06 22:14:01[0m] (step=0236100) Train Loss: 0.1080, Train Steps/Sec: 1.47, Samples/Sec: 70.41
[[34m2025-06-06 22:14:56[0m] (step=0236200) Train Loss: 0.1034, Train Steps/Sec: 1.81, Samples/Sec: 86.94
[[34m2025-06-06 22:15:51[0m] (step=0236300) Train Loss: 0.1060, Train Steps/Sec: 1.82, Samples/Sec: 87.21
[[34m2025-06-06 22:16:46[0m] (step=0236400) Train Loss: 0.1084, Train Steps/Sec: 1.82, Samples/Sec: 87.22
[[34m2025-06-06 22:17:41[0m] (step=0236500) Train Loss: 0.1127, Train Steps/Sec: 1.82, Samples/Sec: 87.22
[[34m2025-06-06 22:18:36[0m] (step=0236600) Train Loss: 0.1022, Train Steps/Sec: 1.82, Samples/Sec: 87.22
[[34m2025-06-06 22:19:31[0m] (step=0236700) Train Loss: 0.1038, Train Steps/Sec: 1.82, Samples/Sec: 87.23
[[34m2025-06-06 22:20:26[0m] (step=0236800) Train Loss: 0.1038, Train Steps/Sec: 1.81, Samples/Sec: 86.99
[[34m2025-06-06 22:21:21[0m] (step=0236900) Train Loss: 0.1084, Train Steps/Sec: 1.81, Samples/Sec: 87.11
[[34m2025-06-06 22:22:16[0m] (step=0237000) Train Loss: 0.1079, Train Steps/Sec: 1.82, Samples/Sec: 87.24
[[34m2025-06-06 22:23:11[0m] (step=0237100) Train Loss: 0.1113, Train Steps/Sec: 1.82, Samples/Sec: 87.23
[[34m2025-06-06 22:24:06[0m] (step=0237200) Train Loss: 0.1076, Train Steps/Sec: 1.82, Samples/Sec: 87.22
[[34m2025-06-06 22:25:01[0m] (step=0237300) Train Loss: 0.1082, Train Steps/Sec: 1.82, Samples/Sec: 87.22
[[34m2025-06-06 22:25:56[0m] (step=0237400) Train Loss: 0.1040, Train Steps/Sec: 1.82, Samples/Sec: 87.13
[[34m2025-06-06 22:26:52[0m] (step=0237500) Train Loss: 0.1056, Train Steps/Sec: 1.81, Samples/Sec: 87.11
[[34m2025-06-06 22:27:47[0m] (step=0237600) Train Loss: 0.1134, Train Steps/Sec: 1.81, Samples/Sec: 87.08
[[34m2025-06-06 22:28:42[0m] (step=0237700) Train Loss: 0.1033, Train Steps/Sec: 1.82, Samples/Sec: 87.22
[[34m2025-06-06 22:29:37[0m] (step=0237800) Train Loss: 0.1047, Train Steps/Sec: 1.82, Samples/Sec: 87.22
[[34m2025-06-06 22:30:32[0m] (step=0237900) Train Loss: 0.1044, Train Steps/Sec: 1.82, Samples/Sec: 87.24
[[34m2025-06-06 22:31:27[0m] (step=0238000) Train Loss: 0.1040, Train Steps/Sec: 1.82, Samples/Sec: 87.23
[[34m2025-06-06 22:31:40[0m] Saved checkpoint to logs/nwm_cdit_recon/checkpoints/latest.pth.tar
[[34m2025-06-06 22:32:35[0m] (step=0238100) Train Loss: 0.1140, Train Steps/Sec: 1.47, Samples/Sec: 70.73
[[34m2025-06-06 22:33:30[0m] (step=0238200) Train Loss: 0.1103, Train Steps/Sec: 1.81, Samples/Sec: 86.99
[[34m2025-06-06 22:34:25[0m] (step=0238300) Train Loss: 0.1082, Train Steps/Sec: 1.82, Samples/Sec: 87.20
[[34m2025-06-06 22:35:20[0m] (step=0238400) Train Loss: 0.1028, Train Steps/Sec: 1.82, Samples/Sec: 87.21
[[34m2025-06-06 22:36:15[0m] (step=0238500) Train Loss: 0.1098, Train Steps/Sec: 1.82, Samples/Sec: 87.20
[[34m2025-06-06 22:37:10[0m] (step=0238600) Train Loss: 0.1038, Train Steps/Sec: 1.82, Samples/Sec: 87.21
[[34m2025-06-06 22:38:05[0m] (step=0238700) Train Loss: 0.1065, Train Steps/Sec: 1.81, Samples/Sec: 87.11
[[34m2025-06-06 22:39:00[0m] (step=0238800) Train Loss: 0.1093, Train Steps/Sec: 1.82, Samples/Sec: 87.15
[[34m2025-06-06 22:39:55[0m] (step=0238900) Train Loss: 0.1083, Train Steps/Sec: 1.81, Samples/Sec: 86.90
[[34m2025-06-06 22:40:51[0m] (step=0239000) Train Loss: 0.1073, Train Steps/Sec: 1.81, Samples/Sec: 87.00
[[34m2025-06-06 22:41:46[0m] (step=0239100) Train Loss: 0.1041, Train Steps/Sec: 1.82, Samples/Sec: 87.18
[[34m2025-06-06 22:42:41[0m] (step=0239200) Train Loss: 0.1091, Train Steps/Sec: 1.82, Samples/Sec: 87.21
[[34m2025-06-06 22:43:36[0m] (step=0239300) Train Loss: 0.1084, Train Steps/Sec: 1.82, Samples/Sec: 87.21
[[34m2025-06-06 22:44:31[0m] (step=0239400) Train Loss: 0.1029, Train Steps/Sec: 1.81, Samples/Sec: 87.08
[[34m2025-06-06 22:45:26[0m] (step=0239500) Train Loss: 0.1096, Train Steps/Sec: 1.81, Samples/Sec: 87.08
[[34m2025-06-06 22:46:21[0m] (step=0239600) Train Loss: 0.1077, Train Steps/Sec: 1.81, Samples/Sec: 86.99
[[34m2025-06-06 22:47:16[0m] (step=0239700) Train Loss: 0.1030, Train Steps/Sec: 1.82, Samples/Sec: 87.14
[[34m2025-06-06 22:48:11[0m] (step=0239800) Train Loss: 0.1090, Train Steps/Sec: 1.82, Samples/Sec: 87.16
[[34m2025-06-06 22:49:06[0m] (step=0239900) Train Loss: 0.1041, Train Steps/Sec: 1.82, Samples/Sec: 87.16
[[34m2025-06-06 22:50:02[0m] (step=0240000) Train Loss: 0.1095, Train Steps/Sec: 1.81, Samples/Sec: 87.08
Using cache found in ./models/facebookresearch_dino_main
Using cache found in ./models/facebookresearch_dino_main
[[34m2025-06-06 22:50:25[0m] Saved checkpoint to logs/nwm_cdit_recon/checkpoints/0240000.pth.tar
Using cache found in ./models/facebookresearch_dino_main
[[34m2025-06-06 22:50:28[0m] Already found a `peft_config` attribute in the model. This will lead to having multiple adapters in the model. Make sure to know what you are doing!
[[34m2025-06-06 22:52:47[0m] (step=0240000) Perceptual Loss: 0.1556, Eval Time: 141.76
[[34m2025-06-06 22:53:42[0m] (step=0240100) Train Loss: 0.1064, Train Steps/Sec: 0.45, Samples/Sec: 21.72
[[34m2025-06-06 22:54:38[0m] (step=0240200) Train Loss: 0.1100, Train Steps/Sec: 1.82, Samples/Sec: 87.18
[[34m2025-06-06 22:55:33[0m] (step=0240300) Train Loss: 0.1080, Train Steps/Sec: 1.82, Samples/Sec: 87.18
[2025-06-06 22:56:11,723] torch.distributed.elastic.agent.server.api: [WARNING] Received Signals.SIGINT death signal, shutting down workers
[2025-06-06 22:56:11,726] torch.distributed.elastic.multiprocessing.api: [WARNING] Sending process 1690786 closing signal SIGINT
[2025-06-06 22:56:11,726] torch.distributed.elastic.multiprocessing.api: [WARNING] Sending process 1690787 closing signal SIGINT
[2025-06-06 22:56:11,726] torch.distributed.elastic.multiprocessing.api: [WARNING] Sending process 1690788 closing signal SIGINT
Traceback (most recent call last):
  File "train_recon.py", line 446, in <module>
    main(args)
  File "train_recon.py", line 299, in main
    loss_dict = diffusion.training_losses(model, x_start, t, model_kwargs)
  File "/data1/tpz/nwm-main/diffusion/respace.py", line 103, in training_losses
    return super().training_losses(self._wrap_model(model), *args, **kwargs)
  File "/data1/tpz/nwm-main/diffusion/gaussian_diffusion.py", line 737, in training_losses
    x_t = self.q_sample(x_start, t, noise=noise)
  File "/data1/tpz/nwm-main/diffusion/gaussian_diffusion.py", line 234, in q_sample
    _extract_into_tensor(self.sqrt_alphas_cumprod, t, x_start.shape) * x_start
  File "/data1/tpz/nwm-main/diffusion/gaussian_diffusion.py", line 876, in _extract_into_tensor
    res = th.from_numpy(arr).to(device=timesteps.device)[timesteps].float()
KeyboardInterrupt
Traceback (most recent call last):
  File "train_recon.py", line 446, in <module>
    main(args)
  File "train_recon.py", line 299, in main
    loss_dict = diffusion.training_losses(model, x_start, t, model_kwargs)
  File "/data1/tpz/nwm-main/diffusion/respace.py", line 103, in training_losses
    return super().training_losses(self._wrap_model(model), *args, **kwargs)
  File "/data1/tpz/nwm-main/diffusion/gaussian_diffusion.py", line 737, in training_losses
    x_t = self.q_sample(x_start, t, noise=noise)
  File "/data1/tpz/nwm-main/diffusion/gaussian_diffusion.py", line 234, in q_sample
    _extract_into_tensor(self.sqrt_alphas_cumprod, t, x_start.shape) * x_start
  File "/data1/tpz/nwm-main/diffusion/gaussian_diffusion.py", line 876, in _extract_into_tensor
    res = th.from_numpy(arr).to(device=timesteps.device)[timesteps].float()
KeyboardInterrupt
Traceback (most recent call last):
  File "train_recon.py", line 446, in <module>
    main(args)
  File "train_recon.py", line 299, in main
    loss_dict = diffusion.training_losses(model, x_start, t, model_kwargs)
  File "/data1/tpz/nwm-main/diffusion/respace.py", line 103, in training_losses
    return super().training_losses(self._wrap_model(model), *args, **kwargs)
  File "/data1/tpz/nwm-main/diffusion/gaussian_diffusion.py", line 737, in training_losses
    x_t = self.q_sample(x_start, t, noise=noise)
  File "/data1/tpz/nwm-main/diffusion/gaussian_diffusion.py", line 234, in q_sample
    _extract_into_tensor(self.sqrt_alphas_cumprod, t, x_start.shape) * x_start
  File "/data1/tpz/nwm-main/diffusion/gaussian_diffusion.py", line 876, in _extract_into_tensor
    res = th.from_numpy(arr).to(device=timesteps.device)[timesteps].float()
KeyboardInterrupt
Traceback (most recent call last):
  File "/data1/tpz/anaconda3/envs/nwm2/bin/torchrun", line 8, in <module>
    sys.exit(main())
  File "/data1/zwc/miniconda3/envs/nwm2/lib/python3.8/site-packages/torch/distributed/elastic/multiprocessing/errors/__init__.py", line 346, in wrapper
    return f(*args, **kwargs)
  File "/data1/zwc/miniconda3/envs/nwm2/lib/python3.8/site-packages/torch/distributed/run.py", line 806, in main
    run(args)
  File "/data1/zwc/miniconda3/envs/nwm2/lib/python3.8/site-packages/torch/distributed/run.py", line 797, in run
    elastic_launch(
  File "/data1/zwc/miniconda3/envs/nwm2/lib/python3.8/site-packages/torch/distributed/launcher/api.py", line 134, in __call__
    return launch_agent(self._config, self._entrypoint, list(args))
  File "/data1/zwc/miniconda3/envs/nwm2/lib/python3.8/site-packages/torch/distributed/launcher/api.py", line 255, in launch_agent
    result = agent.run()
  File "/data1/zwc/miniconda3/envs/nwm2/lib/python3.8/site-packages/torch/distributed/elastic/metrics/api.py", line 124, in wrapper
    result = f(*args, **kwargs)
  File "/data1/zwc/miniconda3/envs/nwm2/lib/python3.8/site-packages/torch/distributed/elastic/agent/server/api.py", line 736, in run
    result = self._invoke_run(role)
  File "/data1/zwc/miniconda3/envs/nwm2/lib/python3.8/site-packages/torch/distributed/elastic/agent/server/api.py", line 877, in _invoke_run
    time.sleep(monitor_interval)
  File "/data1/zwc/miniconda3/envs/nwm2/lib/python3.8/site-packages/torch/distributed/elastic/multiprocessing/api.py", line 62, in _terminate_process_handler
    raise SignalException(f"Process {os.getpid()} got signal: {sigval}", sigval=sigval)
torch.distributed.elastic.multiprocessing.api.SignalException: Process 1690717 got signal: 2
