[2025-05-13 05:54:02,175] torch.distributed.run: [WARNING] 
[2025-05-13 05:54:02,175] torch.distributed.run: [WARNING] *****************************************
[2025-05-13 05:54:02,175] torch.distributed.run: [WARNING] Setting OMP_NUM_THREADS environment variable for each process to be 1 in default, to avoid your system being overloaded, please further tune the variable for optimal performance in your application as needed. 
[2025-05-13 05:54:02,175] torch.distributed.run: [WARNING] *****************************************
[[34m2025-05-13 05:54:04[0m] Experiment directory created at logs/nwm_cdit_wuhan
[[34m2025-05-13 05:54:18[0m] CDiT Parameters: 1,011,959,456
[[34m2025-05-13 05:54:18[0m] Dataset contains 18,087 images
[[34m2025-05-13 05:54:18[0m] Training for 300 epochs...
[[34m2025-05-13 05:54:18[0m] Beginning epoch 0...
[[34m2025-05-13 05:55:17[0m] (step=0000100) Train Loss: 0.3423, Train Steps/Sec: 1.71, Samples/Sec: 81.94
[[34m2025-05-13 05:56:13[0m] (step=0000200) Train Loss: 0.2075, Train Steps/Sec: 1.80, Samples/Sec: 86.31
[[34m2025-05-13 05:57:08[0m] (step=0000300) Train Loss: 0.2066, Train Steps/Sec: 1.81, Samples/Sec: 86.66
[[34m2025-05-13 05:58:03[0m] (step=0000400) Train Loss: 0.2031, Train Steps/Sec: 1.80, Samples/Sec: 86.61
[[34m2025-05-13 05:58:59[0m] (step=0000500) Train Loss: 0.1905, Train Steps/Sec: 1.81, Samples/Sec: 86.66
[[34m2025-05-13 05:59:54[0m] (step=0000600) Train Loss: 0.1960, Train Steps/Sec: 1.81, Samples/Sec: 86.69
[[34m2025-05-13 06:00:49[0m] (step=0000700) Train Loss: 0.1888, Train Steps/Sec: 1.81, Samples/Sec: 86.69
[[34m2025-05-13 06:01:45[0m] (step=0000800) Train Loss: 0.1828, Train Steps/Sec: 1.80, Samples/Sec: 86.57
[[34m2025-05-13 06:02:40[0m] (step=0000900) Train Loss: 0.1918, Train Steps/Sec: 1.80, Samples/Sec: 86.51
[[34m2025-05-13 06:03:36[0m] (step=0001000) Train Loss: 0.1865, Train Steps/Sec: 1.81, Samples/Sec: 86.66
[[34m2025-05-13 06:04:31[0m] (step=0001100) Train Loss: 0.1762, Train Steps/Sec: 1.81, Samples/Sec: 86.68
[[34m2025-05-13 06:05:27[0m] (step=0001200) Train Loss: 0.1835, Train Steps/Sec: 1.81, Samples/Sec: 86.68
[[34m2025-05-13 06:06:22[0m] (step=0001300) Train Loss: 0.1856, Train Steps/Sec: 1.81, Samples/Sec: 86.68
[[34m2025-05-13 06:07:17[0m] (step=0001400) Train Loss: 0.1729, Train Steps/Sec: 1.81, Samples/Sec: 86.67
[[34m2025-05-13 06:08:13[0m] (step=0001500) Train Loss: 0.1745, Train Steps/Sec: 1.80, Samples/Sec: 86.37
[[34m2025-05-13 06:08:17[0m] Beginning epoch 1...
[[34m2025-05-13 06:09:09[0m] (step=0001600) Train Loss: 0.1763, Train Steps/Sec: 1.79, Samples/Sec: 86.07
[[34m2025-05-13 06:10:04[0m] (step=0001700) Train Loss: 0.1751, Train Steps/Sec: 1.80, Samples/Sec: 86.61
[[34m2025-05-13 06:10:59[0m] (step=0001800) Train Loss: 0.1682, Train Steps/Sec: 1.81, Samples/Sec: 86.68
[[34m2025-05-13 06:11:55[0m] (step=0001900) Train Loss: 0.1787, Train Steps/Sec: 1.81, Samples/Sec: 86.68
[[34m2025-05-13 06:12:50[0m] (step=0002000) Train Loss: 0.1791, Train Steps/Sec: 1.81, Samples/Sec: 86.67
[[34m2025-05-13 06:13:09[0m] Saved checkpoint to logs/nwm_cdit_wuhan/checkpoints/latest.pth.tar
[[34m2025-05-13 06:14:04[0m] (step=0002100) Train Loss: 0.1670, Train Steps/Sec: 1.35, Samples/Sec: 65.04
[[34m2025-05-13 06:14:59[0m] (step=0002200) Train Loss: 0.1740, Train Steps/Sec: 1.80, Samples/Sec: 86.56
[[34m2025-05-13 06:15:55[0m] (step=0002300) Train Loss: 0.1668, Train Steps/Sec: 1.81, Samples/Sec: 86.68
[[34m2025-05-13 06:16:50[0m] (step=0002400) Train Loss: 0.1725, Train Steps/Sec: 1.80, Samples/Sec: 86.64
[[34m2025-05-13 06:17:46[0m] (step=0002500) Train Loss: 0.1634, Train Steps/Sec: 1.81, Samples/Sec: 86.66
[[34m2025-05-13 06:18:41[0m] (step=0002600) Train Loss: 0.1724, Train Steps/Sec: 1.80, Samples/Sec: 86.64
[[34m2025-05-13 06:19:36[0m] (step=0002700) Train Loss: 0.1689, Train Steps/Sec: 1.81, Samples/Sec: 86.65
[[34m2025-05-13 06:20:32[0m] (step=0002800) Train Loss: 0.1624, Train Steps/Sec: 1.80, Samples/Sec: 86.30
[[34m2025-05-13 06:21:27[0m] (step=0002900) Train Loss: 0.1719, Train Steps/Sec: 1.81, Samples/Sec: 86.64
[[34m2025-05-13 06:22:23[0m] (step=0003000) Train Loss: 0.1587, Train Steps/Sec: 1.81, Samples/Sec: 86.68
[[34m2025-05-13 06:22:31[0m] Beginning epoch 2...
[[34m2025-05-13 06:23:19[0m] (step=0003100) Train Loss: 0.1628, Train Steps/Sec: 1.79, Samples/Sec: 86.15
[[34m2025-05-13 06:24:14[0m] (step=0003200) Train Loss: 0.1617, Train Steps/Sec: 1.81, Samples/Sec: 86.66
[[34m2025-05-13 06:25:09[0m] (step=0003300) Train Loss: 0.1537, Train Steps/Sec: 1.81, Samples/Sec: 86.64
[[34m2025-05-13 06:26:05[0m] (step=0003400) Train Loss: 0.1583, Train Steps/Sec: 1.80, Samples/Sec: 86.52
[[34m2025-05-13 06:27:00[0m] (step=0003500) Train Loss: 0.1598, Train Steps/Sec: 1.80, Samples/Sec: 86.50
[[34m2025-05-13 06:27:56[0m] (step=0003600) Train Loss: 0.1561, Train Steps/Sec: 1.81, Samples/Sec: 86.64
[[34m2025-05-13 06:28:51[0m] (step=0003700) Train Loss: 0.1588, Train Steps/Sec: 1.80, Samples/Sec: 86.61
[[34m2025-05-13 06:29:47[0m] (step=0003800) Train Loss: 0.1601, Train Steps/Sec: 1.80, Samples/Sec: 86.61
[[34m2025-05-13 06:30:42[0m] (step=0003900) Train Loss: 0.1571, Train Steps/Sec: 1.80, Samples/Sec: 86.61
[[34m2025-05-13 06:31:37[0m] (step=0004000) Train Loss: 0.1595, Train Steps/Sec: 1.80, Samples/Sec: 86.62
[[34m2025-05-13 06:31:57[0m] Saved checkpoint to logs/nwm_cdit_wuhan/checkpoints/latest.pth.tar
[[34m2025-05-13 06:32:53[0m] (step=0004100) Train Loss: 0.1559, Train Steps/Sec: 1.33, Samples/Sec: 63.71
[[34m2025-05-13 06:33:48[0m] (step=0004200) Train Loss: 0.1526, Train Steps/Sec: 1.80, Samples/Sec: 86.56
[[34m2025-05-13 06:34:44[0m] (step=0004300) Train Loss: 0.1561, Train Steps/Sec: 1.80, Samples/Sec: 86.62
[[34m2025-05-13 06:35:39[0m] (step=0004400) Train Loss: 0.1562, Train Steps/Sec: 1.80, Samples/Sec: 86.62
[[34m2025-05-13 06:36:34[0m] (step=0004500) Train Loss: 0.1519, Train Steps/Sec: 1.80, Samples/Sec: 86.63
[[34m2025-05-13 06:36:46[0m] Beginning epoch 3...
[[34m2025-05-13 06:37:30[0m] (step=0004600) Train Loss: 0.1551, Train Steps/Sec: 1.79, Samples/Sec: 86.03
[[34m2025-05-13 06:38:26[0m] (step=0004700) Train Loss: 0.1505, Train Steps/Sec: 1.80, Samples/Sec: 86.45
[[34m2025-05-13 06:39:21[0m] (step=0004800) Train Loss: 0.1571, Train Steps/Sec: 1.80, Samples/Sec: 86.40
[[34m2025-05-13 06:40:17[0m] (step=0004900) Train Loss: 0.1551, Train Steps/Sec: 1.80, Samples/Sec: 86.57
[[34m2025-05-13 06:41:12[0m] (step=0005000) Train Loss: 0.1535, Train Steps/Sec: 1.80, Samples/Sec: 86.56
[[34m2025-05-13 06:42:08[0m] (step=0005100) Train Loss: 0.1536, Train Steps/Sec: 1.80, Samples/Sec: 86.63
[[34m2025-05-13 06:43:03[0m] (step=0005200) Train Loss: 0.1455, Train Steps/Sec: 1.80, Samples/Sec: 86.64
[[34m2025-05-13 06:43:59[0m] (step=0005300) Train Loss: 0.1484, Train Steps/Sec: 1.80, Samples/Sec: 86.47
[[34m2025-05-13 06:44:54[0m] (step=0005400) Train Loss: 0.1534, Train Steps/Sec: 1.80, Samples/Sec: 86.58
[[34m2025-05-13 06:45:50[0m] (step=0005500) Train Loss: 0.1503, Train Steps/Sec: 1.80, Samples/Sec: 86.37
[[34m2025-05-13 06:46:45[0m] (step=0005600) Train Loss: 0.1527, Train Steps/Sec: 1.80, Samples/Sec: 86.58
[[34m2025-05-13 06:47:40[0m] (step=0005700) Train Loss: 0.1488, Train Steps/Sec: 1.80, Samples/Sec: 86.57
[[34m2025-05-13 06:48:36[0m] (step=0005800) Train Loss: 0.1547, Train Steps/Sec: 1.80, Samples/Sec: 86.57
[[34m2025-05-13 06:49:31[0m] (step=0005900) Train Loss: 0.1467, Train Steps/Sec: 1.80, Samples/Sec: 86.61
[[34m2025-05-13 06:50:27[0m] (step=0006000) Train Loss: 0.1450, Train Steps/Sec: 1.80, Samples/Sec: 86.48
[[34m2025-05-13 06:50:43[0m] Saved checkpoint to logs/nwm_cdit_wuhan/checkpoints/latest.pth.tar
[[34m2025-05-13 06:50:58[0m] Beginning epoch 4...
[[34m2025-05-13 06:51:39[0m] (step=0006100) Train Loss: 0.1495, Train Steps/Sec: 1.39, Samples/Sec: 66.80
[[34m2025-05-13 06:52:34[0m] (step=0006200) Train Loss: 0.1497, Train Steps/Sec: 1.80, Samples/Sec: 86.53
[[34m2025-05-13 06:53:30[0m] (step=0006300) Train Loss: 0.1489, Train Steps/Sec: 1.80, Samples/Sec: 86.62
[[34m2025-05-13 06:54:25[0m] (step=0006400) Train Loss: 0.1394, Train Steps/Sec: 1.80, Samples/Sec: 86.64
[[34m2025-05-13 06:55:20[0m] (step=0006500) Train Loss: 0.1478, Train Steps/Sec: 1.80, Samples/Sec: 86.61
[[34m2025-05-13 06:56:16[0m] (step=0006600) Train Loss: 0.1451, Train Steps/Sec: 1.80, Samples/Sec: 86.51
[[34m2025-05-13 06:57:11[0m] (step=0006700) Train Loss: 0.1444, Train Steps/Sec: 1.80, Samples/Sec: 86.56
[[34m2025-05-13 06:58:07[0m] (step=0006800) Train Loss: 0.1474, Train Steps/Sec: 1.80, Samples/Sec: 86.41
[[34m2025-05-13 06:59:02[0m] (step=0006900) Train Loss: 0.1453, Train Steps/Sec: 1.80, Samples/Sec: 86.58
[[34m2025-05-13 06:59:58[0m] (step=0007000) Train Loss: 0.1398, Train Steps/Sec: 1.80, Samples/Sec: 86.56
[[34m2025-05-13 07:00:53[0m] (step=0007100) Train Loss: 0.1453, Train Steps/Sec: 1.80, Samples/Sec: 86.57
[[34m2025-05-13 07:01:49[0m] (step=0007200) Train Loss: 0.1432, Train Steps/Sec: 1.80, Samples/Sec: 86.45
[[34m2025-05-13 07:02:44[0m] (step=0007300) Train Loss: 0.1433, Train Steps/Sec: 1.80, Samples/Sec: 86.57
[[34m2025-05-13 07:03:40[0m] (step=0007400) Train Loss: 0.1398, Train Steps/Sec: 1.80, Samples/Sec: 86.55
[[34m2025-05-13 07:04:35[0m] (step=0007500) Train Loss: 0.1452, Train Steps/Sec: 1.80, Samples/Sec: 86.40
[[34m2025-05-13 07:04:55[0m] Beginning epoch 5...
[[34m2025-05-13 07:05:31[0m] (step=0007600) Train Loss: 0.1403, Train Steps/Sec: 1.79, Samples/Sec: 86.03
[[34m2025-05-13 07:06:26[0m] (step=0007700) Train Loss: 0.1461, Train Steps/Sec: 1.80, Samples/Sec: 86.56
[[34m2025-05-13 07:07:22[0m] (step=0007800) Train Loss: 0.1452, Train Steps/Sec: 1.80, Samples/Sec: 86.61
[[34m2025-05-13 07:08:17[0m] (step=0007900) Train Loss: 0.1367, Train Steps/Sec: 1.80, Samples/Sec: 86.50
[[34m2025-05-13 07:09:13[0m] (step=0008000) Train Loss: 0.1430, Train Steps/Sec: 1.80, Samples/Sec: 86.57
[[34m2025-05-13 07:09:28[0m] Saved checkpoint to logs/nwm_cdit_wuhan/checkpoints/latest.pth.tar
[[34m2025-05-13 07:10:24[0m] (step=0008100) Train Loss: 0.1416, Train Steps/Sec: 1.41, Samples/Sec: 67.71
[[34m2025-05-13 07:11:19[0m] (step=0008200) Train Loss: 0.1358, Train Steps/Sec: 1.80, Samples/Sec: 86.54
[[34m2025-05-13 07:12:15[0m] (step=0008300) Train Loss: 0.1418, Train Steps/Sec: 1.80, Samples/Sec: 86.52
[[34m2025-05-13 07:13:10[0m] (step=0008400) Train Loss: 0.1399, Train Steps/Sec: 1.80, Samples/Sec: 86.57
[[34m2025-05-13 07:14:06[0m] (step=0008500) Train Loss: 0.1444, Train Steps/Sec: 1.80, Samples/Sec: 86.47
[[34m2025-05-13 07:15:01[0m] (step=0008600) Train Loss: 0.1387, Train Steps/Sec: 1.80, Samples/Sec: 86.54
[[34m2025-05-13 07:15:56[0m] (step=0008700) Train Loss: 0.1368, Train Steps/Sec: 1.80, Samples/Sec: 86.62
[[34m2025-05-13 07:16:52[0m] (step=0008800) Train Loss: 0.1365, Train Steps/Sec: 1.80, Samples/Sec: 86.47
[[34m2025-05-13 07:17:47[0m] (step=0008900) Train Loss: 0.1446, Train Steps/Sec: 1.81, Samples/Sec: 86.66
[[34m2025-05-13 07:18:43[0m] (step=0009000) Train Loss: 0.1334, Train Steps/Sec: 1.81, Samples/Sec: 86.65
[[34m2025-05-13 07:19:06[0m] Beginning epoch 6...
[[34m2025-05-13 07:19:39[0m] (step=0009100) Train Loss: 0.1331, Train Steps/Sec: 1.79, Samples/Sec: 85.94
[[34m2025-05-13 07:20:34[0m] (step=0009200) Train Loss: 0.1356, Train Steps/Sec: 1.81, Samples/Sec: 86.71
[[34m2025-05-13 07:21:29[0m] (step=0009300) Train Loss: 0.1347, Train Steps/Sec: 1.81, Samples/Sec: 86.66
[[34m2025-05-13 07:22:25[0m] (step=0009400) Train Loss: 0.1382, Train Steps/Sec: 1.80, Samples/Sec: 86.50
[[34m2025-05-13 07:23:20[0m] (step=0009500) Train Loss: 0.1373, Train Steps/Sec: 1.81, Samples/Sec: 86.67
[[34m2025-05-13 07:24:16[0m] (step=0009600) Train Loss: 0.1407, Train Steps/Sec: 1.81, Samples/Sec: 86.67
[[34m2025-05-13 07:25:11[0m] (step=0009700) Train Loss: 0.1360, Train Steps/Sec: 1.81, Samples/Sec: 86.70
[[34m2025-05-13 07:26:06[0m] (step=0009800) Train Loss: 0.1327, Train Steps/Sec: 1.80, Samples/Sec: 86.58
[[34m2025-05-13 07:27:02[0m] (step=0009900) Train Loss: 0.1364, Train Steps/Sec: 1.81, Samples/Sec: 86.70
[[34m2025-05-13 07:27:57[0m] (step=0010000) Train Loss: 0.1352, Train Steps/Sec: 1.81, Samples/Sec: 86.66
Using cache found in ./models/facebookresearch_dino_main
Using cache found in ./models/facebookresearch_dino_main
/data1/zwc/miniconda3/envs/nwm2/lib/python3.8/site-packages/torch/_utils.py:831: UserWarning: TypedStorage is deprecated. It will be removed in the future and UntypedStorage will be the only storage class. This should only matter to you if you are using storages directly.  To access UntypedStorage directly, use tensor.untyped_storage() instead of tensor.storage()
  return self.fget.__get__(instance, owner)()
/data1/zwc/miniconda3/envs/nwm2/lib/python3.8/site-packages/torch/_utils.py:831: UserWarning: TypedStorage is deprecated. It will be removed in the future and UntypedStorage will be the only storage class. This should only matter to you if you are using storages directly.  To access UntypedStorage directly, use tensor.untyped_storage() instead of tensor.storage()
  return self.fget.__get__(instance, owner)()
/data1/zwc/miniconda3/envs/nwm2/lib/python3.8/site-packages/torch/nn/utils/weight_norm.py:30: UserWarning: torch.nn.utils.weight_norm is deprecated in favor of torch.nn.utils.parametrizations.weight_norm.
  warnings.warn("torch.nn.utils.weight_norm is deprecated in favor of torch.nn.utils.parametrizations.weight_norm.")
/data1/zwc/miniconda3/envs/nwm2/lib/python3.8/site-packages/torch/nn/utils/weight_norm.py:30: UserWarning: torch.nn.utils.weight_norm is deprecated in favor of torch.nn.utils.parametrizations.weight_norm.
  warnings.warn("torch.nn.utils.weight_norm is deprecated in favor of torch.nn.utils.parametrizations.weight_norm.")
[[34m2025-05-13 07:28:16[0m] Saved checkpoint to logs/nwm_cdit_wuhan/checkpoints/latest.pth.tar
Using cache found in ./models/facebookresearch_dino_main
/data1/zwc/miniconda3/envs/nwm2/lib/python3.8/site-packages/torch/_utils.py:831: UserWarning: TypedStorage is deprecated. It will be removed in the future and UntypedStorage will be the only storage class. This should only matter to you if you are using storages directly.  To access UntypedStorage directly, use tensor.untyped_storage() instead of tensor.storage()
  return self.fget.__get__(instance, owner)()
/data1/zwc/miniconda3/envs/nwm2/lib/python3.8/site-packages/torch/nn/utils/weight_norm.py:30: UserWarning: torch.nn.utils.weight_norm is deprecated in favor of torch.nn.utils.parametrizations.weight_norm.
  warnings.warn("torch.nn.utils.weight_norm is deprecated in favor of torch.nn.utils.parametrizations.weight_norm.")
[[34m2025-05-13 07:28:19[0m] Already found a `peft_config` attribute in the model. This will lead to having multiple adapters in the model. Make sure to know what you are doing!
[[34m2025-05-13 07:30:39[0m] (step=0010000) Perceptual Loss: 0.8698, Eval Time: 142.88
[[34m2025-05-13 07:31:34[0m] (step=0010100) Train Loss: 0.1326, Train Steps/Sec: 0.46, Samples/Sec: 22.11
[[34m2025-05-13 07:32:30[0m] (step=0010200) Train Loss: 0.1319, Train Steps/Sec: 1.80, Samples/Sec: 86.59
[[34m2025-05-13 07:33:25[0m] (step=0010300) Train Loss: 0.1290, Train Steps/Sec: 1.80, Samples/Sec: 86.39
[[34m2025-05-13 07:34:21[0m] (step=0010400) Train Loss: 0.1340, Train Steps/Sec: 1.80, Samples/Sec: 86.57
[[34m2025-05-13 07:35:16[0m] (step=0010500) Train Loss: 0.1377, Train Steps/Sec: 1.80, Samples/Sec: 86.54
[[34m2025-05-13 07:35:43[0m] Beginning epoch 7...
[[34m2025-05-13 07:36:12[0m] (step=0010600) Train Loss: 0.1359, Train Steps/Sec: 1.79, Samples/Sec: 85.73
[[34m2025-05-13 07:37:08[0m] (step=0010700) Train Loss: 0.1393, Train Steps/Sec: 1.80, Samples/Sec: 86.58
[[34m2025-05-13 07:38:03[0m] (step=0010800) Train Loss: 0.1318, Train Steps/Sec: 1.80, Samples/Sec: 86.56
[[34m2025-05-13 07:38:59[0m] (step=0010900) Train Loss: 0.1265, Train Steps/Sec: 1.80, Samples/Sec: 86.60
[[34m2025-05-13 07:39:54[0m] (step=0011000) Train Loss: 0.1317, Train Steps/Sec: 1.80, Samples/Sec: 86.43
[[34m2025-05-13 07:40:50[0m] (step=0011100) Train Loss: 0.1289, Train Steps/Sec: 1.80, Samples/Sec: 86.53
[[34m2025-05-13 07:41:45[0m] (step=0011200) Train Loss: 0.1278, Train Steps/Sec: 1.80, Samples/Sec: 86.56
[[34m2025-05-13 07:42:41[0m] (step=0011300) Train Loss: 0.1305, Train Steps/Sec: 1.80, Samples/Sec: 86.31
[[34m2025-05-13 07:43:36[0m] (step=0011400) Train Loss: 0.1365, Train Steps/Sec: 1.80, Samples/Sec: 86.57
[[34m2025-05-13 07:44:31[0m] (step=0011500) Train Loss: 0.1352, Train Steps/Sec: 1.80, Samples/Sec: 86.56
[[34m2025-05-13 07:45:27[0m] (step=0011600) Train Loss: 0.1309, Train Steps/Sec: 1.80, Samples/Sec: 86.55
[[34m2025-05-13 07:46:22[0m] (step=0011700) Train Loss: 0.1333, Train Steps/Sec: 1.80, Samples/Sec: 86.47
[[34m2025-05-13 07:47:18[0m] (step=0011800) Train Loss: 0.1295, Train Steps/Sec: 1.80, Samples/Sec: 86.55
[[34m2025-05-13 07:48:13[0m] (step=0011900) Train Loss: 0.1308, Train Steps/Sec: 1.80, Samples/Sec: 86.56
[[34m2025-05-13 07:49:09[0m] (step=0012000) Train Loss: 0.1290, Train Steps/Sec: 1.80, Samples/Sec: 86.36
[[34m2025-05-13 07:49:23[0m] Saved checkpoint to logs/nwm_cdit_wuhan/checkpoints/latest.pth.tar
[[34m2025-05-13 07:49:54[0m] Beginning epoch 8...
[[34m2025-05-13 07:50:19[0m] (step=0012100) Train Loss: 0.1296, Train Steps/Sec: 1.44, Samples/Sec: 68.91
[[34m2025-05-13 07:51:14[0m] (step=0012200) Train Loss: 0.1299, Train Steps/Sec: 1.80, Samples/Sec: 86.45
[[34m2025-05-13 07:52:10[0m] (step=0012300) Train Loss: 0.1296, Train Steps/Sec: 1.80, Samples/Sec: 86.57
[[34m2025-05-13 07:53:05[0m] (step=0012400) Train Loss: 0.1255, Train Steps/Sec: 1.80, Samples/Sec: 86.55
[[34m2025-05-13 07:54:00[0m] (step=0012500) Train Loss: 0.1269, Train Steps/Sec: 1.80, Samples/Sec: 86.57
[[34m2025-05-13 07:54:56[0m] (step=0012600) Train Loss: 0.1294, Train Steps/Sec: 1.80, Samples/Sec: 86.36
[[34m2025-05-13 07:55:52[0m] (step=0012700) Train Loss: 0.1310, Train Steps/Sec: 1.80, Samples/Sec: 86.60
[[34m2025-05-13 07:56:47[0m] (step=0012800) Train Loss: 0.1293, Train Steps/Sec: 1.80, Samples/Sec: 86.56
[[34m2025-05-13 07:57:42[0m] (step=0012900) Train Loss: 0.1259, Train Steps/Sec: 1.80, Samples/Sec: 86.45
[[34m2025-05-13 07:58:38[0m] (step=0013000) Train Loss: 0.1327, Train Steps/Sec: 1.80, Samples/Sec: 86.58
[[34m2025-05-13 07:59:33[0m] (step=0013100) Train Loss: 0.1314, Train Steps/Sec: 1.80, Samples/Sec: 86.56
[[34m2025-05-13 08:00:29[0m] (step=0013200) Train Loss: 0.1287, Train Steps/Sec: 1.80, Samples/Sec: 86.58
[[34m2025-05-13 08:01:24[0m] (step=0013300) Train Loss: 0.1335, Train Steps/Sec: 1.80, Samples/Sec: 86.39
[[34m2025-05-13 08:02:20[0m] (step=0013400) Train Loss: 0.1277, Train Steps/Sec: 1.80, Samples/Sec: 86.57
[[34m2025-05-13 08:03:15[0m] (step=0013500) Train Loss: 0.1271, Train Steps/Sec: 1.80, Samples/Sec: 86.59
[[34m2025-05-13 08:03:50[0m] Beginning epoch 9...
[[34m2025-05-13 08:04:11[0m] (step=0013600) Train Loss: 0.1257, Train Steps/Sec: 1.79, Samples/Sec: 85.85
[[34m2025-05-13 08:05:07[0m] (step=0013700) Train Loss: 0.1265, Train Steps/Sec: 1.80, Samples/Sec: 86.58
[[34m2025-05-13 08:06:02[0m] (step=0013800) Train Loss: 0.1261, Train Steps/Sec: 1.80, Samples/Sec: 86.54
[[34m2025-05-13 08:06:58[0m] (step=0013900) Train Loss: 0.1240, Train Steps/Sec: 1.80, Samples/Sec: 86.55
[[34m2025-05-13 08:07:53[0m] (step=0014000) Train Loss: 0.1286, Train Steps/Sec: 1.80, Samples/Sec: 86.39
[[34m2025-05-13 08:08:07[0m] Saved checkpoint to logs/nwm_cdit_wuhan/checkpoints/latest.pth.tar
[[34m2025-05-13 08:09:02[0m] (step=0014100) Train Loss: 0.1335, Train Steps/Sec: 1.44, Samples/Sec: 69.29
[[34m2025-05-13 08:09:58[0m] (step=0014200) Train Loss: 0.1241, Train Steps/Sec: 1.80, Samples/Sec: 86.45
[[34m2025-05-13 08:10:53[0m] (step=0014300) Train Loss: 0.1183, Train Steps/Sec: 1.80, Samples/Sec: 86.58
[[34m2025-05-13 08:11:49[0m] (step=0014400) Train Loss: 0.1243, Train Steps/Sec: 1.80, Samples/Sec: 86.54
[[34m2025-05-13 08:12:44[0m] (step=0014500) Train Loss: 0.1255, Train Steps/Sec: 1.80, Samples/Sec: 86.53
[[34m2025-05-13 08:13:40[0m] (step=0014600) Train Loss: 0.1255, Train Steps/Sec: 1.80, Samples/Sec: 86.58
[[34m2025-05-13 08:14:35[0m] (step=0014700) Train Loss: 0.1266, Train Steps/Sec: 1.80, Samples/Sec: 86.41
[[34m2025-05-13 08:15:31[0m] (step=0014800) Train Loss: 0.1237, Train Steps/Sec: 1.80, Samples/Sec: 86.61
[[34m2025-05-13 08:16:26[0m] (step=0014900) Train Loss: 0.1210, Train Steps/Sec: 1.80, Samples/Sec: 86.46
[[34m2025-05-13 08:17:22[0m] (step=0015000) Train Loss: 0.1265, Train Steps/Sec: 1.80, Samples/Sec: 86.58
[[34m2025-05-13 08:18:00[0m] Beginning epoch 10...
[[34m2025-05-13 08:18:17[0m] (step=0015100) Train Loss: 0.1246, Train Steps/Sec: 1.79, Samples/Sec: 86.07
[[34m2025-05-13 08:19:13[0m] (step=0015200) Train Loss: 0.1254, Train Steps/Sec: 1.80, Samples/Sec: 86.57
[[34m2025-05-13 08:20:08[0m] (step=0015300) Train Loss: 0.1248, Train Steps/Sec: 1.80, Samples/Sec: 86.36
[[34m2025-05-13 08:21:04[0m] (step=0015400) Train Loss: 0.1251, Train Steps/Sec: 1.80, Samples/Sec: 86.58
[[34m2025-05-13 08:21:59[0m] (step=0015500) Train Loss: 0.1271, Train Steps/Sec: 1.80, Samples/Sec: 86.60
[[34m2025-05-13 08:22:55[0m] (step=0015600) Train Loss: 0.1212, Train Steps/Sec: 1.80, Samples/Sec: 86.48
[[34m2025-05-13 08:23:50[0m] (step=0015700) Train Loss: 0.1219, Train Steps/Sec: 1.80, Samples/Sec: 86.57
[[34m2025-05-13 08:24:46[0m] (step=0015800) Train Loss: 0.1247, Train Steps/Sec: 1.80, Samples/Sec: 86.60
[[34m2025-05-13 08:25:41[0m] (step=0015900) Train Loss: 0.1197, Train Steps/Sec: 1.80, Samples/Sec: 86.52
[[34m2025-05-13 08:26:37[0m] (step=0016000) Train Loss: 0.1208, Train Steps/Sec: 1.80, Samples/Sec: 86.40
[[34m2025-05-13 08:26:51[0m] Saved checkpoint to logs/nwm_cdit_wuhan/checkpoints/latest.pth.tar
[[34m2025-05-13 08:27:46[0m] (step=0016100) Train Loss: 0.1279, Train Steps/Sec: 1.44, Samples/Sec: 69.19
[[34m2025-05-13 08:28:42[0m] (step=0016200) Train Loss: 0.1211, Train Steps/Sec: 1.80, Samples/Sec: 86.43
[[34m2025-05-13 08:29:37[0m] (step=0016300) Train Loss: 0.1213, Train Steps/Sec: 1.80, Samples/Sec: 86.57
[[34m2025-05-13 08:30:33[0m] (step=0016400) Train Loss: 0.1197, Train Steps/Sec: 1.80, Samples/Sec: 86.62
[[34m2025-05-13 08:31:28[0m] (step=0016500) Train Loss: 0.1275, Train Steps/Sec: 1.80, Samples/Sec: 86.54
[[34m2025-05-13 08:32:11[0m] Beginning epoch 11...
[[34m2025-05-13 08:32:24[0m] (step=0016600) Train Loss: 0.1247, Train Steps/Sec: 1.79, Samples/Sec: 86.03
[[34m2025-05-13 08:33:19[0m] (step=0016700) Train Loss: 0.1202, Train Steps/Sec: 1.80, Samples/Sec: 86.35
[[34m2025-05-13 08:34:15[0m] (step=0016800) Train Loss: 0.1163, Train Steps/Sec: 1.80, Samples/Sec: 86.45
[[34m2025-05-13 08:35:10[0m] (step=0016900) Train Loss: 0.1194, Train Steps/Sec: 1.80, Samples/Sec: 86.59
[[34m2025-05-13 08:36:06[0m] (step=0017000) Train Loss: 0.1214, Train Steps/Sec: 1.80, Samples/Sec: 86.55
[[34m2025-05-13 08:37:01[0m] (step=0017100) Train Loss: 0.1241, Train Steps/Sec: 1.80, Samples/Sec: 86.58
[[34m2025-05-13 08:37:57[0m] (step=0017200) Train Loss: 0.1201, Train Steps/Sec: 1.80, Samples/Sec: 86.57
[[34m2025-05-13 08:38:52[0m] (step=0017300) Train Loss: 0.1215, Train Steps/Sec: 1.80, Samples/Sec: 86.56
[[34m2025-05-13 08:39:48[0m] (step=0017400) Train Loss: 0.1184, Train Steps/Sec: 1.80, Samples/Sec: 86.40
[[34m2025-05-13 08:40:43[0m] (step=0017500) Train Loss: 0.1161, Train Steps/Sec: 1.80, Samples/Sec: 86.43
[[34m2025-05-13 08:41:39[0m] (step=0017600) Train Loss: 0.1309, Train Steps/Sec: 1.80, Samples/Sec: 86.59
[[34m2025-05-13 08:42:34[0m] (step=0017700) Train Loss: 0.1216, Train Steps/Sec: 1.80, Samples/Sec: 86.56
[[34m2025-05-13 08:43:30[0m] (step=0017800) Train Loss: 0.1184, Train Steps/Sec: 1.80, Samples/Sec: 86.57
[[34m2025-05-13 08:44:25[0m] (step=0017900) Train Loss: 0.1210, Train Steps/Sec: 1.80, Samples/Sec: 86.59
[[34m2025-05-13 08:45:21[0m] (step=0018000) Train Loss: 0.1237, Train Steps/Sec: 1.80, Samples/Sec: 86.36
[[34m2025-05-13 08:45:34[0m] Saved checkpoint to logs/nwm_cdit_wuhan/checkpoints/latest.pth.tar
[[34m2025-05-13 08:46:21[0m] Beginning epoch 12...
[[34m2025-05-13 08:46:30[0m] (step=0018100) Train Loss: 0.1226, Train Steps/Sec: 1.44, Samples/Sec: 68.97
[[34m2025-05-13 08:47:26[0m] (step=0018200) Train Loss: 0.1181, Train Steps/Sec: 1.80, Samples/Sec: 86.59
[[34m2025-05-13 08:48:21[0m] (step=0018300) Train Loss: 0.1218, Train Steps/Sec: 1.80, Samples/Sec: 86.55
[[34m2025-05-13 08:49:17[0m] (step=0018400) Train Loss: 0.1236, Train Steps/Sec: 1.80, Samples/Sec: 86.55
[[34m2025-05-13 08:50:12[0m] (step=0018500) Train Loss: 0.1257, Train Steps/Sec: 1.80, Samples/Sec: 86.59
[[34m2025-05-13 08:51:07[0m] (step=0018600) Train Loss: 0.1151, Train Steps/Sec: 1.80, Samples/Sec: 86.56
[[34m2025-05-13 08:52:03[0m] (step=0018700) Train Loss: 0.1143, Train Steps/Sec: 1.80, Samples/Sec: 86.42
[[34m2025-05-13 08:52:58[0m] (step=0018800) Train Loss: 0.1159, Train Steps/Sec: 1.80, Samples/Sec: 86.46
[[34m2025-05-13 08:53:54[0m] (step=0018900) Train Loss: 0.1203, Train Steps/Sec: 1.80, Samples/Sec: 86.59
[[34m2025-05-13 08:54:49[0m] (step=0019000) Train Loss: 0.1206, Train Steps/Sec: 1.80, Samples/Sec: 86.54
[[34m2025-05-13 08:55:45[0m] (step=0019100) Train Loss: 0.1206, Train Steps/Sec: 1.80, Samples/Sec: 86.55
[[34m2025-05-13 08:56:40[0m] (step=0019200) Train Loss: 0.1189, Train Steps/Sec: 1.80, Samples/Sec: 86.58
[[34m2025-05-13 08:57:36[0m] (step=0019300) Train Loss: 0.1210, Train Steps/Sec: 1.80, Samples/Sec: 86.56
[[34m2025-05-13 08:58:31[0m] (step=0019400) Train Loss: 0.1226, Train Steps/Sec: 1.80, Samples/Sec: 86.38
[[34m2025-05-13 08:59:27[0m] (step=0019500) Train Loss: 0.1198, Train Steps/Sec: 1.80, Samples/Sec: 86.45
[[34m2025-05-13 09:00:17[0m] Beginning epoch 13...
[[34m2025-05-13 09:00:23[0m] (step=0019600) Train Loss: 0.1179, Train Steps/Sec: 1.79, Samples/Sec: 86.08
[[34m2025-05-13 09:01:18[0m] (step=0019700) Train Loss: 0.1249, Train Steps/Sec: 1.80, Samples/Sec: 86.57
[[34m2025-05-13 09:02:13[0m] (step=0019800) Train Loss: 0.1151, Train Steps/Sec: 1.80, Samples/Sec: 86.55
[[34m2025-05-13 09:03:09[0m] (step=0019900) Train Loss: 0.1148, Train Steps/Sec: 1.80, Samples/Sec: 86.59
[[34m2025-05-13 09:04:04[0m] (step=0020000) Train Loss: 0.1131, Train Steps/Sec: 1.80, Samples/Sec: 86.57
Using cache found in ./models/facebookresearch_dino_main
Using cache found in ./models/facebookresearch_dino_main
[[34m2025-05-13 09:04:31[0m] Saved checkpoint to logs/nwm_cdit_wuhan/checkpoints/0020000.pth.tar
Using cache found in ./models/facebookresearch_dino_main
[[34m2025-05-13 09:04:34[0m] Already found a `peft_config` attribute in the model. This will lead to having multiple adapters in the model. Make sure to know what you are doing!
[[34m2025-05-13 09:06:53[0m] (step=0020000) Perceptual Loss: 0.6528, Eval Time: 142.38
[[34m2025-05-13 09:07:49[0m] (step=0020100) Train Loss: 0.1198, Train Steps/Sec: 0.45, Samples/Sec: 21.40
[[34m2025-05-13 09:08:44[0m] (step=0020200) Train Loss: 0.1192, Train Steps/Sec: 1.80, Samples/Sec: 86.53
[[34m2025-05-13 09:09:40[0m] (step=0020300) Train Loss: 0.1166, Train Steps/Sec: 1.80, Samples/Sec: 86.55
[[34m2025-05-13 09:10:35[0m] (step=0020400) Train Loss: 0.1138, Train Steps/Sec: 1.80, Samples/Sec: 86.52
[[34m2025-05-13 09:11:31[0m] (step=0020500) Train Loss: 0.1143, Train Steps/Sec: 1.80, Samples/Sec: 86.55
[[34m2025-05-13 09:12:26[0m] (step=0020600) Train Loss: 0.1176, Train Steps/Sec: 1.80, Samples/Sec: 86.30
[[34m2025-05-13 09:13:22[0m] (step=0020700) Train Loss: 0.1121, Train Steps/Sec: 1.80, Samples/Sec: 86.32
[[34m2025-05-13 09:14:17[0m] (step=0020800) Train Loss: 0.1174, Train Steps/Sec: 1.80, Samples/Sec: 86.52
[[34m2025-05-13 09:15:13[0m] (step=0020900) Train Loss: 0.1197, Train Steps/Sec: 1.80, Samples/Sec: 86.56
[[34m2025-05-13 09:16:08[0m] (step=0021000) Train Loss: 0.1166, Train Steps/Sec: 1.80, Samples/Sec: 86.53
[[34m2025-05-13 09:17:02[0m] Beginning epoch 14...
[[34m2025-05-13 09:17:04[0m] (step=0021100) Train Loss: 0.1199, Train Steps/Sec: 1.79, Samples/Sec: 86.09
[[34m2025-05-13 09:17:59[0m] (step=0021200) Train Loss: 0.1205, Train Steps/Sec: 1.80, Samples/Sec: 86.52
[[34m2025-05-13 09:18:55[0m] (step=0021300) Train Loss: 0.1201, Train Steps/Sec: 1.80, Samples/Sec: 86.35
[[34m2025-05-13 09:19:51[0m] (step=0021400) Train Loss: 0.1196, Train Steps/Sec: 1.80, Samples/Sec: 86.43
[[34m2025-05-13 09:20:46[0m] (step=0021500) Train Loss: 0.1165, Train Steps/Sec: 1.80, Samples/Sec: 86.52
[[34m2025-05-13 09:21:42[0m] (step=0021600) Train Loss: 0.1191, Train Steps/Sec: 1.80, Samples/Sec: 86.54
[[34m2025-05-13 09:22:37[0m] (step=0021700) Train Loss: 0.1133, Train Steps/Sec: 1.80, Samples/Sec: 86.52
[[34m2025-05-13 09:23:32[0m] (step=0021800) Train Loss: 0.1188, Train Steps/Sec: 1.80, Samples/Sec: 86.50
[[34m2025-05-13 09:24:28[0m] (step=0021900) Train Loss: 0.1197, Train Steps/Sec: 1.80, Samples/Sec: 86.56
[[34m2025-05-13 09:25:24[0m] (step=0022000) Train Loss: 0.1182, Train Steps/Sec: 1.80, Samples/Sec: 86.29
[[34m2025-05-13 09:25:38[0m] Saved checkpoint to logs/nwm_cdit_wuhan/checkpoints/latest.pth.tar
[[34m2025-05-13 09:26:34[0m] (step=0022100) Train Loss: 0.1171, Train Steps/Sec: 1.43, Samples/Sec: 68.43
[[34m2025-05-13 09:27:29[0m] (step=0022200) Train Loss: 0.1150, Train Steps/Sec: 1.80, Samples/Sec: 86.53
[[34m2025-05-13 09:28:25[0m] (step=0022300) Train Loss: 0.1146, Train Steps/Sec: 1.80, Samples/Sec: 86.51
[[34m2025-05-13 09:29:20[0m] (step=0022400) Train Loss: 0.1114, Train Steps/Sec: 1.80, Samples/Sec: 86.52
[[34m2025-05-13 09:30:16[0m] (step=0022500) Train Loss: 0.1153, Train Steps/Sec: 1.80, Samples/Sec: 86.54
[[34m2025-05-13 09:31:11[0m] (step=0022600) Train Loss: 0.1170, Train Steps/Sec: 1.80, Samples/Sec: 86.57
[[34m2025-05-13 09:31:14[0m] Beginning epoch 15...
[[34m2025-05-13 09:32:07[0m] (step=0022700) Train Loss: 0.1181, Train Steps/Sec: 1.79, Samples/Sec: 85.78
[[34m2025-05-13 09:33:03[0m] (step=0022800) Train Loss: 0.1133, Train Steps/Sec: 1.80, Samples/Sec: 86.33
[[34m2025-05-13 09:33:58[0m] (step=0022900) Train Loss: 0.1132, Train Steps/Sec: 1.80, Samples/Sec: 86.53
[[34m2025-05-13 09:34:54[0m] (step=0023000) Train Loss: 0.1127, Train Steps/Sec: 1.80, Samples/Sec: 86.57
[[34m2025-05-13 09:35:49[0m] (step=0023100) Train Loss: 0.1182, Train Steps/Sec: 1.80, Samples/Sec: 86.54
[[34m2025-05-13 09:36:44[0m] (step=0023200) Train Loss: 0.1114, Train Steps/Sec: 1.80, Samples/Sec: 86.58
[[34m2025-05-13 09:37:40[0m] (step=0023300) Train Loss: 0.1101, Train Steps/Sec: 1.80, Samples/Sec: 86.34
[[34m2025-05-13 09:38:36[0m] (step=0023400) Train Loss: 0.1135, Train Steps/Sec: 1.80, Samples/Sec: 86.42
[[34m2025-05-13 09:39:31[0m] (step=0023500) Train Loss: 0.1099, Train Steps/Sec: 1.80, Samples/Sec: 86.56
[[34m2025-05-13 09:40:27[0m] (step=0023600) Train Loss: 0.1072, Train Steps/Sec: 1.80, Samples/Sec: 86.54
[[34m2025-05-13 09:41:22[0m] (step=0023700) Train Loss: 0.1113, Train Steps/Sec: 1.80, Samples/Sec: 86.58
[[34m2025-05-13 09:42:17[0m] (step=0023800) Train Loss: 0.1112, Train Steps/Sec: 1.80, Samples/Sec: 86.54
[[34m2025-05-13 09:43:13[0m] (step=0023900) Train Loss: 0.1185, Train Steps/Sec: 1.80, Samples/Sec: 86.53
[[34m2025-05-13 09:44:08[0m] (step=0024000) Train Loss: 0.1094, Train Steps/Sec: 1.80, Samples/Sec: 86.32
[[34m2025-05-13 09:44:22[0m] Saved checkpoint to logs/nwm_cdit_wuhan/checkpoints/latest.pth.tar
[[34m2025-05-13 09:45:18[0m] (step=0024100) Train Loss: 0.1128, Train Steps/Sec: 1.44, Samples/Sec: 69.30
[[34m2025-05-13 09:45:24[0m] Beginning epoch 16...
[[34m2025-05-13 09:46:14[0m] (step=0024200) Train Loss: 0.1140, Train Steps/Sec: 1.79, Samples/Sec: 86.07
[[34m2025-05-13 09:47:09[0m] (step=0024300) Train Loss: 0.1079, Train Steps/Sec: 1.80, Samples/Sec: 86.60
[[34m2025-05-13 09:48:04[0m] (step=0024400) Train Loss: 0.1168, Train Steps/Sec: 1.80, Samples/Sec: 86.52
[[34m2025-05-13 09:49:00[0m] (step=0024500) Train Loss: 0.1167, Train Steps/Sec: 1.80, Samples/Sec: 86.56
[[34m2025-05-13 09:49:55[0m] (step=0024600) Train Loss: 0.1112, Train Steps/Sec: 1.80, Samples/Sec: 86.57
[[34m2025-05-13 09:50:51[0m] (step=0024700) Train Loss: 0.1121, Train Steps/Sec: 1.80, Samples/Sec: 86.39
[[34m2025-05-13 09:51:46[0m] (step=0024800) Train Loss: 0.1156, Train Steps/Sec: 1.80, Samples/Sec: 86.50
[[34m2025-05-13 09:52:42[0m] (step=0024900) Train Loss: 0.1175, Train Steps/Sec: 1.80, Samples/Sec: 86.53
[[34m2025-05-13 09:53:37[0m] (step=0025000) Train Loss: 0.1148, Train Steps/Sec: 1.80, Samples/Sec: 86.51
[[34m2025-05-13 09:54:33[0m] (step=0025100) Train Loss: 0.1115, Train Steps/Sec: 1.80, Samples/Sec: 86.54
[[34m2025-05-13 09:55:28[0m] (step=0025200) Train Loss: 0.1102, Train Steps/Sec: 1.80, Samples/Sec: 86.54
[[34m2025-05-13 09:56:24[0m] (step=0025300) Train Loss: 0.1105, Train Steps/Sec: 1.80, Samples/Sec: 86.54
[[34m2025-05-13 09:57:19[0m] (step=0025400) Train Loss: 0.1112, Train Steps/Sec: 1.79, Samples/Sec: 86.14
[[34m2025-05-13 09:58:15[0m] (step=0025500) Train Loss: 0.1101, Train Steps/Sec: 1.80, Samples/Sec: 86.62
[[34m2025-05-13 09:59:10[0m] (step=0025600) Train Loss: 0.1107, Train Steps/Sec: 1.81, Samples/Sec: 86.64
[[34m2025-05-13 09:59:21[0m] Beginning epoch 17...
[[34m2025-05-13 10:00:06[0m] (step=0025700) Train Loss: 0.1100, Train Steps/Sec: 1.79, Samples/Sec: 86.14
[[34m2025-05-13 10:01:01[0m] (step=0025800) Train Loss: 0.1187, Train Steps/Sec: 1.80, Samples/Sec: 86.62
[[34m2025-05-13 10:01:57[0m] (step=0025900) Train Loss: 0.1155, Train Steps/Sec: 1.80, Samples/Sec: 86.43
[[34m2025-05-13 10:02:53[0m] (step=0026000) Train Loss: 0.1136, Train Steps/Sec: 1.80, Samples/Sec: 86.21
[[34m2025-05-13 10:03:06[0m] Saved checkpoint to logs/nwm_cdit_wuhan/checkpoints/latest.pth.tar
[[34m2025-05-13 10:04:01[0m] (step=0026100) Train Loss: 0.1106, Train Steps/Sec: 1.46, Samples/Sec: 70.16
[[34m2025-05-13 10:04:56[0m] (step=0026200) Train Loss: 0.1074, Train Steps/Sec: 1.80, Samples/Sec: 86.61
[[34m2025-05-13 10:05:52[0m] (step=0026300) Train Loss: 0.1104, Train Steps/Sec: 1.80, Samples/Sec: 86.62
[[34m2025-05-13 10:06:47[0m] (step=0026400) Train Loss: 0.1131, Train Steps/Sec: 1.80, Samples/Sec: 86.57
[[34m2025-05-13 10:07:43[0m] (step=0026500) Train Loss: 0.1105, Train Steps/Sec: 1.80, Samples/Sec: 86.59
[[34m2025-05-13 10:08:38[0m] (step=0026600) Train Loss: 0.1078, Train Steps/Sec: 1.80, Samples/Sec: 86.52
[[34m2025-05-13 10:09:34[0m] (step=0026700) Train Loss: 0.1083, Train Steps/Sec: 1.78, Samples/Sec: 85.44
[[34m2025-05-13 10:10:31[0m] (step=0026800) Train Loss: 0.1108, Train Steps/Sec: 1.77, Samples/Sec: 85.13
[[34m2025-05-13 10:11:27[0m] (step=0026900) Train Loss: 0.1090, Train Steps/Sec: 1.79, Samples/Sec: 85.97
[[34m2025-05-13 10:12:22[0m] (step=0027000) Train Loss: 0.1062, Train Steps/Sec: 1.80, Samples/Sec: 86.51
[[34m2025-05-13 10:13:18[0m] (step=0027100) Train Loss: 0.1089, Train Steps/Sec: 1.80, Samples/Sec: 86.60
[[34m2025-05-13 10:13:32[0m] Beginning epoch 18...
[[34m2025-05-13 10:14:14[0m] (step=0027200) Train Loss: 0.1054, Train Steps/Sec: 1.78, Samples/Sec: 85.23
[[34m2025-05-13 10:15:10[0m] (step=0027300) Train Loss: 0.1159, Train Steps/Sec: 1.77, Samples/Sec: 85.18
[[34m2025-05-13 10:16:07[0m] (step=0027400) Train Loss: 0.1039, Train Steps/Sec: 1.77, Samples/Sec: 85.09
[[34m2025-05-13 10:17:03[0m] (step=0027500) Train Loss: 0.1141, Train Steps/Sec: 1.77, Samples/Sec: 84.84
[[34m2025-05-13 10:17:59[0m] (step=0027600) Train Loss: 0.1079, Train Steps/Sec: 1.78, Samples/Sec: 85.65
[[34m2025-05-13 10:18:55[0m] (step=0027700) Train Loss: 0.1086, Train Steps/Sec: 1.80, Samples/Sec: 86.43
[[34m2025-05-13 10:19:50[0m] (step=0027800) Train Loss: 0.1104, Train Steps/Sec: 1.80, Samples/Sec: 86.38
[[34m2025-05-13 10:20:46[0m] (step=0027900) Train Loss: 0.1151, Train Steps/Sec: 1.80, Samples/Sec: 86.43
[[34m2025-05-13 10:21:42[0m] (step=0028000) Train Loss: 0.1118, Train Steps/Sec: 1.80, Samples/Sec: 86.30
[[34m2025-05-13 10:21:54[0m] Saved checkpoint to logs/nwm_cdit_wuhan/checkpoints/latest.pth.tar
[[34m2025-05-13 10:22:50[0m] (step=0028100) Train Loss: 0.1100, Train Steps/Sec: 1.46, Samples/Sec: 70.32
[[34m2025-05-13 10:23:45[0m] (step=0028200) Train Loss: 0.1103, Train Steps/Sec: 1.80, Samples/Sec: 86.50
[[34m2025-05-13 10:24:41[0m] (step=0028300) Train Loss: 0.1107, Train Steps/Sec: 1.80, Samples/Sec: 86.48
[[34m2025-05-13 10:25:36[0m] (step=0028400) Train Loss: 0.1088, Train Steps/Sec: 1.80, Samples/Sec: 86.51
[[34m2025-05-13 10:26:32[0m] (step=0028500) Train Loss: 0.1099, Train Steps/Sec: 1.80, Samples/Sec: 86.50
[[34m2025-05-13 10:27:27[0m] (step=0028600) Train Loss: 0.1122, Train Steps/Sec: 1.80, Samples/Sec: 86.49
[[34m2025-05-13 10:27:46[0m] Beginning epoch 19...
[[34m2025-05-13 10:28:23[0m] (step=0028700) Train Loss: 0.1079, Train Steps/Sec: 1.78, Samples/Sec: 85.61
[[34m2025-05-13 10:29:19[0m] (step=0028800) Train Loss: 0.1054, Train Steps/Sec: 1.80, Samples/Sec: 86.50
[[34m2025-05-13 10:30:14[0m] (step=0028900) Train Loss: 0.1083, Train Steps/Sec: 1.80, Samples/Sec: 86.51
[[34m2025-05-13 10:31:10[0m] (step=0029000) Train Loss: 0.1081, Train Steps/Sec: 1.80, Samples/Sec: 86.48
[[34m2025-05-13 10:32:05[0m] (step=0029100) Train Loss: 0.1031, Train Steps/Sec: 1.80, Samples/Sec: 86.48
[[34m2025-05-13 10:33:01[0m] (step=0029200) Train Loss: 0.1084, Train Steps/Sec: 1.80, Samples/Sec: 86.50
[[34m2025-05-13 10:33:56[0m] (step=0029300) Train Loss: 0.1092, Train Steps/Sec: 1.80, Samples/Sec: 86.50
[[34m2025-05-13 10:34:52[0m] (step=0029400) Train Loss: 0.1110, Train Steps/Sec: 1.80, Samples/Sec: 86.21
[[34m2025-05-13 10:35:48[0m] (step=0029500) Train Loss: 0.1080, Train Steps/Sec: 1.80, Samples/Sec: 86.49
[[34m2025-05-13 10:36:43[0m] (step=0029600) Train Loss: 0.1094, Train Steps/Sec: 1.80, Samples/Sec: 86.49
[[34m2025-05-13 10:37:39[0m] (step=0029700) Train Loss: 0.1073, Train Steps/Sec: 1.80, Samples/Sec: 86.48
[[34m2025-05-13 10:38:34[0m] (step=0029800) Train Loss: 0.1098, Train Steps/Sec: 1.80, Samples/Sec: 86.47
[[34m2025-05-13 10:39:30[0m] (step=0029900) Train Loss: 0.1057, Train Steps/Sec: 1.80, Samples/Sec: 86.49
[[34m2025-05-13 10:40:25[0m] (step=0030000) Train Loss: 0.1110, Train Steps/Sec: 1.80, Samples/Sec: 86.41
Using cache found in ./models/facebookresearch_dino_main
Using cache found in ./models/facebookresearch_dino_main
[[34m2025-05-13 10:40:38[0m] Saved checkpoint to logs/nwm_cdit_wuhan/checkpoints/latest.pth.tar
Using cache found in ./models/facebookresearch_dino_main
[[34m2025-05-13 10:40:41[0m] Already found a `peft_config` attribute in the model. This will lead to having multiple adapters in the model. Make sure to know what you are doing!
[[34m2025-05-13 10:43:01[0m] (step=0030000) Perceptual Loss: 0.4381, Eval Time: 142.79
[[34m2025-05-13 10:43:56[0m] (step=0030100) Train Loss: 0.1080, Train Steps/Sec: 0.47, Samples/Sec: 22.71
[[34m2025-05-13 10:44:19[0m] Beginning epoch 20...
[[34m2025-05-13 10:44:52[0m] (step=0030200) Train Loss: 0.1052, Train Steps/Sec: 1.79, Samples/Sec: 85.87
[[34m2025-05-13 10:45:48[0m] (step=0030300) Train Loss: 0.1031, Train Steps/Sec: 1.80, Samples/Sec: 86.49
[[34m2025-05-13 10:46:43[0m] (step=0030400) Train Loss: 0.1123, Train Steps/Sec: 1.80, Samples/Sec: 86.46
[[34m2025-05-13 10:47:39[0m] (step=0030500) Train Loss: 0.1108, Train Steps/Sec: 1.80, Samples/Sec: 86.46
[[34m2025-05-13 10:48:35[0m] (step=0030600) Train Loss: 0.1108, Train Steps/Sec: 1.79, Samples/Sec: 86.15
[[34m2025-05-13 10:49:30[0m] (step=0030700) Train Loss: 0.1072, Train Steps/Sec: 1.80, Samples/Sec: 86.31
[[34m2025-05-13 10:50:26[0m] (step=0030800) Train Loss: 0.1079, Train Steps/Sec: 1.80, Samples/Sec: 86.46
[[34m2025-05-13 10:51:21[0m] (step=0030900) Train Loss: 0.1015, Train Steps/Sec: 1.80, Samples/Sec: 86.44
[[34m2025-05-13 10:52:17[0m] (step=0031000) Train Loss: 0.1026, Train Steps/Sec: 1.80, Samples/Sec: 86.48
[[34m2025-05-13 10:53:12[0m] (step=0031100) Train Loss: 0.1092, Train Steps/Sec: 1.80, Samples/Sec: 86.44
[[34m2025-05-13 10:54:08[0m] (step=0031200) Train Loss: 0.1112, Train Steps/Sec: 1.80, Samples/Sec: 86.44
[[34m2025-05-13 10:55:04[0m] (step=0031300) Train Loss: 0.1112, Train Steps/Sec: 1.80, Samples/Sec: 86.23
[[34m2025-05-13 10:55:59[0m] (step=0031400) Train Loss: 0.1026, Train Steps/Sec: 1.80, Samples/Sec: 86.35
[[34m2025-05-13 10:56:55[0m] (step=0031500) Train Loss: 0.0985, Train Steps/Sec: 1.80, Samples/Sec: 86.46
[[34m2025-05-13 10:57:50[0m] (step=0031600) Train Loss: 0.1062, Train Steps/Sec: 1.80, Samples/Sec: 86.46
[[34m2025-05-13 10:58:16[0m] Beginning epoch 21...
[[34m2025-05-13 10:58:46[0m] (step=0031700) Train Loss: 0.1071, Train Steps/Sec: 1.79, Samples/Sec: 85.97
[[34m2025-05-13 10:59:42[0m] (step=0031800) Train Loss: 0.1080, Train Steps/Sec: 1.80, Samples/Sec: 86.45
[[34m2025-05-13 11:00:37[0m] (step=0031900) Train Loss: 0.1085, Train Steps/Sec: 1.80, Samples/Sec: 86.35
[[34m2025-05-13 11:01:33[0m] (step=0032000) Train Loss: 0.1050, Train Steps/Sec: 1.79, Samples/Sec: 86.07
[[34m2025-05-13 11:01:46[0m] Saved checkpoint to logs/nwm_cdit_wuhan/checkpoints/latest.pth.tar
[[34m2025-05-13 11:02:41[0m] (step=0032100) Train Loss: 0.1043, Train Steps/Sec: 1.47, Samples/Sec: 70.35
[[34m2025-05-13 11:03:37[0m] (step=0032200) Train Loss: 0.1020, Train Steps/Sec: 1.80, Samples/Sec: 86.45
[[34m2025-05-13 11:04:32[0m] (step=0032300) Train Loss: 0.1016, Train Steps/Sec: 1.80, Samples/Sec: 86.46
[[34m2025-05-13 11:05:28[0m] (step=0032400) Train Loss: 0.1122, Train Steps/Sec: 1.80, Samples/Sec: 86.44
[[34m2025-05-13 11:06:23[0m] (step=0032500) Train Loss: 0.1104, Train Steps/Sec: 1.80, Samples/Sec: 86.48
[[34m2025-05-13 11:07:19[0m] (step=0032600) Train Loss: 0.1016, Train Steps/Sec: 1.80, Samples/Sec: 86.32
[[34m2025-05-13 11:08:14[0m] (step=0032700) Train Loss: 0.1061, Train Steps/Sec: 1.80, Samples/Sec: 86.21
[[34m2025-05-13 11:09:10[0m] (step=0032800) Train Loss: 0.1069, Train Steps/Sec: 1.80, Samples/Sec: 86.36
[[34m2025-05-13 11:10:06[0m] (step=0032900) Train Loss: 0.1071, Train Steps/Sec: 1.80, Samples/Sec: 86.34
[[34m2025-05-13 11:11:01[0m] (step=0033000) Train Loss: 0.1041, Train Steps/Sec: 1.80, Samples/Sec: 86.36
[[34m2025-05-13 11:11:57[0m] (step=0033100) Train Loss: 0.1091, Train Steps/Sec: 1.80, Samples/Sec: 86.36
[[34m2025-05-13 11:12:27[0m] Beginning epoch 22...
[[34m2025-05-13 11:12:53[0m] (step=0033200) Train Loss: 0.1075, Train Steps/Sec: 1.79, Samples/Sec: 85.80
[[34m2025-05-13 11:13:48[0m] (step=0033300) Train Loss: 0.1126, Train Steps/Sec: 1.79, Samples/Sec: 86.13
[[34m2025-05-13 11:14:44[0m] (step=0033400) Train Loss: 0.1013, Train Steps/Sec: 1.80, Samples/Sec: 86.28
[[34m2025-05-13 11:15:40[0m] (step=0033500) Train Loss: 0.1032, Train Steps/Sec: 1.80, Samples/Sec: 86.36
[[34m2025-05-13 11:16:35[0m] (step=0033600) Train Loss: 0.1101, Train Steps/Sec: 1.80, Samples/Sec: 86.35
[[34m2025-05-13 11:17:31[0m] (step=0033700) Train Loss: 0.1042, Train Steps/Sec: 1.80, Samples/Sec: 86.35
[[34m2025-05-13 11:18:26[0m] (step=0033800) Train Loss: 0.0978, Train Steps/Sec: 1.80, Samples/Sec: 86.37
[[34m2025-05-13 11:19:22[0m] (step=0033900) Train Loss: 0.1067, Train Steps/Sec: 1.80, Samples/Sec: 86.24
[[34m2025-05-13 11:20:18[0m] (step=0034000) Train Loss: 0.1099, Train Steps/Sec: 1.80, Samples/Sec: 86.30
[[34m2025-05-13 11:20:30[0m] Saved checkpoint to logs/nwm_cdit_wuhan/checkpoints/latest.pth.tar
[[34m2025-05-13 11:21:26[0m] (step=0034100) Train Loss: 0.1052, Train Steps/Sec: 1.46, Samples/Sec: 70.16
[[34m2025-05-13 11:22:22[0m] (step=0034200) Train Loss: 0.1034, Train Steps/Sec: 1.80, Samples/Sec: 86.33
[[34m2025-05-13 11:23:17[0m] (step=0034300) Train Loss: 0.1035, Train Steps/Sec: 1.80, Samples/Sec: 86.36
[[34m2025-05-13 11:24:13[0m] (step=0034400) Train Loss: 0.1035, Train Steps/Sec: 1.80, Samples/Sec: 86.38
[[34m2025-05-13 11:25:09[0m] (step=0034500) Train Loss: 0.0997, Train Steps/Sec: 1.80, Samples/Sec: 86.25
[[34m2025-05-13 11:26:04[0m] (step=0034600) Train Loss: 0.1038, Train Steps/Sec: 1.80, Samples/Sec: 86.37
[[34m2025-05-13 11:26:38[0m] Beginning epoch 23...
[[34m2025-05-13 11:27:00[0m] (step=0034700) Train Loss: 0.1017, Train Steps/Sec: 1.78, Samples/Sec: 85.60
[[34m2025-05-13 11:27:56[0m] (step=0034800) Train Loss: 0.1023, Train Steps/Sec: 1.80, Samples/Sec: 86.29
[[34m2025-05-13 11:28:51[0m] (step=0034900) Train Loss: 0.1072, Train Steps/Sec: 1.80, Samples/Sec: 86.38
[[34m2025-05-13 11:29:47[0m] (step=0035000) Train Loss: 0.1070, Train Steps/Sec: 1.80, Samples/Sec: 86.38
[[34m2025-05-13 11:30:43[0m] (step=0035100) Train Loss: 0.1049, Train Steps/Sec: 1.80, Samples/Sec: 86.37
[[34m2025-05-13 11:31:38[0m] (step=0035200) Train Loss: 0.1065, Train Steps/Sec: 1.80, Samples/Sec: 86.26
[[34m2025-05-13 11:32:34[0m] (step=0035300) Train Loss: 0.1055, Train Steps/Sec: 1.80, Samples/Sec: 86.36
[[34m2025-05-13 11:33:29[0m] (step=0035400) Train Loss: 0.1020, Train Steps/Sec: 1.80, Samples/Sec: 86.16
[[34m2025-05-13 11:34:25[0m] (step=0035500) Train Loss: 0.1091, Train Steps/Sec: 1.80, Samples/Sec: 86.39
[[34m2025-05-13 11:35:21[0m] (step=0035600) Train Loss: 0.1054, Train Steps/Sec: 1.80, Samples/Sec: 86.40
[[34m2025-05-13 11:36:16[0m] (step=0035700) Train Loss: 0.0990, Train Steps/Sec: 1.80, Samples/Sec: 86.39
[[34m2025-05-13 11:37:12[0m] (step=0035800) Train Loss: 0.1027, Train Steps/Sec: 1.80, Samples/Sec: 86.37
[[34m2025-05-13 11:38:07[0m] (step=0035900) Train Loss: 0.1038, Train Steps/Sec: 1.80, Samples/Sec: 86.24
[[34m2025-05-13 11:39:03[0m] (step=0036000) Train Loss: 0.1028, Train Steps/Sec: 1.80, Samples/Sec: 86.27
[[34m2025-05-13 11:39:16[0m] Saved checkpoint to logs/nwm_cdit_wuhan/checkpoints/latest.pth.tar
[[34m2025-05-13 11:40:11[0m] (step=0036100) Train Loss: 0.1091, Train Steps/Sec: 1.46, Samples/Sec: 70.27
[[34m2025-05-13 11:40:49[0m] Beginning epoch 24...
[[34m2025-05-13 11:41:07[0m] (step=0036200) Train Loss: 0.1029, Train Steps/Sec: 1.79, Samples/Sec: 85.81
[[34m2025-05-13 11:42:03[0m] (step=0036300) Train Loss: 0.1090, Train Steps/Sec: 1.80, Samples/Sec: 86.39
[[34m2025-05-13 11:42:58[0m] (step=0036400) Train Loss: 0.1035, Train Steps/Sec: 1.80, Samples/Sec: 86.39
[[34m2025-05-13 11:43:54[0m] (step=0036500) Train Loss: 0.0995, Train Steps/Sec: 1.80, Samples/Sec: 86.25
[[34m2025-05-13 11:44:50[0m] (step=0036600) Train Loss: 0.1063, Train Steps/Sec: 1.80, Samples/Sec: 86.38
[[34m2025-05-13 11:45:45[0m] (step=0036700) Train Loss: 0.1042, Train Steps/Sec: 1.80, Samples/Sec: 86.25
[[34m2025-05-13 11:46:41[0m] (step=0036800) Train Loss: 0.1047, Train Steps/Sec: 1.80, Samples/Sec: 86.27
[[34m2025-05-13 11:47:36[0m] (step=0036900) Train Loss: 0.1048, Train Steps/Sec: 1.80, Samples/Sec: 86.38
[[34m2025-05-13 11:48:32[0m] (step=0037000) Train Loss: 0.0977, Train Steps/Sec: 1.80, Samples/Sec: 86.36
[[34m2025-05-13 11:49:28[0m] (step=0037100) Train Loss: 0.1009, Train Steps/Sec: 1.80, Samples/Sec: 86.27
[[34m2025-05-13 11:50:23[0m] (step=0037200) Train Loss: 0.1050, Train Steps/Sec: 1.80, Samples/Sec: 86.39
[[34m2025-05-13 11:51:19[0m] (step=0037300) Train Loss: 0.1039, Train Steps/Sec: 1.80, Samples/Sec: 86.34
[[34m2025-05-13 11:52:15[0m] (step=0037400) Train Loss: 0.1053, Train Steps/Sec: 1.79, Samples/Sec: 86.16
[[34m2025-05-13 11:53:10[0m] (step=0037500) Train Loss: 0.0938, Train Steps/Sec: 1.80, Samples/Sec: 86.38
[[34m2025-05-13 11:54:06[0m] (step=0037600) Train Loss: 0.1021, Train Steps/Sec: 1.80, Samples/Sec: 86.37
[[34m2025-05-13 11:54:47[0m] Beginning epoch 25...
[[34m2025-05-13 11:55:02[0m] (step=0037700) Train Loss: 0.1037, Train Steps/Sec: 1.79, Samples/Sec: 85.82
[[34m2025-05-13 11:55:57[0m] (step=0037800) Train Loss: 0.0999, Train Steps/Sec: 1.80, Samples/Sec: 86.23
[[34m2025-05-13 11:56:53[0m] (step=0037900) Train Loss: 0.1054, Train Steps/Sec: 1.80, Samples/Sec: 86.34
[[34m2025-05-13 11:57:48[0m] (step=0038000) Train Loss: 0.0967, Train Steps/Sec: 1.80, Samples/Sec: 86.39
[[34m2025-05-13 11:58:01[0m] Saved checkpoint to logs/nwm_cdit_wuhan/checkpoints/latest.pth.tar
[[34m2025-05-13 11:58:57[0m] (step=0038100) Train Loss: 0.1052, Train Steps/Sec: 1.46, Samples/Sec: 70.15
[[34m2025-05-13 11:59:52[0m] (step=0038200) Train Loss: 0.0989, Train Steps/Sec: 1.80, Samples/Sec: 86.39
[[34m2025-05-13 12:00:48[0m] (step=0038300) Train Loss: 0.1045, Train Steps/Sec: 1.80, Samples/Sec: 86.37
[[34m2025-05-13 12:01:44[0m] (step=0038400) Train Loss: 0.1022, Train Steps/Sec: 1.80, Samples/Sec: 86.23
[[34m2025-05-13 12:02:39[0m] (step=0038500) Train Loss: 0.1022, Train Steps/Sec: 1.80, Samples/Sec: 86.34
[[34m2025-05-13 12:03:35[0m] (step=0038600) Train Loss: 0.1037, Train Steps/Sec: 1.80, Samples/Sec: 86.37
[[34m2025-05-13 12:04:31[0m] (step=0038700) Train Loss: 0.1012, Train Steps/Sec: 1.80, Samples/Sec: 86.25
[[34m2025-05-13 12:05:26[0m] (step=0038800) Train Loss: 0.0987, Train Steps/Sec: 1.80, Samples/Sec: 86.27
[[34m2025-05-13 12:06:22[0m] (step=0038900) Train Loss: 0.0991, Train Steps/Sec: 1.80, Samples/Sec: 86.38
[[34m2025-05-13 12:07:17[0m] (step=0039000) Train Loss: 0.1068, Train Steps/Sec: 1.80, Samples/Sec: 86.39
[[34m2025-05-13 12:08:13[0m] (step=0039100) Train Loss: 0.0988, Train Steps/Sec: 1.80, Samples/Sec: 86.27
[[34m2025-05-13 12:08:58[0m] Beginning epoch 26...
[[34m2025-05-13 12:09:09[0m] (step=0039200) Train Loss: 0.0998, Train Steps/Sec: 1.79, Samples/Sec: 85.70
[[34m2025-05-13 12:10:05[0m] (step=0039300) Train Loss: 0.1018, Train Steps/Sec: 1.80, Samples/Sec: 86.37
[[34m2025-05-13 12:11:00[0m] (step=0039400) Train Loss: 0.1005, Train Steps/Sec: 1.80, Samples/Sec: 86.30
[[34m2025-05-13 12:11:56[0m] (step=0039500) Train Loss: 0.0997, Train Steps/Sec: 1.80, Samples/Sec: 86.25
[[34m2025-05-13 12:12:51[0m] (step=0039600) Train Loss: 0.0997, Train Steps/Sec: 1.80, Samples/Sec: 86.38
[[34m2025-05-13 12:13:47[0m] (step=0039700) Train Loss: 0.0998, Train Steps/Sec: 1.80, Samples/Sec: 86.38
[[34m2025-05-13 12:14:43[0m] (step=0039800) Train Loss: 0.1037, Train Steps/Sec: 1.80, Samples/Sec: 86.26
[[34m2025-05-13 12:15:38[0m] (step=0039900) Train Loss: 0.0992, Train Steps/Sec: 1.80, Samples/Sec: 86.35
[[34m2025-05-13 12:16:34[0m] (step=0040000) Train Loss: 0.1055, Train Steps/Sec: 1.80, Samples/Sec: 86.37
Using cache found in ./models/facebookresearch_dino_main
Using cache found in ./models/facebookresearch_dino_main
[[34m2025-05-13 12:16:58[0m] Saved checkpoint to logs/nwm_cdit_wuhan/checkpoints/0040000.pth.tar
Using cache found in ./models/facebookresearch_dino_main
[[34m2025-05-13 12:17:01[0m] Already found a `peft_config` attribute in the model. This will lead to having multiple adapters in the model. Make sure to know what you are doing!
[[34m2025-05-13 12:19:21[0m] (step=0040000) Perceptual Loss: 0.3476, Eval Time: 142.70
[[34m2025-05-13 12:20:17[0m] (step=0040100) Train Loss: 0.1034, Train Steps/Sec: 0.45, Samples/Sec: 21.52
[[34m2025-05-13 12:21:12[0m] (step=0040200) Train Loss: 0.0979, Train Steps/Sec: 1.80, Samples/Sec: 86.39
[[34m2025-05-13 12:22:08[0m] (step=0040300) Train Loss: 0.1018, Train Steps/Sec: 1.80, Samples/Sec: 86.23
[[34m2025-05-13 12:23:04[0m] (step=0040400) Train Loss: 0.1012, Train Steps/Sec: 1.80, Samples/Sec: 86.39
[[34m2025-05-13 12:23:59[0m] (step=0040500) Train Loss: 0.1008, Train Steps/Sec: 1.80, Samples/Sec: 86.40
[[34m2025-05-13 12:24:55[0m] (step=0040600) Train Loss: 0.0994, Train Steps/Sec: 1.80, Samples/Sec: 86.26
[[34m2025-05-13 12:25:44[0m] Beginning epoch 27...
[[34m2025-05-13 12:25:51[0m] (step=0040700) Train Loss: 0.0973, Train Steps/Sec: 1.79, Samples/Sec: 85.77
[[34m2025-05-13 12:26:46[0m] (step=0040800) Train Loss: 0.0975, Train Steps/Sec: 1.80, Samples/Sec: 86.34
[[34m2025-05-13 12:27:42[0m] (step=0040900) Train Loss: 0.0955, Train Steps/Sec: 1.80, Samples/Sec: 86.37
[[34m2025-05-13 12:28:38[0m] (step=0041000) Train Loss: 0.1034, Train Steps/Sec: 1.80, Samples/Sec: 86.21
[[34m2025-05-13 12:29:33[0m] (step=0041100) Train Loss: 0.0993, Train Steps/Sec: 1.80, Samples/Sec: 86.35
[[34m2025-05-13 12:30:29[0m] (step=0041200) Train Loss: 0.1021, Train Steps/Sec: 1.80, Samples/Sec: 86.38
[[34m2025-05-13 12:31:24[0m] (step=0041300) Train Loss: 0.0986, Train Steps/Sec: 1.80, Samples/Sec: 86.28
[[34m2025-05-13 12:32:20[0m] (step=0041400) Train Loss: 0.0972, Train Steps/Sec: 1.80, Samples/Sec: 86.23
[[34m2025-05-13 12:33:16[0m] (step=0041500) Train Loss: 0.1008, Train Steps/Sec: 1.80, Samples/Sec: 86.36
[[34m2025-05-13 12:34:11[0m] (step=0041600) Train Loss: 0.0997, Train Steps/Sec: 1.80, Samples/Sec: 86.36
[[34m2025-05-13 12:35:07[0m] (step=0041700) Train Loss: 0.1025, Train Steps/Sec: 1.80, Samples/Sec: 86.29
[[34m2025-05-13 12:36:02[0m] (step=0041800) Train Loss: 0.0963, Train Steps/Sec: 1.80, Samples/Sec: 86.42
[[34m2025-05-13 12:36:58[0m] (step=0041900) Train Loss: 0.0993, Train Steps/Sec: 1.80, Samples/Sec: 86.39
[[34m2025-05-13 12:37:54[0m] (step=0042000) Train Loss: 0.0964, Train Steps/Sec: 1.80, Samples/Sec: 86.26
[[34m2025-05-13 12:38:07[0m] Saved checkpoint to logs/nwm_cdit_wuhan/checkpoints/latest.pth.tar
[[34m2025-05-13 12:39:02[0m] (step=0042100) Train Loss: 0.0985, Train Steps/Sec: 1.46, Samples/Sec: 69.96
[[34m2025-05-13 12:39:56[0m] Beginning epoch 28...
[[34m2025-05-13 12:39:58[0m] (step=0042200) Train Loss: 0.0966, Train Steps/Sec: 1.78, Samples/Sec: 85.66
[[34m2025-05-13 12:40:54[0m] (step=0042300) Train Loss: 0.1010, Train Steps/Sec: 1.80, Samples/Sec: 86.37
[[34m2025-05-13 12:41:49[0m] (step=0042400) Train Loss: 0.0961, Train Steps/Sec: 1.80, Samples/Sec: 86.38
[[34m2025-05-13 12:42:45[0m] (step=0042500) Train Loss: 0.1068, Train Steps/Sec: 1.80, Samples/Sec: 86.40
[[34m2025-05-13 12:43:41[0m] (step=0042600) Train Loss: 0.0983, Train Steps/Sec: 1.80, Samples/Sec: 86.39
[[34m2025-05-13 12:44:36[0m] (step=0042700) Train Loss: 0.1016, Train Steps/Sec: 1.79, Samples/Sec: 86.15
[[34m2025-05-13 12:45:32[0m] (step=0042800) Train Loss: 0.0957, Train Steps/Sec: 1.80, Samples/Sec: 86.35
[[34m2025-05-13 12:46:28[0m] (step=0042900) Train Loss: 0.0952, Train Steps/Sec: 1.80, Samples/Sec: 86.25
[[34m2025-05-13 12:47:23[0m] (step=0043000) Train Loss: 0.0914, Train Steps/Sec: 1.80, Samples/Sec: 86.38
[[34m2025-05-13 12:48:19[0m] (step=0043100) Train Loss: 0.1020, Train Steps/Sec: 1.80, Samples/Sec: 86.38
[[34m2025-05-13 12:49:14[0m] (step=0043200) Train Loss: 0.0972, Train Steps/Sec: 1.80, Samples/Sec: 86.38
[[34m2025-05-13 12:50:10[0m] (step=0043300) Train Loss: 0.0966, Train Steps/Sec: 1.80, Samples/Sec: 86.28
[[34m2025-05-13 12:51:05[0m] (step=0043400) Train Loss: 0.0965, Train Steps/Sec: 1.80, Samples/Sec: 86.29
[[34m2025-05-13 12:52:01[0m] (step=0043500) Train Loss: 0.0967, Train Steps/Sec: 1.80, Samples/Sec: 86.38
[[34m2025-05-13 12:52:57[0m] (step=0043600) Train Loss: 0.0983, Train Steps/Sec: 1.80, Samples/Sec: 86.26
[[34m2025-05-13 12:53:52[0m] (step=0043700) Train Loss: 0.0991, Train Steps/Sec: 1.80, Samples/Sec: 86.38
[[34m2025-05-13 12:53:54[0m] Beginning epoch 29...
[[34m2025-05-13 12:54:48[0m] (step=0043800) Train Loss: 0.0966, Train Steps/Sec: 1.79, Samples/Sec: 85.83
[[34m2025-05-13 12:55:44[0m] (step=0043900) Train Loss: 0.0941, Train Steps/Sec: 1.80, Samples/Sec: 86.33
[[34m2025-05-13 12:56:39[0m] (step=0044000) Train Loss: 0.1009, Train Steps/Sec: 1.80, Samples/Sec: 86.25
[[34m2025-05-13 12:56:52[0m] Saved checkpoint to logs/nwm_cdit_wuhan/checkpoints/latest.pth.tar
[[34m2025-05-13 12:57:48[0m] (step=0044100) Train Loss: 0.0997, Train Steps/Sec: 1.47, Samples/Sec: 70.51
[[34m2025-05-13 12:58:43[0m] (step=0044200) Train Loss: 0.0958, Train Steps/Sec: 1.80, Samples/Sec: 86.26
[[34m2025-05-13 12:59:39[0m] (step=0044300) Train Loss: 0.0972, Train Steps/Sec: 1.80, Samples/Sec: 86.39
[[34m2025-05-13 13:00:34[0m] (step=0044400) Train Loss: 0.0993, Train Steps/Sec: 1.80, Samples/Sec: 86.36
[[34m2025-05-13 13:01:30[0m] (step=0044500) Train Loss: 0.0979, Train Steps/Sec: 1.80, Samples/Sec: 86.36
[[34m2025-05-13 13:02:26[0m] (step=0044600) Train Loss: 0.0924, Train Steps/Sec: 1.80, Samples/Sec: 86.33
[[34m2025-05-13 13:03:21[0m] (step=0044700) Train Loss: 0.0957, Train Steps/Sec: 1.80, Samples/Sec: 86.28
[[34m2025-05-13 13:04:17[0m] (step=0044800) Train Loss: 0.1031, Train Steps/Sec: 1.80, Samples/Sec: 86.26
[[34m2025-05-13 13:05:12[0m] (step=0044900) Train Loss: 0.1011, Train Steps/Sec: 1.80, Samples/Sec: 86.27
[[34m2025-05-13 13:06:08[0m] (step=0045000) Train Loss: 0.0971, Train Steps/Sec: 1.80, Samples/Sec: 86.38
[[34m2025-05-13 13:07:04[0m] (step=0045100) Train Loss: 0.0987, Train Steps/Sec: 1.80, Samples/Sec: 86.37
[[34m2025-05-13 13:07:59[0m] (step=0045200) Train Loss: 0.1011, Train Steps/Sec: 1.80, Samples/Sec: 86.39
[[34m2025-05-13 13:08:05[0m] Beginning epoch 30...
[[34m2025-05-13 13:08:55[0m] (step=0045300) Train Loss: 0.0978, Train Steps/Sec: 1.79, Samples/Sec: 85.68
[[34m2025-05-13 13:09:51[0m] (step=0045400) Train Loss: 0.0975, Train Steps/Sec: 1.79, Samples/Sec: 86.15
[[34m2025-05-13 13:10:46[0m] (step=0045500) Train Loss: 0.0987, Train Steps/Sec: 1.80, Samples/Sec: 86.38
[[34m2025-05-13 13:11:42[0m] (step=0045600) Train Loss: 0.0926, Train Steps/Sec: 1.80, Samples/Sec: 86.26
[[34m2025-05-13 13:12:38[0m] (step=0045700) Train Loss: 0.0912, Train Steps/Sec: 1.80, Samples/Sec: 86.37
[[34m2025-05-13 13:13:33[0m] (step=0045800) Train Loss: 0.0937, Train Steps/Sec: 1.80, Samples/Sec: 86.35
[[34m2025-05-13 13:14:29[0m] (step=0045900) Train Loss: 0.0949, Train Steps/Sec: 1.80, Samples/Sec: 86.39
[[34m2025-05-13 13:15:24[0m] (step=0046000) Train Loss: 0.0997, Train Steps/Sec: 1.80, Samples/Sec: 86.35
[[34m2025-05-13 13:15:37[0m] Saved checkpoint to logs/nwm_cdit_wuhan/checkpoints/latest.pth.tar
[[34m2025-05-13 13:16:32[0m] (step=0046100) Train Loss: 0.0977, Train Steps/Sec: 1.47, Samples/Sec: 70.51
[[34m2025-05-13 13:17:28[0m] (step=0046200) Train Loss: 0.0947, Train Steps/Sec: 1.80, Samples/Sec: 86.38
[[34m2025-05-13 13:18:24[0m] (step=0046300) Train Loss: 0.0964, Train Steps/Sec: 1.80, Samples/Sec: 86.36
[[34m2025-05-13 13:19:19[0m] (step=0046400) Train Loss: 0.0989, Train Steps/Sec: 1.80, Samples/Sec: 86.38
[[34m2025-05-13 13:20:15[0m] (step=0046500) Train Loss: 0.0975, Train Steps/Sec: 1.80, Samples/Sec: 86.35
[[34m2025-05-13 13:21:10[0m] (step=0046600) Train Loss: 0.0983, Train Steps/Sec: 1.80, Samples/Sec: 86.37
[[34m2025-05-13 13:22:06[0m] (step=0046700) Train Loss: 0.0926, Train Steps/Sec: 1.80, Samples/Sec: 86.26
[[34m2025-05-13 13:22:15[0m] Beginning epoch 31...
[[34m2025-05-13 13:23:02[0m] (step=0046800) Train Loss: 0.0951, Train Steps/Sec: 1.78, Samples/Sec: 85.45
[[34m2025-05-13 13:23:58[0m] (step=0046900) Train Loss: 0.0990, Train Steps/Sec: 1.80, Samples/Sec: 86.36
[[34m2025-05-13 13:24:53[0m] (step=0047000) Train Loss: 0.0968, Train Steps/Sec: 1.80, Samples/Sec: 86.35
[[34m2025-05-13 13:25:49[0m] (step=0047100) Train Loss: 0.0926, Train Steps/Sec: 1.80, Samples/Sec: 86.38
[[34m2025-05-13 13:26:45[0m] (step=0047200) Train Loss: 0.0962, Train Steps/Sec: 1.80, Samples/Sec: 86.37
[[34m2025-05-13 13:27:40[0m] (step=0047300) Train Loss: 0.1001, Train Steps/Sec: 1.80, Samples/Sec: 86.38
[[34m2025-05-13 13:28:36[0m] (step=0047400) Train Loss: 0.0962, Train Steps/Sec: 1.80, Samples/Sec: 86.29
[[34m2025-05-13 13:29:31[0m] (step=0047500) Train Loss: 0.0917, Train Steps/Sec: 1.79, Samples/Sec: 86.15
[[34m2025-05-13 13:30:27[0m] (step=0047600) Train Loss: 0.0944, Train Steps/Sec: 1.80, Samples/Sec: 86.37
[[34m2025-05-13 13:31:23[0m] (step=0047700) Train Loss: 0.0980, Train Steps/Sec: 1.80, Samples/Sec: 86.39
[[34m2025-05-13 13:32:18[0m] (step=0047800) Train Loss: 0.0997, Train Steps/Sec: 1.80, Samples/Sec: 86.38
[[34m2025-05-13 13:33:14[0m] (step=0047900) Train Loss: 0.0926, Train Steps/Sec: 1.80, Samples/Sec: 86.38
[[34m2025-05-13 13:34:09[0m] (step=0048000) Train Loss: 0.0904, Train Steps/Sec: 1.80, Samples/Sec: 86.37
[[34m2025-05-13 13:34:22[0m] Saved checkpoint to logs/nwm_cdit_wuhan/checkpoints/latest.pth.tar
[[34m2025-05-13 13:35:18[0m] (step=0048100) Train Loss: 0.0954, Train Steps/Sec: 1.46, Samples/Sec: 70.22
[[34m2025-05-13 13:36:13[0m] (step=0048200) Train Loss: 0.0972, Train Steps/Sec: 1.80, Samples/Sec: 86.27
[[34m2025-05-13 13:36:27[0m] Beginning epoch 32...
[[34m2025-05-13 13:37:09[0m] (step=0048300) Train Loss: 0.0932, Train Steps/Sec: 1.79, Samples/Sec: 85.86
[[34m2025-05-13 13:38:05[0m] (step=0048400) Train Loss: 0.0993, Train Steps/Sec: 1.80, Samples/Sec: 86.34
[[34m2025-05-13 13:39:00[0m] (step=0048500) Train Loss: 0.0947, Train Steps/Sec: 1.80, Samples/Sec: 86.40
[[34m2025-05-13 13:39:56[0m] (step=0048600) Train Loss: 0.0945, Train Steps/Sec: 1.80, Samples/Sec: 86.38
[[34m2025-05-13 13:40:52[0m] (step=0048700) Train Loss: 0.0982, Train Steps/Sec: 1.80, Samples/Sec: 86.26
[[34m2025-05-13 13:41:47[0m] (step=0048800) Train Loss: 0.0990, Train Steps/Sec: 1.80, Samples/Sec: 86.20
[[34m2025-05-13 13:42:43[0m] (step=0048900) Train Loss: 0.1002, Train Steps/Sec: 1.80, Samples/Sec: 86.39
[[34m2025-05-13 13:43:38[0m] (step=0049000) Train Loss: 0.0962, Train Steps/Sec: 1.80, Samples/Sec: 86.39
[[34m2025-05-13 13:44:34[0m] (step=0049100) Train Loss: 0.0952, Train Steps/Sec: 1.80, Samples/Sec: 86.39
[[34m2025-05-13 13:45:29[0m] (step=0049200) Train Loss: 0.0940, Train Steps/Sec: 1.80, Samples/Sec: 86.37
[[34m2025-05-13 13:46:25[0m] (step=0049300) Train Loss: 0.0958, Train Steps/Sec: 1.80, Samples/Sec: 86.39
[[34m2025-05-13 13:47:21[0m] (step=0049400) Train Loss: 0.0932, Train Steps/Sec: 1.80, Samples/Sec: 86.17
[[34m2025-05-13 13:48:16[0m] (step=0049500) Train Loss: 0.0990, Train Steps/Sec: 1.80, Samples/Sec: 86.28
[[34m2025-05-13 13:49:12[0m] (step=0049600) Train Loss: 0.0939, Train Steps/Sec: 1.80, Samples/Sec: 86.38
[[34m2025-05-13 13:50:08[0m] (step=0049700) Train Loss: 0.0914, Train Steps/Sec: 1.80, Samples/Sec: 86.39
[[34m2025-05-13 13:50:25[0m] Beginning epoch 33...
[[34m2025-05-13 13:51:03[0m] (step=0049800) Train Loss: 0.0895, Train Steps/Sec: 1.79, Samples/Sec: 85.84
[[34m2025-05-13 13:51:59[0m] (step=0049900) Train Loss: 0.0949, Train Steps/Sec: 1.80, Samples/Sec: 86.39
[[34m2025-05-13 13:52:55[0m] (step=0050000) Train Loss: 0.0963, Train Steps/Sec: 1.80, Samples/Sec: 86.37
Using cache found in ./models/facebookresearch_dino_main
Using cache found in ./models/facebookresearch_dino_main
[[34m2025-05-13 13:53:08[0m] Saved checkpoint to logs/nwm_cdit_wuhan/checkpoints/latest.pth.tar
Using cache found in ./models/facebookresearch_dino_main
[[34m2025-05-13 13:53:10[0m] Already found a `peft_config` attribute in the model. This will lead to having multiple adapters in the model. Make sure to know what you are doing!
[[34m2025-05-13 13:55:30[0m] (step=0050000) Perceptual Loss: 0.3673, Eval Time: 142.75
[[34m2025-05-13 13:56:26[0m] (step=0050100) Train Loss: 0.0948, Train Steps/Sec: 0.47, Samples/Sec: 22.68
[[34m2025-05-13 13:57:22[0m] (step=0050200) Train Loss: 0.0914, Train Steps/Sec: 1.80, Samples/Sec: 86.33
[[34m2025-05-13 13:58:17[0m] (step=0050300) Train Loss: 0.0940, Train Steps/Sec: 1.80, Samples/Sec: 86.32
[[34m2025-05-13 13:59:13[0m] (step=0050400) Train Loss: 0.0951, Train Steps/Sec: 1.80, Samples/Sec: 86.33
[[34m2025-05-13 14:00:09[0m] (step=0050500) Train Loss: 0.0974, Train Steps/Sec: 1.80, Samples/Sec: 86.35
[[34m2025-05-13 14:01:04[0m] (step=0050600) Train Loss: 0.0955, Train Steps/Sec: 1.80, Samples/Sec: 86.34
[[34m2025-05-13 14:02:00[0m] (step=0050700) Train Loss: 0.0950, Train Steps/Sec: 1.79, Samples/Sec: 85.93
[[34m2025-05-13 14:02:56[0m] (step=0050800) Train Loss: 0.0961, Train Steps/Sec: 1.80, Samples/Sec: 86.35
[[34m2025-05-13 14:03:51[0m] (step=0050900) Train Loss: 0.0936, Train Steps/Sec: 1.80, Samples/Sec: 86.32
[[34m2025-05-13 14:04:47[0m] (step=0051000) Train Loss: 0.0936, Train Steps/Sec: 1.80, Samples/Sec: 86.37
[[34m2025-05-13 14:05:42[0m] (step=0051100) Train Loss: 0.0935, Train Steps/Sec: 1.80, Samples/Sec: 86.31
[[34m2025-05-13 14:06:38[0m] (step=0051200) Train Loss: 0.0957, Train Steps/Sec: 1.80, Samples/Sec: 86.36
[[34m2025-05-13 14:06:59[0m] Beginning epoch 34...
[[34m2025-05-13 14:07:34[0m] (step=0051300) Train Loss: 0.0922, Train Steps/Sec: 1.78, Samples/Sec: 85.62
[[34m2025-05-13 14:08:30[0m] (step=0051400) Train Loss: 0.0948, Train Steps/Sec: 1.79, Samples/Sec: 85.95
[[34m2025-05-13 14:09:26[0m] (step=0051500) Train Loss: 0.0982, Train Steps/Sec: 1.80, Samples/Sec: 86.33
[[34m2025-05-13 14:10:21[0m] (step=0051600) Train Loss: 0.0945, Train Steps/Sec: 1.80, Samples/Sec: 86.31
[[34m2025-05-13 14:11:17[0m] (step=0051700) Train Loss: 0.0937, Train Steps/Sec: 1.80, Samples/Sec: 86.32
[[34m2025-05-13 14:12:12[0m] (step=0051800) Train Loss: 0.0957, Train Steps/Sec: 1.80, Samples/Sec: 86.32
[[34m2025-05-13 14:13:08[0m] (step=0051900) Train Loss: 0.0956, Train Steps/Sec: 1.80, Samples/Sec: 86.32
[[34m2025-05-13 14:14:04[0m] (step=0052000) Train Loss: 0.0956, Train Steps/Sec: 1.80, Samples/Sec: 86.21
[[34m2025-05-13 14:14:16[0m] Saved checkpoint to logs/nwm_cdit_wuhan/checkpoints/latest.pth.tar
[[34m2025-05-13 14:15:12[0m] (step=0052100) Train Loss: 0.0955, Train Steps/Sec: 1.47, Samples/Sec: 70.36
[[34m2025-05-13 14:16:07[0m] (step=0052200) Train Loss: 0.0960, Train Steps/Sec: 1.80, Samples/Sec: 86.35
[[34m2025-05-13 14:17:03[0m] (step=0052300) Train Loss: 0.0906, Train Steps/Sec: 1.80, Samples/Sec: 86.36
[[34m2025-05-13 14:17:59[0m] (step=0052400) Train Loss: 0.0951, Train Steps/Sec: 1.80, Samples/Sec: 86.37
[[34m2025-05-13 14:18:54[0m] (step=0052500) Train Loss: 0.0934, Train Steps/Sec: 1.80, Samples/Sec: 86.38
[[34m2025-05-13 14:19:50[0m] (step=0052600) Train Loss: 0.0945, Train Steps/Sec: 1.80, Samples/Sec: 86.25
[[34m2025-05-13 14:20:45[0m] (step=0052700) Train Loss: 0.0955, Train Steps/Sec: 1.80, Samples/Sec: 86.27
[[34m2025-05-13 14:21:11[0m] Beginning epoch 35...
[[34m2025-05-13 14:21:42[0m] (step=0052800) Train Loss: 0.0996, Train Steps/Sec: 1.78, Samples/Sec: 85.56
[[34m2025-05-13 14:22:37[0m] (step=0052900) Train Loss: 0.0929, Train Steps/Sec: 1.80, Samples/Sec: 86.34
[[34m2025-05-13 14:23:33[0m] (step=0053000) Train Loss: 0.0942, Train Steps/Sec: 1.80, Samples/Sec: 86.36
[[34m2025-05-13 14:24:28[0m] (step=0053100) Train Loss: 0.0902, Train Steps/Sec: 1.80, Samples/Sec: 86.40
[[34m2025-05-13 14:25:24[0m] (step=0053200) Train Loss: 0.0962, Train Steps/Sec: 1.80, Samples/Sec: 86.39
[[34m2025-05-13 14:26:20[0m] (step=0053300) Train Loss: 0.0947, Train Steps/Sec: 1.80, Samples/Sec: 86.27
[[34m2025-05-13 14:27:15[0m] (step=0053400) Train Loss: 0.0914, Train Steps/Sec: 1.79, Samples/Sec: 86.15
[[34m2025-05-13 14:28:11[0m] (step=0053500) Train Loss: 0.0981, Train Steps/Sec: 1.80, Samples/Sec: 86.37
[[34m2025-05-13 14:29:06[0m] (step=0053600) Train Loss: 0.0958, Train Steps/Sec: 1.80, Samples/Sec: 86.37
[[34m2025-05-13 14:30:02[0m] (step=0053700) Train Loss: 0.0900, Train Steps/Sec: 1.80, Samples/Sec: 86.37
[[34m2025-05-13 14:30:58[0m] (step=0053800) Train Loss: 0.0964, Train Steps/Sec: 1.80, Samples/Sec: 86.40
[[34m2025-05-13 14:31:53[0m] (step=0053900) Train Loss: 0.0848, Train Steps/Sec: 1.80, Samples/Sec: 86.37
[[34m2025-05-13 14:32:49[0m] (step=0054000) Train Loss: 0.0916, Train Steps/Sec: 1.80, Samples/Sec: 86.25
[[34m2025-05-13 14:33:01[0m] Saved checkpoint to logs/nwm_cdit_wuhan/checkpoints/latest.pth.tar
[[34m2025-05-13 14:33:57[0m] (step=0054100) Train Loss: 0.0902, Train Steps/Sec: 1.46, Samples/Sec: 70.31
[[34m2025-05-13 14:34:53[0m] (step=0054200) Train Loss: 0.0924, Train Steps/Sec: 1.80, Samples/Sec: 86.37
[[34m2025-05-13 14:35:21[0m] Beginning epoch 36...
[[34m2025-05-13 14:35:49[0m] (step=0054300) Train Loss: 0.0970, Train Steps/Sec: 1.79, Samples/Sec: 85.81
[[34m2025-05-13 14:36:44[0m] (step=0054400) Train Loss: 0.0914, Train Steps/Sec: 1.80, Samples/Sec: 86.39
[[34m2025-05-13 14:37:40[0m] (step=0054500) Train Loss: 0.0886, Train Steps/Sec: 1.80, Samples/Sec: 86.39
[[34m2025-05-13 14:38:35[0m] (step=0054600) Train Loss: 0.0944, Train Steps/Sec: 1.80, Samples/Sec: 86.26
[[34m2025-05-13 14:39:31[0m] (step=0054700) Train Loss: 0.0951, Train Steps/Sec: 1.80, Samples/Sec: 86.38
[[34m2025-05-13 14:40:27[0m] (step=0054800) Train Loss: 0.0944, Train Steps/Sec: 1.79, Samples/Sec: 86.16
[[34m2025-05-13 14:41:22[0m] (step=0054900) Train Loss: 0.0901, Train Steps/Sec: 1.80, Samples/Sec: 86.40
[[34m2025-05-13 14:42:18[0m] (step=0055000) Train Loss: 0.0905, Train Steps/Sec: 1.80, Samples/Sec: 86.40
[[34m2025-05-13 14:43:13[0m] (step=0055100) Train Loss: 0.0898, Train Steps/Sec: 1.80, Samples/Sec: 86.41
[[34m2025-05-13 14:44:09[0m] (step=0055200) Train Loss: 0.0910, Train Steps/Sec: 1.80, Samples/Sec: 86.29
[[34m2025-05-13 14:45:04[0m] (step=0055300) Train Loss: 0.0929, Train Steps/Sec: 1.80, Samples/Sec: 86.40
[[34m2025-05-13 14:46:00[0m] (step=0055400) Train Loss: 0.0911, Train Steps/Sec: 1.80, Samples/Sec: 86.27
[[34m2025-05-13 14:46:56[0m] (step=0055500) Train Loss: 0.0923, Train Steps/Sec: 1.80, Samples/Sec: 86.38
[[34m2025-05-13 14:47:51[0m] (step=0055600) Train Loss: 0.0909, Train Steps/Sec: 1.80, Samples/Sec: 86.38
[[34m2025-05-13 14:48:47[0m] (step=0055700) Train Loss: 0.0906, Train Steps/Sec: 1.80, Samples/Sec: 86.39
[[34m2025-05-13 14:49:20[0m] Beginning epoch 37...
[[34m2025-05-13 14:49:43[0m] (step=0055800) Train Loss: 0.0910, Train Steps/Sec: 1.79, Samples/Sec: 85.84
[[34m2025-05-13 14:50:38[0m] (step=0055900) Train Loss: 0.0895, Train Steps/Sec: 1.80, Samples/Sec: 86.27
[[34m2025-05-13 14:51:34[0m] (step=0056000) Train Loss: 0.0896, Train Steps/Sec: 1.80, Samples/Sec: 86.35
[[34m2025-05-13 14:51:46[0m] Saved checkpoint to logs/nwm_cdit_wuhan/checkpoints/latest.pth.tar
[[34m2025-05-13 14:52:42[0m] (step=0056100) Train Loss: 0.0925, Train Steps/Sec: 1.47, Samples/Sec: 70.47
[[34m2025-05-13 14:53:38[0m] (step=0056200) Train Loss: 0.0918, Train Steps/Sec: 1.80, Samples/Sec: 86.38
[[34m2025-05-13 14:54:33[0m] (step=0056300) Train Loss: 0.0875, Train Steps/Sec: 1.80, Samples/Sec: 86.39
[[34m2025-05-13 14:55:29[0m] (step=0056400) Train Loss: 0.0905, Train Steps/Sec: 1.80, Samples/Sec: 86.41
[[34m2025-05-13 14:56:24[0m] (step=0056500) Train Loss: 0.0927, Train Steps/Sec: 1.80, Samples/Sec: 86.26
[[34m2025-05-13 14:57:20[0m] (step=0056600) Train Loss: 0.0926, Train Steps/Sec: 1.80, Samples/Sec: 86.41
[[34m2025-05-13 14:58:16[0m] (step=0056700) Train Loss: 0.0930, Train Steps/Sec: 1.80, Samples/Sec: 86.40
[[34m2025-05-13 14:59:11[0m] (step=0056800) Train Loss: 0.0914, Train Steps/Sec: 1.80, Samples/Sec: 86.20
[[34m2025-05-13 15:00:07[0m] (step=0056900) Train Loss: 0.0915, Train Steps/Sec: 1.80, Samples/Sec: 86.39
[[34m2025-05-13 15:01:02[0m] (step=0057000) Train Loss: 0.0896, Train Steps/Sec: 1.80, Samples/Sec: 86.39
[[34m2025-05-13 15:01:58[0m] (step=0057100) Train Loss: 0.0898, Train Steps/Sec: 1.80, Samples/Sec: 86.39
[[34m2025-05-13 15:02:54[0m] (step=0057200) Train Loss: 0.0874, Train Steps/Sec: 1.80, Samples/Sec: 86.29
[[34m2025-05-13 15:03:30[0m] Beginning epoch 38...
[[34m2025-05-13 15:03:49[0m] (step=0057300) Train Loss: 0.0919, Train Steps/Sec: 1.79, Samples/Sec: 85.90
[[34m2025-05-13 15:04:45[0m] (step=0057400) Train Loss: 0.0913, Train Steps/Sec: 1.80, Samples/Sec: 86.41
[[34m2025-05-13 15:05:41[0m] (step=0057500) Train Loss: 0.0909, Train Steps/Sec: 1.80, Samples/Sec: 86.18
[[34m2025-05-13 15:06:36[0m] (step=0057600) Train Loss: 0.0891, Train Steps/Sec: 1.80, Samples/Sec: 86.39
[[34m2025-05-13 15:07:32[0m] (step=0057700) Train Loss: 0.0918, Train Steps/Sec: 1.80, Samples/Sec: 86.36
[[34m2025-05-13 15:08:27[0m] (step=0057800) Train Loss: 0.0946, Train Steps/Sec: 1.80, Samples/Sec: 86.37
[[34m2025-05-13 15:09:23[0m] (step=0057900) Train Loss: 0.0898, Train Steps/Sec: 1.80, Samples/Sec: 86.27
[[34m2025-05-13 15:10:19[0m] (step=0058000) Train Loss: 0.0880, Train Steps/Sec: 1.80, Samples/Sec: 86.39
[[34m2025-05-13 15:10:31[0m] Saved checkpoint to logs/nwm_cdit_wuhan/checkpoints/latest.pth.tar
[[34m2025-05-13 15:11:27[0m] (step=0058100) Train Loss: 0.0918, Train Steps/Sec: 1.46, Samples/Sec: 70.24
[[34m2025-05-13 15:12:23[0m] (step=0058200) Train Loss: 0.0905, Train Steps/Sec: 1.80, Samples/Sec: 86.28
[[34m2025-05-13 15:13:18[0m] (step=0058300) Train Loss: 0.0897, Train Steps/Sec: 1.80, Samples/Sec: 86.38
[[34m2025-05-13 15:14:14[0m] (step=0058400) Train Loss: 0.0878, Train Steps/Sec: 1.80, Samples/Sec: 86.40
[[34m2025-05-13 15:15:09[0m] (step=0058500) Train Loss: 0.0929, Train Steps/Sec: 1.80, Samples/Sec: 86.25
[[34m2025-05-13 15:16:05[0m] (step=0058600) Train Loss: 0.0901, Train Steps/Sec: 1.80, Samples/Sec: 86.37
[[34m2025-05-13 15:17:00[0m] (step=0058700) Train Loss: 0.0902, Train Steps/Sec: 1.80, Samples/Sec: 86.37
[[34m2025-05-13 15:17:41[0m] Beginning epoch 39...
[[34m2025-05-13 15:17:57[0m] (step=0058800) Train Loss: 0.0897, Train Steps/Sec: 1.78, Samples/Sec: 85.66
[[34m2025-05-13 15:18:52[0m] (step=0058900) Train Loss: 0.0890, Train Steps/Sec: 1.80, Samples/Sec: 86.39
[[34m2025-05-13 15:19:48[0m] (step=0059000) Train Loss: 0.0894, Train Steps/Sec: 1.80, Samples/Sec: 86.38
[[34m2025-05-13 15:20:43[0m] (step=0059100) Train Loss: 0.0913, Train Steps/Sec: 1.80, Samples/Sec: 86.39
[[34m2025-05-13 15:21:39[0m] (step=0059200) Train Loss: 0.0914, Train Steps/Sec: 1.80, Samples/Sec: 86.25
[[34m2025-05-13 15:22:34[0m] (step=0059300) Train Loss: 0.0873, Train Steps/Sec: 1.80, Samples/Sec: 86.36
[[34m2025-05-13 15:23:30[0m] (step=0059400) Train Loss: 0.0890, Train Steps/Sec: 1.80, Samples/Sec: 86.39
[[34m2025-05-13 15:24:26[0m] (step=0059500) Train Loss: 0.0918, Train Steps/Sec: 1.80, Samples/Sec: 86.18
[[34m2025-05-13 15:25:21[0m] (step=0059600) Train Loss: 0.0892, Train Steps/Sec: 1.80, Samples/Sec: 86.37
[[34m2025-05-13 15:26:17[0m] (step=0059700) Train Loss: 0.0914, Train Steps/Sec: 1.80, Samples/Sec: 86.37
[[34m2025-05-13 15:27:13[0m] (step=0059800) Train Loss: 0.0925, Train Steps/Sec: 1.80, Samples/Sec: 86.26
[[34m2025-05-13 15:28:08[0m] (step=0059900) Train Loss: 0.0894, Train Steps/Sec: 1.80, Samples/Sec: 86.39
[[34m2025-05-13 15:29:04[0m] (step=0060000) Train Loss: 0.0913, Train Steps/Sec: 1.80, Samples/Sec: 86.39
Using cache found in ./models/facebookresearch_dino_main
Using cache found in ./models/facebookresearch_dino_main
[[34m2025-05-13 15:29:28[0m] Saved checkpoint to logs/nwm_cdit_wuhan/checkpoints/0060000.pth.tar
Using cache found in ./models/facebookresearch_dino_main
[[34m2025-05-13 15:29:31[0m] Already found a `peft_config` attribute in the model. This will lead to having multiple adapters in the model. Make sure to know what you are doing!
[[34m2025-05-13 15:31:51[0m] (step=0060000) Perceptual Loss: 0.3477, Eval Time: 142.94
[[34m2025-05-13 15:32:47[0m] (step=0060100) Train Loss: 0.0922, Train Steps/Sec: 0.45, Samples/Sec: 21.49
[[34m2025-05-13 15:33:43[0m] (step=0060200) Train Loss: 0.0861, Train Steps/Sec: 1.80, Samples/Sec: 86.36
[[34m2025-05-13 15:34:27[0m] Beginning epoch 40...
[[34m2025-05-13 15:34:39[0m] (step=0060300) Train Loss: 0.0928, Train Steps/Sec: 1.78, Samples/Sec: 85.68
[[34m2025-05-13 15:35:34[0m] (step=0060400) Train Loss: 0.0880, Train Steps/Sec: 1.80, Samples/Sec: 86.40
[[34m2025-05-13 15:36:30[0m] (step=0060500) Train Loss: 0.0959, Train Steps/Sec: 1.80, Samples/Sec: 86.40
[[34m2025-05-13 15:37:25[0m] (step=0060600) Train Loss: 0.0859, Train Steps/Sec: 1.80, Samples/Sec: 86.35
[[34m2025-05-13 15:38:21[0m] (step=0060700) Train Loss: 0.0900, Train Steps/Sec: 1.79, Samples/Sec: 86.16
[[34m2025-05-13 15:39:17[0m] (step=0060800) Train Loss: 0.0935, Train Steps/Sec: 1.80, Samples/Sec: 86.38
[[34m2025-05-13 15:40:12[0m] (step=0060900) Train Loss: 0.0833, Train Steps/Sec: 1.80, Samples/Sec: 86.39
[[34m2025-05-13 15:41:08[0m] (step=0061000) Train Loss: 0.0853, Train Steps/Sec: 1.80, Samples/Sec: 86.25
[[34m2025-05-13 15:42:03[0m] (step=0061100) Train Loss: 0.0862, Train Steps/Sec: 1.80, Samples/Sec: 86.40
[[34m2025-05-13 15:42:59[0m] (step=0061200) Train Loss: 0.0942, Train Steps/Sec: 1.80, Samples/Sec: 86.40
[[34m2025-05-13 15:43:54[0m] (step=0061300) Train Loss: 0.0902, Train Steps/Sec: 1.80, Samples/Sec: 86.38
[[34m2025-05-13 15:44:50[0m] (step=0061400) Train Loss: 0.0899, Train Steps/Sec: 1.79, Samples/Sec: 86.14
[[34m2025-05-13 15:45:46[0m] (step=0061500) Train Loss: 0.0893, Train Steps/Sec: 1.80, Samples/Sec: 86.40
[[34m2025-05-13 15:46:41[0m] (step=0061600) Train Loss: 0.0907, Train Steps/Sec: 1.80, Samples/Sec: 86.38
[[34m2025-05-13 15:47:37[0m] (step=0061700) Train Loss: 0.0873, Train Steps/Sec: 1.80, Samples/Sec: 86.28
[[34m2025-05-13 15:48:25[0m] Beginning epoch 41...
[[34m2025-05-13 15:48:33[0m] (step=0061800) Train Loss: 0.0878, Train Steps/Sec: 1.78, Samples/Sec: 85.66
[[34m2025-05-13 15:49:29[0m] (step=0061900) Train Loss: 0.0876, Train Steps/Sec: 1.80, Samples/Sec: 86.36
[[34m2025-05-13 15:50:24[0m] (step=0062000) Train Loss: 0.0882, Train Steps/Sec: 1.80, Samples/Sec: 86.37
[[34m2025-05-13 15:50:37[0m] Saved checkpoint to logs/nwm_cdit_wuhan/checkpoints/latest.pth.tar
[[34m2025-05-13 15:51:33[0m] (step=0062100) Train Loss: 0.0946, Train Steps/Sec: 1.45, Samples/Sec: 69.71
[[34m2025-05-13 15:52:29[0m] (step=0062200) Train Loss: 0.0875, Train Steps/Sec: 1.80, Samples/Sec: 86.40
[[34m2025-05-13 15:53:24[0m] (step=0062300) Train Loss: 0.0837, Train Steps/Sec: 1.80, Samples/Sec: 86.26
[[34m2025-05-13 15:54:20[0m] (step=0062400) Train Loss: 0.0891, Train Steps/Sec: 1.80, Samples/Sec: 86.40
[[34m2025-05-13 15:55:15[0m] (step=0062500) Train Loss: 0.0873, Train Steps/Sec: 1.80, Samples/Sec: 86.40
[[34m2025-05-13 15:56:11[0m] (step=0062600) Train Loss: 0.0874, Train Steps/Sec: 1.80, Samples/Sec: 86.39
[[34m2025-05-13 15:57:06[0m] (step=0062700) Train Loss: 0.0870, Train Steps/Sec: 1.80, Samples/Sec: 86.40
[[34m2025-05-13 15:58:02[0m] (step=0062800) Train Loss: 0.0894, Train Steps/Sec: 1.80, Samples/Sec: 86.18
[[34m2025-05-13 15:58:58[0m] (step=0062900) Train Loss: 0.0866, Train Steps/Sec: 1.80, Samples/Sec: 86.39
[[34m2025-05-13 15:59:53[0m] (step=0063000) Train Loss: 0.0881, Train Steps/Sec: 1.80, Samples/Sec: 86.24
[[34m2025-05-13 16:00:49[0m] (step=0063100) Train Loss: 0.0895, Train Steps/Sec: 1.80, Samples/Sec: 86.36
[[34m2025-05-13 16:01:44[0m] (step=0063200) Train Loss: 0.0917, Train Steps/Sec: 1.80, Samples/Sec: 86.39
[[34m2025-05-13 16:02:37[0m] Beginning epoch 42...
[[34m2025-05-13 16:02:40[0m] (step=0063300) Train Loss: 0.0923, Train Steps/Sec: 1.79, Samples/Sec: 85.81
[[34m2025-05-13 16:03:36[0m] (step=0063400) Train Loss: 0.0905, Train Steps/Sec: 1.80, Samples/Sec: 86.17
[[34m2025-05-13 16:04:32[0m] (step=0063500) Train Loss: 0.0880, Train Steps/Sec: 1.80, Samples/Sec: 86.41
[[34m2025-05-13 16:05:27[0m] (step=0063600) Train Loss: 0.0915, Train Steps/Sec: 1.80, Samples/Sec: 86.27
[[34m2025-05-13 16:06:23[0m] (step=0063700) Train Loss: 0.0885, Train Steps/Sec: 1.80, Samples/Sec: 86.37
[[34m2025-05-13 16:07:18[0m] (step=0063800) Train Loss: 0.0900, Train Steps/Sec: 1.80, Samples/Sec: 86.37
[[34m2025-05-13 16:08:14[0m] (step=0063900) Train Loss: 0.0934, Train Steps/Sec: 1.80, Samples/Sec: 86.38
[[34m2025-05-13 16:09:10[0m] (step=0064000) Train Loss: 0.0898, Train Steps/Sec: 1.80, Samples/Sec: 86.37
[[34m2025-05-13 16:09:22[0m] Saved checkpoint to logs/nwm_cdit_wuhan/checkpoints/latest.pth.tar
[[34m2025-05-13 16:10:18[0m] (step=0064100) Train Loss: 0.0887, Train Steps/Sec: 1.47, Samples/Sec: 70.33
[[34m2025-05-13 16:11:13[0m] (step=0064200) Train Loss: 0.0862, Train Steps/Sec: 1.80, Samples/Sec: 86.25
[[34m2025-05-13 16:12:09[0m] (step=0064300) Train Loss: 0.0824, Train Steps/Sec: 1.80, Samples/Sec: 86.38
[[34m2025-05-13 16:13:05[0m] (step=0064400) Train Loss: 0.0887, Train Steps/Sec: 1.80, Samples/Sec: 86.36
[[34m2025-05-13 16:14:00[0m] (step=0064500) Train Loss: 0.0873, Train Steps/Sec: 1.80, Samples/Sec: 86.34
[[34m2025-05-13 16:14:56[0m] (step=0064600) Train Loss: 0.0831, Train Steps/Sec: 1.80, Samples/Sec: 86.30
[[34m2025-05-13 16:15:52[0m] (step=0064700) Train Loss: 0.0867, Train Steps/Sec: 1.80, Samples/Sec: 86.19
[[34m2025-05-13 16:16:47[0m] (step=0064800) Train Loss: 0.0823, Train Steps/Sec: 1.79, Samples/Sec: 85.99
[[34m2025-05-13 16:16:48[0m] Beginning epoch 43...
[[34m2025-05-13 16:17:44[0m] (step=0064900) Train Loss: 0.0929, Train Steps/Sec: 1.78, Samples/Sec: 85.35
[[34m2025-05-13 16:18:39[0m] (step=0065000) Train Loss: 0.0834, Train Steps/Sec: 1.79, Samples/Sec: 86.06
[[34m2025-05-13 16:19:35[0m] (step=0065100) Train Loss: 0.0840, Train Steps/Sec: 1.80, Samples/Sec: 86.23
[[34m2025-05-13 16:20:31[0m] (step=0065200) Train Loss: 0.0874, Train Steps/Sec: 1.80, Samples/Sec: 86.29
[[34m2025-05-13 16:21:26[0m] (step=0065300) Train Loss: 0.0847, Train Steps/Sec: 1.80, Samples/Sec: 86.27
[[34m2025-05-13 16:22:22[0m] (step=0065400) Train Loss: 0.0873, Train Steps/Sec: 1.80, Samples/Sec: 86.28
[[34m2025-05-13 16:23:18[0m] (step=0065500) Train Loss: 0.0851, Train Steps/Sec: 1.79, Samples/Sec: 86.08
[[34m2025-05-13 16:24:13[0m] (step=0065600) Train Loss: 0.0835, Train Steps/Sec: 1.80, Samples/Sec: 86.22
[[34m2025-05-13 16:25:09[0m] (step=0065700) Train Loss: 0.0888, Train Steps/Sec: 1.80, Samples/Sec: 86.30
[[34m2025-05-13 16:26:05[0m] (step=0065800) Train Loss: 0.0851, Train Steps/Sec: 1.80, Samples/Sec: 86.24
[[34m2025-05-13 16:27:00[0m] (step=0065900) Train Loss: 0.0852, Train Steps/Sec: 1.80, Samples/Sec: 86.24
[[34m2025-05-13 16:27:56[0m] (step=0066000) Train Loss: 0.0904, Train Steps/Sec: 1.80, Samples/Sec: 86.21
[[34m2025-05-13 16:28:09[0m] Saved checkpoint to logs/nwm_cdit_wuhan/checkpoints/latest.pth.tar
[[34m2025-05-13 16:29:05[0m] (step=0066100) Train Loss: 0.0806, Train Steps/Sec: 1.45, Samples/Sec: 69.75
[[34m2025-05-13 16:30:01[0m] (step=0066200) Train Loss: 0.0913, Train Steps/Sec: 1.79, Samples/Sec: 86.13
[[34m2025-05-13 16:30:56[0m] (step=0066300) Train Loss: 0.0870, Train Steps/Sec: 1.80, Samples/Sec: 86.29
[[34m2025-05-13 16:31:01[0m] Beginning epoch 44...
[[34m2025-05-13 16:31:52[0m] (step=0066400) Train Loss: 0.0786, Train Steps/Sec: 1.78, Samples/Sec: 85.63
[[34m2025-05-13 16:32:48[0m] (step=0066500) Train Loss: 0.0868, Train Steps/Sec: 1.80, Samples/Sec: 86.29
[[34m2025-05-13 16:33:44[0m] (step=0066600) Train Loss: 0.0885, Train Steps/Sec: 1.80, Samples/Sec: 86.25
[[34m2025-05-13 16:34:39[0m] (step=0066700) Train Loss: 0.0889, Train Steps/Sec: 1.80, Samples/Sec: 86.26
[[34m2025-05-13 16:35:35[0m] (step=0066800) Train Loss: 0.0915, Train Steps/Sec: 1.79, Samples/Sec: 86.06
[[34m2025-05-13 16:36:31[0m] (step=0066900) Train Loss: 0.0880, Train Steps/Sec: 1.79, Samples/Sec: 86.14
[[34m2025-05-13 16:37:26[0m] (step=0067000) Train Loss: 0.0877, Train Steps/Sec: 1.80, Samples/Sec: 86.27
[[34m2025-05-13 16:38:22[0m] (step=0067100) Train Loss: 0.0871, Train Steps/Sec: 1.80, Samples/Sec: 86.24
[[34m2025-05-13 16:39:18[0m] (step=0067200) Train Loss: 0.0822, Train Steps/Sec: 1.80, Samples/Sec: 86.24
[[34m2025-05-13 16:40:13[0m] (step=0067300) Train Loss: 0.0844, Train Steps/Sec: 1.80, Samples/Sec: 86.22
[[34m2025-05-13 16:41:09[0m] (step=0067400) Train Loss: 0.0851, Train Steps/Sec: 1.80, Samples/Sec: 86.30
[[34m2025-05-13 16:42:05[0m] (step=0067500) Train Loss: 0.0868, Train Steps/Sec: 1.79, Samples/Sec: 86.14
[[34m2025-05-13 16:43:00[0m] (step=0067600) Train Loss: 0.0812, Train Steps/Sec: 1.80, Samples/Sec: 86.17
[[34m2025-05-13 16:43:56[0m] (step=0067700) Train Loss: 0.0897, Train Steps/Sec: 1.80, Samples/Sec: 86.35
[[34m2025-05-13 16:44:52[0m] (step=0067800) Train Loss: 0.0797, Train Steps/Sec: 1.80, Samples/Sec: 86.36
[[34m2025-05-13 16:45:00[0m] Beginning epoch 45...
[[34m2025-05-13 16:45:47[0m] (step=0067900) Train Loss: 0.0877, Train Steps/Sec: 1.79, Samples/Sec: 85.84
[[34m2025-05-13 16:46:43[0m] (step=0068000) Train Loss: 0.0834, Train Steps/Sec: 1.80, Samples/Sec: 86.32
[[34m2025-05-13 16:46:55[0m] Saved checkpoint to logs/nwm_cdit_wuhan/checkpoints/latest.pth.tar
[[34m2025-05-13 16:47:51[0m] (step=0068100) Train Loss: 0.0806, Train Steps/Sec: 1.47, Samples/Sec: 70.62
[[34m2025-05-13 16:48:47[0m] (step=0068200) Train Loss: 0.0828, Train Steps/Sec: 1.79, Samples/Sec: 86.01
[[34m2025-05-13 16:49:42[0m] (step=0068300) Train Loss: 0.0825, Train Steps/Sec: 1.80, Samples/Sec: 86.32
[[34m2025-05-13 16:50:38[0m] (step=0068400) Train Loss: 0.0856, Train Steps/Sec: 1.80, Samples/Sec: 86.37
[[34m2025-05-13 16:51:34[0m] (step=0068500) Train Loss: 0.0831, Train Steps/Sec: 1.80, Samples/Sec: 86.34
[[34m2025-05-13 16:52:29[0m] (step=0068600) Train Loss: 0.0813, Train Steps/Sec: 1.80, Samples/Sec: 86.35
[[34m2025-05-13 16:53:25[0m] (step=0068700) Train Loss: 0.0822, Train Steps/Sec: 1.80, Samples/Sec: 86.28
[[34m2025-05-13 16:54:21[0m] (step=0068800) Train Loss: 0.0863, Train Steps/Sec: 1.79, Samples/Sec: 86.01
[[34m2025-05-13 16:55:16[0m] (step=0068900) Train Loss: 0.0816, Train Steps/Sec: 1.80, Samples/Sec: 86.33
[[34m2025-05-13 16:56:12[0m] (step=0069000) Train Loss: 0.0862, Train Steps/Sec: 1.80, Samples/Sec: 86.34
[[34m2025-05-13 16:57:07[0m] (step=0069100) Train Loss: 0.0836, Train Steps/Sec: 1.80, Samples/Sec: 86.34
[[34m2025-05-13 16:58:03[0m] (step=0069200) Train Loss: 0.0880, Train Steps/Sec: 1.80, Samples/Sec: 86.34
[[34m2025-05-13 16:58:59[0m] (step=0069300) Train Loss: 0.0836, Train Steps/Sec: 1.80, Samples/Sec: 86.33
[[34m2025-05-13 16:59:11[0m] Beginning epoch 46...
[[34m2025-05-13 16:59:55[0m] (step=0069400) Train Loss: 0.0857, Train Steps/Sec: 1.78, Samples/Sec: 85.61
[[34m2025-05-13 17:00:51[0m] (step=0069500) Train Loss: 0.0877, Train Steps/Sec: 1.79, Samples/Sec: 85.94
[[34m2025-05-13 17:01:46[0m] (step=0069600) Train Loss: 0.0876, Train Steps/Sec: 1.80, Samples/Sec: 86.31
[[34m2025-05-13 17:02:42[0m] (step=0069700) Train Loss: 0.0860, Train Steps/Sec: 1.80, Samples/Sec: 86.29
[[34m2025-05-13 17:03:37[0m] (step=0069800) Train Loss: 0.0897, Train Steps/Sec: 1.80, Samples/Sec: 86.37
[[34m2025-05-13 17:04:33[0m] (step=0069900) Train Loss: 0.0831, Train Steps/Sec: 1.80, Samples/Sec: 86.38
[[34m2025-05-13 17:05:29[0m] (step=0070000) Train Loss: 0.0822, Train Steps/Sec: 1.80, Samples/Sec: 86.34
Using cache found in ./models/facebookresearch_dino_main
Using cache found in ./models/facebookresearch_dino_main
[[34m2025-05-13 17:05:41[0m] Saved checkpoint to logs/nwm_cdit_wuhan/checkpoints/latest.pth.tar
Using cache found in ./models/facebookresearch_dino_main
[[34m2025-05-13 17:05:44[0m] Already found a `peft_config` attribute in the model. This will lead to having multiple adapters in the model. Make sure to know what you are doing!
[[34m2025-05-13 17:08:04[0m] (step=0070000) Perceptual Loss: 0.3544, Eval Time: 143.16
[[34m2025-05-13 17:09:00[0m] (step=0070100) Train Loss: 0.0858, Train Steps/Sec: 0.47, Samples/Sec: 22.65
[[34m2025-05-13 17:09:56[0m] (step=0070200) Train Loss: 0.0845, Train Steps/Sec: 1.80, Samples/Sec: 86.34
[[34m2025-05-13 17:10:52[0m] (step=0070300) Train Loss: 0.0816, Train Steps/Sec: 1.80, Samples/Sec: 86.36
[[34m2025-05-13 17:11:47[0m] (step=0070400) Train Loss: 0.0896, Train Steps/Sec: 1.80, Samples/Sec: 86.35
[[34m2025-05-13 17:12:43[0m] (step=0070500) Train Loss: 0.0854, Train Steps/Sec: 1.80, Samples/Sec: 86.34
[[34m2025-05-13 17:13:38[0m] (step=0070600) Train Loss: 0.0856, Train Steps/Sec: 1.80, Samples/Sec: 86.35
[[34m2025-05-13 17:14:34[0m] (step=0070700) Train Loss: 0.0867, Train Steps/Sec: 1.80, Samples/Sec: 86.24
[[34m2025-05-13 17:15:30[0m] (step=0070800) Train Loss: 0.0854, Train Steps/Sec: 1.80, Samples/Sec: 86.16
[[34m2025-05-13 17:15:46[0m] Beginning epoch 47...
[[34m2025-05-13 17:16:26[0m] (step=0070900) Train Loss: 0.0868, Train Steps/Sec: 1.79, Samples/Sec: 85.71
[[34m2025-05-13 17:17:21[0m] (step=0071000) Train Loss: 0.0792, Train Steps/Sec: 1.80, Samples/Sec: 86.37
[[34m2025-05-13 17:18:17[0m] (step=0071100) Train Loss: 0.0851, Train Steps/Sec: 1.80, Samples/Sec: 86.32
[[34m2025-05-13 17:19:13[0m] (step=0071200) Train Loss: 0.0837, Train Steps/Sec: 1.80, Samples/Sec: 86.31
[[34m2025-05-13 17:20:08[0m] (step=0071300) Train Loss: 0.0874, Train Steps/Sec: 1.80, Samples/Sec: 86.32
[[34m2025-05-13 17:21:04[0m] (step=0071400) Train Loss: 0.0817, Train Steps/Sec: 1.79, Samples/Sec: 86.07
[[34m2025-05-13 17:22:00[0m] (step=0071500) Train Loss: 0.0863, Train Steps/Sec: 1.80, Samples/Sec: 86.17
[[34m2025-05-13 17:22:55[0m] (step=0071600) Train Loss: 0.0817, Train Steps/Sec: 1.80, Samples/Sec: 86.33
[[34m2025-05-13 17:23:51[0m] (step=0071700) Train Loss: 0.0818, Train Steps/Sec: 1.80, Samples/Sec: 86.31
[[34m2025-05-13 17:24:46[0m] (step=0071800) Train Loss: 0.0844, Train Steps/Sec: 1.80, Samples/Sec: 86.35
[[34m2025-05-13 17:25:42[0m] (step=0071900) Train Loss: 0.0868, Train Steps/Sec: 1.80, Samples/Sec: 86.32
[[34m2025-05-13 17:26:38[0m] (step=0072000) Train Loss: 0.0856, Train Steps/Sec: 1.80, Samples/Sec: 86.35
[[34m2025-05-13 17:26:51[0m] Saved checkpoint to logs/nwm_cdit_wuhan/checkpoints/latest.pth.tar
[[34m2025-05-13 17:27:47[0m] (step=0072100) Train Loss: 0.0844, Train Steps/Sec: 1.45, Samples/Sec: 69.53
[[34m2025-05-13 17:28:42[0m] (step=0072200) Train Loss: 0.0832, Train Steps/Sec: 1.80, Samples/Sec: 86.38
[[34m2025-05-13 17:29:38[0m] (step=0072300) Train Loss: 0.0824, Train Steps/Sec: 1.80, Samples/Sec: 86.36
[[34m2025-05-13 17:29:58[0m] Beginning epoch 48...
[[34m2025-05-13 17:30:34[0m] (step=0072400) Train Loss: 0.0800, Train Steps/Sec: 1.79, Samples/Sec: 85.76
[[34m2025-05-13 17:31:29[0m] (step=0072500) Train Loss: 0.0813, Train Steps/Sec: 1.80, Samples/Sec: 86.37
[[34m2025-05-13 17:32:25[0m] (step=0072600) Train Loss: 0.0869, Train Steps/Sec: 1.80, Samples/Sec: 86.38
[[34m2025-05-13 17:33:20[0m] (step=0072700) Train Loss: 0.0871, Train Steps/Sec: 1.80, Samples/Sec: 86.36
[[34m2025-05-13 17:34:16[0m] (step=0072800) Train Loss: 0.0847, Train Steps/Sec: 1.79, Samples/Sec: 86.05
[[34m2025-05-13 17:35:12[0m] (step=0072900) Train Loss: 0.0799, Train Steps/Sec: 1.80, Samples/Sec: 86.39
[[34m2025-05-13 17:36:07[0m] (step=0073000) Train Loss: 0.0889, Train Steps/Sec: 1.80, Samples/Sec: 86.37
[[34m2025-05-13 17:37:03[0m] (step=0073100) Train Loss: 0.0824, Train Steps/Sec: 1.80, Samples/Sec: 86.34
[[34m2025-05-13 17:37:59[0m] (step=0073200) Train Loss: 0.0837, Train Steps/Sec: 1.80, Samples/Sec: 86.37
[[34m2025-05-13 17:38:54[0m] (step=0073300) Train Loss: 0.0800, Train Steps/Sec: 1.80, Samples/Sec: 86.36
[[34m2025-05-13 17:39:50[0m] (step=0073400) Train Loss: 0.0774, Train Steps/Sec: 1.79, Samples/Sec: 86.15
[[34m2025-05-13 17:40:46[0m] (step=0073500) Train Loss: 0.0843, Train Steps/Sec: 1.80, Samples/Sec: 86.27
[[34m2025-05-13 17:41:41[0m] (step=0073600) Train Loss: 0.0823, Train Steps/Sec: 1.80, Samples/Sec: 86.40
[[34m2025-05-13 17:42:37[0m] (step=0073700) Train Loss: 0.0808, Train Steps/Sec: 1.80, Samples/Sec: 86.36
[[34m2025-05-13 17:43:32[0m] (step=0073800) Train Loss: 0.0860, Train Steps/Sec: 1.80, Samples/Sec: 86.34
[[34m2025-05-13 17:43:56[0m] Beginning epoch 49...
[[34m2025-05-13 17:44:28[0m] (step=0073900) Train Loss: 0.0848, Train Steps/Sec: 1.78, Samples/Sec: 85.65
[[34m2025-05-13 17:45:24[0m] (step=0074000) Train Loss: 0.0802, Train Steps/Sec: 1.80, Samples/Sec: 86.34
[[34m2025-05-13 17:45:37[0m] Saved checkpoint to logs/nwm_cdit_wuhan/checkpoints/latest.pth.tar
[[34m2025-05-13 17:46:33[0m] (step=0074100) Train Loss: 0.0796, Train Steps/Sec: 1.45, Samples/Sec: 69.78
[[34m2025-05-13 17:47:28[0m] (step=0074200) Train Loss: 0.0817, Train Steps/Sec: 1.80, Samples/Sec: 86.39
[[34m2025-05-13 17:48:24[0m] (step=0074300) Train Loss: 0.0822, Train Steps/Sec: 1.80, Samples/Sec: 86.37
[[34m2025-05-13 17:49:19[0m] (step=0074400) Train Loss: 0.0834, Train Steps/Sec: 1.80, Samples/Sec: 86.35
[[34m2025-05-13 17:50:15[0m] (step=0074500) Train Loss: 0.0839, Train Steps/Sec: 1.80, Samples/Sec: 86.35
[[34m2025-05-13 17:51:11[0m] (step=0074600) Train Loss: 0.0858, Train Steps/Sec: 1.80, Samples/Sec: 86.37
[[34m2025-05-13 17:52:06[0m] (step=0074700) Train Loss: 0.0819, Train Steps/Sec: 1.80, Samples/Sec: 86.24
[[34m2025-05-13 17:53:02[0m] (step=0074800) Train Loss: 0.0856, Train Steps/Sec: 1.80, Samples/Sec: 86.17
[[34m2025-05-13 17:53:58[0m] (step=0074900) Train Loss: 0.0840, Train Steps/Sec: 1.80, Samples/Sec: 86.37
[[34m2025-05-13 17:54:53[0m] (step=0075000) Train Loss: 0.0834, Train Steps/Sec: 1.80, Samples/Sec: 86.28
[[34m2025-05-13 17:55:49[0m] (step=0075100) Train Loss: 0.0845, Train Steps/Sec: 1.80, Samples/Sec: 86.35
[[34m2025-05-13 17:56:44[0m] (step=0075200) Train Loss: 0.0804, Train Steps/Sec: 1.80, Samples/Sec: 86.35
[[34m2025-05-13 17:57:40[0m] (step=0075300) Train Loss: 0.0805, Train Steps/Sec: 1.80, Samples/Sec: 86.38
[[34m2025-05-13 17:58:08[0m] Beginning epoch 50...
[[34m2025-05-13 17:58:36[0m] (step=0075400) Train Loss: 0.0830, Train Steps/Sec: 1.78, Samples/Sec: 85.63
[[34m2025-05-13 17:59:32[0m] (step=0075500) Train Loss: 0.0846, Train Steps/Sec: 1.79, Samples/Sec: 86.11
[[34m2025-05-13 18:00:27[0m] (step=0075600) Train Loss: 0.0830, Train Steps/Sec: 1.80, Samples/Sec: 86.35
[[34m2025-05-13 18:01:23[0m] (step=0075700) Train Loss: 0.0830, Train Steps/Sec: 1.80, Samples/Sec: 86.35
[[34m2025-05-13 18:02:18[0m] (step=0075800) Train Loss: 0.0890, Train Steps/Sec: 1.80, Samples/Sec: 86.33
[[34m2025-05-13 18:03:14[0m] (step=0075900) Train Loss: 0.0834, Train Steps/Sec: 1.80, Samples/Sec: 86.32
[[34m2025-05-13 18:04:10[0m] (step=0076000) Train Loss: 0.0858, Train Steps/Sec: 1.80, Samples/Sec: 86.38
[[34m2025-05-13 18:04:23[0m] Saved checkpoint to logs/nwm_cdit_wuhan/checkpoints/latest.pth.tar
[[34m2025-05-13 18:05:18[0m] (step=0076100) Train Loss: 0.0800, Train Steps/Sec: 1.46, Samples/Sec: 69.90
[[34m2025-05-13 18:06:14[0m] (step=0076200) Train Loss: 0.0815, Train Steps/Sec: 1.80, Samples/Sec: 86.28
[[34m2025-05-13 18:07:10[0m] (step=0076300) Train Loss: 0.0811, Train Steps/Sec: 1.80, Samples/Sec: 86.38
[[34m2025-05-13 18:08:05[0m] (step=0076400) Train Loss: 0.0814, Train Steps/Sec: 1.80, Samples/Sec: 86.36
[[34m2025-05-13 18:09:01[0m] (step=0076500) Train Loss: 0.0855, Train Steps/Sec: 1.80, Samples/Sec: 86.36
[[34m2025-05-13 18:09:56[0m] (step=0076600) Train Loss: 0.0849, Train Steps/Sec: 1.80, Samples/Sec: 86.37
[[34m2025-05-13 18:10:52[0m] (step=0076700) Train Loss: 0.0808, Train Steps/Sec: 1.80, Samples/Sec: 86.21
[[34m2025-05-13 18:11:48[0m] (step=0076800) Train Loss: 0.0841, Train Steps/Sec: 1.79, Samples/Sec: 86.15
[[34m2025-05-13 18:12:19[0m] Beginning epoch 51...
[[34m2025-05-13 18:12:44[0m] (step=0076900) Train Loss: 0.0831, Train Steps/Sec: 1.79, Samples/Sec: 85.74
[[34m2025-05-13 18:13:39[0m] (step=0077000) Train Loss: 0.0860, Train Steps/Sec: 1.80, Samples/Sec: 86.39
[[34m2025-05-13 18:14:35[0m] (step=0077100) Train Loss: 0.0847, Train Steps/Sec: 1.80, Samples/Sec: 86.38
[[34m2025-05-13 18:15:30[0m] (step=0077200) Train Loss: 0.0836, Train Steps/Sec: 1.80, Samples/Sec: 86.34
[[34m2025-05-13 18:16:26[0m] (step=0077300) Train Loss: 0.0813, Train Steps/Sec: 1.80, Samples/Sec: 86.38
[[34m2025-05-13 18:17:22[0m] (step=0077400) Train Loss: 0.0823, Train Steps/Sec: 1.80, Samples/Sec: 86.24
[[34m2025-05-13 18:18:17[0m] (step=0077500) Train Loss: 0.0821, Train Steps/Sec: 1.79, Samples/Sec: 86.14
[[34m2025-05-13 18:19:13[0m] (step=0077600) Train Loss: 0.0866, Train Steps/Sec: 1.80, Samples/Sec: 86.38
[[34m2025-05-13 18:20:08[0m] (step=0077700) Train Loss: 0.0804, Train Steps/Sec: 1.80, Samples/Sec: 86.38
[[34m2025-05-13 18:21:04[0m] (step=0077800) Train Loss: 0.0797, Train Steps/Sec: 1.80, Samples/Sec: 86.33
[[34m2025-05-13 18:22:00[0m] (step=0077900) Train Loss: 0.0817, Train Steps/Sec: 1.80, Samples/Sec: 86.36
[[34m2025-05-13 18:22:55[0m] (step=0078000) Train Loss: 0.0792, Train Steps/Sec: 1.80, Samples/Sec: 86.16
[[34m2025-05-13 18:23:08[0m] Saved checkpoint to logs/nwm_cdit_wuhan/checkpoints/latest.pth.tar
[[34m2025-05-13 18:24:04[0m] (step=0078100) Train Loss: 0.0814, Train Steps/Sec: 1.46, Samples/Sec: 69.90
[[34m2025-05-13 18:25:00[0m] (step=0078200) Train Loss: 0.0787, Train Steps/Sec: 1.79, Samples/Sec: 86.14
[[34m2025-05-13 18:25:55[0m] (step=0078300) Train Loss: 0.0826, Train Steps/Sec: 1.80, Samples/Sec: 86.31
[[34m2025-05-13 18:26:31[0m] Beginning epoch 52...
[[34m2025-05-13 18:26:51[0m] (step=0078400) Train Loss: 0.0815, Train Steps/Sec: 1.79, Samples/Sec: 85.76
[[34m2025-05-13 18:27:47[0m] (step=0078500) Train Loss: 0.0780, Train Steps/Sec: 1.80, Samples/Sec: 86.34
[[34m2025-05-13 18:28:43[0m] (step=0078600) Train Loss: 0.0810, Train Steps/Sec: 1.80, Samples/Sec: 86.21
[[34m2025-05-13 18:29:38[0m] (step=0078700) Train Loss: 0.0848, Train Steps/Sec: 1.80, Samples/Sec: 86.31
[[34m2025-05-13 18:30:34[0m] (step=0078800) Train Loss: 0.0825, Train Steps/Sec: 1.79, Samples/Sec: 86.14
[[34m2025-05-13 18:31:30[0m] (step=0078900) Train Loss: 0.0860, Train Steps/Sec: 1.79, Samples/Sec: 86.15
[[34m2025-05-13 18:32:25[0m] (step=0079000) Train Loss: 0.0818, Train Steps/Sec: 1.80, Samples/Sec: 86.32
[[34m2025-05-13 18:33:21[0m] (step=0079100) Train Loss: 0.0819, Train Steps/Sec: 1.80, Samples/Sec: 86.27
[[34m2025-05-13 18:34:17[0m] (step=0079200) Train Loss: 0.0803, Train Steps/Sec: 1.80, Samples/Sec: 86.30
[[34m2025-05-13 18:35:12[0m] (step=0079300) Train Loss: 0.0757, Train Steps/Sec: 1.79, Samples/Sec: 86.12
[[34m2025-05-13 18:36:08[0m] (step=0079400) Train Loss: 0.0823, Train Steps/Sec: 1.80, Samples/Sec: 86.33
[[34m2025-05-13 18:37:04[0m] (step=0079500) Train Loss: 0.0812, Train Steps/Sec: 1.79, Samples/Sec: 85.99
[[34m2025-05-13 18:37:59[0m] (step=0079600) Train Loss: 0.0782, Train Steps/Sec: 1.80, Samples/Sec: 86.20
[[34m2025-05-13 18:38:55[0m] (step=0079700) Train Loss: 0.0770, Train Steps/Sec: 1.80, Samples/Sec: 86.22
[[34m2025-05-13 18:39:51[0m] (step=0079800) Train Loss: 0.0803, Train Steps/Sec: 1.80, Samples/Sec: 86.33
[[34m2025-05-13 18:40:30[0m] Beginning epoch 53...
[[34m2025-05-13 18:40:47[0m] (step=0079900) Train Loss: 0.0780, Train Steps/Sec: 1.78, Samples/Sec: 85.58
[[34m2025-05-13 18:41:42[0m] (step=0080000) Train Loss: 0.0814, Train Steps/Sec: 1.80, Samples/Sec: 86.19
Using cache found in ./models/facebookresearch_dino_main
Using cache found in ./models/facebookresearch_dino_main
[[34m2025-05-13 18:42:07[0m] Saved checkpoint to logs/nwm_cdit_wuhan/checkpoints/0080000.pth.tar
Using cache found in ./models/facebookresearch_dino_main
[[34m2025-05-13 18:42:10[0m] Already found a `peft_config` attribute in the model. This will lead to having multiple adapters in the model. Make sure to know what you are doing!
[[34m2025-05-13 18:44:30[0m] (step=0080000) Perceptual Loss: 0.3664, Eval Time: 142.92
[[34m2025-05-13 18:45:26[0m] (step=0080100) Train Loss: 0.0836, Train Steps/Sec: 0.45, Samples/Sec: 21.46
[[34m2025-05-13 18:46:22[0m] (step=0080200) Train Loss: 0.0797, Train Steps/Sec: 1.80, Samples/Sec: 86.30
[[34m2025-05-13 18:47:17[0m] (step=0080300) Train Loss: 0.0771, Train Steps/Sec: 1.80, Samples/Sec: 86.33
[[34m2025-05-13 18:48:13[0m] (step=0080400) Train Loss: 0.0836, Train Steps/Sec: 1.80, Samples/Sec: 86.30
[[34m2025-05-13 18:49:09[0m] (step=0080500) Train Loss: 0.0821, Train Steps/Sec: 1.80, Samples/Sec: 86.21
[[34m2025-05-13 18:50:04[0m] (step=0080600) Train Loss: 0.0806, Train Steps/Sec: 1.80, Samples/Sec: 86.33
[[34m2025-05-13 18:51:00[0m] (step=0080700) Train Loss: 0.0808, Train Steps/Sec: 1.80, Samples/Sec: 86.16
[[34m2025-05-13 18:51:56[0m] (step=0080800) Train Loss: 0.0807, Train Steps/Sec: 1.80, Samples/Sec: 86.22
[[34m2025-05-13 18:52:51[0m] (step=0080900) Train Loss: 0.0790, Train Steps/Sec: 1.80, Samples/Sec: 86.29
[[34m2025-05-13 18:53:47[0m] (step=0081000) Train Loss: 0.0759, Train Steps/Sec: 1.80, Samples/Sec: 86.34
[[34m2025-05-13 18:54:42[0m] (step=0081100) Train Loss: 0.0812, Train Steps/Sec: 1.80, Samples/Sec: 86.33
[[34m2025-05-13 18:55:38[0m] (step=0081200) Train Loss: 0.0802, Train Steps/Sec: 1.80, Samples/Sec: 86.21
[[34m2025-05-13 18:56:34[0m] (step=0081300) Train Loss: 0.0833, Train Steps/Sec: 1.80, Samples/Sec: 86.35
[[34m2025-05-13 18:57:17[0m] Beginning epoch 54...
[[34m2025-05-13 18:57:30[0m] (step=0081400) Train Loss: 0.0843, Train Steps/Sec: 1.78, Samples/Sec: 85.40
[[34m2025-05-13 18:58:26[0m] (step=0081500) Train Loss: 0.0808, Train Steps/Sec: 1.80, Samples/Sec: 86.34
[[34m2025-05-13 18:59:21[0m] (step=0081600) Train Loss: 0.0818, Train Steps/Sec: 1.80, Samples/Sec: 86.33
[[34m2025-05-13 19:00:17[0m] (step=0081700) Train Loss: 0.0830, Train Steps/Sec: 1.80, Samples/Sec: 86.33
[[34m2025-05-13 19:01:12[0m] (step=0081800) Train Loss: 0.0811, Train Steps/Sec: 1.80, Samples/Sec: 86.32
[[34m2025-05-13 19:02:08[0m] (step=0081900) Train Loss: 0.0821, Train Steps/Sec: 1.80, Samples/Sec: 86.19
[[34m2025-05-13 19:03:04[0m] (step=0082000) Train Loss: 0.0787, Train Steps/Sec: 1.80, Samples/Sec: 86.36
[[34m2025-05-13 19:03:17[0m] Saved checkpoint to logs/nwm_cdit_wuhan/checkpoints/latest.pth.tar
[[34m2025-05-13 19:04:13[0m] (step=0082100) Train Loss: 0.0765, Train Steps/Sec: 1.45, Samples/Sec: 69.63
[[34m2025-05-13 19:05:08[0m] (step=0082200) Train Loss: 0.0813, Train Steps/Sec: 1.80, Samples/Sec: 86.39
[[34m2025-05-13 19:06:04[0m] (step=0082300) Train Loss: 0.0817, Train Steps/Sec: 1.80, Samples/Sec: 86.39
[[34m2025-05-13 19:06:59[0m] (step=0082400) Train Loss: 0.0835, Train Steps/Sec: 1.80, Samples/Sec: 86.37
[[34m2025-05-13 19:07:55[0m] (step=0082500) Train Loss: 0.0817, Train Steps/Sec: 1.80, Samples/Sec: 86.28
[[34m2025-05-13 19:08:50[0m] (step=0082600) Train Loss: 0.0819, Train Steps/Sec: 1.80, Samples/Sec: 86.37
[[34m2025-05-13 19:09:46[0m] (step=0082700) Train Loss: 0.0790, Train Steps/Sec: 1.80, Samples/Sec: 86.38
[[34m2025-05-13 19:10:42[0m] (step=0082800) Train Loss: 0.0809, Train Steps/Sec: 1.79, Samples/Sec: 86.14
[[34m2025-05-13 19:11:29[0m] Beginning epoch 55...
[[34m2025-05-13 19:11:38[0m] (step=0082900) Train Loss: 0.0787, Train Steps/Sec: 1.79, Samples/Sec: 85.72
[[34m2025-05-13 19:12:33[0m] (step=0083000) Train Loss: 0.0819, Train Steps/Sec: 1.80, Samples/Sec: 86.39
[[34m2025-05-13 19:13:29[0m] (step=0083100) Train Loss: 0.0784, Train Steps/Sec: 1.80, Samples/Sec: 86.21
[[34m2025-05-13 19:14:25[0m] (step=0083200) Train Loss: 0.0816, Train Steps/Sec: 1.80, Samples/Sec: 86.38
[[34m2025-05-13 19:15:20[0m] (step=0083300) Train Loss: 0.0773, Train Steps/Sec: 1.80, Samples/Sec: 86.39
[[34m2025-05-13 19:16:16[0m] (step=0083400) Train Loss: 0.0814, Train Steps/Sec: 1.80, Samples/Sec: 86.27
[[34m2025-05-13 19:17:11[0m] (step=0083500) Train Loss: 0.0778, Train Steps/Sec: 1.80, Samples/Sec: 86.27
[[34m2025-05-13 19:18:07[0m] (step=0083600) Train Loss: 0.0803, Train Steps/Sec: 1.80, Samples/Sec: 86.38
[[34m2025-05-13 19:19:03[0m] (step=0083700) Train Loss: 0.0777, Train Steps/Sec: 1.80, Samples/Sec: 86.38
[[34m2025-05-13 19:19:58[0m] (step=0083800) Train Loss: 0.0851, Train Steps/Sec: 1.80, Samples/Sec: 86.25
[[34m2025-05-13 19:20:54[0m] (step=0083900) Train Loss: 0.0808, Train Steps/Sec: 1.80, Samples/Sec: 86.38
[[34m2025-05-13 19:21:49[0m] (step=0084000) Train Loss: 0.0776, Train Steps/Sec: 1.80, Samples/Sec: 86.40
[[34m2025-05-13 19:22:02[0m] Saved checkpoint to logs/nwm_cdit_wuhan/checkpoints/latest.pth.tar
[[34m2025-05-13 19:22:58[0m] (step=0084100) Train Loss: 0.0822, Train Steps/Sec: 1.47, Samples/Sec: 70.36
[[34m2025-05-13 19:23:53[0m] (step=0084200) Train Loss: 0.0786, Train Steps/Sec: 1.80, Samples/Sec: 86.38
[[34m2025-05-13 19:24:49[0m] (step=0084300) Train Loss: 0.0811, Train Steps/Sec: 1.80, Samples/Sec: 86.38
[[34m2025-05-13 19:25:40[0m] Beginning epoch 56...
[[34m2025-05-13 19:25:45[0m] (step=0084400) Train Loss: 0.0834, Train Steps/Sec: 1.78, Samples/Sec: 85.59
[[34m2025-05-13 19:26:40[0m] (step=0084500) Train Loss: 0.0789, Train Steps/Sec: 1.80, Samples/Sec: 86.39
[[34m2025-05-13 19:27:36[0m] (step=0084600) Train Loss: 0.0824, Train Steps/Sec: 1.80, Samples/Sec: 86.38
[[34m2025-05-13 19:28:31[0m] (step=0084700) Train Loss: 0.0795, Train Steps/Sec: 1.80, Samples/Sec: 86.35
[[34m2025-05-13 19:29:27[0m] (step=0084800) Train Loss: 0.0819, Train Steps/Sec: 1.79, Samples/Sec: 86.15
[[34m2025-05-13 19:30:23[0m] (step=0084900) Train Loss: 0.0795, Train Steps/Sec: 1.80, Samples/Sec: 86.35
[[34m2025-05-13 19:31:18[0m] (step=0085000) Train Loss: 0.0824, Train Steps/Sec: 1.80, Samples/Sec: 86.39
[[34m2025-05-13 19:32:14[0m] (step=0085100) Train Loss: 0.0831, Train Steps/Sec: 1.80, Samples/Sec: 86.25
[[34m2025-05-13 19:33:10[0m] (step=0085200) Train Loss: 0.0801, Train Steps/Sec: 1.80, Samples/Sec: 86.39
[[34m2025-05-13 19:34:05[0m] (step=0085300) Train Loss: 0.0803, Train Steps/Sec: 1.80, Samples/Sec: 86.36
[[34m2025-05-13 19:35:01[0m] (step=0085400) Train Loss: 0.0826, Train Steps/Sec: 1.80, Samples/Sec: 86.35
[[34m2025-05-13 19:35:56[0m] (step=0085500) Train Loss: 0.0798, Train Steps/Sec: 1.79, Samples/Sec: 86.15
[[34m2025-05-13 19:36:52[0m] (step=0085600) Train Loss: 0.0829, Train Steps/Sec: 1.80, Samples/Sec: 86.36
[[34m2025-05-13 19:37:48[0m] (step=0085700) Train Loss: 0.0784, Train Steps/Sec: 1.80, Samples/Sec: 86.38
[[34m2025-05-13 19:38:43[0m] (step=0085800) Train Loss: 0.0805, Train Steps/Sec: 1.80, Samples/Sec: 86.25
[[34m2025-05-13 19:39:38[0m] Beginning epoch 57...
[[34m2025-05-13 19:39:39[0m] (step=0085900) Train Loss: 0.0818, Train Steps/Sec: 1.79, Samples/Sec: 85.76
[[34m2025-05-13 19:40:35[0m] (step=0086000) Train Loss: 0.0836, Train Steps/Sec: 1.80, Samples/Sec: 86.39
[[34m2025-05-13 19:40:47[0m] Saved checkpoint to logs/nwm_cdit_wuhan/checkpoints/latest.pth.tar
[[34m2025-05-13 19:41:43[0m] (step=0086100) Train Loss: 0.0828, Train Steps/Sec: 1.47, Samples/Sec: 70.34
[[34m2025-05-13 19:42:39[0m] (step=0086200) Train Loss: 0.0835, Train Steps/Sec: 1.80, Samples/Sec: 86.26
[[34m2025-05-13 19:43:34[0m] (step=0086300) Train Loss: 0.0812, Train Steps/Sec: 1.80, Samples/Sec: 86.24
[[34m2025-05-13 19:44:30[0m] (step=0086400) Train Loss: 0.0787, Train Steps/Sec: 1.80, Samples/Sec: 86.37
[[34m2025-05-13 19:45:25[0m] (step=0086500) Train Loss: 0.0780, Train Steps/Sec: 1.80, Samples/Sec: 86.37
[[34m2025-05-13 19:46:21[0m] (step=0086600) Train Loss: 0.0742, Train Steps/Sec: 1.80, Samples/Sec: 86.37
[[34m2025-05-13 19:47:17[0m] (step=0086700) Train Loss: 0.0736, Train Steps/Sec: 1.80, Samples/Sec: 86.38
[[34m2025-05-13 19:48:12[0m] (step=0086800) Train Loss: 0.0756, Train Steps/Sec: 1.79, Samples/Sec: 86.15
[[34m2025-05-13 19:49:08[0m] (step=0086900) Train Loss: 0.0793, Train Steps/Sec: 1.80, Samples/Sec: 86.38
[[34m2025-05-13 19:50:04[0m] (step=0087000) Train Loss: 0.0741, Train Steps/Sec: 1.80, Samples/Sec: 86.26
[[34m2025-05-13 19:50:59[0m] (step=0087100) Train Loss: 0.0800, Train Steps/Sec: 1.80, Samples/Sec: 86.36
[[34m2025-05-13 19:51:55[0m] (step=0087200) Train Loss: 0.0756, Train Steps/Sec: 1.80, Samples/Sec: 86.36
[[34m2025-05-13 19:52:50[0m] (step=0087300) Train Loss: 0.0814, Train Steps/Sec: 1.80, Samples/Sec: 86.40
[[34m2025-05-13 19:53:46[0m] (step=0087400) Train Loss: 0.0815, Train Steps/Sec: 1.80, Samples/Sec: 86.40
[[34m2025-05-13 19:53:49[0m] Beginning epoch 58...
[[34m2025-05-13 19:54:42[0m] (step=0087500) Train Loss: 0.0801, Train Steps/Sec: 1.78, Samples/Sec: 85.61
[[34m2025-05-13 19:55:37[0m] (step=0087600) Train Loss: 0.0816, Train Steps/Sec: 1.80, Samples/Sec: 86.37
[[34m2025-05-13 19:56:33[0m] (step=0087700) Train Loss: 0.0803, Train Steps/Sec: 1.80, Samples/Sec: 86.27
[[34m2025-05-13 19:57:29[0m] (step=0087800) Train Loss: 0.0781, Train Steps/Sec: 1.80, Samples/Sec: 86.37
[[34m2025-05-13 19:58:24[0m] (step=0087900) Train Loss: 0.0794, Train Steps/Sec: 1.80, Samples/Sec: 86.40
[[34m2025-05-13 19:59:20[0m] (step=0088000) Train Loss: 0.0823, Train Steps/Sec: 1.80, Samples/Sec: 86.42
[[34m2025-05-13 19:59:33[0m] Saved checkpoint to logs/nwm_cdit_wuhan/checkpoints/latest.pth.tar
[[34m2025-05-13 20:00:29[0m] (step=0088100) Train Loss: 0.0797, Train Steps/Sec: 1.44, Samples/Sec: 69.36
[[34m2025-05-13 20:01:25[0m] (step=0088200) Train Loss: 0.0775, Train Steps/Sec: 1.80, Samples/Sec: 86.20
[[34m2025-05-13 20:02:20[0m] (step=0088300) Train Loss: 0.0831, Train Steps/Sec: 1.80, Samples/Sec: 86.30
[[34m2025-05-13 20:03:16[0m] (step=0088400) Train Loss: 0.0791, Train Steps/Sec: 1.80, Samples/Sec: 86.43
[[34m2025-05-13 20:04:11[0m] (step=0088500) Train Loss: 0.0747, Train Steps/Sec: 1.80, Samples/Sec: 86.39
[[34m2025-05-13 20:05:07[0m] (step=0088600) Train Loss: 0.0761, Train Steps/Sec: 1.80, Samples/Sec: 86.41
[[34m2025-05-13 20:06:02[0m] (step=0088700) Train Loss: 0.0797, Train Steps/Sec: 1.80, Samples/Sec: 86.40
[[34m2025-05-13 20:06:58[0m] (step=0088800) Train Loss: 0.0801, Train Steps/Sec: 1.80, Samples/Sec: 86.28
[[34m2025-05-13 20:07:54[0m] (step=0088900) Train Loss: 0.0788, Train Steps/Sec: 1.80, Samples/Sec: 86.28
[[34m2025-05-13 20:08:01[0m] Beginning epoch 59...
[[34m2025-05-13 20:08:50[0m] (step=0089000) Train Loss: 0.0771, Train Steps/Sec: 1.78, Samples/Sec: 85.55
[[34m2025-05-13 20:09:45[0m] (step=0089100) Train Loss: 0.0769, Train Steps/Sec: 1.80, Samples/Sec: 86.41
[[34m2025-05-13 20:10:41[0m] (step=0089200) Train Loss: 0.0770, Train Steps/Sec: 1.80, Samples/Sec: 86.50
[[34m2025-05-13 20:11:36[0m] (step=0089300) Train Loss: 0.0745, Train Steps/Sec: 1.80, Samples/Sec: 86.47
[[34m2025-05-13 20:12:32[0m] (step=0089400) Train Loss: 0.0795, Train Steps/Sec: 1.80, Samples/Sec: 86.51
[[34m2025-05-13 20:13:28[0m] (step=0089500) Train Loss: 0.0764, Train Steps/Sec: 1.80, Samples/Sec: 86.24
[[34m2025-05-13 20:14:23[0m] (step=0089600) Train Loss: 0.0829, Train Steps/Sec: 1.80, Samples/Sec: 86.50
[[34m2025-05-13 20:15:19[0m] (step=0089700) Train Loss: 0.0791, Train Steps/Sec: 1.80, Samples/Sec: 86.42
[[34m2025-05-13 20:16:14[0m] (step=0089800) Train Loss: 0.0774, Train Steps/Sec: 1.80, Samples/Sec: 86.48
[[34m2025-05-13 20:17:10[0m] (step=0089900) Train Loss: 0.0785, Train Steps/Sec: 1.80, Samples/Sec: 86.51
[[34m2025-05-13 20:18:05[0m] (step=0090000) Train Loss: 0.0791, Train Steps/Sec: 1.80, Samples/Sec: 86.47
Using cache found in ./models/facebookresearch_dino_main
Using cache found in ./models/facebookresearch_dino_main
[[34m2025-05-13 20:18:18[0m] Saved checkpoint to logs/nwm_cdit_wuhan/checkpoints/latest.pth.tar
Using cache found in ./models/facebookresearch_dino_main
[[34m2025-05-13 20:18:20[0m] Already found a `peft_config` attribute in the model. This will lead to having multiple adapters in the model. Make sure to know what you are doing!
[[34m2025-05-13 20:20:40[0m] (step=0090000) Perceptual Loss: 0.3569, Eval Time: 142.08
[[34m2025-05-13 20:21:35[0m] (step=0090100) Train Loss: 0.0777, Train Steps/Sec: 0.48, Samples/Sec: 22.83
[[34m2025-05-13 20:22:31[0m] (step=0090200) Train Loss: 0.0833, Train Steps/Sec: 1.80, Samples/Sec: 86.54
[[34m2025-05-13 20:23:26[0m] (step=0090300) Train Loss: 0.0799, Train Steps/Sec: 1.80, Samples/Sec: 86.29
[[34m2025-05-13 20:24:22[0m] (step=0090400) Train Loss: 0.0787, Train Steps/Sec: 1.80, Samples/Sec: 86.50
[[34m2025-05-13 20:24:33[0m] Beginning epoch 60...
[[34m2025-05-13 20:25:18[0m] (step=0090500) Train Loss: 0.0781, Train Steps/Sec: 1.79, Samples/Sec: 85.87
[[34m2025-05-13 20:26:13[0m] (step=0090600) Train Loss: 0.0801, Train Steps/Sec: 1.80, Samples/Sec: 86.49
[[34m2025-05-13 20:27:09[0m] (step=0090700) Train Loss: 0.0800, Train Steps/Sec: 1.80, Samples/Sec: 86.35
[[34m2025-05-13 20:28:04[0m] (step=0090800) Train Loss: 0.0781, Train Steps/Sec: 1.80, Samples/Sec: 86.37
[[34m2025-05-13 20:29:00[0m] (step=0090900) Train Loss: 0.0776, Train Steps/Sec: 1.80, Samples/Sec: 86.50
[[34m2025-05-13 20:29:56[0m] (step=0091000) Train Loss: 0.0756, Train Steps/Sec: 1.80, Samples/Sec: 86.39
[[34m2025-05-13 20:30:51[0m] (step=0091100) Train Loss: 0.0799, Train Steps/Sec: 1.80, Samples/Sec: 86.49
[[34m2025-05-13 20:31:47[0m] (step=0091200) Train Loss: 0.0828, Train Steps/Sec: 1.80, Samples/Sec: 86.50
[[34m2025-05-13 20:32:42[0m] (step=0091300) Train Loss: 0.0777, Train Steps/Sec: 1.80, Samples/Sec: 86.50
[[34m2025-05-13 20:33:38[0m] (step=0091400) Train Loss: 0.0781, Train Steps/Sec: 1.80, Samples/Sec: 86.31
[[34m2025-05-13 20:34:33[0m] (step=0091500) Train Loss: 0.0776, Train Steps/Sec: 1.80, Samples/Sec: 86.51
[[34m2025-05-13 20:35:29[0m] (step=0091600) Train Loss: 0.0771, Train Steps/Sec: 1.80, Samples/Sec: 86.41
[[34m2025-05-13 20:36:24[0m] (step=0091700) Train Loss: 0.0785, Train Steps/Sec: 1.80, Samples/Sec: 86.53
[[34m2025-05-13 20:37:20[0m] (step=0091800) Train Loss: 0.0744, Train Steps/Sec: 1.80, Samples/Sec: 86.53
[[34m2025-05-13 20:38:15[0m] (step=0091900) Train Loss: 0.0800, Train Steps/Sec: 1.80, Samples/Sec: 86.49
[[34m2025-05-13 20:38:30[0m] Beginning epoch 61...
[[34m2025-05-13 20:39:11[0m] (step=0092000) Train Loss: 0.0803, Train Steps/Sec: 1.79, Samples/Sec: 85.91
[[34m2025-05-13 20:39:24[0m] Saved checkpoint to logs/nwm_cdit_wuhan/checkpoints/latest.pth.tar
[[34m2025-05-13 20:40:19[0m] (step=0092100) Train Loss: 0.0762, Train Steps/Sec: 1.46, Samples/Sec: 70.09
[[34m2025-05-13 20:41:15[0m] (step=0092200) Train Loss: 0.0736, Train Steps/Sec: 1.80, Samples/Sec: 86.41
[[34m2025-05-13 20:42:11[0m] (step=0092300) Train Loss: 0.0760, Train Steps/Sec: 1.80, Samples/Sec: 86.50
[[34m2025-05-13 20:43:06[0m] (step=0092400) Train Loss: 0.0765, Train Steps/Sec: 1.80, Samples/Sec: 86.51
[[34m2025-05-13 20:44:02[0m] (step=0092500) Train Loss: 0.0716, Train Steps/Sec: 1.80, Samples/Sec: 86.51
[[34m2025-05-13 20:44:57[0m] (step=0092600) Train Loss: 0.0747, Train Steps/Sec: 1.80, Samples/Sec: 86.52
[[34m2025-05-13 20:45:53[0m] (step=0092700) Train Loss: 0.0740, Train Steps/Sec: 1.80, Samples/Sec: 86.45
[[34m2025-05-13 20:46:48[0m] (step=0092800) Train Loss: 0.0762, Train Steps/Sec: 1.80, Samples/Sec: 86.23
[[34m2025-05-13 20:47:44[0m] (step=0092900) Train Loss: 0.0763, Train Steps/Sec: 1.80, Samples/Sec: 86.40
[[34m2025-05-13 20:48:39[0m] (step=0093000) Train Loss: 0.0757, Train Steps/Sec: 1.80, Samples/Sec: 86.53
[[34m2025-05-13 20:49:35[0m] (step=0093100) Train Loss: 0.0817, Train Steps/Sec: 1.80, Samples/Sec: 86.44
[[34m2025-05-13 20:50:30[0m] (step=0093200) Train Loss: 0.0814, Train Steps/Sec: 1.80, Samples/Sec: 86.39
[[34m2025-05-13 20:51:26[0m] (step=0093300) Train Loss: 0.0733, Train Steps/Sec: 1.80, Samples/Sec: 86.39
[[34m2025-05-13 20:52:22[0m] (step=0093400) Train Loss: 0.0757, Train Steps/Sec: 1.80, Samples/Sec: 86.19
[[34m2025-05-13 20:52:41[0m] Beginning epoch 62...
[[34m2025-05-13 20:53:18[0m] (step=0093500) Train Loss: 0.0821, Train Steps/Sec: 1.79, Samples/Sec: 85.78
[[34m2025-05-13 20:54:13[0m] (step=0093600) Train Loss: 0.0715, Train Steps/Sec: 1.80, Samples/Sec: 86.26
[[34m2025-05-13 20:55:09[0m] (step=0093700) Train Loss: 0.0772, Train Steps/Sec: 1.80, Samples/Sec: 86.38
[[34m2025-05-13 20:56:04[0m] (step=0093800) Train Loss: 0.0760, Train Steps/Sec: 1.80, Samples/Sec: 86.39
[[34m2025-05-13 20:57:00[0m] (step=0093900) Train Loss: 0.0788, Train Steps/Sec: 1.80, Samples/Sec: 86.39
[[34m2025-05-13 20:57:55[0m] (step=0094000) Train Loss: 0.0789, Train Steps/Sec: 1.80, Samples/Sec: 86.36
[[34m2025-05-13 20:58:08[0m] Saved checkpoint to logs/nwm_cdit_wuhan/checkpoints/latest.pth.tar
[[34m2025-05-13 20:59:04[0m] (step=0094100) Train Loss: 0.0759, Train Steps/Sec: 1.46, Samples/Sec: 69.94
[[34m2025-05-13 21:00:00[0m] (step=0094200) Train Loss: 0.0751, Train Steps/Sec: 1.80, Samples/Sec: 86.24
[[34m2025-05-13 21:00:55[0m] (step=0094300) Train Loss: 0.0806, Train Steps/Sec: 1.80, Samples/Sec: 86.37
[[34m2025-05-13 21:01:51[0m] (step=0094400) Train Loss: 0.0743, Train Steps/Sec: 1.80, Samples/Sec: 86.32
[[34m2025-05-13 21:02:47[0m] (step=0094500) Train Loss: 0.0792, Train Steps/Sec: 1.80, Samples/Sec: 86.35
[[34m2025-05-13 21:03:42[0m] (step=0094600) Train Loss: 0.0774, Train Steps/Sec: 1.80, Samples/Sec: 86.39
[[34m2025-05-13 21:04:38[0m] (step=0094700) Train Loss: 0.0754, Train Steps/Sec: 1.80, Samples/Sec: 86.39
[[34m2025-05-13 21:05:33[0m] (step=0094800) Train Loss: 0.0751, Train Steps/Sec: 1.80, Samples/Sec: 86.16
[[34m2025-05-13 21:06:29[0m] (step=0094900) Train Loss: 0.0785, Train Steps/Sec: 1.80, Samples/Sec: 86.27
[[34m2025-05-13 21:06:52[0m] Beginning epoch 63...
[[34m2025-05-13 21:07:25[0m] (step=0095000) Train Loss: 0.0740, Train Steps/Sec: 1.79, Samples/Sec: 85.89
[[34m2025-05-13 21:08:20[0m] (step=0095100) Train Loss: 0.0768, Train Steps/Sec: 1.80, Samples/Sec: 86.47
[[34m2025-05-13 21:09:16[0m] (step=0095200) Train Loss: 0.0742, Train Steps/Sec: 1.80, Samples/Sec: 86.50
[[34m2025-05-13 21:10:11[0m] (step=0095300) Train Loss: 0.0733, Train Steps/Sec: 1.80, Samples/Sec: 86.51
[[34m2025-05-13 21:11:07[0m] (step=0095400) Train Loss: 0.0738, Train Steps/Sec: 1.80, Samples/Sec: 86.49
[[34m2025-05-13 21:12:02[0m] (step=0095500) Train Loss: 0.0742, Train Steps/Sec: 1.80, Samples/Sec: 86.29
[[34m2025-05-13 21:12:58[0m] (step=0095600) Train Loss: 0.0765, Train Steps/Sec: 1.80, Samples/Sec: 86.40
[[34m2025-05-13 21:13:54[0m] (step=0095700) Train Loss: 0.0765, Train Steps/Sec: 1.80, Samples/Sec: 86.50
[[34m2025-05-13 21:14:49[0m] (step=0095800) Train Loss: 0.0696, Train Steps/Sec: 1.80, Samples/Sec: 86.53
[[34m2025-05-13 21:15:44[0m] (step=0095900) Train Loss: 0.0792, Train Steps/Sec: 1.80, Samples/Sec: 86.51
[[34m2025-05-13 21:16:40[0m] (step=0096000) Train Loss: 0.0766, Train Steps/Sec: 1.80, Samples/Sec: 86.51
[[34m2025-05-13 21:16:53[0m] Saved checkpoint to logs/nwm_cdit_wuhan/checkpoints/latest.pth.tar
[[34m2025-05-13 21:17:48[0m] (step=0096100) Train Loss: 0.0756, Train Steps/Sec: 1.46, Samples/Sec: 70.14
[[34m2025-05-13 21:18:44[0m] (step=0096200) Train Loss: 0.0745, Train Steps/Sec: 1.80, Samples/Sec: 86.28
[[34m2025-05-13 21:19:40[0m] (step=0096300) Train Loss: 0.0734, Train Steps/Sec: 1.80, Samples/Sec: 86.50
[[34m2025-05-13 21:20:35[0m] (step=0096400) Train Loss: 0.0746, Train Steps/Sec: 1.80, Samples/Sec: 86.55
[[34m2025-05-13 21:21:02[0m] Beginning epoch 64...
[[34m2025-05-13 21:21:31[0m] (step=0096500) Train Loss: 0.0731, Train Steps/Sec: 1.79, Samples/Sec: 85.91
[[34m2025-05-13 21:22:26[0m] (step=0096600) Train Loss: 0.0765, Train Steps/Sec: 1.80, Samples/Sec: 86.51
[[34m2025-05-13 21:23:22[0m] (step=0096700) Train Loss: 0.0743, Train Steps/Sec: 1.80, Samples/Sec: 86.51
[[34m2025-05-13 21:24:17[0m] (step=0096800) Train Loss: 0.0754, Train Steps/Sec: 1.80, Samples/Sec: 86.32
[[34m2025-05-13 21:25:13[0m] (step=0096900) Train Loss: 0.0754, Train Steps/Sec: 1.80, Samples/Sec: 86.38
[[34m2025-05-13 21:26:08[0m] (step=0097000) Train Loss: 0.0764, Train Steps/Sec: 1.80, Samples/Sec: 86.53
[[34m2025-05-13 21:27:04[0m] (step=0097100) Train Loss: 0.0777, Train Steps/Sec: 1.80, Samples/Sec: 86.50
[[34m2025-05-13 21:27:59[0m] (step=0097200) Train Loss: 0.0740, Train Steps/Sec: 1.80, Samples/Sec: 86.53
[[34m2025-05-13 21:28:55[0m] (step=0097300) Train Loss: 0.0729, Train Steps/Sec: 1.80, Samples/Sec: 86.51
[[34m2025-05-13 21:29:50[0m] (step=0097400) Train Loss: 0.0747, Train Steps/Sec: 1.80, Samples/Sec: 86.52
[[34m2025-05-13 21:30:46[0m] (step=0097500) Train Loss: 0.0731, Train Steps/Sec: 1.80, Samples/Sec: 86.18
[[34m2025-05-13 21:31:42[0m] (step=0097600) Train Loss: 0.0752, Train Steps/Sec: 1.80, Samples/Sec: 86.53
[[34m2025-05-13 21:32:37[0m] (step=0097700) Train Loss: 0.0801, Train Steps/Sec: 1.80, Samples/Sec: 86.53
[[34m2025-05-13 21:33:33[0m] (step=0097800) Train Loss: 0.0741, Train Steps/Sec: 1.80, Samples/Sec: 86.51
[[34m2025-05-13 21:34:28[0m] (step=0097900) Train Loss: 0.0748, Train Steps/Sec: 1.80, Samples/Sec: 86.52
[[34m2025-05-13 21:34:59[0m] Beginning epoch 65...
[[34m2025-05-13 21:35:24[0m] (step=0098000) Train Loss: 0.0793, Train Steps/Sec: 1.79, Samples/Sec: 85.92
[[34m2025-05-13 21:35:37[0m] Saved checkpoint to logs/nwm_cdit_wuhan/checkpoints/latest.pth.tar
[[34m2025-05-13 21:36:32[0m] (step=0098100) Train Loss: 0.0752, Train Steps/Sec: 1.46, Samples/Sec: 70.07
[[34m2025-05-13 21:37:28[0m] (step=0098200) Train Loss: 0.0783, Train Steps/Sec: 1.80, Samples/Sec: 86.29
[[34m2025-05-13 21:38:24[0m] (step=0098300) Train Loss: 0.0771, Train Steps/Sec: 1.80, Samples/Sec: 86.50
[[34m2025-05-13 21:39:19[0m] (step=0098400) Train Loss: 0.0755, Train Steps/Sec: 1.80, Samples/Sec: 86.50
[[34m2025-05-13 21:40:14[0m] (step=0098500) Train Loss: 0.0778, Train Steps/Sec: 1.80, Samples/Sec: 86.51
[[34m2025-05-13 21:41:10[0m] (step=0098600) Train Loss: 0.0728, Train Steps/Sec: 1.80, Samples/Sec: 86.51
[[34m2025-05-13 21:42:05[0m] (step=0098700) Train Loss: 0.0710, Train Steps/Sec: 1.80, Samples/Sec: 86.50
[[34m2025-05-13 21:43:01[0m] (step=0098800) Train Loss: 0.0695, Train Steps/Sec: 1.80, Samples/Sec: 86.30
[[34m2025-05-13 21:43:57[0m] (step=0098900) Train Loss: 0.0819, Train Steps/Sec: 1.80, Samples/Sec: 86.40
[[34m2025-05-13 21:44:52[0m] (step=0099000) Train Loss: 0.0755, Train Steps/Sec: 1.80, Samples/Sec: 86.50
[[34m2025-05-13 21:45:48[0m] (step=0099100) Train Loss: 0.0752, Train Steps/Sec: 1.80, Samples/Sec: 86.53
[[34m2025-05-13 21:46:43[0m] (step=0099200) Train Loss: 0.0724, Train Steps/Sec: 1.80, Samples/Sec: 86.52
[[34m2025-05-13 21:47:39[0m] (step=0099300) Train Loss: 0.0757, Train Steps/Sec: 1.80, Samples/Sec: 86.51
[[34m2025-05-13 21:48:34[0m] (step=0099400) Train Loss: 0.0735, Train Steps/Sec: 1.80, Samples/Sec: 86.51
[[34m2025-05-13 21:49:09[0m] Beginning epoch 66...
[[34m2025-05-13 21:49:30[0m] (step=0099500) Train Loss: 0.0761, Train Steps/Sec: 1.78, Samples/Sec: 85.60
[[34m2025-05-13 21:50:26[0m] (step=0099600) Train Loss: 0.0724, Train Steps/Sec: 1.80, Samples/Sec: 86.51
[[34m2025-05-13 21:51:21[0m] (step=0099700) Train Loss: 0.0746, Train Steps/Sec: 1.80, Samples/Sec: 86.52
[[34m2025-05-13 21:52:17[0m] (step=0099800) Train Loss: 0.0781, Train Steps/Sec: 1.80, Samples/Sec: 86.48
[[34m2025-05-13 21:53:12[0m] (step=0099900) Train Loss: 0.0736, Train Steps/Sec: 1.80, Samples/Sec: 86.50
[[34m2025-05-13 21:54:08[0m] (step=0100000) Train Loss: 0.0757, Train Steps/Sec: 1.80, Samples/Sec: 86.55
Using cache found in ./models/facebookresearch_dino_main
Using cache found in ./models/facebookresearch_dino_main
[[34m2025-05-13 21:54:32[0m] Saved checkpoint to logs/nwm_cdit_wuhan/checkpoints/0100000.pth.tar
Using cache found in ./models/facebookresearch_dino_main
[[34m2025-05-13 21:54:35[0m] Already found a `peft_config` attribute in the model. This will lead to having multiple adapters in the model. Make sure to know what you are doing!
[[34m2025-05-13 21:56:54[0m] (step=0100000) Perceptual Loss: 0.3645, Eval Time: 142.37
[[34m2025-05-13 21:57:50[0m] (step=0100100) Train Loss: 0.0767, Train Steps/Sec: 0.45, Samples/Sec: 21.59
[[34m2025-05-13 21:58:45[0m] (step=0100200) Train Loss: 0.0762, Train Steps/Sec: 1.80, Samples/Sec: 86.53
[[34m2025-05-13 21:59:41[0m] (step=0100300) Train Loss: 0.0739, Train Steps/Sec: 1.80, Samples/Sec: 86.54
[[34m2025-05-13 22:00:36[0m] (step=0100400) Train Loss: 0.0692, Train Steps/Sec: 1.80, Samples/Sec: 86.53
[[34m2025-05-13 22:01:32[0m] (step=0100500) Train Loss: 0.0781, Train Steps/Sec: 1.80, Samples/Sec: 86.54
[[34m2025-05-13 22:02:27[0m] (step=0100600) Train Loss: 0.0742, Train Steps/Sec: 1.80, Samples/Sec: 86.53
[[34m2025-05-13 22:03:23[0m] (step=0100700) Train Loss: 0.0696, Train Steps/Sec: 1.80, Samples/Sec: 86.42
[[34m2025-05-13 22:04:18[0m] (step=0100800) Train Loss: 0.0731, Train Steps/Sec: 1.80, Samples/Sec: 86.31
[[34m2025-05-13 22:05:14[0m] (step=0100900) Train Loss: 0.0724, Train Steps/Sec: 1.80, Samples/Sec: 86.52
[[34m2025-05-13 22:05:52[0m] Beginning epoch 67...
[[34m2025-05-13 22:06:10[0m] (step=0101000) Train Loss: 0.0785, Train Steps/Sec: 1.79, Samples/Sec: 85.89
[[34m2025-05-13 22:07:05[0m] (step=0101100) Train Loss: 0.0756, Train Steps/Sec: 1.80, Samples/Sec: 86.55
[[34m2025-05-13 22:08:01[0m] (step=0101200) Train Loss: 0.0781, Train Steps/Sec: 1.80, Samples/Sec: 86.51
[[34m2025-05-13 22:08:56[0m] (step=0101300) Train Loss: 0.0771, Train Steps/Sec: 1.80, Samples/Sec: 86.54
[[34m2025-05-13 22:09:52[0m] (step=0101400) Train Loss: 0.0686, Train Steps/Sec: 1.80, Samples/Sec: 86.17
[[34m2025-05-13 22:10:47[0m] (step=0101500) Train Loss: 0.0776, Train Steps/Sec: 1.80, Samples/Sec: 86.54
[[34m2025-05-13 22:11:43[0m] (step=0101600) Train Loss: 0.0778, Train Steps/Sec: 1.80, Samples/Sec: 86.62
[[34m2025-05-13 22:12:38[0m] (step=0101700) Train Loss: 0.0759, Train Steps/Sec: 1.80, Samples/Sec: 86.59
[[34m2025-05-13 22:13:34[0m] (step=0101800) Train Loss: 0.0743, Train Steps/Sec: 1.80, Samples/Sec: 86.60
[[34m2025-05-13 22:14:29[0m] (step=0101900) Train Loss: 0.0691, Train Steps/Sec: 1.80, Samples/Sec: 86.59
[[34m2025-05-13 22:15:25[0m] (step=0102000) Train Loss: 0.0764, Train Steps/Sec: 1.80, Samples/Sec: 86.62
[[34m2025-05-13 22:15:38[0m] Saved checkpoint to logs/nwm_cdit_wuhan/checkpoints/latest.pth.tar
[[34m2025-05-13 22:16:33[0m] (step=0102100) Train Loss: 0.0700, Train Steps/Sec: 1.45, Samples/Sec: 69.77
[[34m2025-05-13 22:17:29[0m] (step=0102200) Train Loss: 0.0738, Train Steps/Sec: 1.80, Samples/Sec: 86.61
[[34m2025-05-13 22:18:24[0m] (step=0102300) Train Loss: 0.0731, Train Steps/Sec: 1.80, Samples/Sec: 86.63
[[34m2025-05-13 22:19:20[0m] (step=0102400) Train Loss: 0.0748, Train Steps/Sec: 1.81, Samples/Sec: 86.65
[[34m2025-05-13 22:20:02[0m] Beginning epoch 68...
[[34m2025-05-13 22:20:15[0m] (step=0102500) Train Loss: 0.0743, Train Steps/Sec: 1.79, Samples/Sec: 86.12
[[34m2025-05-13 22:21:11[0m] (step=0102600) Train Loss: 0.0732, Train Steps/Sec: 1.80, Samples/Sec: 86.63
[[34m2025-05-13 22:22:06[0m] (step=0102700) Train Loss: 0.0761, Train Steps/Sec: 1.81, Samples/Sec: 86.65
[[34m2025-05-13 22:23:02[0m] (step=0102800) Train Loss: 0.0764, Train Steps/Sec: 1.80, Samples/Sec: 86.33
[[34m2025-05-13 22:23:57[0m] (step=0102900) Train Loss: 0.0725, Train Steps/Sec: 1.81, Samples/Sec: 86.64
[[34m2025-05-13 22:24:52[0m] (step=0103000) Train Loss: 0.0804, Train Steps/Sec: 1.81, Samples/Sec: 86.66
[[34m2025-05-13 22:25:48[0m] (step=0103100) Train Loss: 0.0770, Train Steps/Sec: 1.81, Samples/Sec: 86.66
[[34m2025-05-13 22:26:43[0m] (step=0103200) Train Loss: 0.0752, Train Steps/Sec: 1.80, Samples/Sec: 86.63
[[34m2025-05-13 22:27:39[0m] (step=0103300) Train Loss: 0.0748, Train Steps/Sec: 1.81, Samples/Sec: 86.64
[[34m2025-05-13 22:28:34[0m] (step=0103400) Train Loss: 0.0769, Train Steps/Sec: 1.80, Samples/Sec: 86.41
[[34m2025-05-13 22:29:30[0m] (step=0103500) Train Loss: 0.0723, Train Steps/Sec: 1.80, Samples/Sec: 86.55
[[34m2025-05-13 22:30:25[0m] (step=0103600) Train Loss: 0.0737, Train Steps/Sec: 1.81, Samples/Sec: 86.65
[[34m2025-05-13 22:31:20[0m] (step=0103700) Train Loss: 0.0743, Train Steps/Sec: 1.81, Samples/Sec: 86.65
[[34m2025-05-13 22:32:16[0m] (step=0103800) Train Loss: 0.0732, Train Steps/Sec: 1.81, Samples/Sec: 86.64
[[34m2025-05-13 22:33:11[0m] (step=0103900) Train Loss: 0.0682, Train Steps/Sec: 1.80, Samples/Sec: 86.64
[[34m2025-05-13 22:33:57[0m] Beginning epoch 69...
[[34m2025-05-13 22:34:07[0m] (step=0104000) Train Loss: 0.0793, Train Steps/Sec: 1.79, Samples/Sec: 86.09
[[34m2025-05-13 22:34:19[0m] Saved checkpoint to logs/nwm_cdit_wuhan/checkpoints/latest.pth.tar
[[34m2025-05-13 22:35:15[0m] (step=0104100) Train Loss: 0.0687, Train Steps/Sec: 1.48, Samples/Sec: 70.97
[[34m2025-05-13 22:36:10[0m] (step=0104200) Train Loss: 0.0759, Train Steps/Sec: 1.80, Samples/Sec: 86.62
[[34m2025-05-13 22:37:05[0m] (step=0104300) Train Loss: 0.0775, Train Steps/Sec: 1.80, Samples/Sec: 86.63
[[34m2025-05-13 22:38:01[0m] (step=0104400) Train Loss: 0.0736, Train Steps/Sec: 1.80, Samples/Sec: 86.61
[[34m2025-05-13 22:38:56[0m] (step=0104500) Train Loss: 0.0761, Train Steps/Sec: 1.80, Samples/Sec: 86.61
[[34m2025-05-13 22:39:52[0m] (step=0104600) Train Loss: 0.0701, Train Steps/Sec: 1.80, Samples/Sec: 86.61
[[34m2025-05-13 22:40:47[0m] (step=0104700) Train Loss: 0.0753, Train Steps/Sec: 1.80, Samples/Sec: 86.51
[[34m2025-05-13 22:41:43[0m] (step=0104800) Train Loss: 0.0747, Train Steps/Sec: 1.80, Samples/Sec: 86.43
[[34m2025-05-13 22:42:38[0m] (step=0104900) Train Loss: 0.0766, Train Steps/Sec: 1.80, Samples/Sec: 86.63
[[34m2025-05-13 22:43:34[0m] (step=0105000) Train Loss: 0.0745, Train Steps/Sec: 1.80, Samples/Sec: 86.64
[[34m2025-05-13 22:44:29[0m] (step=0105100) Train Loss: 0.0748, Train Steps/Sec: 1.80, Samples/Sec: 86.63
[[34m2025-05-13 22:45:24[0m] (step=0105200) Train Loss: 0.0741, Train Steps/Sec: 1.81, Samples/Sec: 86.65
[[34m2025-05-13 22:46:20[0m] (step=0105300) Train Loss: 0.0747, Train Steps/Sec: 1.80, Samples/Sec: 86.59
[[34m2025-05-13 22:47:15[0m] (step=0105400) Train Loss: 0.0731, Train Steps/Sec: 1.80, Samples/Sec: 86.37
[[34m2025-05-13 22:48:05[0m] Beginning epoch 70...
[[34m2025-05-13 22:48:11[0m] (step=0105500) Train Loss: 0.0744, Train Steps/Sec: 1.79, Samples/Sec: 85.84
[[34m2025-05-13 22:49:07[0m] (step=0105600) Train Loss: 0.0749, Train Steps/Sec: 1.80, Samples/Sec: 86.60
[[34m2025-05-13 22:50:02[0m] (step=0105700) Train Loss: 0.0728, Train Steps/Sec: 1.80, Samples/Sec: 86.62
[[34m2025-05-13 22:50:58[0m] (step=0105800) Train Loss: 0.0741, Train Steps/Sec: 1.80, Samples/Sec: 86.62
[[34m2025-05-13 22:51:53[0m] (step=0105900) Train Loss: 0.0680, Train Steps/Sec: 1.81, Samples/Sec: 86.66
[[34m2025-05-13 22:52:48[0m] (step=0106000) Train Loss: 0.0736, Train Steps/Sec: 1.80, Samples/Sec: 86.60
[[34m2025-05-13 22:53:01[0m] Saved checkpoint to logs/nwm_cdit_wuhan/checkpoints/latest.pth.tar
[[34m2025-05-13 22:53:56[0m] (step=0106100) Train Loss: 0.0725, Train Steps/Sec: 1.47, Samples/Sec: 70.48
[[34m2025-05-13 22:54:52[0m] (step=0106200) Train Loss: 0.0723, Train Steps/Sec: 1.80, Samples/Sec: 86.54
[[34m2025-05-13 22:55:47[0m] (step=0106300) Train Loss: 0.0728, Train Steps/Sec: 1.81, Samples/Sec: 86.64
[[34m2025-05-13 22:56:43[0m] (step=0106400) Train Loss: 0.0689, Train Steps/Sec: 1.81, Samples/Sec: 86.66
[[34m2025-05-13 22:57:38[0m] (step=0106500) Train Loss: 0.0729, Train Steps/Sec: 1.81, Samples/Sec: 86.65
[[34m2025-05-13 22:58:34[0m] (step=0106600) Train Loss: 0.0730, Train Steps/Sec: 1.81, Samples/Sec: 86.68
[[34m2025-05-13 22:59:29[0m] (step=0106700) Train Loss: 0.0702, Train Steps/Sec: 1.81, Samples/Sec: 86.67
[[34m2025-05-13 23:00:24[0m] (step=0106800) Train Loss: 0.0734, Train Steps/Sec: 1.80, Samples/Sec: 86.36
[[34m2025-05-13 23:01:20[0m] (step=0106900) Train Loss: 0.0798, Train Steps/Sec: 1.81, Samples/Sec: 86.66
[[34m2025-05-13 23:02:14[0m] Beginning epoch 71...
[[34m2025-05-13 23:02:16[0m] (step=0107000) Train Loss: 0.0737, Train Steps/Sec: 1.79, Samples/Sec: 86.13
[[34m2025-05-13 23:03:11[0m] (step=0107100) Train Loss: 0.0700, Train Steps/Sec: 1.81, Samples/Sec: 86.65
[[34m2025-05-13 23:04:06[0m] (step=0107200) Train Loss: 0.0755, Train Steps/Sec: 1.80, Samples/Sec: 86.64
[[34m2025-05-13 23:05:02[0m] (step=0107300) Train Loss: 0.0698, Train Steps/Sec: 1.81, Samples/Sec: 86.65
[[34m2025-05-13 23:05:57[0m] (step=0107400) Train Loss: 0.0769, Train Steps/Sec: 1.80, Samples/Sec: 86.54
[[34m2025-05-13 23:06:53[0m] (step=0107500) Train Loss: 0.0779, Train Steps/Sec: 1.80, Samples/Sec: 86.46
[[34m2025-05-13 23:07:48[0m] (step=0107600) Train Loss: 0.0715, Train Steps/Sec: 1.81, Samples/Sec: 86.66
[[34m2025-05-13 23:08:44[0m] (step=0107700) Train Loss: 0.0764, Train Steps/Sec: 1.81, Samples/Sec: 86.66
[[34m2025-05-13 23:09:39[0m] (step=0107800) Train Loss: 0.0746, Train Steps/Sec: 1.81, Samples/Sec: 86.65
[[34m2025-05-13 23:10:34[0m] (step=0107900) Train Loss: 0.0700, Train Steps/Sec: 1.81, Samples/Sec: 86.65
[[34m2025-05-13 23:11:30[0m] (step=0108000) Train Loss: 0.0758, Train Steps/Sec: 1.81, Samples/Sec: 86.65
[[34m2025-05-13 23:11:42[0m] Saved checkpoint to logs/nwm_cdit_wuhan/checkpoints/latest.pth.tar
[[34m2025-05-13 23:12:37[0m] (step=0108100) Train Loss: 0.0702, Train Steps/Sec: 1.48, Samples/Sec: 71.20
[[34m2025-05-13 23:13:33[0m] (step=0108200) Train Loss: 0.0765, Train Steps/Sec: 1.80, Samples/Sec: 86.44
[[34m2025-05-13 23:14:28[0m] (step=0108300) Train Loss: 0.0740, Train Steps/Sec: 1.81, Samples/Sec: 86.66
[[34m2025-05-13 23:15:23[0m] (step=0108400) Train Loss: 0.0796, Train Steps/Sec: 1.81, Samples/Sec: 86.65
[[34m2025-05-13 23:16:19[0m] (step=0108500) Train Loss: 0.0721, Train Steps/Sec: 1.81, Samples/Sec: 86.67
[[34m2025-05-13 23:16:21[0m] Beginning epoch 72...
[[34m2025-05-13 23:17:15[0m] (step=0108600) Train Loss: 0.0707, Train Steps/Sec: 1.79, Samples/Sec: 86.06
[[34m2025-05-13 23:18:10[0m] (step=0108700) Train Loss: 0.0699, Train Steps/Sec: 1.80, Samples/Sec: 86.57
[[34m2025-05-13 23:19:06[0m] (step=0108800) Train Loss: 0.0734, Train Steps/Sec: 1.80, Samples/Sec: 86.56
[[34m2025-05-13 23:20:01[0m] (step=0108900) Train Loss: 0.0728, Train Steps/Sec: 1.80, Samples/Sec: 86.53
[[34m2025-05-13 23:20:56[0m] (step=0109000) Train Loss: 0.0715, Train Steps/Sec: 1.80, Samples/Sec: 86.61
[[34m2025-05-13 23:21:52[0m] (step=0109100) Train Loss: 0.0663, Train Steps/Sec: 1.80, Samples/Sec: 86.64
[[34m2025-05-13 23:22:47[0m] (step=0109200) Train Loss: 0.0705, Train Steps/Sec: 1.80, Samples/Sec: 86.63
[[34m2025-05-13 23:23:43[0m] (step=0109300) Train Loss: 0.0714, Train Steps/Sec: 1.80, Samples/Sec: 86.63
[[34m2025-05-13 23:24:38[0m] (step=0109400) Train Loss: 0.0725, Train Steps/Sec: 1.80, Samples/Sec: 86.50
[[34m2025-05-13 23:25:34[0m] (step=0109500) Train Loss: 0.0681, Train Steps/Sec: 1.80, Samples/Sec: 86.33
[[34m2025-05-13 23:26:29[0m] (step=0109600) Train Loss: 0.0675, Train Steps/Sec: 1.81, Samples/Sec: 86.64
[[34m2025-05-13 23:27:25[0m] (step=0109700) Train Loss: 0.0743, Train Steps/Sec: 1.80, Samples/Sec: 86.64
[[34m2025-05-13 23:28:20[0m] (step=0109800) Train Loss: 0.0715, Train Steps/Sec: 1.80, Samples/Sec: 86.63
[[34m2025-05-13 23:29:15[0m] (step=0109900) Train Loss: 0.0752, Train Steps/Sec: 1.81, Samples/Sec: 86.65
[[34m2025-05-13 23:30:11[0m] (step=0110000) Train Loss: 0.0713, Train Steps/Sec: 1.81, Samples/Sec: 86.67
Using cache found in ./models/facebookresearch_dino_main
Using cache found in ./models/facebookresearch_dino_main
[[34m2025-05-13 23:30:23[0m] Saved checkpoint to logs/nwm_cdit_wuhan/checkpoints/latest.pth.tar
Using cache found in ./models/facebookresearch_dino_main
[[34m2025-05-13 23:30:25[0m] Already found a `peft_config` attribute in the model. This will lead to having multiple adapters in the model. Make sure to know what you are doing!
[[34m2025-05-13 23:32:45[0m] (step=0110000) Perceptual Loss: 0.3485, Eval Time: 142.16
[[34m2025-05-13 23:32:51[0m] Beginning epoch 73...
[[34m2025-05-13 23:33:41[0m] (step=0110100) Train Loss: 0.0743, Train Steps/Sec: 0.48, Samples/Sec: 22.83
[[34m2025-05-13 23:34:36[0m] (step=0110200) Train Loss: 0.0694, Train Steps/Sec: 1.80, Samples/Sec: 86.62
[[34m2025-05-13 23:35:32[0m] (step=0110300) Train Loss: 0.0693, Train Steps/Sec: 1.80, Samples/Sec: 86.61
[[34m2025-05-13 23:36:27[0m] (step=0110400) Train Loss: 0.0721, Train Steps/Sec: 1.80, Samples/Sec: 86.55
[[34m2025-05-13 23:37:23[0m] (step=0110500) Train Loss: 0.0705, Train Steps/Sec: 1.80, Samples/Sec: 86.61
[[34m2025-05-13 23:38:18[0m] (step=0110600) Train Loss: 0.0721, Train Steps/Sec: 1.80, Samples/Sec: 86.59
[[34m2025-05-13 23:39:14[0m] (step=0110700) Train Loss: 0.0696, Train Steps/Sec: 1.80, Samples/Sec: 86.36
[[34m2025-05-13 23:40:09[0m] (step=0110800) Train Loss: 0.0772, Train Steps/Sec: 1.80, Samples/Sec: 86.53
[[34m2025-05-13 23:41:05[0m] (step=0110900) Train Loss: 0.0719, Train Steps/Sec: 1.80, Samples/Sec: 86.58
[[34m2025-05-13 23:42:00[0m] (step=0111000) Train Loss: 0.0722, Train Steps/Sec: 1.80, Samples/Sec: 86.63
[[34m2025-05-13 23:42:55[0m] (step=0111100) Train Loss: 0.0708, Train Steps/Sec: 1.81, Samples/Sec: 86.65
[[34m2025-05-13 23:43:51[0m] (step=0111200) Train Loss: 0.0712, Train Steps/Sec: 1.81, Samples/Sec: 86.65
[[34m2025-05-13 23:44:46[0m] (step=0111300) Train Loss: 0.0733, Train Steps/Sec: 1.80, Samples/Sec: 86.62
[[34m2025-05-13 23:45:42[0m] (step=0111400) Train Loss: 0.0734, Train Steps/Sec: 1.80, Samples/Sec: 86.27
[[34m2025-05-13 23:46:37[0m] (step=0111500) Train Loss: 0.0669, Train Steps/Sec: 1.80, Samples/Sec: 86.51
[[34m2025-05-13 23:46:47[0m] Beginning epoch 74...
[[34m2025-05-13 23:47:33[0m] (step=0111600) Train Loss: 0.0743, Train Steps/Sec: 1.79, Samples/Sec: 85.89
[[34m2025-05-13 23:48:29[0m] (step=0111700) Train Loss: 0.0703, Train Steps/Sec: 1.80, Samples/Sec: 86.62
[[34m2025-05-13 23:49:24[0m] (step=0111800) Train Loss: 0.0707, Train Steps/Sec: 1.80, Samples/Sec: 86.61
[[34m2025-05-13 23:50:20[0m] (step=0111900) Train Loss: 0.0728, Train Steps/Sec: 1.80, Samples/Sec: 86.62
[[34m2025-05-13 23:51:15[0m] (step=0112000) Train Loss: 0.0731, Train Steps/Sec: 1.80, Samples/Sec: 86.64
[[34m2025-05-13 23:51:28[0m] Saved checkpoint to logs/nwm_cdit_wuhan/checkpoints/latest.pth.tar
[[34m2025-05-13 23:52:23[0m] (step=0112100) Train Loss: 0.0713, Train Steps/Sec: 1.47, Samples/Sec: 70.41
[[34m2025-05-13 23:53:19[0m] (step=0112200) Train Loss: 0.0769, Train Steps/Sec: 1.80, Samples/Sec: 86.56
[[34m2025-05-13 23:54:14[0m] (step=0112300) Train Loss: 0.0723, Train Steps/Sec: 1.80, Samples/Sec: 86.55
[[34m2025-05-13 23:55:09[0m] (step=0112400) Train Loss: 0.0703, Train Steps/Sec: 1.80, Samples/Sec: 86.62
[[34m2025-05-13 23:56:05[0m] (step=0112500) Train Loss: 0.0692, Train Steps/Sec: 1.80, Samples/Sec: 86.56
[[34m2025-05-13 23:57:00[0m] (step=0112600) Train Loss: 0.0693, Train Steps/Sec: 1.80, Samples/Sec: 86.61
[[34m2025-05-13 23:57:56[0m] (step=0112700) Train Loss: 0.0713, Train Steps/Sec: 1.80, Samples/Sec: 86.46
[[34m2025-05-13 23:58:51[0m] (step=0112800) Train Loss: 0.0739, Train Steps/Sec: 1.80, Samples/Sec: 86.33
[[34m2025-05-13 23:59:47[0m] (step=0112900) Train Loss: 0.0718, Train Steps/Sec: 1.79, Samples/Sec: 86.10
[[34m2025-05-14 00:00:43[0m] (step=0113000) Train Loss: 0.0737, Train Steps/Sec: 1.80, Samples/Sec: 86.34
[[34m2025-05-14 00:00:57[0m] Beginning epoch 75...
[[34m2025-05-14 00:01:39[0m] (step=0113100) Train Loss: 0.0681, Train Steps/Sec: 1.79, Samples/Sec: 85.85
[[34m2025-05-14 00:02:34[0m] (step=0113200) Train Loss: 0.0681, Train Steps/Sec: 1.80, Samples/Sec: 86.40
[[34m2025-05-14 00:03:30[0m] (step=0113300) Train Loss: 0.0720, Train Steps/Sec: 1.80, Samples/Sec: 86.33
[[34m2025-05-14 00:04:26[0m] (step=0113400) Train Loss: 0.0723, Train Steps/Sec: 1.79, Samples/Sec: 86.03
[[34m2025-05-14 00:05:21[0m] (step=0113500) Train Loss: 0.0737, Train Steps/Sec: 1.80, Samples/Sec: 86.44
[[34m2025-05-14 00:06:17[0m] (step=0113600) Train Loss: 0.0723, Train Steps/Sec: 1.80, Samples/Sec: 86.61
[[34m2025-05-14 00:07:12[0m] (step=0113700) Train Loss: 0.0679, Train Steps/Sec: 1.80, Samples/Sec: 86.60
[[34m2025-05-14 00:08:07[0m] (step=0113800) Train Loss: 0.0710, Train Steps/Sec: 1.80, Samples/Sec: 86.63
[[34m2025-05-14 00:09:03[0m] (step=0113900) Train Loss: 0.0701, Train Steps/Sec: 1.81, Samples/Sec: 86.64
[[34m2025-05-14 00:09:58[0m] (step=0114000) Train Loss: 0.0676, Train Steps/Sec: 1.81, Samples/Sec: 86.65
[[34m2025-05-14 00:10:11[0m] Saved checkpoint to logs/nwm_cdit_wuhan/checkpoints/latest.pth.tar
[[34m2025-05-14 00:11:06[0m] (step=0114100) Train Loss: 0.0662, Train Steps/Sec: 1.47, Samples/Sec: 70.60
[[34m2025-05-14 00:12:02[0m] (step=0114200) Train Loss: 0.0737, Train Steps/Sec: 1.80, Samples/Sec: 86.62
[[34m2025-05-14 00:12:57[0m] (step=0114300) Train Loss: 0.0727, Train Steps/Sec: 1.80, Samples/Sec: 86.62
[[34m2025-05-14 00:13:52[0m] (step=0114400) Train Loss: 0.0677, Train Steps/Sec: 1.80, Samples/Sec: 86.64
[[34m2025-05-14 00:14:48[0m] (step=0114500) Train Loss: 0.0695, Train Steps/Sec: 1.80, Samples/Sec: 86.48
[[34m2025-05-14 00:15:06[0m] Beginning epoch 76...
[[34m2025-05-14 00:15:44[0m] (step=0114600) Train Loss: 0.0658, Train Steps/Sec: 1.78, Samples/Sec: 85.60
[[34m2025-05-14 00:16:39[0m] (step=0114700) Train Loss: 0.0699, Train Steps/Sec: 1.80, Samples/Sec: 86.56
[[34m2025-05-14 00:17:35[0m] (step=0114800) Train Loss: 0.0735, Train Steps/Sec: 1.80, Samples/Sec: 86.19
[[34m2025-05-14 00:18:31[0m] (step=0114900) Train Loss: 0.0716, Train Steps/Sec: 1.80, Samples/Sec: 86.55
[[34m2025-05-14 00:19:26[0m] (step=0115000) Train Loss: 0.0695, Train Steps/Sec: 1.80, Samples/Sec: 86.48
[[34m2025-05-14 00:20:22[0m] (step=0115100) Train Loss: 0.0709, Train Steps/Sec: 1.80, Samples/Sec: 86.52
[[34m2025-05-14 00:21:17[0m] (step=0115200) Train Loss: 0.0680, Train Steps/Sec: 1.80, Samples/Sec: 86.63
[[34m2025-05-14 00:22:12[0m] (step=0115300) Train Loss: 0.0707, Train Steps/Sec: 1.80, Samples/Sec: 86.60
[[34m2025-05-14 00:23:08[0m] (step=0115400) Train Loss: 0.0754, Train Steps/Sec: 1.80, Samples/Sec: 86.25
[[34m2025-05-14 00:24:04[0m] (step=0115500) Train Loss: 0.0700, Train Steps/Sec: 1.80, Samples/Sec: 86.26
[[34m2025-05-14 00:24:59[0m] (step=0115600) Train Loss: 0.0734, Train Steps/Sec: 1.80, Samples/Sec: 86.40
[[34m2025-05-14 00:25:55[0m] (step=0115700) Train Loss: 0.0663, Train Steps/Sec: 1.80, Samples/Sec: 86.33
[[34m2025-05-14 00:26:51[0m] (step=0115800) Train Loss: 0.0719, Train Steps/Sec: 1.80, Samples/Sec: 86.32
[[34m2025-05-14 00:27:46[0m] (step=0115900) Train Loss: 0.0726, Train Steps/Sec: 1.80, Samples/Sec: 86.36
[[34m2025-05-14 00:28:42[0m] (step=0116000) Train Loss: 0.0657, Train Steps/Sec: 1.80, Samples/Sec: 86.35
[[34m2025-05-14 00:28:54[0m] Saved checkpoint to logs/nwm_cdit_wuhan/checkpoints/latest.pth.tar
[[34m2025-05-14 00:29:16[0m] Beginning epoch 77...
[[34m2025-05-14 00:29:51[0m] (step=0116100) Train Loss: 0.0710, Train Steps/Sec: 1.45, Samples/Sec: 69.73
[[34m2025-05-14 00:30:46[0m] (step=0116200) Train Loss: 0.0693, Train Steps/Sec: 1.79, Samples/Sec: 86.14
[[34m2025-05-14 00:31:42[0m] (step=0116300) Train Loss: 0.0686, Train Steps/Sec: 1.80, Samples/Sec: 86.36
[[34m2025-05-14 00:32:37[0m] (step=0116400) Train Loss: 0.0702, Train Steps/Sec: 1.80, Samples/Sec: 86.35
[[34m2025-05-14 00:33:33[0m] (step=0116500) Train Loss: 0.0697, Train Steps/Sec: 1.80, Samples/Sec: 86.35
[[34m2025-05-14 00:34:29[0m] (step=0116600) Train Loss: 0.0697, Train Steps/Sec: 1.80, Samples/Sec: 86.39
[[34m2025-05-14 00:35:24[0m] (step=0116700) Train Loss: 0.0726, Train Steps/Sec: 1.80, Samples/Sec: 86.36
[[34m2025-05-14 00:36:20[0m] (step=0116800) Train Loss: 0.0721, Train Steps/Sec: 1.79, Samples/Sec: 86.05
[[34m2025-05-14 00:37:15[0m] (step=0116900) Train Loss: 0.0649, Train Steps/Sec: 1.80, Samples/Sec: 86.44
[[34m2025-05-14 00:38:11[0m] (step=0117000) Train Loss: 0.0760, Train Steps/Sec: 1.80, Samples/Sec: 86.42
[[34m2025-05-14 00:39:07[0m] (step=0117100) Train Loss: 0.0654, Train Steps/Sec: 1.80, Samples/Sec: 86.37
[[34m2025-05-14 00:40:02[0m] (step=0117200) Train Loss: 0.0691, Train Steps/Sec: 1.80, Samples/Sec: 86.33
[[34m2025-05-14 00:40:58[0m] (step=0117300) Train Loss: 0.0685, Train Steps/Sec: 1.80, Samples/Sec: 86.38
[[34m2025-05-14 00:41:53[0m] (step=0117400) Train Loss: 0.0700, Train Steps/Sec: 1.80, Samples/Sec: 86.21
[[34m2025-05-14 00:42:49[0m] (step=0117500) Train Loss: 0.0709, Train Steps/Sec: 1.79, Samples/Sec: 86.02
[[34m2025-05-14 00:43:15[0m] Beginning epoch 78...
[[34m2025-05-14 00:43:45[0m] (step=0117600) Train Loss: 0.0671, Train Steps/Sec: 1.79, Samples/Sec: 85.79
[[34m2025-05-14 00:44:41[0m] (step=0117700) Train Loss: 0.0723, Train Steps/Sec: 1.80, Samples/Sec: 86.39
[[34m2025-05-14 00:45:36[0m] (step=0117800) Train Loss: 0.0711, Train Steps/Sec: 1.80, Samples/Sec: 86.41
[[34m2025-05-14 00:46:32[0m] (step=0117900) Train Loss: 0.0731, Train Steps/Sec: 1.80, Samples/Sec: 86.46
[[34m2025-05-14 00:47:28[0m] (step=0118000) Train Loss: 0.0678, Train Steps/Sec: 1.80, Samples/Sec: 86.20
[[34m2025-05-14 00:47:40[0m] Saved checkpoint to logs/nwm_cdit_wuhan/checkpoints/latest.pth.tar
[[34m2025-05-14 00:48:36[0m] (step=0118100) Train Loss: 0.0664, Train Steps/Sec: 1.46, Samples/Sec: 70.19
[[34m2025-05-14 00:49:32[0m] (step=0118200) Train Loss: 0.0727, Train Steps/Sec: 1.79, Samples/Sec: 85.95
[[34m2025-05-14 00:50:27[0m] (step=0118300) Train Loss: 0.0686, Train Steps/Sec: 1.80, Samples/Sec: 86.38
[[34m2025-05-14 00:51:23[0m] (step=0118400) Train Loss: 0.0702, Train Steps/Sec: 1.80, Samples/Sec: 86.38
[[34m2025-05-14 00:52:18[0m] (step=0118500) Train Loss: 0.0692, Train Steps/Sec: 1.80, Samples/Sec: 86.38
[[34m2025-05-14 00:53:14[0m] (step=0118600) Train Loss: 0.0713, Train Steps/Sec: 1.80, Samples/Sec: 86.40
[[34m2025-05-14 00:54:10[0m] (step=0118700) Train Loss: 0.0760, Train Steps/Sec: 1.80, Samples/Sec: 86.40
[[34m2025-05-14 00:55:05[0m] (step=0118800) Train Loss: 0.0727, Train Steps/Sec: 1.80, Samples/Sec: 86.33
[[34m2025-05-14 00:56:01[0m] (step=0118900) Train Loss: 0.0722, Train Steps/Sec: 1.80, Samples/Sec: 86.33
[[34m2025-05-14 00:56:56[0m] (step=0119000) Train Loss: 0.0685, Train Steps/Sec: 1.80, Samples/Sec: 86.37
[[34m2025-05-14 00:57:26[0m] Beginning epoch 79...
[[34m2025-05-14 00:57:52[0m] (step=0119100) Train Loss: 0.0719, Train Steps/Sec: 1.79, Samples/Sec: 85.85
[[34m2025-05-14 00:58:48[0m] (step=0119200) Train Loss: 0.0694, Train Steps/Sec: 1.80, Samples/Sec: 86.46
[[34m2025-05-14 00:59:43[0m] (step=0119300) Train Loss: 0.0717, Train Steps/Sec: 1.80, Samples/Sec: 86.56
[[34m2025-05-14 01:00:39[0m] (step=0119400) Train Loss: 0.0651, Train Steps/Sec: 1.80, Samples/Sec: 86.22
[[34m2025-05-14 01:01:35[0m] (step=0119500) Train Loss: 0.0720, Train Steps/Sec: 1.80, Samples/Sec: 86.19
[[34m2025-05-14 01:02:30[0m] (step=0119600) Train Loss: 0.0714, Train Steps/Sec: 1.80, Samples/Sec: 86.29
[[34m2025-05-14 01:03:26[0m] (step=0119700) Train Loss: 0.0678, Train Steps/Sec: 1.80, Samples/Sec: 86.48
[[34m2025-05-14 01:04:21[0m] (step=0119800) Train Loss: 0.0699, Train Steps/Sec: 1.80, Samples/Sec: 86.53
[[34m2025-05-14 01:05:17[0m] (step=0119900) Train Loss: 0.0682, Train Steps/Sec: 1.80, Samples/Sec: 86.53
[[34m2025-05-14 01:06:12[0m] (step=0120000) Train Loss: 0.0692, Train Steps/Sec: 1.80, Samples/Sec: 86.51
Using cache found in ./models/facebookresearch_dino_main
Using cache found in ./models/facebookresearch_dino_main
[[34m2025-05-14 01:06:38[0m] Saved checkpoint to logs/nwm_cdit_wuhan/checkpoints/0120000.pth.tar
Using cache found in ./models/facebookresearch_dino_main
[[34m2025-05-14 01:06:42[0m] Already found a `peft_config` attribute in the model. This will lead to having multiple adapters in the model. Make sure to know what you are doing!
[[34m2025-05-14 01:09:02[0m] (step=0120000) Perceptual Loss: 0.3585, Eval Time: 143.48
[[34m2025-05-14 01:09:58[0m] (step=0120100) Train Loss: 0.0695, Train Steps/Sec: 0.44, Samples/Sec: 21.29
[[34m2025-05-14 01:10:53[0m] (step=0120200) Train Loss: 0.0661, Train Steps/Sec: 1.80, Samples/Sec: 86.27
[[34m2025-05-14 01:11:49[0m] (step=0120300) Train Loss: 0.0679, Train Steps/Sec: 1.80, Samples/Sec: 86.28
[[34m2025-05-14 01:12:45[0m] (step=0120400) Train Loss: 0.0644, Train Steps/Sec: 1.80, Samples/Sec: 86.23
[[34m2025-05-14 01:13:40[0m] (step=0120500) Train Loss: 0.0688, Train Steps/Sec: 1.80, Samples/Sec: 86.46
[[34m2025-05-14 01:14:13[0m] Beginning epoch 80...
[[34m2025-05-14 01:14:36[0m] (step=0120600) Train Loss: 0.0682, Train Steps/Sec: 1.79, Samples/Sec: 86.01
[[34m2025-05-14 01:15:32[0m] (step=0120700) Train Loss: 0.0689, Train Steps/Sec: 1.80, Samples/Sec: 86.27
[[34m2025-05-14 01:16:27[0m] (step=0120800) Train Loss: 0.0716, Train Steps/Sec: 1.80, Samples/Sec: 86.42
[[34m2025-05-14 01:17:23[0m] (step=0120900) Train Loss: 0.0649, Train Steps/Sec: 1.80, Samples/Sec: 86.54
[[34m2025-05-14 01:18:18[0m] (step=0121000) Train Loss: 0.0769, Train Steps/Sec: 1.80, Samples/Sec: 86.54
[[34m2025-05-14 01:19:14[0m] (step=0121100) Train Loss: 0.0756, Train Steps/Sec: 1.80, Samples/Sec: 86.54
[2025-05-14 01:19:26,470] torch.distributed.elastic.agent.server.api: [WARNING] Received Signals.SIGINT death signal, shutting down workers
[2025-05-14 01:19:26,472] torch.distributed.elastic.multiprocessing.api: [WARNING] Sending process 986901 closing signal SIGINT
[2025-05-14 01:19:26,472] torch.distributed.elastic.multiprocessing.api: [WARNING] Sending process 986902 closing signal SIGINT
[2025-05-14 01:19:26,472] torch.distributed.elastic.multiprocessing.api: [WARNING] Sending process 986903 closing signal SIGINT
Traceback (most recent call last):
  File "train.py", line 437, in <module>
Traceback (most recent call last):
  File "train.py", line 437, in <module>
Traceback (most recent call last):
  File "train.py", line 437, in <module>
    main(args)
  File "train.py", line 300, in main
    scaler.scale(loss).backward()
  File "/data1/zwc/miniconda3/envs/nwm2/lib/python3.8/site-packages/torch/_tensor.py", line 492, in backward
    main(args)
  File "train.py", line 300, in main
    scaler.scale(loss).backward()
  File "/data1/zwc/miniconda3/envs/nwm2/lib/python3.8/site-packages/torch/_tensor.py", line 492, in backward
    main(args)
  File "train.py", line 300, in main
    scaler.scale(loss).backward()
  File "/data1/zwc/miniconda3/envs/nwm2/lib/python3.8/site-packages/torch/_tensor.py", line 492, in backward
        torch.autograd.backward(torch.autograd.backward(

  File "/data1/zwc/miniconda3/envs/nwm2/lib/python3.8/site-packages/torch/autograd/__init__.py", line 251, in backward
  File "/data1/zwc/miniconda3/envs/nwm2/lib/python3.8/site-packages/torch/autograd/__init__.py", line 251, in backward
    torch.autograd.backward(
  File "/data1/zwc/miniconda3/envs/nwm2/lib/python3.8/site-packages/torch/autograd/__init__.py", line 251, in backward
            Variable._execution_engine.run_backward(  # Calls into the C++ engine to run the backward passVariable._execution_engine.run_backward(  # Calls into the C++ engine to run the backward passVariable._execution_engine.run_backward(  # Calls into the C++ engine to run the backward pass


KeyboardInterruptKeyboardInterruptKeyboardInterrupt


Traceback (most recent call last):
  File "/data1/tpz/anaconda3/envs/nwm2/bin/torchrun", line 8, in <module>
    sys.exit(main())
  File "/data1/zwc/miniconda3/envs/nwm2/lib/python3.8/site-packages/torch/distributed/elastic/multiprocessing/errors/__init__.py", line 346, in wrapper
    return f(*args, **kwargs)
  File "/data1/zwc/miniconda3/envs/nwm2/lib/python3.8/site-packages/torch/distributed/run.py", line 806, in main
    run(args)
  File "/data1/zwc/miniconda3/envs/nwm2/lib/python3.8/site-packages/torch/distributed/run.py", line 797, in run
    elastic_launch(
  File "/data1/zwc/miniconda3/envs/nwm2/lib/python3.8/site-packages/torch/distributed/launcher/api.py", line 134, in __call__
    return launch_agent(self._config, self._entrypoint, list(args))
  File "/data1/zwc/miniconda3/envs/nwm2/lib/python3.8/site-packages/torch/distributed/launcher/api.py", line 255, in launch_agent
    result = agent.run()
  File "/data1/zwc/miniconda3/envs/nwm2/lib/python3.8/site-packages/torch/distributed/elastic/metrics/api.py", line 124, in wrapper
    result = f(*args, **kwargs)
  File "/data1/zwc/miniconda3/envs/nwm2/lib/python3.8/site-packages/torch/distributed/elastic/agent/server/api.py", line 736, in run
    result = self._invoke_run(role)
  File "/data1/zwc/miniconda3/envs/nwm2/lib/python3.8/site-packages/torch/distributed/elastic/agent/server/api.py", line 877, in _invoke_run
    time.sleep(monitor_interval)
  File "/data1/zwc/miniconda3/envs/nwm2/lib/python3.8/site-packages/torch/distributed/elastic/multiprocessing/api.py", line 62, in _terminate_process_handler
    raise SignalException(f"Process {os.getpid()} got signal: {sigval}", sigval=sigval)
torch.distributed.elastic.multiprocessing.api.SignalException: Process 986831 got signal: 2
